url,indicador,lugar,candidata,rango
https://www.elcolombiano.com/antioquia/disidencias-frente-36-imponen-manual-convivencia-en-municipios-norte-bajo-cauca-nordeste-antioquia-MD22211269,exclusion_beneficios_economicos,Antioquia,vig,1
https://www.elcolombiano.com/antioquia/posible-nueva-ola-de-migrantes-preocupa-a-las-autoridades-en-antioquia-FM19736056,exclusion_beneficios_economicos,Antioquia,vig,2
https://www.elcolombiano.com/antioquia/planton-empleados-hospital-san-rafael-de-itagui-por-falta-de-pago-FC22759158,exclusion_beneficios_economicos,Antioquia,vig,3
https://www.elcolombiano.com/antioquia/nueva-asonada-en-antioquia-comunidad-saco-a-80-militares-de-briceno-por-orden-de-disidencias-farc-AJ23080404,exclusion_beneficios_economicos,Antioquia,vig,4
https://www.elcolombiano.com/negocios/por-que-la-agricultura-en-colombia-es-menos-productiva-LK21182854,exclusion_beneficios_economicos,Antioquia,vig,5
https://www.elcolombiano.com/antioquia/problemas-en-carreteras-de-antioquia-a-la-costa-caribe-uraba-y-bogota-HE21615570,exclusion_beneficios_economicos,Antioquia,vig,6
https://www.elcolombiano.com/antioquia/alerta-en-la-pintada-por-deslizamiento-ID20017069,exclusion_beneficios_economicos,Antioquia,vig,7
https://www.elcolombiano.com/antioquia/aumento-del-secuestro-en-antioquia-este-ano-OG23079766,exclusion_beneficios_economicos,Antioquia,vig,8
https://www.elcolombiano.com/antioquia/comunidad-de-caceres-esta-confinada-por-combates-entre-eln-y-el-clan-del-golfo-OE22265308,exclusion_beneficios_economicos,Antioquia,vig,9
https://www.elcolombiano.com/antioquia/por-que-el-municipio-de-argelia-cambiara-su-nombre-luego-de-63-anos-BP21956676,exclusion_beneficios_economicos,Antioquia,vig,10
https://www.elcolombiano.com/antioquia/restitucion-de-tierras-a-comunidad-negra-entre-frontino-y-urrao-antioquia-CF23370424,exclusion_beneficios_economicos,Antioquia,vig,11
https://www.elcolombiano.com/negocios/inversion-minera-para-antioquia-estaria-en-riesgo-HH23422126,exclusion_beneficios_economicos,Antioquia,vig,12
https://www.elcolombiano.com/antioquia/presencia-grupo-armados-ilegales-en-colegios-de-antioquia-FD20322610,exclusion_beneficios_economicos,Antioquia,vig,13
https://www.elcolombiano.com/antioquia/liberales-divididos-por-el-aval-de-eugenio-prieto-a-la-gobernacion-de-antioquia-IL22296781,exclusion_beneficios_economicos,Antioquia,vig,14
https://www.elcolombiano.com/antioquia/denuncian-abuso-de-mujeres-por-grupos-armados-en-limites-entre-antioquia-y-bolivar-AP22692266,exclusion_beneficios_economicos,Antioquia,vig,15
https://www.elcolombiano.com/antioquia/planton-empleados-hospital-san-rafael-de-itagui-por-falta-de-pago-FC22759158,exclusion_beneficios_economicos,Antioquia,N1,1
https://www.elcolombiano.com/antioquia/disidencias-frente-36-imponen-manual-convivencia-en-municipios-norte-bajo-cauca-nordeste-antioquia-MD22211269,exclusion_beneficios_economicos,Antioquia,N1,2
https://www.elcolombiano.com/antioquia/restitucion-de-tierras-a-comunidad-negra-entre-frontino-y-urrao-antioquia-CF23370424,exclusion_beneficios_economicos,Antioquia,N1,3
https://www.elcolombiano.com/negocios/por-que-la-agricultura-en-colombia-es-menos-productiva-LK21182854,exclusion_beneficios_economicos,Antioquia,N1,4
https://www.elcolombiano.com/antioquia/aumento-del-secuestro-en-antioquia-este-ano-OG23079766,exclusion_beneficios_economicos,Antioquia,N1,5
https://www.elcolombiano.com/colombia/susana-boreal-explico-su-relacion-con-christian-guzman-miembro-de-su-unidad-legislativa-de-tarbajo-BE20530760,exclusion_beneficios_economicos,Antioquia,N1,6
https://www.elcolombiano.com/antioquia/ni-la-mitad-de-hogares-de-antioquia-tiene-las-tres-comidas-aseguradas-KJ21938828,exclusion_beneficios_economicos,Antioquia,N1,7
https://www.elcolombiano.com/opinion/columnistas/un-gigante-en-la-esquina-KH22340129,exclusion_beneficios_economicos,Antioquia,N1,8
https://www.elcolombiano.com/negocios/antioquia-es-el-departamento-que-mas-obras-por-impuestos-se-lleva-FE22264067,exclusion_beneficios_economicos,Antioquia,N1,9
https://www.elcolombiano.com/colombia/estalla-revuelta-de-gobernadores-contra-la-centralizacion-GD21332466,exclusion_beneficios_economicos,Antioquia,N1,10
https://www.elcolombiano.com/antioquia/por-que-el-municipio-de-argelia-cambiara-su-nombre-luego-de-63-anos-BP21956676,exclusion_beneficios_economicos,Antioquia,N1,11
https://www.elcolombiano.com/antioquia/camioneros-bloquearon-via-por-precios-del-peaje-el-trapiche-BG20156676,exclusion_beneficios_economicos,Antioquia,N1,12
https://www.elcolombiano.com/antioquia/comision-humanitaria-llego-a-verificar-violaciones-a-derechos-humanos-en-limites-de-antioquia-con-bolivar-AP22694015,exclusion_beneficios_economicos,Antioquia,N1,13
https://www.elcolombiano.com/antioquia/gobernador-anibal-gaviria-pide-ajustes-a-la-paz-de-gustavo-petro-HN20783136,exclusion_beneficios_economicos,Antioquia,N1,14
https://www.elcolombiano.com/antioquia/bloqueos-en-la-via-medellin-llanos-de-cuiva-ruta-2510-para-pedir-desmonte-del-peaje-el-trapiche-FA22445514,exclusion_beneficios_economicos,Antioquia,N1,15
https://www.elcolombiano.com/antioquia/planton-empleados-hospital-san-rafael-de-itagui-por-falta-de-pago-FC22759158,exclusion_beneficios_economicos,Antioquia,N2,1
https://www.elcolombiano.com/antioquia/por-que-el-municipio-de-argelia-cambiara-su-nombre-luego-de-63-anos-BP21956676,exclusion_beneficios_economicos,Antioquia,N2,2
https://www.elcolombiano.com/antioquia/restitucion-de-tierras-a-comunidad-negra-entre-frontino-y-urrao-antioquia-CF23370424,exclusion_beneficios_economicos,Antioquia,N2,3
https://www.elcolombiano.com/medellin/bloqueos-en-la-avenida-regional-en-el-poblado-OC21236190,exclusion_beneficios_economicos,Antioquia,N2,4
https://www.elcolombiano.com/antioquia/renuncio-a-aspirar-a-la-goberncion-candidato-robinson-giraldo-GO22682307,exclusion_beneficios_economicos,Antioquia,N2,5
https://www.elcolombiano.com/colombia/defensor-del-pueblo-prende-las-alarmas-a-una-semana-de-las-elecciones-regionales-MG22719342,exclusion_beneficios_economicos,Antioquia,N2,6
https://www.elcolombiano.com/antioquia/disidencias-frente-36-imponen-manual-convivencia-en-municipios-norte-bajo-cauca-nordeste-antioquia-MD22211269,exclusion_beneficios_economicos,Antioquia,N2,7
https://www.elcolombiano.com/colombia/susana-boreal-explico-su-relacion-con-christian-guzman-miembro-de-su-unidad-legislativa-de-tarbajo-BE20530760,exclusion_beneficios_economicos,Antioquia,N2,8
https://www.elcolombiano.com/antioquia/no-prosperan-investigaciones-sobre-corrupcion-en-el-area-metopolitana-del-valle-de-aburra-PE21079666,exclusion_beneficios_economicos,Antioquia,N2,9
https://www.elcolombiano.com/antioquia/camioneros-bloquearon-via-por-precios-del-peaje-el-trapiche-BG20156676,exclusion_beneficios_economicos,Antioquia,N2,10
https://www.elcolombiano.com/negocios/inversion-minera-para-antioquia-estaria-en-riesgo-HH23422126,exclusion_beneficios_economicos,Antioquia,N2,11
https://www.elcolombiano.com/medellin/medellin-se-esta-quedando-sin-camas-para-los-recien-nacidos-CH21735632,exclusion_beneficios_economicos,Antioquia,N2,12
https://www.elcolombiano.com/colombia/procuraduria-investiga-a-cuatro-gobernadores-por-incumplir-proyectos-de-regalias-por-88000-millones-IC22139265,exclusion_beneficios_economicos,Antioquia,N2,13
https://www.elcolombiano.com/antioquia/dagran-y-cornare-entregaron-equipos-a-brigadas-contra-incendios-forestales-en-26-municipios-de-antioquia-AE23416475,exclusion_beneficios_economicos,Antioquia,N2,14
https://www.elcolombiano.com/antioquia/bloqueos-en-la-via-medellin-llanos-de-cuiva-ruta-2510-para-pedir-desmonte-del-peaje-el-trapiche-FA22445514,exclusion_beneficios_economicos,Antioquia,N2,15
https://www.elcolombiano.com/entretenimiento/moda/horizontes-coleccion-de-alado-en-colombiamoda-2023-JA22009624,exclusion_beneficios_economicos,Antioquia,N3,1
https://www.elcolombiano.com/opinion/columnistas/maestro-botero-hasta-siempre-NB22452609,exclusion_beneficios_economicos,Antioquia,N3,2
https://www.elcolombiano.com/negocios/antioquia-es-el-departamento-que-mas-obras-por-impuestos-se-lleva-FE22264067,exclusion_beneficios_economicos,Antioquia,N3,3
https://www.elcolombiano.com/cultura/artistas-de-teatro-emergentes-en-medellin-NL20907930,exclusion_beneficios_economicos,Antioquia,N3,4
https://www.elcolombiano.com/medellin/entrevista-con-el-arzobispo-de-sante-fe-de-antioquia-hugo-torres-HL20909358,exclusion_beneficios_economicos,Antioquia,N3,5
https://www.elcolombiano.com/generacion/edicion-del-mes/arte-en-medellin-mas-visitantes-y-menos-apoyo-DA23236252,exclusion_beneficios_economicos,Antioquia,N3,6
https://www.elcolombiano.com/colombia/politica/secretos-reunion-de-petro-con-empresarios-de-antioquia-FI20825312,exclusion_beneficios_economicos,Antioquia,N3,7
https://www.elcolombiano.com/antioquia/autoridades-visitaron-a-puerto-lopez-y-hicieron-compromisos-FD20452214,exclusion_beneficios_economicos,Antioquia,N3,8
https://www.elcolombiano.com/antioquia/por-que-el-municipio-de-argelia-cambiara-su-nombre-luego-de-63-anos-BP21956676,exclusion_beneficios_economicos,Antioquia,N3,9
https://www.elcolombiano.com/informes-comerciales/las-marcas-hablan/con-viva-antioquia-se-acerca-al-sueno-de-vivienda-adecuada-para-todos-HP21841745,exclusion_beneficios_economicos,Antioquia,N3,10
https://www.elcolombiano.com/cultura/libro-botero-90-anos-obra-donacion-FA22336267,exclusion_beneficios_economicos,Antioquia,N3,11
https://www.elcolombiano.com/opinion/columnistas/pactemos-por-colombia-por-antioquia-por-medellin-DJ20837015,exclusion_beneficios_economicos,Antioquia,N3,12
https://www.elcolombiano.com/antioquia/en-urrao-construyeron-el-puente-veredal-mas-largo-de-antioquia-MB23111418,exclusion_beneficios_economicos,Antioquia,N3,13
https://www.elcolombiano.com/cultura/biografia-fernando-botero-FE22374089,exclusion_beneficios_economicos,Antioquia,N3,14
https://www.elcolombiano.com/antioquia/elecciones-2023-bajo-caucal-gamonales-inexpertos-luchan-por-alcaldias-PB22457080,exclusion_beneficios_economicos,Antioquia,N3,15
https://www.elcolombiano.com/antioquia/planton-empleados-hospital-san-rafael-de-itagui-por-falta-de-pago-FC22759158,exclusion_beneficios_economicos,Antioquia,P1,1
https://www.elcolombiano.com/antioquia/aumento-del-secuestro-en-antioquia-este-ano-OG23079766,exclusion_beneficios_economicos,Antioquia,P1,2
https://www.elcolombiano.com/antioquia/por-que-el-municipio-de-argelia-cambiara-su-nombre-luego-de-63-anos-BP21956676,exclusion_beneficios_economicos,Antioquia,P1,3
https://www.elcolombiano.com/antioquia/comision-humanitaria-llego-a-verificar-violaciones-a-derechos-humanos-en-limites-de-antioquia-con-bolivar-AP22694015,exclusion_beneficios_economicos,Antioquia,P1,4
https://www.elcolombiano.com/antioquia/disidencias-frente-36-imponen-manual-convivencia-en-municipios-norte-bajo-cauca-nordeste-antioquia-MD22211269,exclusion_beneficios_economicos,Antioquia,P1,5
https://www.elcolombiano.com/antioquia/consejo-de-estado-condena-nacion-por-falsos-positivos-en-santa-rosa-de-osos-CN21798903,exclusion_beneficios_economicos,Antioquia,P1,6
https://www.elcolombiano.com/antioquia/camioneros-bloquearon-via-por-precios-del-peaje-el-trapiche-BG20156676,exclusion_beneficios_economicos,Antioquia,P1,7
https://www.elcolombiano.com/antioquia/bloqueos-en-la-via-medellin-llanos-de-cuiva-ruta-2510-para-pedir-desmonte-del-peaje-el-trapiche-FA22445514,exclusion_beneficios_economicos,Antioquia,P1,8
https://www.elcolombiano.com/antioquia/esteban-restrepo-cerro-vias-de-la-alpujarra-para-lanzar-su-candidatura-a-la-gobernacion-BC20663130,exclusion_beneficios_economicos,Antioquia,P1,9
https://www.elcolombiano.com/antioquia/bello-tiene-nuevo-alcalde-encargado-tras-la-salida-de-oscar-andres-perez-DB21751750,exclusion_beneficios_economicos,Antioquia,P1,10
https://www.elcolombiano.com/antioquia/narino-antioquia-espera-por-turistas-en-sus-termales-en-semana-santa-AL20812460,exclusion_beneficios_economicos,Antioquia,P1,11
https://www.elcolombiano.com/medellin/entrevista-a-juan-luis-mejia-sobre-la-cultura-del-narcotrafico-exorcizarte-pablo-KH22615492,exclusion_beneficios_economicos,Antioquia,P1,12
https://www.elcolombiano.com/colombia/ivan-mordisco-quiere-formar-guardias-campesinas-en-antioquia-y-otros-departamentos-GE23144103,exclusion_beneficios_economicos,Antioquia,P1,13
https://www.elcolombiano.com/antioquia/fondo-de-victimas-encontro-fincas-en-el-bajo-cauca-invadida-por-mineros-ilegales-OI21293683,exclusion_beneficios_economicos,Antioquia,P1,14
https://www.elcolombiano.com/antioquia/mineria-ilegal-y-paro-en-el-bajo-cauca-y-nordeste-de-antioquia-PN20691817,exclusion_beneficios_economicos,Antioquia,P1,15
https://www.elcolombiano.com/antioquia/planton-empleados-hospital-san-rafael-de-itagui-por-falta-de-pago-FC22759158,exclusion_beneficios_economicos,Antioquia,P2,1
https://www.elcolombiano.com/antioquia/por-que-el-municipio-de-argelia-cambiara-su-nombre-luego-de-63-anos-BP21956676,exclusion_beneficios_economicos,Antioquia,P2,2
https://www.elcolombiano.com/antioquia/comunidad-de-caceres-esta-confinada-por-combates-entre-eln-y-el-clan-del-golfo-OE22265308,exclusion_beneficios_economicos,Antioquia,P2,3
https://www.elcolombiano.com/antioquia/alerta-en-la-pintada-por-deslizamiento-ID20017069,exclusion_beneficios_economicos,Antioquia,P2,4
https://www.elcolombiano.com/negocios/por-que-la-agricultura-en-colombia-es-menos-productiva-LK21182854,exclusion_beneficios_economicos,Antioquia,P2,5
https://www.elcolombiano.com/colombia/susana-boreal-explico-su-relacion-con-christian-guzman-miembro-de-su-unidad-legislativa-de-tarbajo-BE20530760,exclusion_beneficios_economicos,Antioquia,P2,6
https://www.elcolombiano.com/antioquia/aumento-del-secuestro-en-antioquia-este-ano-OG23079766,exclusion_beneficios_economicos,Antioquia,P2,7
https://www.elcolombiano.com/antioquia/restitucion-de-tierras-a-comunidad-negra-entre-frontino-y-urrao-antioquia-CF23370424,exclusion_beneficios_economicos,Antioquia,P2,8
https://www.elcolombiano.com/antioquia/disidencias-frente-36-imponen-manual-convivencia-en-municipios-norte-bajo-cauca-nordeste-antioquia-MD22211269,exclusion_beneficios_economicos,Antioquia,P2,9
https://www.elcolombiano.com/antioquia/comision-humanitaria-llego-a-verificar-violaciones-a-derechos-humanos-en-limites-de-antioquia-con-bolivar-AP22694015,exclusion_beneficios_economicos,Antioquia,P2,10
https://www.elcolombiano.com/medellin/federico-gutierrez-no-haria-empalme-sin-forenses-con-administracion-de-daniel-quintero-a-la-que-califica-de-corrupta-DG22357774,exclusion_beneficios_economicos,Antioquia,P2,11
https://www.elcolombiano.com/antioquia/camioneros-bloquearon-via-por-precios-del-peaje-el-trapiche-BG20156676,exclusion_beneficios_economicos,Antioquia,P2,12
https://www.elcolombiano.com/colombia/procuraduria-investiga-a-cuatro-gobernadores-por-incumplir-proyectos-de-regalias-por-88000-millones-IC22139265,exclusion_beneficios_economicos,Antioquia,P2,13
https://www.elcolombiano.com/antioquia/preocupacion-en-ituango-antioquia-por-reclutamiento-de-menores-JA21308551,exclusion_beneficios_economicos,Antioquia,P2,14
https://www.elcolombiano.com/colombia/estalla-revuelta-de-gobernadores-contra-la-centralizacion-GD21332466,exclusion_beneficios_economicos,Antioquia,P2,15
https://www.elcolombiano.com/antioquia/planton-empleados-hospital-san-rafael-de-itagui-por-falta-de-pago-FC22759158,rechazo_proyecto,Antioquia,vig,1
https://www.elcolombiano.com/antioquia/disidencias-frente-36-imponen-manual-convivencia-en-municipios-norte-bajo-cauca-nordeste-antioquia-MD22211269,rechazo_proyecto,Antioquia,vig,2
https://www.elcolombiano.com/antioquia/nueva-asonada-en-antioquia-comunidad-saco-a-80-militares-de-briceno-por-orden-de-disidencias-farc-AJ23080404,rechazo_proyecto,Antioquia,vig,3
https://www.elcolombiano.com/antioquia/por-que-el-municipio-de-argelia-cambiara-su-nombre-luego-de-63-anos-BP21956676,rechazo_proyecto,Antioquia,vig,4
https://www.elcolombiano.com/antioquia/candidato-a-alcaldia-medellin-felipe-velez-elecciones-2023-DD20237958,rechazo_proyecto,Antioquia,vig,5
https://www.elcolombiano.com/antioquia/liberales-divididos-por-el-aval-de-eugenio-prieto-a-la-gobernacion-de-antioquia-IL22296781,rechazo_proyecto,Antioquia,vig,6
https://www.elcolombiano.com/antioquia/comunidad-de-caceres-esta-confinada-por-combates-entre-eln-y-el-clan-del-golfo-OE22265308,rechazo_proyecto,Antioquia,vig,7
https://www.elcolombiano.com/colombia/disidencias-usan-a-la-gente-para-controlar-zonas-previo-a-elecciones-CB22760354,rechazo_proyecto,Antioquia,vig,8
https://www.elcolombiano.com/antioquia/renuncio-a-aspirar-a-la-goberncion-candidato-robinson-giraldo-GO22682307,rechazo_proyecto,Antioquia,vig,9
https://www.elcolombiano.com/colombia/defensor-del-pueblo-prende-las-alarmas-a-una-semana-de-las-elecciones-regionales-MG22719342,rechazo_proyecto,Antioquia,vig,10
https://www.elcolombiano.com/medellin/elecciones-2023-entrevista-con-mauricio-tobon-candidato-a-la-gobernacion-de-antioquia-OJ20929430,rechazo_proyecto,Antioquia,vig,11
https://www.elcolombiano.com/antioquia/disidentes-de-las-farc-piden-excusas-por-tomarse-escuela-en-yarumal-GI20285157,rechazo_proyecto,Antioquia,vig,12
https://www.elcolombiano.com/antioquia/conflicto-armado-amenaza-elecciones-regionales-2023-en-el-norte-de-antioquia-LO22687194,rechazo_proyecto,Antioquia,vig,13
https://www.elcolombiano.com/antioquia/comision-humanitaria-llego-a-verificar-violaciones-a-derechos-humanos-en-limites-de-antioquia-con-bolivar-AP22694015,rechazo_proyecto,Antioquia,vig,14
https://www.elcolombiano.com/antioquia/esteban-restrepo-cerro-vias-de-la-alpujarra-para-lanzar-su-candidatura-a-la-gobernacion-BC20663130,rechazo_proyecto,Antioquia,vig,15
https://www.elcolombiano.com/colombia/candidatos-electos-que-sorprendieron-y-generaron-polemica-elecciones-regionales-2023-HH23068384,rechazo_proyecto,Antioquia,N1,1
https://www.elcolombiano.com/medellin/marcha-de-maestros-por-profesor-asesinado-en-yolombo-LA22440290,rechazo_proyecto,Antioquia,N1,2
https://www.elcolombiano.com/antioquia/cristian-halaby-convoca-reunion-de-candidatos-para-pelearle-la-gobernacion-de-antioquia-a-la-coalicion-del-petrismo-GF22727436,rechazo_proyecto,Antioquia,N1,3
https://www.elcolombiano.com/medellin/claves-para-entender-la-victoria-de-federico-gutierrez-a-la-alcaldia-de-medellin-CA23012743,rechazo_proyecto,Antioquia,N1,4
https://www.elcolombiano.com/colombia/exparamilitar-hernan-giraldo-alias-taladro-sierra-nevada-expulsado-justicia-y-paz-delitos-sexuales-EB22101533,rechazo_proyecto,Antioquia,N1,5
https://www.elcolombiano.com/antioquia/polemica-por-traslado-de-eps-de-indigenas-de-antioquia-LF20256159,rechazo_proyecto,Antioquia,N1,6
https://www.elcolombiano.com/colombia/gobierno-y-las-bandas-del-valle-de-aburra-tienen-voceros-y-alistan-dialogo-JE21616249,rechazo_proyecto,Antioquia,N1,7
https://www.elcolombiano.com/antioquia/elecciones-itagui-2023-nelson-techo-acevedo-renuncia-a-la-colombia-humana-BD21111066,rechazo_proyecto,Antioquia,N1,8
https://www.elcolombiano.com/colombia/problemas-del-embajador-de-nicaragua-leon-fredy-munoz-CI21926455,rechazo_proyecto,Antioquia,N1,9
https://www.elcolombiano.com/generacion/edicion-del-mes/la-persistencia-del-odio-NM21873538,rechazo_proyecto,Antioquia,N1,10
https://www.elcolombiano.com/antioquia/sector-del-partido-verde-se-une-a-luis-fernando-suarez-DA22446498,rechazo_proyecto,Antioquia,N1,11
https://www.elcolombiano.com/medellin/plantones-en-contra-de-violencia-en-paro-minero-antioquia-PC20773369,rechazo_proyecto,Antioquia,N1,12
https://www.elcolombiano.com/opinion/columnistas/maestro-botero-hasta-siempre-NB22452609,rechazo_proyecto,Antioquia,N1,13
https://www.elcolombiano.com/colombia/defensor-del-pueblo-prende-las-alarmas-a-una-semana-de-las-elecciones-regionales-MG22719342,rechazo_proyecto,Antioquia,N1,14
https://www.elcolombiano.com/antioquia/elecciones-2023-candidatos-a-la-alcaldia-de-medellin-y-la-gobernacion-de-antioquia-EF22053351,rechazo_proyecto,Antioquia,N1,15
https://www.elcolombiano.com/negocios/paro-minero-genera-perdidas-por-57000-millones-a-transportadores-KC20778002,rechazo_proyecto,Antioquia,N2,1
https://www.elcolombiano.com/antioquia/paro-minero-en-antioquia-puntos-de-discusion-entre-mineros-y-el-gobierno-nacional-HL21089842,rechazo_proyecto,Antioquia,N2,2
https://www.elcolombiano.com/antioquia/diocesis-de-santa-rosas-de-osos-pide-dialogos-por-paro-minero-en-antioquia-FN20969837,rechazo_proyecto,Antioquia,N2,3
https://www.elcolombiano.com/antioquia/perro-policia-en-operativos-por-el-paro-minero-en-antioquia-KC20773999,rechazo_proyecto,Antioquia,N2,4
https://www.elcolombiano.com/colombia/tras-36-horas-liberaron-a-84-secuestrados-en-caqueta-HC20660034,rechazo_proyecto,Antioquia,N2,5
https://www.elcolombiano.com/antioquia/quemaron-dos-ambulancias-en-el-paro-minero-AD20768686,rechazo_proyecto,Antioquia,N2,6
https://www.elcolombiano.com/medellin/marcha-de-maestros-por-profesor-asesinado-en-yolombo-LA22440290,rechazo_proyecto,Antioquia,N2,7
https://www.elcolombiano.com/medellin/plantones-en-contra-de-violencia-en-paro-minero-antioquia-PC20773369,rechazo_proyecto,Antioquia,N2,8
https://www.elcolombiano.com/antioquia/mineria-ilegal-destruye-bosques-y-rios-en-el-bajo-cauca-y-nordeste-de-antioquia-DD20768182,rechazo_proyecto,Antioquia,N2,9
https://www.elcolombiano.com/antioquia/bloqueos-viales-afectan-nordeste-y-bajo-cauca-2023-MC20664585,rechazo_proyecto,Antioquia,N2,10
https://www.elcolombiano.com/antioquia/mineria-ilegal-y-paro-en-el-bajo-cauca-y-nordeste-de-antioquia-PN20691817,rechazo_proyecto,Antioquia,N2,11
https://www.elcolombiano.com/antioquia/paro-mienro-dejo-ver-que-el-bajo-cauca-pasa-una-crisis-OI20826899,rechazo_proyecto,Antioquia,N2,12
https://www.elcolombiano.com/antioquia/protestas-en-el-bajo-cauca-cobraron-una-segunda-victima-FD20769693,rechazo_proyecto,Antioquia,N2,13
https://www.elcolombiano.com/opinion/editoriales/que-es-el-clan-del-golfo-KA20759298,rechazo_proyecto,Antioquia,N2,14
https://www.elcolombiano.com/antioquia/falta-de-agua-y-bloqueos-del-paro-agravan-casos-de-dengue-y-malaria-en-antioquia-BD20765958,rechazo_proyecto,Antioquia,N2,15
https://www.elcolombiano.com/antioquia/bloqueos-en-la-via-medellin-llanos-de-cuiva-ruta-2510-para-pedir-desmonte-del-peaje-el-trapiche-FA22445514,rechazo_proyecto,Antioquia,N3,1
https://www.elcolombiano.com/medellin/a-la-carcel-hombre-por-masturbarse-frente-a-una-nina-GA21210273,rechazo_proyecto,Antioquia,N3,2
https://www.elcolombiano.com/antioquia/encapuchados-asesinaron-a-firmante-del-acuerdo-de-paz-en-un-bus-en-dabeiba-antioquia-EM21878509,rechazo_proyecto,Antioquia,N3,3
https://www.elcolombiano.com/colombia/defensor-del-pueblo-prende-las-alarmas-a-una-semana-de-las-elecciones-regionales-MG22719342,rechazo_proyecto,Antioquia,N3,4
https://www.elcolombiano.com/antioquia/feminicidios-en-antioquia-asesinato-de-madre-indigena-maria-eva-domico-en-ituango-FF23049914,rechazo_proyecto,Antioquia,N3,5
https://www.elcolombiano.com/colombia/clan-y-eln-secuestran-auxiliares-de-enfermeria-en-antioquia-y-bolivar-AI20828899,rechazo_proyecto,Antioquia,N3,6
https://www.elcolombiano.com/cultura/festival-de-cine-de-cartagena-se-inaugura-con-la-pelicula-memento-mori-KN20783238,rechazo_proyecto,Antioquia,N3,7
https://www.elcolombiano.com/colombia/problemas-del-embajador-de-nicaragua-leon-fredy-munoz-CI21926455,rechazo_proyecto,Antioquia,N3,8
https://www.elcolombiano.com/antioquia/enviaron-a-la-carcel-a-un-hombre-sospechoso-de-haber-desaparecido-a-su-expareja-en-zaragoza-antioquia-LA20648333,rechazo_proyecto,Antioquia,N3,9
https://www.elcolombiano.com/antioquia/soldados-heridos-tras-explosion-en-anori-avanzada-de-senador-juan-felipe-lemos-LC22130685,rechazo_proyecto,Antioquia,N3,10
https://www.elcolombiano.com/opinion/columnistas/maestro-botero-hasta-siempre-NB22452609,rechazo_proyecto,Antioquia,N3,11
https://www.elcolombiano.com/antioquia/mineria-ilegal-y-paro-en-el-bajo-cauca-y-nordeste-de-antioquia-PN20691817,rechazo_proyecto,Antioquia,N3,12
https://www.elcolombiano.com/colombia/gobierno-y-las-bandas-del-valle-de-aburra-tienen-voceros-y-alistan-dialogo-JE21616249,rechazo_proyecto,Antioquia,N3,13
https://www.elcolombiano.com/medellin/claves-para-entender-la-victoria-de-federico-gutierrez-a-la-alcaldia-de-medellin-CA23012743,rechazo_proyecto,Antioquia,N3,14
https://www.elcolombiano.com/antioquia/elecciones-2023-luis-fernando-suarez-se-lanzo-a-la-gobernacion-de-antioquia-GD20233603,rechazo_proyecto,Antioquia,N3,15
https://www.elcolombiano.com/colombia/ivan-mordisco-quiere-formar-guardias-campesinas-en-antioquia-y-otros-departamentos-GE23144103,rechazo_proyecto,Antioquia,P1,1
https://www.elcolombiano.com/antioquia/bloqueos-en-la-via-medellin-llanos-de-cuiva-ruta-2510-para-pedir-desmonte-del-peaje-el-trapiche-FA22445514,rechazo_proyecto,Antioquia,P1,2
https://www.elcolombiano.com/colombia/miguel-polo-polo-defendio-a-candidato-a-concejo-medellin-sacado-de-la-udea-BH22254353,rechazo_proyecto,Antioquia,P1,3
https://www.elcolombiano.com/antioquia/mas-alla-de-partidos-y-principios-el-senador-trujillo-es-todo-un-cazador-de-poder-MD20455081,rechazo_proyecto,Antioquia,P1,4
https://www.elcolombiano.com/colombia/admiten-recurso-que-busca-que-reforma-a-la-salud-sea-una-ley-estatutaria-GF20618619,rechazo_proyecto,Antioquia,P1,5
https://www.elcolombiano.com/medellin/secretaria-de-las-mujeres-de-antioquia-no-estara-en-evento-webcam-de-medellin-DB22011156,rechazo_proyecto,Antioquia,P1,6
https://www.elcolombiano.com/antioquia/diocesis-de-santa-rosas-de-osos-pide-dialogos-por-paro-minero-en-antioquia-FN20969837,rechazo_proyecto,Antioquia,P1,7
https://www.elcolombiano.com/antioquia/bloqueo-en-la-via-al-mar-levantan-protestas-tras-acuerdo-para-repararla-EC20228149,rechazo_proyecto,Antioquia,P1,8
https://www.elcolombiano.com/antioquia/gobernador-de-antioquia-anibal-gaviria-denuncia-reclutamiento-de-menores-DG20261266,rechazo_proyecto,Antioquia,P1,9
https://www.elcolombiano.com/antioquia/carta-de-rechazo-de-la-u-de-a-a-las-declaraciones-de-congresista-polo-polo-GF22270363,rechazo_proyecto,Antioquia,P1,10
https://www.elcolombiano.com/antioquia/amenazas-a-registradores-de-antioquia-AA23231032,rechazo_proyecto,Antioquia,P1,11
https://www.elcolombiano.com/antioquia/mineria-ilegal-destruye-bosques-y-rios-en-el-bajo-cauca-y-nordeste-de-antioquia-DD20768182,rechazo_proyecto,Antioquia,P1,12
https://www.elcolombiano.com/colombia/alertan-al-gobierno-petro-por-seguridad-que-afecta-elecciones-octubre-74-municipios-DI21926674,rechazo_proyecto,Antioquia,P1,13
https://www.elcolombiano.com/antioquia/bloqueos-viales-afectan-nordeste-y-bajo-cauca-2023-MC20664585,rechazo_proyecto,Antioquia,P1,14
https://www.elcolombiano.com/antioquia/paro-armado-en-narino-antioquia-por-clan-del-oriente-NF20348371,rechazo_proyecto,Antioquia,P1,15
https://www.elcolombiano.com/antioquia/comunidad-de-caceres-esta-confinada-por-combates-entre-eln-y-el-clan-del-golfo-OE22265308,rechazo_proyecto,Antioquia,P2,1
https://www.elcolombiano.com/antioquia/uraba-bajo-cauca-paz-total-petro-clan-golfo-LB21023888,rechazo_proyecto,Antioquia,P2,2
https://www.elcolombiano.com/antioquia/comision-humanitaria-llego-a-verificar-violaciones-a-derechos-humanos-en-limites-de-antioquia-con-bolivar-AP22694015,rechazo_proyecto,Antioquia,P2,3
https://www.elcolombiano.com/colombia/disidencias-usan-a-la-gente-para-controlar-zonas-previo-a-elecciones-CB22760354,rechazo_proyecto,Antioquia,P2,4
https://www.elcolombiano.com/antioquia/camioneros-bloquearon-via-por-precios-del-peaje-el-trapiche-BG20156676,rechazo_proyecto,Antioquia,P2,5
https://www.elcolombiano.com/antioquia/gobernador-anibal-gaviria-pide-ajustes-a-la-paz-de-gustavo-petro-HN20783136,rechazo_proyecto,Antioquia,P2,6
https://www.elcolombiano.com/antioquia/narino-antioquia-espera-por-turistas-en-sus-termales-en-semana-santa-AL20812460,rechazo_proyecto,Antioquia,P2,7
https://www.elcolombiano.com/antioquia/bloqueos-en-la-via-medellin-llanos-de-cuiva-ruta-2510-para-pedir-desmonte-del-peaje-el-trapiche-FA22445514,rechazo_proyecto,Antioquia,P2,8
https://www.elcolombiano.com/colombia/uribe-contesta-a-acusaciones-de-mancuso-de-que-si-sabia-de-masacre-del-aro-FD23135918,rechazo_proyecto,Antioquia,P2,9
https://www.elcolombiano.com/medellin/entrevista-a-juan-luis-mejia-sobre-la-cultura-del-narcotrafico-exorcizarte-pablo-KH22615492,rechazo_proyecto,Antioquia,P2,10
https://www.elcolombiano.com/colombia/ivan-mordisco-quiere-formar-guardias-campesinas-en-antioquia-y-otros-departamentos-GE23144103,rechazo_proyecto,Antioquia,P2,11
https://www.elcolombiano.com/antioquia/paro-minero-en-bajo-cauca-antioqueno-salidas-a-la-crisis-y-programas-sociales-II20824286,rechazo_proyecto,Antioquia,P2,12
https://www.elcolombiano.com/antioquia/mineria-ilegal-y-paro-en-el-bajo-cauca-y-nordeste-de-antioquia-PN20691817,rechazo_proyecto,Antioquia,P2,13
https://www.elcolombiano.com/informes-comerciales/las-marcas-hablan/pusimos-a-corantioquia-en-el-corazon-de-los-antioquenos-ME23367821,rechazo_proyecto,Antioquia,P2,14
https://www.elcolombiano.com/negocios/paro-minero-genera-perdidas-por-57000-millones-a-transportadores-KC20778002,rechazo_proyecto,Antioquia,P2,15
https://www.elcolombiano.com/antioquia/nueva-asonada-en-antioquia-comunidad-saco-a-80-militares-de-briceno-por-orden-de-disidencias-farc-AJ23080404,desplazamiento_forzado,Antioquia,vig,1
https://www.elcolombiano.com/medellin/victimas-de-desplazamiento-forzado-en-medellin-mas-de-3000-casos-en-el-primer-semestre-de-2023-AJ21935588,desplazamiento_forzado,Antioquia,vig,2
https://www.elcolombiano.com/antioquia/posible-nueva-ola-de-migrantes-preocupa-a-las-autoridades-en-antioquia-FM19736056,desplazamiento_forzado,Antioquia,vig,3
https://www.elcolombiano.com/antioquia/disidencias-frente-36-imponen-manual-convivencia-en-municipios-norte-bajo-cauca-nordeste-antioquia-MD22211269,desplazamiento_forzado,Antioquia,vig,4
https://www.elcolombiano.com/antioquia/restitucion-de-tierras-a-comunidad-negra-entre-frontino-y-urrao-antioquia-CF23370424,desplazamiento_forzado,Antioquia,vig,5
https://www.elcolombiano.com/opinion/columnistas/un-gigante-en-la-esquina-KH22340129,desplazamiento_forzado,Antioquia,vig,6
https://www.elcolombiano.com/antioquia/comision-humanitaria-llego-a-verificar-violaciones-a-derechos-humanos-en-limites-de-antioquia-con-bolivar-AP22694015,desplazamiento_forzado,Antioquia,vig,7
https://www.elcolombiano.com/antioquia/camioneros-bloquearon-via-por-precios-del-peaje-el-trapiche-BG20156676,desplazamiento_forzado,Antioquia,vig,8
https://www.elcolombiano.com/antioquia/conflicto-armado-amenaza-elecciones-regionales-2023-en-el-norte-de-antioquia-LO22687194,desplazamiento_forzado,Antioquia,vig,9
https://www.elcolombiano.com/colombia/ivan-mordisco-quiere-formar-guardias-campesinas-en-antioquia-y-otros-departamentos-GE23144103,desplazamiento_forzado,Antioquia,vig,10
https://www.elcolombiano.com/antioquia/unidad-para-las-victimas-entrego-ayudas-humanitarias-a-indigenas-del-suroeste-PC20449464,desplazamiento_forzado,Antioquia,vig,11
https://www.elcolombiano.com/medellin/entrevista-a-juan-luis-mejia-sobre-la-cultura-del-narcotrafico-exorcizarte-pablo-KH22615492,desplazamiento_forzado,Antioquia,vig,12
https://www.elcolombiano.com/colombia/disidencias-usan-a-la-gente-para-controlar-zonas-previo-a-elecciones-CB22760354,desplazamiento_forzado,Antioquia,vig,13
https://www.elcolombiano.com/antioquia/piedra-del-penol-origen-de-donde-salio-historia-piedra-de-guatape-turismo-AG21367986,desplazamiento_forzado,Antioquia,vig,14
https://www.elcolombiano.com/antioquia/narino-antioquia-espera-por-turistas-en-sus-termales-en-semana-santa-AL20812460,desplazamiento_forzado,Antioquia,vig,15
https://www.elcolombiano.com/antioquia/nueva-asonada-en-antioquia-comunidad-saco-a-80-militares-de-briceno-por-orden-de-disidencias-farc-AJ23080404,desplazamiento_forzado,Antioquia,N1,1
https://www.elcolombiano.com/antioquia/aumento-del-secuestro-en-antioquia-este-ano-OG23079766,desplazamiento_forzado,Antioquia,N1,2
https://www.elcolombiano.com/medellin/victimas-de-desplazamiento-forzado-en-medellin-mas-de-3000-casos-en-el-primer-semestre-de-2023-AJ21935588,desplazamiento_forzado,Antioquia,N1,3
https://www.elcolombiano.com/colombia/defensor-del-pueblo-prende-las-alarmas-a-una-semana-de-las-elecciones-regionales-MG22719342,desplazamiento_forzado,Antioquia,N1,4
https://www.elcolombiano.com/antioquia/comision-humanitaria-llego-a-verificar-violaciones-a-derechos-humanos-en-limites-de-antioquia-con-bolivar-AP22694015,desplazamiento_forzado,Antioquia,N1,5
https://www.elcolombiano.com/antioquia/preocupacion-en-ituango-antioquia-por-reclutamiento-de-menores-JA21308551,desplazamiento_forzado,Antioquia,N1,6
https://www.elcolombiano.com/antioquia/unidad-para-las-victimas-entrego-ayudas-humanitarias-a-indigenas-del-suroeste-PC20449464,desplazamiento_forzado,Antioquia,N1,7
https://www.elcolombiano.com/antioquia/comunidad-de-caceres-esta-confinada-por-combates-entre-eln-y-el-clan-del-golfo-OE22265308,desplazamiento_forzado,Antioquia,N1,8
https://www.elcolombiano.com/medellin/entrevista-a-juan-luis-mejia-sobre-la-cultura-del-narcotrafico-exorcizarte-pablo-KH22615492,desplazamiento_forzado,Antioquia,N1,9
https://www.elcolombiano.com/antioquia/soldados-heridos-tras-explosion-en-anori-avanzada-de-senador-juan-felipe-lemos-LC22130685,desplazamiento_forzado,Antioquia,N1,10
https://www.elcolombiano.com/antioquia/restitucion-de-tierras-a-comunidad-negra-entre-frontino-y-urrao-antioquia-CF23370424,desplazamiento_forzado,Antioquia,N1,11
https://www.elcolombiano.com/colombia/john-fiera-el-disidente-que-siembra-el-terror-en-antioquia-y-bolivar-KG22537058,desplazamiento_forzado,Antioquia,N1,12
https://www.elcolombiano.com/colombia/ivan-mordisco-quiere-formar-guardias-campesinas-en-antioquia-y-otros-departamentos-GE23144103,desplazamiento_forzado,Antioquia,N1,13
https://www.elcolombiano.com/antioquia/autoridades-visitaron-a-puerto-lopez-y-hicieron-compromisos-FD20452214,desplazamiento_forzado,Antioquia,N1,14
https://www.elcolombiano.com/antioquia/captura-suegro-alias-chatarra-LB20479992,desplazamiento_forzado,Antioquia,N1,15
https://www.elcolombiano.com/antioquia/nueva-asonada-en-antioquia-comunidad-saco-a-80-militares-de-briceno-por-orden-de-disidencias-farc-AJ23080404,desplazamiento_forzado,Antioquia,N2,1
https://www.elcolombiano.com/antioquia/disidentes-de-las-farc-piden-excusas-por-tomarse-escuela-en-yarumal-GI20285157,desplazamiento_forzado,Antioquia,N2,2
https://www.elcolombiano.com/antioquia/restitucion-de-tierras-a-comunidad-negra-entre-frontino-y-urrao-antioquia-CF23370424,desplazamiento_forzado,Antioquia,N2,3
https://www.elcolombiano.com/antioquia/comision-humanitaria-llego-a-verificar-violaciones-a-derechos-humanos-en-limites-de-antioquia-con-bolivar-AP22694015,desplazamiento_forzado,Antioquia,N2,4
https://www.elcolombiano.com/antioquia/soldados-heridos-tras-explosion-en-anori-avanzada-de-senador-juan-felipe-lemos-LC22130685,desplazamiento_forzado,Antioquia,N2,5
https://www.elcolombiano.com/antioquia/consejo-de-estado-condena-nacion-por-falsos-positivos-en-santa-rosa-de-osos-CN21798903,desplazamiento_forzado,Antioquia,N2,6
https://www.elcolombiano.com/medellin/iniciativas-de-firmandes-de-paz-en-medellin-antioquia-AJ22096237,desplazamiento_forzado,Antioquia,N2,7
https://www.elcolombiano.com/medellin/entrevista-a-juan-luis-mejia-sobre-la-cultura-del-narcotrafico-exorcizarte-pablo-KH22615492,desplazamiento_forzado,Antioquia,N2,8
https://www.elcolombiano.com/colombia/el-general-mario-montoya-fue-imputado-por-falsos-positivos-en-antioquia-EF22277663,desplazamiento_forzado,Antioquia,N2,9
https://www.elcolombiano.com/antioquia/unidad-para-las-victimas-entrego-ayudas-humanitarias-a-indigenas-del-suroeste-PC20449464,desplazamiento_forzado,Antioquia,N2,10
https://www.elcolombiano.com/antioquia/docentes-de-antioquia-reubicados-por-amenazas-de-grupos-armados-GD21553713,desplazamiento_forzado,Antioquia,N2,11
https://www.elcolombiano.com/antioquia/fondo-de-victimas-encontro-fincas-en-el-bajo-cauca-invadida-por-mineros-ilegales-OI21293683,desplazamiento_forzado,Antioquia,N2,12
https://www.elcolombiano.com/opinion/columnistas/maestro-botero-hasta-siempre-NB22452609,desplazamiento_forzado,Antioquia,N2,13
https://www.elcolombiano.com/antioquia/captura-suegro-alias-chatarra-LB20479992,desplazamiento_forzado,Antioquia,N2,14
https://www.elcolombiano.com/colombia/john-fiera-el-disidente-que-siembra-el-terror-en-antioquia-y-bolivar-KG22537058,desplazamiento_forzado,Antioquia,N2,15
https://www.elcolombiano.com/medellin/victimas-de-desplazamiento-forzado-en-medellin-mas-de-3000-casos-en-el-primer-semestre-de-2023-AJ21935588,desplazamiento_forzado,Antioquia,N3,1
https://www.elcolombiano.com/antioquia/nueva-asonada-en-antioquia-comunidad-saco-a-80-militares-de-briceno-por-orden-de-disidencias-farc-AJ23080404,desplazamiento_forzado,Antioquia,N3,2
https://www.elcolombiano.com/antioquia/aumento-del-secuestro-en-antioquia-este-ano-OG23079766,desplazamiento_forzado,Antioquia,N3,3
https://www.elcolombiano.com/antioquia/unidad-de-busqueda-intervendra-la-escombrera-en-la-comuna-13-y-varios-cementerios-de-antioquia-en-2024-IE23413496,desplazamiento_forzado,Antioquia,N3,4
https://www.elcolombiano.com/antioquia/ni-la-mitad-de-hogares-de-antioquia-tiene-las-tres-comidas-aseguradas-KJ21938828,desplazamiento_forzado,Antioquia,N3,5
https://www.elcolombiano.com/colombia/disidencias-usan-a-la-gente-para-controlar-zonas-previo-a-elecciones-CB22760354,desplazamiento_forzado,Antioquia,N3,6
https://www.elcolombiano.com/antioquia/disidencias-frente-36-imponen-manual-convivencia-en-municipios-norte-bajo-cauca-nordeste-antioquia-MD22211269,desplazamiento_forzado,Antioquia,N3,7
https://www.elcolombiano.com/antioquia/ipc-entrega-casos-documentados-de-desaparicion-forzada-en-antioquia-LH23178366,desplazamiento_forzado,Antioquia,N3,8
https://www.elcolombiano.com/antioquia/comunidad-de-caceres-esta-confinada-por-combates-entre-eln-y-el-clan-del-golfo-OE22265308,desplazamiento_forzado,Antioquia,N3,9
https://www.elcolombiano.com/colombia/defensor-del-pueblo-prende-las-alarmas-a-una-semana-de-las-elecciones-regionales-MG22719342,desplazamiento_forzado,Antioquia,N3,10
https://www.elcolombiano.com/colombia/en-colombia-hay-siete-conflictos-armados-cicr-LG21055806,desplazamiento_forzado,Antioquia,N3,11
https://www.elcolombiano.com/antioquia/caso-de-luis-fernando-lalinde-llega-a-la-corte-interamericana-de-derechos-humanos-LJ23083866,desplazamiento_forzado,Antioquia,N3,12
https://www.elcolombiano.com/antioquia/consejo-de-estado-condena-nacion-por-falsos-positivos-en-santa-rosa-de-osos-CN21798903,desplazamiento_forzado,Antioquia,N3,13
https://www.elcolombiano.com/antioquia/comision-humanitaria-llego-a-verificar-violaciones-a-derechos-humanos-en-limites-de-antioquia-con-bolivar-AP22694015,desplazamiento_forzado,Antioquia,N3,14
https://www.elcolombiano.com/opinion/columnistas/un-gigante-en-la-esquina-KH22340129,desplazamiento_forzado,Antioquia,N3,15
https://www.elcolombiano.com/antioquia/nueva-asonada-en-antioquia-comunidad-saco-a-80-militares-de-briceno-por-orden-de-disidencias-farc-AJ23080404,desplazamiento_forzado,Antioquia,P1,1
https://www.elcolombiano.com/antioquia/unidad-de-busqueda-intervendra-la-escombrera-en-la-comuna-13-y-varios-cementerios-de-antioquia-en-2024-IE23413496,desplazamiento_forzado,Antioquia,P1,2
https://www.elcolombiano.com/antioquia/posible-nueva-ola-de-migrantes-preocupa-a-las-autoridades-en-antioquia-FM19736056,desplazamiento_forzado,Antioquia,P1,3
https://www.elcolombiano.com/antioquia/aumento-del-secuestro-en-antioquia-este-ano-OG23079766,desplazamiento_forzado,Antioquia,P1,4
https://www.elcolombiano.com/antioquia/por-que-el-municipio-de-argelia-cambiara-su-nombre-luego-de-63-anos-BP21956676,desplazamiento_forzado,Antioquia,P1,5
https://www.elcolombiano.com/antioquia/comunidad-de-caceres-esta-confinada-por-combates-entre-eln-y-el-clan-del-golfo-OE22265308,desplazamiento_forzado,Antioquia,P1,6
https://www.elcolombiano.com/antioquia/restitucion-de-tierras-a-comunidad-negra-entre-frontino-y-urrao-antioquia-CF23370424,desplazamiento_forzado,Antioquia,P1,7
https://www.elcolombiano.com/antioquia/ipc-entrega-casos-documentados-de-desaparicion-forzada-en-antioquia-LH23178366,desplazamiento_forzado,Antioquia,P1,8
https://www.elcolombiano.com/antioquia/asesinaron-a-tres-mujeres-en-antioquia-OG22429456,desplazamiento_forzado,Antioquia,P1,9
https://www.elcolombiano.com/inicio/cese-al-fuego-eln-gobierno-comunidades-regiones-esperan-paz-total-LH22078542,desplazamiento_forzado,Antioquia,P1,10
https://www.elcolombiano.com/colombia/disidencias-usan-a-la-gente-para-controlar-zonas-previo-a-elecciones-CB22760354,desplazamiento_forzado,Antioquia,P1,11
https://www.elcolombiano.com/antioquia/comision-humanitaria-llego-a-verificar-violaciones-a-derechos-humanos-en-limites-de-antioquia-con-bolivar-AP22694015,desplazamiento_forzado,Antioquia,P1,12
https://www.elcolombiano.com/colombia/como-operaba-el-bloque-central-bolivar-de-las-auc-en-colombia-AA22330572,desplazamiento_forzado,Antioquia,P1,13
https://www.elcolombiano.com/antioquia/luis-fernando-suarez-candidato-gobernacion-de-antioquia-debate-el-colombiano-GD22650767,desplazamiento_forzado,Antioquia,P1,14
https://www.elcolombiano.com/antioquia/disidentes-de-las-farc-piden-excusas-por-tomarse-escuela-en-yarumal-GI20285157,desplazamiento_forzado,Antioquia,P1,15
https://www.elcolombiano.com/antioquia/nueva-asonada-en-antioquia-comunidad-saco-a-80-militares-de-briceno-por-orden-de-disidencias-farc-AJ23080404,desplazamiento_forzado,Antioquia,P2,1
https://www.elcolombiano.com/antioquia/aumento-del-secuestro-en-antioquia-este-ano-OG23079766,desplazamiento_forzado,Antioquia,P2,2
https://www.elcolombiano.com/medellin/victimas-de-desplazamiento-forzado-en-medellin-mas-de-3000-casos-en-el-primer-semestre-de-2023-AJ21935588,desplazamiento_forzado,Antioquia,P2,3
https://www.elcolombiano.com/colombia/disidencias-usan-a-la-gente-para-controlar-zonas-previo-a-elecciones-CB22760354,desplazamiento_forzado,Antioquia,P2,4
https://www.elcolombiano.com/antioquia/comision-humanitaria-llego-a-verificar-violaciones-a-derechos-humanos-en-limites-de-antioquia-con-bolivar-AP22694015,desplazamiento_forzado,Antioquia,P2,5
https://www.elcolombiano.com/colombia/como-operaba-el-bloque-central-bolivar-de-las-auc-en-colombia-AA22330572,desplazamiento_forzado,Antioquia,P2,6
https://www.elcolombiano.com/colombia/defensor-del-pueblo-prende-las-alarmas-a-una-semana-de-las-elecciones-regionales-MG22719342,desplazamiento_forzado,Antioquia,P2,7
https://www.elcolombiano.com/antioquia/consejo-de-estado-condena-nacion-por-falsos-positivos-en-santa-rosa-de-osos-CN21798903,desplazamiento_forzado,Antioquia,P2,8
https://www.elcolombiano.com/antioquia/soldados-heridos-tras-explosion-en-anori-avanzada-de-senador-juan-felipe-lemos-LC22130685,desplazamiento_forzado,Antioquia,P2,9
https://www.elcolombiano.com/antioquia/militares-antioquia-aceptaron-ante-la-jep-crimenes-de-guerra-y-lesa-humanidad-falsos-positivos-OH22709016,desplazamiento_forzado,Antioquia,P2,10
https://www.elcolombiano.com/colombia/el-general-mario-montoya-fue-imputado-por-falsos-positivos-en-antioquia-EF22277663,desplazamiento_forzado,Antioquia,P2,11
https://www.elcolombiano.com/colombia/uribe-contesta-a-acusaciones-de-mancuso-de-que-si-sabia-de-masacre-del-aro-FD23135918,desplazamiento_forzado,Antioquia,P2,12
https://www.elcolombiano.com/medellin/iniciativas-de-firmandes-de-paz-en-medellin-antioquia-AJ22096237,desplazamiento_forzado,Antioquia,P2,13
https://www.elcolombiano.com/medellin/entrevista-a-juan-luis-mejia-sobre-la-cultura-del-narcotrafico-exorcizarte-pablo-KH22615492,desplazamiento_forzado,Antioquia,P2,14
https://www.elcolombiano.com/antioquia/linea-del-123-cumple-tres-anos-atendiendo-mujeres-en-antioquia-FH22077211,desplazamiento_forzado,Antioquia,P2,15
https://www.elcolombiano.com/antioquia/nueva-asonada-en-antioquia-comunidad-saco-a-80-militares-de-briceno-por-orden-de-disidencias-farc-AJ23080404,conflicto_territorial,Antioquia,vig,1
https://www.elcolombiano.com/antioquia/disidencias-frente-36-imponen-manual-convivencia-en-municipios-norte-bajo-cauca-nordeste-antioquia-MD22211269,conflicto_territorial,Antioquia,vig,2
https://www.elcolombiano.com/antioquia/comunidad-de-caceres-esta-confinada-por-combates-entre-eln-y-el-clan-del-golfo-OE22265308,conflicto_territorial,Antioquia,vig,3
https://www.elcolombiano.com/antioquia/restitucion-de-tierras-a-comunidad-negra-entre-frontino-y-urrao-antioquia-CF23370424,conflicto_territorial,Antioquia,vig,4
https://www.elcolombiano.com/antioquia/por-que-el-municipio-de-argelia-cambiara-su-nombre-luego-de-63-anos-BP21956676,conflicto_territorial,Antioquia,vig,5
https://www.elcolombiano.com/inicio/cese-al-fuego-eln-gobierno-comunidades-regiones-esperan-paz-total-LH22078542,conflicto_territorial,Antioquia,vig,6
https://www.elcolombiano.com/colombia/disidencias-usan-a-la-gente-para-controlar-zonas-previo-a-elecciones-CB22760354,conflicto_territorial,Antioquia,vig,7
https://www.elcolombiano.com/colombia/balance-del-primer-mes-de-cese-al-fuego-bilateral-entre-gobierno-y-grupos-armados-MB20219317,conflicto_territorial,Antioquia,vig,8
https://www.elcolombiano.com/antioquia/renuncio-a-aspirar-a-la-goberncion-candidato-robinson-giraldo-GO22682307,conflicto_territorial,Antioquia,vig,9
https://www.elcolombiano.com/negocios/antioquia-es-el-departamento-que-mas-obras-por-impuestos-se-lleva-FE22264067,conflicto_territorial,Antioquia,vig,10
https://www.elcolombiano.com/colombia/defensor-del-pueblo-prende-las-alarmas-a-una-semana-de-las-elecciones-regionales-MG22719342,conflicto_territorial,Antioquia,vig,11
https://www.elcolombiano.com/antioquia/conflicto-armado-amenaza-elecciones-regionales-2023-en-el-norte-de-antioquia-LO22687194,conflicto_territorial,Antioquia,vig,12
https://www.elcolombiano.com/antioquia/comision-humanitaria-llego-a-verificar-violaciones-a-derechos-humanos-en-limites-de-antioquia-con-bolivar-AP22694015,conflicto_territorial,Antioquia,vig,13
https://www.elcolombiano.com/antioquia/disidentes-de-las-farc-piden-excusas-por-tomarse-escuela-en-yarumal-GI20285157,conflicto_territorial,Antioquia,vig,14
https://www.elcolombiano.com/colombia/como-operaba-el-bloque-central-bolivar-de-las-auc-en-colombia-AA22330572,conflicto_territorial,Antioquia,vig,15
https://www.elcolombiano.com/antioquia/nueva-asonada-en-antioquia-comunidad-saco-a-80-militares-de-briceno-por-orden-de-disidencias-farc-AJ23080404,conflicto_territorial,Antioquia,N1,1
https://www.elcolombiano.com/antioquia/comunidad-de-caceres-esta-confinada-por-combates-entre-eln-y-el-clan-del-golfo-OE22265308,conflicto_territorial,Antioquia,N1,2
https://www.elcolombiano.com/colombia/en-colombia-hay-siete-conflictos-armados-cicr-LG21055806,conflicto_territorial,Antioquia,N1,3
https://www.elcolombiano.com/inicio/cese-al-fuego-eln-gobierno-comunidades-regiones-esperan-paz-total-LH22078542,conflicto_territorial,Antioquia,N1,4
https://www.elcolombiano.com/colombia/disidencias-usan-a-la-gente-para-controlar-zonas-previo-a-elecciones-CB22760354,conflicto_territorial,Antioquia,N1,5
https://www.elcolombiano.com/medellin/bloqueos-en-la-avenida-regional-en-el-poblado-OC21236190,conflicto_territorial,Antioquia,N1,6
https://www.elcolombiano.com/antioquia/comision-humanitaria-llego-a-verificar-violaciones-a-derechos-humanos-en-limites-de-antioquia-con-bolivar-AP22694015,conflicto_territorial,Antioquia,N1,7
https://www.elcolombiano.com/antioquia/presencia-grupo-armados-ilegales-en-colegios-de-antioquia-FD20322610,conflicto_territorial,Antioquia,N1,8
https://www.elcolombiano.com/colombia/defensor-del-pueblo-alerta-por-aumento-de-secuestros-colombia-BA22110265,conflicto_territorial,Antioquia,N1,9
https://www.elcolombiano.com/antioquia/disidentes-de-las-farc-piden-excusas-por-tomarse-escuela-en-yarumal-GI20285157,conflicto_territorial,Antioquia,N1,10
https://www.elcolombiano.com/antioquia/el-cartel-de-los-mas-buscados-en-el-suroeste-de-antioquia-HD23136122,conflicto_territorial,Antioquia,N1,11
https://www.elcolombiano.com/antioquia/docentes-de-antioquia-reubicados-por-amenazas-de-grupos-armados-GD21553713,conflicto_territorial,Antioquia,N1,12
https://www.elcolombiano.com/antioquia/narino-antioquia-espera-por-turistas-en-sus-termales-en-semana-santa-AL20812460,conflicto_territorial,Antioquia,N1,13
https://www.elcolombiano.com/antioquia/mensajes-de-las-agc-clan-del-golfo-en-ituango-KC21546419,conflicto_territorial,Antioquia,N1,14
https://www.elcolombiano.com/colombia/estos-son-17-cabecillas-bandas-crimen-organizado-paz-total-medellin-JG21720779,conflicto_territorial,Antioquia,N1,15
https://www.elcolombiano.com/antioquia/nueva-asonada-en-antioquia-comunidad-saco-a-80-militares-de-briceno-por-orden-de-disidencias-farc-AJ23080404,conflicto_territorial,Antioquia,N2,1
https://www.elcolombiano.com/antioquia/disidencias-frente-36-imponen-manual-convivencia-en-municipios-norte-bajo-cauca-nordeste-antioquia-MD22211269,conflicto_territorial,Antioquia,N2,2
https://www.elcolombiano.com/antioquia/presencia-grupo-armados-ilegales-en-colegios-de-antioquia-FD20322610,conflicto_territorial,Antioquia,N2,3
https://www.elcolombiano.com/antioquia/comunidad-de-caceres-esta-confinada-por-combates-entre-eln-y-el-clan-del-golfo-OE22265308,conflicto_territorial,Antioquia,N2,4
https://www.elcolombiano.com/antioquia/aumento-del-secuestro-en-antioquia-este-ano-OG23079766,conflicto_territorial,Antioquia,N2,5
https://www.elcolombiano.com/colombia/disidencias-usan-a-la-gente-para-controlar-zonas-previo-a-elecciones-CB22760354,conflicto_territorial,Antioquia,N2,6
https://www.elcolombiano.com/colombia/en-colombia-hay-siete-conflictos-armados-cicr-LG21055806,conflicto_territorial,Antioquia,N2,7
https://www.elcolombiano.com/colombia/como-operaba-el-bloque-central-bolivar-de-las-auc-en-colombia-AA22330572,conflicto_territorial,Antioquia,N2,8
https://www.elcolombiano.com/medellin/riesgo-electoral-en-medellin-es-extremo-alerta-la-mision-de-observacion-electoral-moe-FA22660137,conflicto_territorial,Antioquia,N2,9
https://www.elcolombiano.com/antioquia/restitucion-de-tierras-a-comunidad-negra-entre-frontino-y-urrao-antioquia-CF23370424,conflicto_territorial,Antioquia,N2,10
https://www.elcolombiano.com/colombia/balance-del-primer-mes-de-cese-al-fuego-bilateral-entre-gobierno-y-grupos-armados-MB20219317,conflicto_territorial,Antioquia,N2,11
https://www.elcolombiano.com/antioquia/disidentes-de-las-farc-piden-excusas-por-tomarse-escuela-en-yarumal-GI20285157,conflicto_territorial,Antioquia,N2,12
https://www.elcolombiano.com/antioquia/por-que-el-municipio-de-argelia-cambiara-su-nombre-luego-de-63-anos-BP21956676,conflicto_territorial,Antioquia,N2,13
https://www.elcolombiano.com/inicio/cese-al-fuego-eln-gobierno-comunidades-regiones-esperan-paz-total-LH22078542,conflicto_territorial,Antioquia,N2,14
https://www.elcolombiano.com/antioquia/conflicto-armado-amenaza-elecciones-regionales-2023-en-el-norte-de-antioquia-LO22687194,conflicto_territorial,Antioquia,N2,15
https://www.elcolombiano.com/antioquia/comunidad-de-caceres-esta-confinada-por-combates-entre-eln-y-el-clan-del-golfo-OE22265308,conflicto_territorial,Antioquia,N3,1
https://www.elcolombiano.com/colombia/balance-del-primer-mes-de-cese-al-fuego-bilateral-entre-gobierno-y-grupos-armados-MB20219317,conflicto_territorial,Antioquia,N3,2
https://www.elcolombiano.com/colombia/en-colombia-hay-siete-conflictos-armados-cicr-LG21055806,conflicto_territorial,Antioquia,N3,3
https://www.elcolombiano.com/colombia/como-operaba-el-bloque-central-bolivar-de-las-auc-en-colombia-AA22330572,conflicto_territorial,Antioquia,N3,4
https://www.elcolombiano.com/antioquia/presencia-grupo-armados-ilegales-en-colegios-de-antioquia-FD20322610,conflicto_territorial,Antioquia,N3,5
https://www.elcolombiano.com/antioquia/disidentes-de-las-farc-piden-excusas-por-tomarse-escuela-en-yarumal-GI20285157,conflicto_territorial,Antioquia,N3,6
https://www.elcolombiano.com/antioquia/comision-humanitaria-llego-a-verificar-violaciones-a-derechos-humanos-en-limites-de-antioquia-con-bolivar-AP22694015,conflicto_territorial,Antioquia,N3,7
https://www.elcolombiano.com/colombia/defensor-del-pueblo-alerta-por-aumento-de-secuestros-colombia-BA22110265,conflicto_territorial,Antioquia,N3,8
https://www.elcolombiano.com/antioquia/nueva-asonada-en-antioquia-comunidad-saco-a-80-militares-de-briceno-por-orden-de-disidencias-farc-AJ23080404,conflicto_territorial,Antioquia,N3,9
https://www.elcolombiano.com/antioquia/planton-empleados-hospital-san-rafael-de-itagui-por-falta-de-pago-FC22759158,conflicto_territorial,Antioquia,N3,10
https://www.elcolombiano.com/antioquia/gobernador-anibal-gaviria-pide-ajustes-a-la-paz-de-gustavo-petro-HN20783136,conflicto_territorial,Antioquia,N3,11
https://www.elcolombiano.com/antioquia/preocupacion-en-ituango-antioquia-por-reclutamiento-de-menores-JA21308551,conflicto_territorial,Antioquia,N3,12
https://www.elcolombiano.com/colombia/uribe-contesta-a-acusaciones-de-mancuso-de-que-si-sabia-de-masacre-del-aro-FD23135918,conflicto_territorial,Antioquia,N3,13
https://www.elcolombiano.com/medellin/bloqueos-en-la-avenida-regional-en-el-poblado-OC21236190,conflicto_territorial,Antioquia,N3,14
https://www.elcolombiano.com/colombia/el-general-mario-montoya-fue-imputado-por-falsos-positivos-en-antioquia-EF22277663,conflicto_territorial,Antioquia,N3,15
https://www.elcolombiano.com/antioquia/nueva-asonada-en-antioquia-comunidad-saco-a-80-militares-de-briceno-por-orden-de-disidencias-farc-AJ23080404,conflicto_territorial,Antioquia,P1,1
https://www.elcolombiano.com/antioquia/presencia-grupo-armados-ilegales-en-colegios-de-antioquia-FD20322610,conflicto_territorial,Antioquia,P1,2
https://www.elcolombiano.com/inicio/cese-al-fuego-eln-gobierno-comunidades-regiones-esperan-paz-total-LH22078542,conflicto_territorial,Antioquia,P1,3
https://www.elcolombiano.com/antioquia/comunidad-de-caceres-esta-confinada-por-combates-entre-eln-y-el-clan-del-golfo-OE22265308,conflicto_territorial,Antioquia,P1,4
https://www.elcolombiano.com/antioquia/aumento-del-secuestro-en-antioquia-este-ano-OG23079766,conflicto_territorial,Antioquia,P1,5
https://www.elcolombiano.com/medellin/riesgo-electoral-en-medellin-es-extremo-alerta-la-mision-de-observacion-electoral-moe-FA22660137,conflicto_territorial,Antioquia,P1,6
https://www.elcolombiano.com/antioquia/liberales-divididos-por-el-aval-de-eugenio-prieto-a-la-gobernacion-de-antioquia-IL22296781,conflicto_territorial,Antioquia,P1,7
https://www.elcolombiano.com/antioquia/restitucion-de-tierras-a-comunidad-negra-entre-frontino-y-urrao-antioquia-CF23370424,conflicto_territorial,Antioquia,P1,8
https://www.elcolombiano.com/colombia/en-colombia-hay-siete-conflictos-armados-cicr-LG21055806,conflicto_territorial,Antioquia,P1,9
https://www.elcolombiano.com/colombia/disidencias-usan-a-la-gente-para-controlar-zonas-previo-a-elecciones-CB22760354,conflicto_territorial,Antioquia,P1,10
https://www.elcolombiano.com/colombia/como-operaba-el-bloque-central-bolivar-de-las-auc-en-colombia-AA22330572,conflicto_territorial,Antioquia,P1,11
https://www.elcolombiano.com/antioquia/disidencias-frente-36-imponen-manual-convivencia-en-municipios-norte-bajo-cauca-nordeste-antioquia-MD22211269,conflicto_territorial,Antioquia,P1,12
https://www.elcolombiano.com/medellin/bloqueos-en-la-avenida-regional-en-el-poblado-OC21236190,conflicto_territorial,Antioquia,P1,13
https://www.elcolombiano.com/colombia/balance-del-primer-mes-de-cese-al-fuego-bilateral-entre-gobierno-y-grupos-armados-MB20219317,conflicto_territorial,Antioquia,P1,14
https://www.elcolombiano.com/negocios/antioquia-es-el-departamento-que-mas-obras-por-impuestos-se-lleva-FE22264067,conflicto_territorial,Antioquia,P1,15
https://www.elcolombiano.com/antioquia/nueva-asonada-en-antioquia-comunidad-saco-a-80-militares-de-briceno-por-orden-de-disidencias-farc-AJ23080404,conflicto_territorial,Antioquia,P2,1
https://www.elcolombiano.com/antioquia/presencia-grupo-armados-ilegales-en-colegios-de-antioquia-FD20322610,conflicto_territorial,Antioquia,P2,2
https://www.elcolombiano.com/medellin/riesgo-electoral-en-medellin-es-extremo-alerta-la-mision-de-observacion-electoral-moe-FA22660137,conflicto_territorial,Antioquia,P2,3
https://www.elcolombiano.com/inicio/cese-al-fuego-eln-gobierno-comunidades-regiones-esperan-paz-total-LH22078542,conflicto_territorial,Antioquia,P2,4
https://www.elcolombiano.com/antioquia/unidad-de-busqueda-intervendra-la-escombrera-en-la-comuna-13-y-varios-cementerios-de-antioquia-en-2024-IE23413496,conflicto_territorial,Antioquia,P2,5
https://www.elcolombiano.com/antioquia/comunidad-de-caceres-esta-confinada-por-combates-entre-eln-y-el-clan-del-golfo-OE22265308,conflicto_territorial,Antioquia,P2,6
https://www.elcolombiano.com/antioquia/planton-empleados-hospital-san-rafael-de-itagui-por-falta-de-pago-FC22759158,conflicto_territorial,Antioquia,P2,7
https://www.elcolombiano.com/antioquia/aumento-del-secuestro-en-antioquia-este-ano-OG23079766,conflicto_territorial,Antioquia,P2,8
https://www.elcolombiano.com/antioquia/ni-la-mitad-de-hogares-de-antioquia-tiene-las-tres-comidas-aseguradas-KJ21938828,conflicto_territorial,Antioquia,P2,9
https://www.elcolombiano.com/antioquia/disidencias-frente-36-imponen-manual-convivencia-en-municipios-norte-bajo-cauca-nordeste-antioquia-MD22211269,conflicto_territorial,Antioquia,P2,10
https://www.elcolombiano.com/medellin/bloqueos-en-la-avenida-regional-en-el-poblado-OC21236190,conflicto_territorial,Antioquia,P2,11
https://www.elcolombiano.com/antioquia/asesinaron-a-tres-mujeres-en-antioquia-OG22429456,conflicto_territorial,Antioquia,P2,12
https://www.elcolombiano.com/antioquia/denuncian-abuso-de-mujeres-por-grupos-armados-en-limites-entre-antioquia-y-bolivar-AP22692266,conflicto_territorial,Antioquia,P2,13
https://www.elcolombiano.com/colombia/disidencias-usan-a-la-gente-para-controlar-zonas-previo-a-elecciones-CB22760354,conflicto_territorial,Antioquia,P2,14
https://www.elcolombiano.com/antioquia/ipc-entrega-casos-documentados-de-desaparicion-forzada-en-antioquia-LH23178366,conflicto_territorial,Antioquia,P2,15
https://www.elcolombiano.com/antioquia/nueva-asonada-en-antioquia-comunidad-saco-a-80-militares-de-briceno-por-orden-de-disidencias-farc-AJ23080404,presencia_grupos_armados,Antioquia,vig,1
https://www.elcolombiano.com/antioquia/comunidad-de-caceres-esta-confinada-por-combates-entre-eln-y-el-clan-del-golfo-OE22265308,presencia_grupos_armados,Antioquia,vig,2
https://www.elcolombiano.com/inicio/cese-al-fuego-eln-gobierno-comunidades-regiones-esperan-paz-total-LH22078542,presencia_grupos_armados,Antioquia,vig,3
https://www.elcolombiano.com/antioquia/aumento-del-secuestro-en-antioquia-este-ano-OG23079766,presencia_grupos_armados,Antioquia,vig,4
https://www.elcolombiano.com/medellin/bloqueos-en-la-avenida-regional-en-el-poblado-OC21236190,presencia_grupos_armados,Antioquia,vig,5
https://www.elcolombiano.com/colombia/en-colombia-hay-siete-conflictos-armados-cicr-LG21055806,presencia_grupos_armados,Antioquia,vig,6
https://www.elcolombiano.com/colombia/como-operaba-el-bloque-central-bolivar-de-las-auc-en-colombia-AA22330572,presencia_grupos_armados,Antioquia,vig,7
https://www.elcolombiano.com/colombia/disidencias-usan-a-la-gente-para-controlar-zonas-previo-a-elecciones-CB22760354,presencia_grupos_armados,Antioquia,vig,8
https://www.elcolombiano.com/antioquia/restitucion-de-tierras-a-comunidad-negra-entre-frontino-y-urrao-antioquia-CF23370424,presencia_grupos_armados,Antioquia,vig,9
https://www.elcolombiano.com/colombia/balance-del-primer-mes-de-cese-al-fuego-bilateral-entre-gobierno-y-grupos-armados-MB20219317,presencia_grupos_armados,Antioquia,vig,10
https://www.elcolombiano.com/antioquia/disidentes-de-las-farc-piden-excusas-por-tomarse-escuela-en-yarumal-GI20285157,presencia_grupos_armados,Antioquia,vig,11
https://www.elcolombiano.com/antioquia/cinco-homicidios-agudizan-crisis-de-seguridad-en-andes-ED22659739,presencia_grupos_armados,Antioquia,vig,12
https://www.elcolombiano.com/antioquia/antioquia-pide-garantias-para-cese-al-fuego-biletaral-entre-gobierno-colombia-y-eln-CK21905160,presencia_grupos_armados,Antioquia,vig,13
https://www.elcolombiano.com/antioquia/uraba-bajo-cauca-paz-total-petro-clan-golfo-LB21023888,presencia_grupos_armados,Antioquia,vig,14
https://www.elcolombiano.com/antioquia/comision-humanitaria-llego-a-verificar-violaciones-a-derechos-humanos-en-limites-de-antioquia-con-bolivar-AP22694015,presencia_grupos_armados,Antioquia,vig,15
https://www.elcolombiano.com/antioquia/disidentes-de-las-farc-piden-excusas-por-tomarse-escuela-en-yarumal-GI20285157,presencia_grupos_armados,Antioquia,N1,1
https://www.elcolombiano.com/antioquia/nueva-asonada-en-antioquia-comunidad-saco-a-80-militares-de-briceno-por-orden-de-disidencias-farc-AJ23080404,presencia_grupos_armados,Antioquia,N1,2
https://www.elcolombiano.com/inicio/cese-al-fuego-eln-gobierno-comunidades-regiones-esperan-paz-total-LH22078542,presencia_grupos_armados,Antioquia,N1,3
https://www.elcolombiano.com/antioquia/mensajes-de-las-agc-clan-del-golfo-en-ituango-KC21546419,presencia_grupos_armados,Antioquia,N1,4
https://www.elcolombiano.com/colombia/balance-del-primer-mes-de-cese-al-fuego-bilateral-entre-gobierno-y-grupos-armados-MB20219317,presencia_grupos_armados,Antioquia,N1,5
https://www.elcolombiano.com/colombia/elecciones-bajo-amenaza-violencia-tiene-en-jaque-1-de-cada-4-municipios-AH22528769,presencia_grupos_armados,Antioquia,N1,6
https://www.elcolombiano.com/colombia/john-fiera-el-disidente-que-siembra-el-terror-en-antioquia-y-bolivar-KG22537058,presencia_grupos_armados,Antioquia,N1,7
https://www.elcolombiano.com/colombia/alias-ramiro-jefe-de-las-disidencias-del-frente-18-quiere-colarse-en-la-paz-total-NB22106649,presencia_grupos_armados,Antioquia,N1,8
https://www.elcolombiano.com/opinion/columnistas/maestro-botero-hasta-siempre-NB22452609,presencia_grupos_armados,Antioquia,N1,9
https://www.elcolombiano.com/antioquia/asesinaron-a-lider-social-en-segovia-MA22000914,presencia_grupos_armados,Antioquia,N1,10
https://www.elcolombiano.com/antioquia/captura-suegro-alias-chatarra-LB20479992,presencia_grupos_armados,Antioquia,N1,11
https://www.elcolombiano.com/medellin/iniciativas-de-firmandes-de-paz-en-medellin-antioquia-AJ22096237,presencia_grupos_armados,Antioquia,N1,12
https://www.elcolombiano.com/cultura/festival-de-cine-de-cartagena-se-inaugura-con-la-pelicula-memento-mori-KN20783238,presencia_grupos_armados,Antioquia,N1,13
https://www.elcolombiano.com/antioquia/dos-soldados-y-un-miembro-de-disidencias-muertos-en-combate-cerca-de-hidroituango-eno-el-norte-de-antioquia-GP21957760,presencia_grupos_armados,Antioquia,N1,14
https://www.elcolombiano.com/colombia/ivan-mordisco-quiere-formar-guardias-campesinas-en-antioquia-y-otros-departamentos-GE23144103,presencia_grupos_armados,Antioquia,N1,15
https://www.elcolombiano.com/inicio/cese-al-fuego-eln-gobierno-comunidades-regiones-esperan-paz-total-LH22078542,presencia_grupos_armados,Antioquia,N2,1
https://www.elcolombiano.com/antioquia/comunidad-de-caceres-esta-confinada-por-combates-entre-eln-y-el-clan-del-golfo-OE22265308,presencia_grupos_armados,Antioquia,N2,2
https://www.elcolombiano.com/antioquia/conflicto-armado-amenaza-elecciones-regionales-2023-en-el-norte-de-antioquia-LO22687194,presencia_grupos_armados,Antioquia,N2,3
https://www.elcolombiano.com/colombia/susana-boreal-explico-su-relacion-con-christian-guzman-miembro-de-su-unidad-legislativa-de-tarbajo-BE20530760,presencia_grupos_armados,Antioquia,N2,4
https://www.elcolombiano.com/antioquia/antioquia-pide-garantias-para-cese-al-fuego-biletaral-entre-gobierno-colombia-y-eln-CK21905160,presencia_grupos_armados,Antioquia,N2,5
https://www.elcolombiano.com/antioquia/militares-antioquia-aceptaron-ante-la-jep-crimenes-de-guerra-y-lesa-humanidad-falsos-positivos-OH22709016,presencia_grupos_armados,Antioquia,N2,6
https://www.elcolombiano.com/antioquia/consejo-de-estado-condena-nacion-por-falsos-positivos-en-santa-rosa-de-osos-CN21798903,presencia_grupos_armados,Antioquia,N2,7
https://www.elcolombiano.com/colombia/uribe-contesta-a-acusaciones-de-mancuso-de-que-si-sabia-de-masacre-del-aro-FD23135918,presencia_grupos_armados,Antioquia,N2,8
https://www.elcolombiano.com/antioquia/unidad-para-las-victimas-entrego-ayudas-humanitarias-a-indigenas-del-suroeste-PC20449464,presencia_grupos_armados,Antioquia,N2,9
https://www.elcolombiano.com/antioquia/soldados-heridos-tras-explosion-en-anori-avanzada-de-senador-juan-felipe-lemos-LC22130685,presencia_grupos_armados,Antioquia,N2,10
https://www.elcolombiano.com/colombia/ivan-mordisco-quiere-formar-guardias-campesinas-en-antioquia-y-otros-departamentos-GE23144103,presencia_grupos_armados,Antioquia,N2,11
https://www.elcolombiano.com/negocios/paro-minero-genera-perdidas-por-57000-millones-a-transportadores-KC20778002,presencia_grupos_armados,Antioquia,N2,12
https://www.elcolombiano.com/antioquia/mensajes-de-las-agc-clan-del-golfo-en-ituango-KC21546419,presencia_grupos_armados,Antioquia,N2,13
https://www.elcolombiano.com/medellin/entrevista-a-juan-luis-mejia-sobre-la-cultura-del-narcotrafico-exorcizarte-pablo-KH22615492,presencia_grupos_armados,Antioquia,N2,14
https://www.elcolombiano.com/colombia/defensor-del-pueblo-alerta-por-aumento-de-secuestros-colombia-BA22110265,presencia_grupos_armados,Antioquia,N2,15
https://www.elcolombiano.com/antioquia/nueva-asonada-en-antioquia-comunidad-saco-a-80-militares-de-briceno-por-orden-de-disidencias-farc-AJ23080404,presencia_grupos_armados,Antioquia,N3,1
https://www.elcolombiano.com/antioquia/comision-humanitaria-llego-a-verificar-violaciones-a-derechos-humanos-en-limites-de-antioquia-con-bolivar-AP22694015,presencia_grupos_armados,Antioquia,N3,2
https://www.elcolombiano.com/antioquia/disidencias-frente-36-imponen-manual-convivencia-en-municipios-norte-bajo-cauca-nordeste-antioquia-MD22211269,presencia_grupos_armados,Antioquia,N3,3
https://www.elcolombiano.com/antioquia/narino-antioquia-espera-por-turistas-en-sus-termales-en-semana-santa-AL20812460,presencia_grupos_armados,Antioquia,N3,4
https://www.elcolombiano.com/antioquia/disidentes-de-las-farc-piden-excusas-por-tomarse-escuela-en-yarumal-GI20285157,presencia_grupos_armados,Antioquia,N3,5
https://www.elcolombiano.com/medellin/iniciativas-de-firmandes-de-paz-en-medellin-antioquia-AJ22096237,presencia_grupos_armados,Antioquia,N3,6
https://www.elcolombiano.com/antioquia/mensajes-de-las-agc-clan-del-golfo-en-ituango-KC21546419,presencia_grupos_armados,Antioquia,N3,7
https://www.elcolombiano.com/medellin/entrevista-a-juan-luis-mejia-sobre-la-cultura-del-narcotrafico-exorcizarte-pablo-KH22615492,presencia_grupos_armados,Antioquia,N3,8
https://www.elcolombiano.com/antioquia/captura-suegro-alias-chatarra-LB20479992,presencia_grupos_armados,Antioquia,N3,9
https://www.elcolombiano.com/antioquia/autoridades-visitaron-a-puerto-lopez-y-hicieron-compromisos-FD20452214,presencia_grupos_armados,Antioquia,N3,10
https://www.elcolombiano.com/colombia/john-fiera-el-disidente-que-siembra-el-terror-en-antioquia-y-bolivar-KG22537058,presencia_grupos_armados,Antioquia,N3,11
https://www.elcolombiano.com/antioquia/comunidad-de-caceres-esta-confinada-por-combates-entre-eln-y-el-clan-del-golfo-OE22265308,presencia_grupos_armados,Antioquia,N3,12
https://www.elcolombiano.com/antioquia/docentes-de-antioquia-reubicados-por-amenazas-de-grupos-armados-GD21553713,presencia_grupos_armados,Antioquia,N3,13
https://www.elcolombiano.com/opinion/editoriales/elecciones-bajo-fuego-DJ21938218,presencia_grupos_armados,Antioquia,N3,14
https://www.elcolombiano.com/medellin/plantones-en-contra-de-violencia-en-paro-minero-antioquia-PC20773369,presencia_grupos_armados,Antioquia,N3,15
https://www.elcolombiano.com/antioquia/comunidad-de-caceres-esta-confinada-por-combates-entre-eln-y-el-clan-del-golfo-OE22265308,presencia_grupos_armados,Antioquia,P1,1
https://www.elcolombiano.com/inicio/cese-al-fuego-eln-gobierno-comunidades-regiones-esperan-paz-total-LH22078542,presencia_grupos_armados,Antioquia,P1,2
https://www.elcolombiano.com/antioquia/comision-humanitaria-llego-a-verificar-violaciones-a-derechos-humanos-en-limites-de-antioquia-con-bolivar-AP22694015,presencia_grupos_armados,Antioquia,P1,3
https://www.elcolombiano.com/colombia/balance-del-primer-mes-de-cese-al-fuego-bilateral-entre-gobierno-y-grupos-armados-MB20219317,presencia_grupos_armados,Antioquia,P1,4
https://www.elcolombiano.com/antioquia/soldados-heridos-tras-explosion-en-anori-avanzada-de-senador-juan-felipe-lemos-LC22130685,presencia_grupos_armados,Antioquia,P1,5
https://www.elcolombiano.com/opinion/columnistas/maestro-botero-hasta-siempre-NB22452609,presencia_grupos_armados,Antioquia,P1,6
https://www.elcolombiano.com/colombia/john-fiera-el-disidente-que-siembra-el-terror-en-antioquia-y-bolivar-KG22537058,presencia_grupos_armados,Antioquia,P1,7
https://www.elcolombiano.com/medellin/entrevista-con-el-arzobispo-de-sante-fe-de-antioquia-hugo-torres-HL20909358,presencia_grupos_armados,Antioquia,P1,8
https://www.elcolombiano.com/antioquia/asesinaron-a-lider-social-en-segovia-MA22000914,presencia_grupos_armados,Antioquia,P1,9
https://www.elcolombiano.com/opinion/editoriales/elecciones-bajo-fuego-DJ21938218,presencia_grupos_armados,Antioquia,P1,10
https://www.elcolombiano.com/cultura/festival-de-cine-de-cartagena-se-inaugura-con-la-pelicula-memento-mori-KN20783238,presencia_grupos_armados,Antioquia,P1,11
https://www.elcolombiano.com/colombia/alertan-al-gobierno-petro-por-seguridad-que-afecta-elecciones-octubre-74-municipios-DI21926674,presencia_grupos_armados,Antioquia,P1,12
https://www.elcolombiano.com/entretenimiento/moda/horizontes-coleccion-de-alado-en-colombiamoda-2023-JA22009624,presencia_grupos_armados,Antioquia,P1,13
https://www.elcolombiano.com/colombia/ivan-mordisco-quiere-formar-guardias-campesinas-en-antioquia-y-otros-departamentos-GE23144103,presencia_grupos_armados,Antioquia,P1,14
https://www.elcolombiano.com/antioquia/mensajes-de-las-agc-clan-del-golfo-en-ituango-KC21546419,presencia_grupos_armados,Antioquia,P1,15
https://www.elcolombiano.com/antioquia/nueva-asonada-en-antioquia-comunidad-saco-a-80-militares-de-briceno-por-orden-de-disidencias-farc-AJ23080404,presencia_grupos_armados,Antioquia,P2,1
https://www.elcolombiano.com/antioquia/disidencias-frente-36-imponen-manual-convivencia-en-municipios-norte-bajo-cauca-nordeste-antioquia-MD22211269,presencia_grupos_armados,Antioquia,P2,2
https://www.elcolombiano.com/antioquia/comunidad-de-caceres-esta-confinada-por-combates-entre-eln-y-el-clan-del-golfo-OE22265308,presencia_grupos_armados,Antioquia,P2,3
https://www.elcolombiano.com/colombia/como-operaba-el-bloque-central-bolivar-de-las-auc-en-colombia-AA22330572,presencia_grupos_armados,Antioquia,P2,4
https://www.elcolombiano.com/inicio/cese-al-fuego-eln-gobierno-comunidades-regiones-esperan-paz-total-LH22078542,presencia_grupos_armados,Antioquia,P2,5
https://www.elcolombiano.com/colombia/balance-del-primer-mes-de-cese-al-fuego-bilateral-entre-gobierno-y-grupos-armados-MB20219317,presencia_grupos_armados,Antioquia,P2,6
https://www.elcolombiano.com/antioquia/comision-humanitaria-llego-a-verificar-violaciones-a-derechos-humanos-en-limites-de-antioquia-con-bolivar-AP22694015,presencia_grupos_armados,Antioquia,P2,7
https://www.elcolombiano.com/antioquia/disidentes-de-las-farc-piden-excusas-por-tomarse-escuela-en-yarumal-GI20285157,presencia_grupos_armados,Antioquia,P2,8
https://www.elcolombiano.com/antioquia/antioquia-pide-garantias-para-cese-al-fuego-biletaral-entre-gobierno-colombia-y-eln-CK21905160,presencia_grupos_armados,Antioquia,P2,9
https://www.elcolombiano.com/antioquia/profesores-amenazados-en-antioquia-por-grupos-armados-ilegales-DD20322436,presencia_grupos_armados,Antioquia,P2,10
https://www.elcolombiano.com/colombia/en-colombia-hay-siete-conflictos-armados-cicr-LG21055806,presencia_grupos_armados,Antioquia,P2,11
https://www.elcolombiano.com/antioquia/docentes-de-antioquia-reubicados-por-amenazas-de-grupos-armados-GD21553713,presencia_grupos_armados,Antioquia,P2,12
https://www.elcolombiano.com/antioquia/narino-antioquia-espera-por-turistas-en-sus-termales-en-semana-santa-AL20812460,presencia_grupos_armados,Antioquia,P2,13
https://www.elcolombiano.com/antioquia/soldados-heridos-tras-explosion-en-anori-avanzada-de-senador-juan-felipe-lemos-LC22130685,presencia_grupos_armados,Antioquia,P2,14
https://www.elcolombiano.com/medellin/iniciativas-de-firmandes-de-paz-en-medellin-antioquia-AJ22096237,presencia_grupos_armados,Antioquia,P2,15
https://laguajirahoy.com/judiciales/unidad-de-busqueda-recupera-25-cuerpos-en-cementerio-de-riohacha.html,exclusion_beneficios_economicos,Maicao,vig,1
https://diariodelnorte.net/judiciales/comunidad-bloquea-la-via-maicao-paradero-por-falta-de-agua-potable-y-servicio-electrico/,exclusion_beneficios_economicos,Maicao,vig,2
https://www.eltiempo.com/salud/ahf-inaugura-centros-de-atencion-gratuita-de-its-en-cucuta-y-maicao-para-reforzar-la-respuesta-contra-el-vih-en-colombia-ofrecen-pruebas-gratis-3513439,exclusion_beneficios_economicos,Maicao,vig,3
https://www.eltiempo.com/colombia/otras-ciudades/paraguachon-frontera-cerrada-asi-se-vive-en-la-guajira-el-bloqueo-del-paso-entre-colombia-y-venezuela-tras-la-captura-de-nicolas-maduro-3521565,exclusion_beneficios_economicos,Maicao,vig,4
https://diariodelnorte.net/judiciales/capturan-a-un-hombre-por-receptacion-durante-control-policial-en-maicao/,exclusion_beneficios_economicos,Maicao,vig,5
https://laguajirahoy.com/comunidad/solidaridad-de-guajiros-crece-para-llevar-ayuda-a-damnificados-por-terremoto.html,exclusion_beneficios_economicos,Maicao,vig,6
https://diariodelnorte.net/judiciales/operativos-de-control-dejan-dos-capturados-por-presunto-trafico-de-estupefacientes-en-riohacha-y-maicao/,exclusion_beneficios_economicos,Maicao,vig,7
https://diariodelnorte.net/laguajira/procuraduria-lleva-feria-de-servicios-a-uribia-para-garantizar-derechos-de-la-ninez-wayuu/,exclusion_beneficios_economicos,Maicao,vig,8
https://laguajirahoy.com/maicao/alcaldia-y-contraloria-reactivan-pavimentacion-estancada-y-devuelven-movilidad-a-maicao.html,exclusion_beneficios_economicos,Maicao,vig,9
https://www.eltiempo.com/vida/educacion/medio-millon-de-ninos-se-quedarian-sin-alimentacion-escolar-gobierno-nacional-y-alcaldias-y-gobernaciones-se-responsabilizan-mutuamente-3485785,exclusion_beneficios_economicos,Maicao,vig,10
https://diariodelnorte.net/judiciales/policia-nacional-captura-en-maicao-a-hombre-por-porte-ilegal-de-arma-de-fuego/,exclusion_beneficios_economicos,Maicao,vig,11
https://diariodelnorte.net/laguajira/jarlen-garrido-advierte-sobre-crisis-migratoria-en-maicao-tras-ausencia-de-la-cancilleria-en-foro-internacional/,exclusion_beneficios_economicos,Maicao,vig,12
https://laguajirahoy.com/judiciales/se-reabre-frontera-y-se-normaliza-paso-por-paraguachon-en-la-guajira.html,exclusion_beneficios_economicos,Maicao,vig,13
https://www.eltiempo.com/mas-contenido/uniguajira-consolida-la-inclusion-educativa-en-territorios-vulnerables-3550670,exclusion_beneficios_economicos,Maicao,vig,14
https://laguajirahoy.com/comunidad/la-caravana-navidena-llevo-sonrisas-y-esperanza-a-ninos-vulnerables-de-riohacha.html,exclusion_beneficios_economicos,Maicao,vig,15
https://laguajirahoy.com/maicao/alcaldia-y-contraloria-reactivan-pavimentacion-estancada-y-devuelven-movilidad-a-maicao.html,exclusion_beneficios_economicos,Maicao,N1,1
https://www.eltiempo.com/vida/educacion/medio-millon-de-ninos-se-quedarian-sin-alimentacion-escolar-gobierno-nacional-y-alcaldias-y-gobernaciones-se-responsabilizan-mutuamente-3485785,exclusion_beneficios_economicos,Maicao,N1,2
https://diariodelnorte.net/judiciales/levantan-bloqueos-en-las-salidas-de-maicao-hacia-albania-y-riohacha-tras-acuerdos-con-campesinos/,exclusion_beneficios_economicos,Maicao,N1,3
https://diariodelnorte.net/judiciales/habitantes-de-comunidad-indigena-bloquean-la-via-maicao-riohacha-para-exigir-reconocimiento/,exclusion_beneficios_economicos,Maicao,N1,4
https://www.eltiempo.com/colombia/otras-ciudades/empresa-de-telecomunicaciones-denuncia-millonarias-perdidas-por-actos-vandalicos-en-su-infraestructura-en-la-guajira-3492065,exclusion_beneficios_economicos,Maicao,N1,5
https://diariodelnorte.net/opinion/los-maestros-pagan-para-que-los-dejen-ensenar/,exclusion_beneficios_economicos,Maicao,N1,6
https://diariodelnorte.net/judiciales/restablecen-movilidad-en-alto-pino-tras-bloqueo-comunidades-exigen-dialogo-con-icbf-y-gobernacion/,exclusion_beneficios_economicos,Maicao,N1,7
https://diariodelnorte.net/judiciales/comunidad-bloquea-la-via-maicao-paradero-por-falta-de-agua-potable-y-servicio-electrico/,exclusion_beneficios_economicos,Maicao,N1,8
https://diariodelnorte.net/judiciales/capturan-a-hombre-por-hurto-en-vivienda-y-recuperan-vehiculo-en-hechos-aislados-en-maicao/,exclusion_beneficios_economicos,Maicao,N1,9
https://www.eltiempo.com/salud/liquidar-eps-podria-provocar-una-crisis-sin-precedentes-y-pondria-en-riesgo-a-millones-de-pacientes-advierten-exministros-y-actores-del-sector-salud-3526372,exclusion_beneficios_economicos,Maicao,N1,10
https://laguajirahoy.com/maicao/robaron-llaves-a-cuadrilla-de-aguas-de-la-peninsula-en-maicao.html,exclusion_beneficios_economicos,Maicao,N1,11
https://diariodelnorte.net/judiciales/persisten-bloqueos-en-vias-de-la-guajira-por-protestas-indigenas-y-afrodescendientes/,exclusion_beneficios_economicos,Maicao,N1,12
https://www.eltiempo.com/colombia/barranquilla/madre-biologica-de-guillermo-celis-volante-del-junior-de-barranquilla-muere-tras-ser-arrollada-en-sahagun-el-jugador-agradecio-las-condolencias-3514923,exclusion_beneficios_economicos,Maicao,N1,13
https://diariodelnorte.net/judiciales/comunidad-wayuu-bloquea-el-paso-vehicular-en-cuatro-vias-para-exigir-reposicion-de-transformador-averiado/,exclusion_beneficios_economicos,Maicao,N1,14
https://laguajirahoy.com/educacion/educacion-virtual-impulsa-inclusion-en-la-guajira-pero-persisten-desafios-de-conectividad-y-calidad.html,exclusion_beneficios_economicos,Maicao,N1,15
https://www.eltiempo.com/salud/ahf-inaugura-centros-de-atencion-gratuita-de-its-en-cucuta-y-maicao-para-reforzar-la-respuesta-contra-el-vih-en-colombia-ofrecen-pruebas-gratis-3513439,exclusion_beneficios_economicos,Maicao,N2,1
https://www.eltiempo.com/vida/educacion/medio-millon-de-ninos-se-quedarian-sin-alimentacion-escolar-gobierno-nacional-y-alcaldias-y-gobernaciones-se-responsabilizan-mutuamente-3485785,exclusion_beneficios_economicos,Maicao,N2,2
https://diariodelnorte.net/laguajira/jarlen-garrido-advierte-sobre-crisis-migratoria-en-maicao-tras-ausencia-de-la-cancilleria-en-foro-internacional/,exclusion_beneficios_economicos,Maicao,N2,3
https://www.eltiempo.com/salud/polemica-por-millonaria-inversion-de-minsalud-entregaron-dos-lanchas-ambulancia-a-maicao-un-municipio-sin-mar-ni-rio-ubicado-en-pleno-desierto-3526037,exclusion_beneficios_economicos,Maicao,N2,4
https://www.eltiempo.com/colombia/otras-ciudades/el-bendito-menor-estaria-detras-de-la-masacre-de-cinco-personas-en-maicao-anuncio-limpieza-social-en-video-de-hombres-armados-3523393,exclusion_beneficios_economicos,Maicao,N2,5
https://laguajirahoy.com/maicao/robaron-llaves-a-cuadrilla-de-aguas-de-la-peninsula-en-maicao.html,exclusion_beneficios_economicos,Maicao,N2,6
https://laguajirahoy.com/la-guajira/dia-mundial-de-la-asistencia-humanitaria-la-guajira-enfrenta-crisis-por-recorte-internacional.html,exclusion_beneficios_economicos,Maicao,N2,7
https://www.eltiempo.com/vida/medio-ambiente/investigadores-de-la-universidad-nacional-desarrolla-prototipo-que-convierte-el-agua-salobre-en-potable-para-calmar-la-sed-de-la-guajira-3566403,exclusion_beneficios_economicos,Maicao,N2,8
https://www.eltiempo.com/salud/nueva-polemica-envuelve-a-la-esposa-del-ministro-de-salud-la-salida-de-una-directiva-en-la-supersalud-reaviva-denuncias-por-presuntas-presiones-3526737,exclusion_beneficios_economicos,Maicao,N2,9
https://www.eltiempo.com/colombia/otras-ciudades/empresa-de-telecomunicaciones-denuncia-millonarias-perdidas-por-actos-vandalicos-en-su-infraestructura-en-la-guajira-3492065,exclusion_beneficios_economicos,Maicao,N2,10
https://www.eltiempo.com/colombia/otras-ciudades/dormitorios-destruidos-y-zonas-militares-devastadas-asi-quedo-el-batallon-atacado-con-explosivos-en-la-guajira-que-dejo-doce-soldados-heridos-3558725,exclusion_beneficios_economicos,Maicao,N2,11
https://diariodelnorte.net/judiciales/restablecen-movilidad-en-alto-pino-tras-bloqueo-comunidades-exigen-dialogo-con-icbf-y-gobernacion/,exclusion_beneficios_economicos,Maicao,N2,12
https://laguajirahoy.com/riohacha/riohacha-celebro-480-anos-esperando-que-la-concesion-repara-la-avenida-del-progreso.html,exclusion_beneficios_economicos,Maicao,N2,13
https://www.eltiempo.com/salud/liquidar-eps-podria-provocar-una-crisis-sin-precedentes-y-pondria-en-riesgo-a-millones-de-pacientes-advierten-exministros-y-actores-del-sector-salud-3526372,exclusion_beneficios_economicos,Maicao,N2,14
https://diariodelnorte.net/judiciales/comunidades-wayuu-levantan-bloqueo-en-la-via-riohacha-maicao-tras-acordar-mesa-de-dialogo-por-atentado-en-alto-pino/,exclusion_beneficios_economicos,Maicao,N2,15
https://diariodelnorte.net/editorial/lanchas-entre-la-urgencia-y-las-dudas/,exclusion_beneficios_economicos,Maicao,N3,1
https://laguajirahoy.com/maicao/maicao-desde-el-cielo-cautiva-con-imagenes-autenticas-y-sin-filtros-urbanos.html,exclusion_beneficios_economicos,Maicao,N3,2
https://laguajirahoy.com/maicao/entregan-pozo-de-agua-potable-a-la-comunidad-de-wamayao-en-maicao.html,exclusion_beneficios_economicos,Maicao,N3,3
https://laguajirahoy.com/personajes/fredrick-roberts-padron-el-serenatero-que-encontro-en-riohacha-su-escenario.html,exclusion_beneficios_economicos,Maicao,N3,4
https://diariodelnorte.net/opinion/la-universidad-que-nos-salvo/,exclusion_beneficios_economicos,Maicao,N3,5
https://laguajirahoy.com/turismo/maicao-presenta-nuevo-producto-turistico-y-fortalece-marca-ciudad-maicao-tejiendo-destino.html,exclusion_beneficios_economicos,Maicao,N3,6
https://diariodelnorte.net/laguajira/alcaldia-de-maicao-y-universidad-digital-de-antioquia-firman-convenio-para-acceso-gratuito-a-educacion-superior/,exclusion_beneficios_economicos,Maicao,N3,7
https://laguajirahoy.com/judiciales/combates-entre-ejercito-y-eln-en-la-guajira.html,exclusion_beneficios_economicos,Maicao,N3,8
https://laguajirahoy.com/maicao/expo-vitrina-expoguajira-2025-posiciona-a-maicao-epicentro-del-talento-y-la-innovacion.html,exclusion_beneficios_economicos,Maicao,N3,9
https://laguajirahoy.com/opinion/columnista/obras-son-amores.html,exclusion_beneficios_economicos,Maicao,N3,10
https://laguajirahoy.com/cultura/majayut-de-maicao-se-inscribe-en-el-xxx-festival-de-la-cultura-wayuu-en-uribia.html,exclusion_beneficios_economicos,Maicao,N3,11
https://laguajirahoy.com/judiciales/la-guajira-busca-seguridad-y-apoyo-a-comunidades-tras-consejo-de-seguridad.html,exclusion_beneficios_economicos,Maicao,N3,12
https://laguajirahoy.com/la-guajira/el-tren-de-la-magia-navidena-sigue-su-recorrido-por-la-guajira.html,exclusion_beneficios_economicos,Maicao,N3,13
https://laguajirahoy.com/judiciales/aprehenden-contrabando-millonario-en-operativo-realizado-en-zona-rural-de-maicao.html,exclusion_beneficios_economicos,Maicao,N3,14
https://diariodelnorte.net/laguajira/maicao-conmemorara-el-7-de-agosto-con-desfile-civico-y-multicultural-en-honor-a-la-batalla-de-boyaca/,exclusion_beneficios_economicos,Maicao,N3,15
https://diariodelnorte.net/judiciales/comunidad-bloquea-la-via-maicao-paradero-por-falta-de-agua-potable-y-servicio-electrico/,exclusion_beneficios_economicos,Maicao,P1,1
https://diariodelnorte.net/judiciales/habitantes-de-comunidad-indigena-bloquean-la-via-maicao-riohacha-para-exigir-reconocimiento/,exclusion_beneficios_economicos,Maicao,P1,2
https://diariodelnorte.net/judiciales/levantan-bloqueos-en-las-salidas-de-maicao-hacia-albania-y-riohacha-tras-acuerdos-con-campesinos/,exclusion_beneficios_economicos,Maicao,P1,3
https://www.eltiempo.com/vida/educacion/medio-millon-de-ninos-se-quedarian-sin-alimentacion-escolar-gobierno-nacional-y-alcaldias-y-gobernaciones-se-responsabilizan-mutuamente-3485785,exclusion_beneficios_economicos,Maicao,P1,4
https://diariodelnorte.net/judiciales/restablecen-movilidad-en-alto-pino-tras-bloqueo-comunidades-exigen-dialogo-con-icbf-y-gobernacion/,exclusion_beneficios_economicos,Maicao,P1,5
https://laguajirahoy.com/maicao/robaron-llaves-a-cuadrilla-de-aguas-de-la-peninsula-en-maicao.html,exclusion_beneficios_economicos,Maicao,P1,6
https://diariodelnorte.net/laguajira/jarlen-garrido-advierte-sobre-crisis-migratoria-en-maicao-tras-ausencia-de-la-cancilleria-en-foro-internacional/,exclusion_beneficios_economicos,Maicao,P1,7
https://diariodelnorte.net/judiciales/comunidad-wayuu-bloquea-el-paso-vehicular-en-cuatro-vias-para-exigir-reposicion-de-transformador-averiado/,exclusion_beneficios_economicos,Maicao,P1,8
https://diariodelnorte.net/judiciales/se-levanta-bloqueo-en-la-via-maicao-riohacha-tras-acuerdos-con-comunidad-indigena/,exclusion_beneficios_economicos,Maicao,P1,9
https://diariodelnorte.net/opinion/los-maestros-pagan-para-que-los-dejen-ensenar/,exclusion_beneficios_economicos,Maicao,P1,10
https://diariodelnorte.net/judiciales/capturan-a-hombre-por-hurto-en-vivienda-y-recuperan-vehiculo-en-hechos-aislados-en-maicao/,exclusion_beneficios_economicos,Maicao,P1,11
https://diariodelnorte.net/laguajira/autoridad-wayuu-solicita-seguimiento-a-fallo-judicial-en-la-guajira/,exclusion_beneficios_economicos,Maicao,P1,12
https://elpilon.com.co/general/minsalud-entrega-lanchas-ambulancia-a-maicao-un-municipio-sin-rio-ni-mar-y-desata-cuestionamientos,exclusion_beneficios_economicos,Maicao,P1,13
https://diariodelnorte.net/opinion/se-pasan/,exclusion_beneficios_economicos,Maicao,P1,14
https://diariodelnorte.net/editorial/lanchas-entre-la-urgencia-y-las-dudas/,exclusion_beneficios_economicos,Maicao,P1,15
https://www.eltiempo.com/vida/educacion/medio-millon-de-ninos-se-quedarian-sin-alimentacion-escolar-gobierno-nacional-y-alcaldias-y-gobernaciones-se-responsabilizan-mutuamente-3485785,exclusion_beneficios_economicos,Maicao,P2,1
https://diariodelnorte.net/laguajira/jarlen-garrido-advierte-sobre-crisis-migratoria-en-maicao-tras-ausencia-de-la-cancilleria-en-foro-internacional/,exclusion_beneficios_economicos,Maicao,P2,2
https://laguajirahoy.com/maicao/robaron-llaves-a-cuadrilla-de-aguas-de-la-peninsula-en-maicao.html,exclusion_beneficios_economicos,Maicao,P2,3
https://laguajirahoy.com/comunidad/venezolanos-en-la-guajira-viven-con-emociones-encontradas-los-recientes-sucesos-politicos-en-su-pais.html,exclusion_beneficios_economicos,Maicao,P2,4
https://www.eltiempo.com/salud/polemica-por-millonaria-inversion-de-minsalud-entregaron-dos-lanchas-ambulancia-a-maicao-un-municipio-sin-mar-ni-rio-ubicado-en-pleno-desierto-3526037,exclusion_beneficios_economicos,Maicao,P2,5
https://www.eltiempo.com/colombia/otras-ciudades/piratas-terrestres-vuelven-a-sembrar-terror-en-la-guajira-hombres-armados-asaltan-vehiculo-en-plena-via-y-quedan-en-video-3553317,exclusion_beneficios_economicos,Maicao,P2,6
https://www.eltiempo.com/colombia/otras-ciudades/empresa-de-telecomunicaciones-denuncia-millonarias-perdidas-por-actos-vandalicos-en-su-infraestructura-en-la-guajira-3492065,exclusion_beneficios_economicos,Maicao,P2,7
https://laguajirahoy.com/educacion/educacion-virtual-impulsa-inclusion-en-la-guajira-pero-persisten-desafios-de-conectividad-y-calidad.html,exclusion_beneficios_economicos,Maicao,P2,8
https://www.eltiempo.com/unidad-investigativa/el-93-del-choco-sufrio-graves-danos-por-terremoto-van-14-muertos-y-43-000-damnificados-3578063,exclusion_beneficios_economicos,Maicao,P2,9
https://diariodelnorte.net/opinion/los-maestros-pagan-para-que-los-dejen-ensenar/,exclusion_beneficios_economicos,Maicao,P2,10
https://www.eltiempo.com/colombia/otras-ciudades/la-guajira-paro-armado-golpea-el-comercio-en-riohacha-perdidas-superan-los-35-mil-millones-en-tres-dias-3548966,exclusion_beneficios_economicos,Maicao,P2,11
https://laguajirahoy.com/judiciales/carneo-y-abigeato-en-aumento-en-la-guajira.html,exclusion_beneficios_economicos,Maicao,P2,12
https://laguajirahoy.com/judiciales/unidad-de-busqueda-recupera-25-cuerpos-en-cementerio-de-riohacha.html,exclusion_beneficios_economicos,Maicao,P2,13
https://laguajirahoy.com/opinion/columnista/el-territorio-no-esta-solo-en-el-mapa-se-vive-en-la-cotidianidad.html,exclusion_beneficios_economicos,Maicao,P2,14
https://www.eltiempo.com/salud/liquidar-eps-podria-provocar-una-crisis-sin-precedentes-y-pondria-en-riesgo-a-millones-de-pacientes-advierten-exministros-y-actores-del-sector-salud-3526372,exclusion_beneficios_economicos,Maicao,P2,15
https://diariodelnorte.net/judiciales/comunidad-bloquea-la-via-maicao-paradero-por-falta-de-agua-potable-y-servicio-electrico/,rechazo_proyecto,Maicao,vig,1
https://diariodelnorte.net/judiciales/levantan-bloqueos-en-las-salidas-de-maicao-hacia-albania-y-riohacha-tras-acuerdos-con-campesinos/,rechazo_proyecto,Maicao,vig,2
https://laguajirahoy.com/judiciales/abogado-ira-a-la-carcel-mientras-investigan-muerte-de-mototaxista-en-fonseca.html,rechazo_proyecto,Maicao,vig,3
https://laguajirahoy.com/judiciales/autoridades-redoblan-acciones-para-esclarecer-masacre-en-maicao-que-dejo-cinco-victimas-mortales.html,rechazo_proyecto,Maicao,vig,4
https://diariodelnorte.net/judiciales/habitantes-de-comunidad-indigena-bloquean-la-via-maicao-riohacha-para-exigir-reconocimiento/,rechazo_proyecto,Maicao,vig,5
https://www.eltiempo.com/colombia/otras-ciudades/dormitorios-destruidos-y-zonas-militares-devastadas-asi-quedo-el-batallon-atacado-con-explosivos-en-la-guajira-que-dejo-doce-soldados-heridos-3558725,rechazo_proyecto,Maicao,vig,6
https://diariodelnorte.net/judiciales/restablecen-movilidad-en-alto-pino-tras-bloqueo-comunidades-exigen-dialogo-con-icbf-y-gobernacion/,rechazo_proyecto,Maicao,vig,7
https://diariodelnorte.net/judiciales/comunidades-wayuu-levantan-bloqueo-en-la-via-riohacha-maicao-tras-acordar-mesa-de-dialogo-por-atentado-en-alto-pino/,rechazo_proyecto,Maicao,vig,8
https://diariodelnorte.net/judiciales/comunidad-wayuu-bloquea-el-paso-vehicular-en-cuatro-vias-para-exigir-reposicion-de-transformador-averiado/,rechazo_proyecto,Maicao,vig,9
https://diariodelnorte.net/judiciales/ediles-de-paraguachon-denuncian-amenazas-tras-recibir-video-intimidante/,rechazo_proyecto,Maicao,vig,10
https://laguajirahoy.com/judiciales/bloqueo-en-via-riohacha-maicao-fue-levantado-tras-dialogo.html,rechazo_proyecto,Maicao,vig,11
https://www.eltiempo.com/vida/educacion/medio-millon-de-ninos-se-quedarian-sin-alimentacion-escolar-gobierno-nacional-y-alcaldias-y-gobernaciones-se-responsabilizan-mutuamente-3485785,rechazo_proyecto,Maicao,vig,12
https://laguajirahoy.com/la-guajira/dia-mundial-de-la-asistencia-humanitaria-la-guajira-enfrenta-crisis-por-recorte-internacional.html,rechazo_proyecto,Maicao,vig,13
https://www.eltiempo.com/justicia/cortes/la-alerta-de-la-corte-constitucional-por-grupos-armados-que-frenan-controles-sobre-la-crisis-wayuu-en-la-guajira-3554617,rechazo_proyecto,Maicao,vig,14
https://diariodelnorte.net/editorial/todos-contra-la-violencia/,rechazo_proyecto,Maicao,vig,15
https://diariodelnorte.net/laguajira/autoridades-y-comunidad-se-unieron-en-maicao-en-un-llamado-por-la-paz-la-vida-y-la-convivencia/,rechazo_proyecto,Maicao,N1,1
https://laguajirahoy.com/la-guajira/educacion-vial-para-proteger-la-vida-en-corredores-escolares.html,rechazo_proyecto,Maicao,N1,2
https://laguajirahoy.com/maicao/expo-vitrina-expoguajira-2025-posiciona-a-maicao-epicentro-del-talento-y-la-innovacion.html,rechazo_proyecto,Maicao,N1,3
https://diariodelnorte.net/judiciales/levantan-bloqueos-en-las-salidas-de-maicao-hacia-albania-y-riohacha-tras-acuerdos-con-campesinos/,rechazo_proyecto,Maicao,N1,4
https://laguajirahoy.com/nacion-2/abren-proceso-para-elegir-comision-asesora-nacional-de-derechos-humanos.html,rechazo_proyecto,Maicao,N1,5
https://laguajirahoy.com/judiciales/combates-entre-ejercito-y-eln-en-la-guajira.html,rechazo_proyecto,Maicao,N1,6
https://laguajirahoy.com/politica/manuel-rosado-trayectoria-publica-con-sello-maicaero.html,rechazo_proyecto,Maicao,N1,7
https://laguajirahoy.com/politica/congreso-condecoro-a-aqualia-por-su-gestion-del-agua-en-la-guajira.html,rechazo_proyecto,Maicao,N1,8
https://laguajirahoy.com/politica/autoridades-indigenas-respaldan-campana-juntos-somos-la-fuerza-en-maicao.html,rechazo_proyecto,Maicao,N1,9
https://diariodelnorte.net/laguajira/maicao-recibe-a-estudiantes-internacionales-en-apuesta-por-consolidarse-como-destino-turistico/,rechazo_proyecto,Maicao,N1,10
https://www.eltiempo.com/colombia/otras-ciudades/alias-bendito-menor-envia-carta-al-gobierno-nacional-solicitando-frenar-la-persecucion-en-su-contra-y-retomar-dialogos-esto-dice-la-comunicacion-3527262,rechazo_proyecto,Maicao,N1,11
https://laguajirahoy.com/nacion-2/toma-mi-mano-una-apuesta-humanitaria-con-impacto-en-la-guajira.html,rechazo_proyecto,Maicao,N1,12
https://laguajirahoy.com/cultura/cine-wayuu-llega-al-ficci-65-con-dos-cortometrajes-seleccionados.html,rechazo_proyecto,Maicao,N1,13
https://laguajirahoy.com/nacion-2/creg-convoca-talleres-en-riohacha-para-definir-regulacion-de-combustibles.html,rechazo_proyecto,Maicao,N1,14
https://diariodelnorte.net/opinion/otto-barros-y-las-reparaciones-pendientes-del-estado/,rechazo_proyecto,Maicao,N1,15
https://laguajirahoy.com/maicao/maicao-desde-el-cielo-cautiva-con-imagenes-autenticas-y-sin-filtros-urbanos.html,rechazo_proyecto,Maicao,N2,1
https://laguajirahoy.com/politica/autoridades-indigenas-respaldan-campana-juntos-somos-la-fuerza-en-maicao.html,rechazo_proyecto,Maicao,N2,2
https://laguajirahoy.com/maicao/lideres-de-carraipia-voz-que-lucha-por-dignidad-y-progreso-de-su-comunidad.html,rechazo_proyecto,Maicao,N2,3
https://diariodelnorte.net/opinion/otto-barros-y-las-reparaciones-pendientes-del-estado/,rechazo_proyecto,Maicao,N2,4
https://diariodelnorte.net/judiciales/atentado-sicarial-contra-lider-wayuu-en-maicao-deja-un-presunto-atacante-muerto/,rechazo_proyecto,Maicao,N2,5
https://laguajirahoy.com/cultura/cine-wayuu-llega-al-ficci-65-con-dos-cortometrajes-seleccionados.html,rechazo_proyecto,Maicao,N2,6
https://laguajirahoy.com/personajes/fredrick-roberts-padron-el-serenatero-que-encontro-en-riohacha-su-escenario.html,rechazo_proyecto,Maicao,N2,7
https://diariodelnorte.net/opinion/el-pueblo-wayuu-de-la-guajira-protagonista-en-el-ficci-2026/,rechazo_proyecto,Maicao,N2,8
https://laguajirahoy.com/politica/manuel-rosado-trayectoria-publica-con-sello-maicaero.html,rechazo_proyecto,Maicao,N2,9
https://laguajirahoy.com/politica/pablo-parra-liderazgo-guajiro-que-no-baja-el-ritmo.html,rechazo_proyecto,Maicao,N2,10
https://laguajirahoy.com/politica/asamblea-de-la-guajira-instala-primer-periodo-de-sesiones-2026.html,rechazo_proyecto,Maicao,N2,11
https://laguajirahoy.com/sociales/sacerdote-recibio-medalla-luis-a-robles-en-honor-al-servicio-pastoral-en-la-guajira.html,rechazo_proyecto,Maicao,N2,12
https://laguajirahoy.com/barrancas/barrancas-promueve-convivencia-y-educacion-vial-en-jornada-comunitaria.html,rechazo_proyecto,Maicao,N2,13
https://laguajirahoy.com/nacion-2/toma-mi-mano-una-apuesta-humanitaria-con-impacto-en-la-guajira.html,rechazo_proyecto,Maicao,N2,14
https://laguajirahoy.com/la-guajira/no-mas-bloqueos-el-clamor-ciudadano-en-defensa-de-cerrejon-y-la-guajira.html,rechazo_proyecto,Maicao,N2,15
https://diariodelnorte.net/judiciales/ejercito-confirma-que-alias-nain-y-su-pareja-escaparon-tras-combates-en-dibulla/,rechazo_proyecto,Maicao,N3,1
https://laguajirahoy.com/politica/congreso-condecoro-a-aqualia-por-su-gestion-del-agua-en-la-guajira.html,rechazo_proyecto,Maicao,N3,2
https://elpilon.com.co/judicial/gobierno-ofrece-hasta-500-millones-de-recompensa-por-responsables-de-masacre-en-maicao-alias-nain-niega-su-participacion-a-traves-de-un-video,rechazo_proyecto,Maicao,N3,3
https://www.eltiempo.com/colombia/barranquilla/atlantico-monstruosidad-en-soledad-padre-asesino-a-su-hija-de-7-anos-con-un-ataque-de-cuchilla-en-el-cuello-en-un-acto-de-violencia-vicaria-3514952,rechazo_proyecto,Maicao,N3,4
https://diariodelnorte.net/opinion/se-pasan/,rechazo_proyecto,Maicao,N3,5
https://diariodelnorte.net/editorial/vias-para-la-guajira/,rechazo_proyecto,Maicao,N3,6
https://diariodelnorte.net/judiciales/intervienen-dos-establecimientos-por-presuntas-apuestas-ilegales-en-maicao-incautan-equipos-de-operacion/,rechazo_proyecto,Maicao,N3,7
https://laguajirahoy.com/comunidad/mujer-que-sobrevive-atentado-en-la-guajira-clama-justicia.html,rechazo_proyecto,Maicao,N3,8
https://www.eltiempo.com/justicia/cortes/el-extenso-dossier-del-ministro-armando-benedetti-en-la-corte-suprema-de-justicia-tiene-siete-procesos-3507886,rechazo_proyecto,Maicao,N3,9
https://diariodelnorte.net/editorial/lanchas-entre-la-urgencia-y-las-dudas/,rechazo_proyecto,Maicao,N3,10
https://diariodelnorte.net/judiciales/retiran-a-agente-de-transito-en-maicao-tras-presunta-exigencia-de-dinero-a-conductor/,rechazo_proyecto,Maicao,N3,11
https://laguajirahoy.com/la-guajira-4/tarifa-de-energia-sube-y-golpea-usuarios-de-la-guajira.html,rechazo_proyecto,Maicao,N3,12
https://www.eltiempo.com/justicia/conflicto-y-narcotrafico/ataque-del-eln-a-la-subestacion-de-policia-de-cuatro-vias-en-el-municipio-de-maicao-tras-anuncio-de-paro-armado-en-colombia-no-hay-reporte-de-heridos-3516887,rechazo_proyecto,Maicao,N3,13
https://diariodelnorte.net/opinion/otto-barros-y-las-reparaciones-pendientes-del-estado/,rechazo_proyecto,Maicao,N3,14
https://laguajirahoy.com/politica/senador-guajiro-pide-soluciones-para-la-salud-en-alta-guajira.html,rechazo_proyecto,Maicao,N3,15
https://diariodelnorte.net/judiciales/habitantes-de-comunidad-indigena-bloquean-la-via-maicao-riohacha-para-exigir-reconocimiento/,rechazo_proyecto,Maicao,P1,1
https://laguajirahoy.com/politica-2/campana-juntos-somos-la-fuerza-rechaza-denuncias-electorales-infundadas.html,rechazo_proyecto,Maicao,P1,2
https://diariodelnorte.net/opinion/se-pasan/,rechazo_proyecto,Maicao,P1,3
https://laguajirahoy.com/judiciales/gaula-captura-a-presunto-extorsionista-que-intimidaba-comerciantes-en-maicao.html,rechazo_proyecto,Maicao,P1,4
https://laguajirahoy.com/judiciales/cinco-jovenes-asesinados-a-bala-en-maicao-estremecen-a-la-guajira.html,rechazo_proyecto,Maicao,P1,5
https://laguajirahoy.com/la-guajira/director-de-transito-de-albania-denuncia-intento-de-soborno-y-falsas-acusaciones.html,rechazo_proyecto,Maicao,P1,6
https://laguajirahoy.com/nacion-2/toma-mi-mano-una-apuesta-humanitaria-con-impacto-en-la-guajira.html,rechazo_proyecto,Maicao,P1,7
https://laguajirahoy.com/la-guajira/no-mas-bloqueos-el-clamor-ciudadano-en-defensa-de-cerrejon-y-la-guajira.html,rechazo_proyecto,Maicao,P1,8
https://diariodelnorte.net/judiciales/persisten-bloqueos-en-vias-de-la-guajira-por-protestas-indigenas-y-afrodescendientes/,rechazo_proyecto,Maicao,P1,9
https://diariodelnorte.net/opinion/deuda-ancestral-deuda-eterna-o-dialogo-pendiente/,rechazo_proyecto,Maicao,P1,10
https://diariodelnorte.net/judiciales/comunidad-bloquea-la-via-maicao-paradero-por-falta-de-agua-potable-y-servicio-electrico/,rechazo_proyecto,Maicao,P1,11
https://diariodelnorte.net/judiciales/atentado-sicarial-contra-lider-wayuu-en-maicao-deja-un-presunto-atacante-muerto/,rechazo_proyecto,Maicao,P1,12
https://laguajirahoy.com/judiciales/la-seguridad-llego-tarde-al-turismo-guajiro.html,rechazo_proyecto,Maicao,P1,13
https://www.eltiempo.com/mundo/venezuela/padrino-lopez-confirmo-el-asesinato-de-varios-miembros-del-equipo-de-seguridad-de-nicolas-maduro-tras-los-bombardeos-de-estados-unidos-3521738,rechazo_proyecto,Maicao,P1,14
https://www.eltiempo.com/colombia/otras-ciudades/misterio-en-la-guajira-por-muerte-de-dos-empresarios-en-una-fiesta-de-cumpleanos-el-anfitrion-era-amigo-cercano-del-cantante-vallenato-martin-elias-3572007,rechazo_proyecto,Maicao,P1,15
https://diariodelnorte.net/judiciales/comunidad-bloquea-la-via-maicao-paradero-por-falta-de-agua-potable-y-servicio-electrico/,rechazo_proyecto,Maicao,P2,1
https://diariodelnorte.net/judiciales/habitantes-de-comunidad-indigena-bloquean-la-via-maicao-riohacha-para-exigir-reconocimiento/,rechazo_proyecto,Maicao,P2,2
https://www.eltiempo.com/justicia/cortes/la-alerta-de-la-corte-constitucional-por-grupos-armados-que-frenan-controles-sobre-la-crisis-wayuu-en-la-guajira-3554617,rechazo_proyecto,Maicao,P2,3
https://diariodelnorte.net/judiciales/restablecen-movilidad-en-alto-pino-tras-bloqueo-comunidades-exigen-dialogo-con-icbf-y-gobernacion/,rechazo_proyecto,Maicao,P2,4
https://www.eltiempo.com/colombia/otras-ciudades/dormitorios-destruidos-y-zonas-militares-devastadas-asi-quedo-el-batallon-atacado-con-explosivos-en-la-guajira-que-dejo-doce-soldados-heridos-3558725,rechazo_proyecto,Maicao,P2,5
https://diariodelnorte.net/judiciales/comunidad-wayuu-bloquea-el-paso-vehicular-en-cuatro-vias-para-exigir-reposicion-de-transformador-averiado/,rechazo_proyecto,Maicao,P2,6
https://diariodelnorte.net/judiciales/levantan-bloqueos-en-las-salidas-de-maicao-hacia-albania-y-riohacha-tras-acuerdos-con-campesinos/,rechazo_proyecto,Maicao,P2,7
https://diariodelnorte.net/laguajira/maicao-se-posiciona-en-la-agenda-global-de-migracion-margarita-crespo-habib-lidera-representacion-ante-la-onu/,rechazo_proyecto,Maicao,P2,8
https://www.eltiempo.com/colombia/otras-ciudades/el-bendito-menor-estaria-detras-de-la-masacre-de-cinco-personas-en-maicao-anuncio-limpieza-social-en-video-de-hombres-armados-3523393,rechazo_proyecto,Maicao,P2,9
https://diariodelnorte.net/judiciales/persisten-bloqueos-en-vias-de-la-guajira-por-protestas-indigenas-y-afrodescendientes/,rechazo_proyecto,Maicao,P2,10
https://www.eltiempo.com/mas-contenido/uniguajira-consolida-la-inclusion-educativa-en-territorios-vulnerables-3550670,rechazo_proyecto,Maicao,P2,11
https://diariodelnorte.net/judiciales/ejercito-confirma-que-alias-nain-y-su-pareja-escaparon-tras-combates-en-dibulla/,rechazo_proyecto,Maicao,P2,12
https://diariodelnorte.net/editorial/nuevo-ataque-contra-cerrejon/,rechazo_proyecto,Maicao,P2,13
https://diariodelnorte.net/judiciales/atentado-sicarial-en-maicao-deja-dos-muertos-y-un-herido-en-el-barrio-torres-de-la-majayura/,rechazo_proyecto,Maicao,P2,14
https://laguajirahoy.com/judiciales/hombre-resulto-herido-durante-presunto-asalto-entre-uribia-y-maicao.html,rechazo_proyecto,Maicao,P2,15
https://diariodelnorte.net/judiciales/ediles-de-paraguachon-denuncian-amenazas-tras-recibir-video-intimidante/,desplazamiento_forzado,Maicao,vig,1
https://laguajirahoy.com/judiciales/ofrecen-hasta-100-millones-para-lograr-liberacion-de-angie-argaez.html,desplazamiento_forzado,Maicao,vig,2
https://laguajirahoy.com/comunidad/venezolanos-en-la-guajira-viven-con-emociones-encontradas-los-recientes-sucesos-politicos-en-su-pais.html,desplazamiento_forzado,Maicao,vig,3
https://diariodelnorte.net/judiciales/habitantes-de-comunidad-indigena-bloquean-la-via-maicao-riohacha-para-exigir-reconocimiento/,desplazamiento_forzado,Maicao,vig,4
https://www.eltiempo.com/colombia/otras-ciudades/el-bendito-menor-estaria-detras-de-la-masacre-de-cinco-personas-en-maicao-anuncio-limpieza-social-en-video-de-hombres-armados-3523393,desplazamiento_forzado,Maicao,vig,5
https://www.eltiempo.com/colombia/otras-ciudades/la-guajira-paro-armado-golpea-el-comercio-en-riohacha-perdidas-superan-los-35-mil-millones-en-tres-dias-3548966,desplazamiento_forzado,Maicao,vig,6
https://diariodelnorte.net/laguajira/maicao-se-posiciona-en-la-agenda-global-de-migracion-margarita-crespo-habib-lidera-representacion-ante-la-onu/,desplazamiento_forzado,Maicao,vig,7
https://diariodelnorte.net/laguajira/jarlen-garrido-advierte-sobre-crisis-migratoria-en-maicao-tras-ausencia-de-la-cancilleria-en-foro-internacional/,desplazamiento_forzado,Maicao,vig,8
https://www.eltiempo.com/colombia/otras-ciudades/piratas-terrestres-vuelven-a-sembrar-terror-en-la-guajira-hombres-armados-asaltan-vehiculo-en-plena-via-y-quedan-en-video-3553317,desplazamiento_forzado,Maicao,vig,9
https://laguajirahoy.com/judiciales/se-reabre-frontera-y-se-normaliza-paso-por-paraguachon-en-la-guajira.html,desplazamiento_forzado,Maicao,vig,10
https://www.eltiempo.com/colombia/barranquilla/barranquilla-un-avance-para-la-justicia-y-la-democracia-de-la-region-esto-dijo-el-alcalde-char-acerca-de-la-captura-de-nicolas-maduro-3521761,desplazamiento_forzado,Maicao,vig,11
https://diariodelnorte.net/laguajira/con-inversion-social-air-e-intervenida-y-aliados-entregan-transporte-escolar-para-los-ninos-de-yotojorotshi/,desplazamiento_forzado,Maicao,vig,12
https://diariodelnorte.net/judiciales/restablecen-movilidad-en-alto-pino-tras-bloqueo-comunidades-exigen-dialogo-con-icbf-y-gobernacion/,desplazamiento_forzado,Maicao,vig,13
https://laguajirahoy.com/nacion/satena-gestiona-vuelos-diarios-entre-riohacha-y-barranquilla-tras-colapso-del-puente.html,desplazamiento_forzado,Maicao,vig,14
https://www.eltiempo.com/mas-contenido/uniguajira-consolida-la-inclusion-educativa-en-territorios-vulnerables-3550670,desplazamiento_forzado,Maicao,vig,15
https://www.eltiempo.com/colombia/otras-ciudades/el-bendito-menor-estaria-detras-de-la-masacre-de-cinco-personas-en-maicao-anuncio-limpieza-social-en-video-de-hombres-armados-3523393,desplazamiento_forzado,Maicao,N1,1
https://laguajirahoy.com/judiciales/unidad-de-busqueda-recupera-25-cuerpos-en-cementerio-de-riohacha.html,desplazamiento_forzado,Maicao,N1,2
https://www.eltiempo.com/justicia/cortes/la-alerta-de-la-corte-constitucional-por-grupos-armados-que-frenan-controles-sobre-la-crisis-wayuu-en-la-guajira-3554617,desplazamiento_forzado,Maicao,N1,3
https://diariodelnorte.net/judiciales/restablecen-movilidad-en-alto-pino-tras-bloqueo-comunidades-exigen-dialogo-con-icbf-y-gobernacion/,desplazamiento_forzado,Maicao,N1,4
https://laguajirahoy.com/judiciales/la-guajira-busca-seguridad-y-apoyo-a-comunidades-tras-consejo-de-seguridad.html,desplazamiento_forzado,Maicao,N1,5
https://www.eltiempo.com/unidad-investigativa/el-93-del-choco-sufrio-graves-danos-por-terremoto-van-14-muertos-y-43-000-damnificados-3578063,desplazamiento_forzado,Maicao,N1,6
https://diariodelnorte.net/laguajira/maicao-se-posiciona-en-la-agenda-global-de-migracion-margarita-crespo-habib-lidera-representacion-ante-la-onu/,desplazamiento_forzado,Maicao,N1,7
https://laguajirahoy.com/la-guajira/dia-mundial-de-la-asistencia-humanitaria-la-guajira-enfrenta-crisis-por-recorte-internacional.html,desplazamiento_forzado,Maicao,N1,8
https://www.eltiempo.com/colombia/otras-ciudades/riohacha-amanecio-semiparalizada-tras-atentado-al-batallon-cartagena-suspenden-clases-y-restringen-movilidad-en-la-via-a-maicao-3558719,desplazamiento_forzado,Maicao,N1,9
https://laguajirahoy.com/judiciales/cinco-jovenes-asesinados-a-bala-en-maicao-estremecen-a-la-guajira.html,desplazamiento_forzado,Maicao,N1,10
https://laguajirahoy.com/judiciales/delincuentes-armados-irrumpen-y-saquean-vivienda-en-fonseca.html,desplazamiento_forzado,Maicao,N1,11
https://diariodelnorte.net/judiciales/hombre-oriundo-de-maicao-fue-asesinado-en-tienda-del-barrio-chiquinquira-en-barranquilla/,desplazamiento_forzado,Maicao,N1,12
https://diariodelnorte.net/editorial/la-pista-seguira-en-el-anonimato-mundial/,desplazamiento_forzado,Maicao,N1,13
https://diariodelnorte.net/judiciales/con-pronostico-reservado-permanece-hombre-herido-de-bala-en-atentado-sicarial-en-maicao/,desplazamiento_forzado,Maicao,N1,14
https://diariodelnorte.net/judiciales/evangelico-de-35-anos-fue-asesinado-en-un-ataque-sicarial-en-zona-rural-de-albania/,desplazamiento_forzado,Maicao,N1,15
https://www.eltiempo.com/colombia/otras-ciudades/el-bendito-menor-estaria-detras-de-la-masacre-de-cinco-personas-en-maicao-anuncio-limpieza-social-en-video-de-hombres-armados-3523393,desplazamiento_forzado,Maicao,N2,1
https://www.eltiempo.com/colombia/otras-ciudades/dormitorios-destruidos-y-zonas-militares-devastadas-asi-quedo-el-batallon-atacado-con-explosivos-en-la-guajira-que-dejo-doce-soldados-heridos-3558725,desplazamiento_forzado,Maicao,N2,2
https://laguajirahoy.com/nacion/gobierno-entrega-5-400-millones-y-avanza-en-reparacion-a-victimas-en-la-guajira.html,desplazamiento_forzado,Maicao,N2,3
https://diariodelnorte.net/laguajira/autoridades-y-comunidad-se-unieron-en-maicao-en-un-llamado-por-la-paz-la-vida-y-la-convivencia/,desplazamiento_forzado,Maicao,N2,4
https://laguajirahoy.com/la-guajira/dia-mundial-de-la-asistencia-humanitaria-la-guajira-enfrenta-crisis-por-recorte-internacional.html,desplazamiento_forzado,Maicao,N2,5
https://laguajirahoy.com/judiciales/la-guajira-busca-seguridad-y-apoyo-a-comunidades-tras-consejo-de-seguridad.html,desplazamiento_forzado,Maicao,N2,6
https://www.eltiempo.com/colombia/otras-ciudades/misterio-en-la-guajira-por-muerte-de-dos-empresarios-en-una-fiesta-de-cumpleanos-el-anfitrion-era-amigo-cercano-del-cantante-vallenato-martin-elias-3572007,desplazamiento_forzado,Maicao,N2,7
https://laguajirahoy.com/judiciales/unidad-de-busqueda-recupera-25-cuerpos-en-cementerio-de-riohacha.html,desplazamiento_forzado,Maicao,N2,8
https://diariodelnorte.net/judiciales/ejercito-confirma-que-alias-nain-y-su-pareja-escaparon-tras-combates-en-dibulla/,desplazamiento_forzado,Maicao,N2,9
https://laguajirahoy.com/comunidad/mujer-que-sobrevive-atentado-en-la-guajira-clama-justicia.html,desplazamiento_forzado,Maicao,N2,10
https://diariodelnorte.net/judiciales/atentado-sicarial-en-maicao-deja-dos-muertos-y-un-herido-en-el-barrio-torres-de-la-majayura/,desplazamiento_forzado,Maicao,N2,11
https://diariodelnorte.net/judiciales/capturan-a-hombre-portando-varias-dosis-de-marihuana-y-cocaina-en-el-municipio-de-maicao/,desplazamiento_forzado,Maicao,N2,12
https://diariodelnorte.net/judiciales/policia-nacional-captura-en-maicao-a-hombre-por-porte-ilegal-de-arma-de-fuego/,desplazamiento_forzado,Maicao,N2,13
https://laguajirahoy.com/judiciales/delincuentes-armados-irrumpen-y-saquean-vivienda-en-fonseca.html,desplazamiento_forzado,Maicao,N2,14
https://laguajirahoy.com/judiciales/siete-muertes-enlutan-a-la-guajira-en-2026-cinco-de-las-victimas-son-mujeres.html,desplazamiento_forzado,Maicao,N2,15
https://diariodelnorte.net/laguajira/jarlen-garrido-advierte-sobre-crisis-migratoria-en-maicao-tras-ausencia-de-la-cancilleria-en-foro-internacional/,desplazamiento_forzado,Maicao,N3,1
https://www.eltiempo.com/colombia/otras-ciudades/dormitorios-destruidos-y-zonas-militares-devastadas-asi-quedo-el-batallon-atacado-con-explosivos-en-la-guajira-que-dejo-doce-soldados-heridos-3558725,desplazamiento_forzado,Maicao,N3,2
https://laguajirahoy.com/maicao/entregan-pozo-de-agua-potable-a-la-comunidad-de-wamayao-en-maicao.html,desplazamiento_forzado,Maicao,N3,3
https://www.eltiempo.com/mas-contenido/uniguajira-consolida-la-inclusion-educativa-en-territorios-vulnerables-3550670,desplazamiento_forzado,Maicao,N3,4
https://diariodelnorte.net/laguajira/homicidios-en-la-guajira-estarian-ligados-a-disputas-entre-estructuras-criminales-segun-secretario-de-gobierno/,desplazamiento_forzado,Maicao,N3,5
https://www.eltiempo.com/colombia/otras-ciudades/piratas-terrestres-vuelven-a-sembrar-terror-en-la-guajira-hombres-armados-asaltan-vehiculo-en-plena-via-y-quedan-en-video-3553317,desplazamiento_forzado,Maicao,N3,6
https://laguajirahoy.com/comunidad/venezolanos-en-la-guajira-viven-con-emociones-encontradas-los-recientes-sucesos-politicos-en-su-pais.html,desplazamiento_forzado,Maicao,N3,7
https://laguajirahoy.com/nacion/gobierno-entrega-5-400-millones-y-avanza-en-reparacion-a-victimas-en-la-guajira.html,desplazamiento_forzado,Maicao,N3,8
https://diariodelnorte.net/laguajira/autoridades-y-comunidad-se-unieron-en-maicao-en-un-llamado-por-la-paz-la-vida-y-la-convivencia/,desplazamiento_forzado,Maicao,N3,9
https://www.eltiempo.com/salud/ataques-contra-misiones-medicas-en-conflictos-armados-alcanzan-niveles-record-en-todo-el-mundo-en-colombia-se-usan-ambulancias-como-escudo-3526307,desplazamiento_forzado,Maicao,N3,10
https://www.eltiempo.com/justicia/cortes/la-alerta-de-la-corte-constitucional-por-grupos-armados-que-frenan-controles-sobre-la-crisis-wayuu-en-la-guajira-3554617,desplazamiento_forzado,Maicao,N3,11
https://www.eltiempo.com/colombia/otras-ciudades/el-bendito-menor-estaria-detras-de-la-masacre-de-cinco-personas-en-maicao-anuncio-limpieza-social-en-video-de-hombres-armados-3523393,desplazamiento_forzado,Maicao,N3,12
https://diariodelnorte.net/laguajira/maicao-se-posiciona-en-la-agenda-global-de-migracion-margarita-crespo-habib-lidera-representacion-ante-la-onu/,desplazamiento_forzado,Maicao,N3,13
https://diariodelnorte.net/judiciales/ediles-de-paraguachon-denuncian-amenazas-tras-recibir-video-intimidante/,desplazamiento_forzado,Maicao,N3,14
https://www.eltiempo.com/colombia/barranquilla/barranquilla-un-avance-para-la-justicia-y-la-democracia-de-la-region-esto-dijo-el-alcalde-char-acerca-de-la-captura-de-nicolas-maduro-3521761,desplazamiento_forzado,Maicao,N3,15
https://laguajirahoy.com/judiciales/unidad-de-busqueda-recupera-25-cuerpos-en-cementerio-de-riohacha.html,desplazamiento_forzado,Maicao,P1,1
https://laguajirahoy.com/judiciales/ofrecen-hasta-100-millones-para-lograr-liberacion-de-angie-argaez.html,desplazamiento_forzado,Maicao,P1,2
https://www.eltiempo.com/unidad-investigativa/el-93-del-choco-sufrio-graves-danos-por-terremoto-van-14-muertos-y-43-000-damnificados-3578063,desplazamiento_forzado,Maicao,P1,3
https://diariodelnorte.net/laguajira/homicidios-en-la-guajira-estarian-ligados-a-disputas-entre-estructuras-criminales-segun-secretario-de-gobierno/,desplazamiento_forzado,Maicao,P1,4
https://www.eltiempo.com/colombia/otras-ciudades/el-bendito-menor-estaria-detras-de-la-masacre-de-cinco-personas-en-maicao-anuncio-limpieza-social-en-video-de-hombres-armados-3523393,desplazamiento_forzado,Maicao,P1,5
https://laguajirahoy.com/la-guajira/dia-mundial-de-la-asistencia-humanitaria-la-guajira-enfrenta-crisis-por-recorte-internacional.html,desplazamiento_forzado,Maicao,P1,6
https://diariodelnorte.net/editorial/todos-contra-la-violencia/,desplazamiento_forzado,Maicao,P1,7
https://diariodelnorte.net/judiciales/policia-nacional-captura-en-maicao-a-hombre-por-porte-ilegal-de-arma-de-fuego/,desplazamiento_forzado,Maicao,P1,8
https://laguajirahoy.com/nacion/gobierno-entrega-5-400-millones-y-avanza-en-reparacion-a-victimas-en-la-guajira.html,desplazamiento_forzado,Maicao,P1,9
https://laguajirahoy.com/judiciales/se-reabre-frontera-y-se-normaliza-paso-por-paraguachon-en-la-guajira.html,desplazamiento_forzado,Maicao,P1,10
https://laguajirahoy.com/comunidad/solidaridad-de-guajiros-crece-para-llevar-ayuda-a-damnificados-por-terremoto.html,desplazamiento_forzado,Maicao,P1,11
https://www.eltiempo.com/colombia/otras-ciudades/dormitorios-destruidos-y-zonas-militares-devastadas-asi-quedo-el-batallon-atacado-con-explosivos-en-la-guajira-que-dejo-doce-soldados-heridos-3558725,desplazamiento_forzado,Maicao,P1,12
https://diariodelnorte.net/laguajira/autoridades-y-comunidad-se-unieron-en-maicao-en-un-llamado-por-la-paz-la-vida-y-la-convivencia/,desplazamiento_forzado,Maicao,P1,13
https://www.eltiempo.com/justicia/cortes/la-alerta-de-la-corte-constitucional-por-grupos-armados-que-frenan-controles-sobre-la-crisis-wayuu-en-la-guajira-3554617,desplazamiento_forzado,Maicao,P1,14
https://laguajirahoy.com/judiciales-2/gobernacion-de-la-guajira-anuncia-recompensas-tras-hechos-violentos-en-maicao.html,desplazamiento_forzado,Maicao,P1,15
https://laguajirahoy.com/judiciales/ofrecen-hasta-100-millones-para-lograr-liberacion-de-angie-argaez.html,desplazamiento_forzado,Maicao,P2,1
https://www.eltiempo.com/colombia/otras-ciudades/el-bendito-menor-estaria-detras-de-la-masacre-de-cinco-personas-en-maicao-anuncio-limpieza-social-en-video-de-hombres-armados-3523393,desplazamiento_forzado,Maicao,P2,2
https://diariodelnorte.net/editorial/todos-contra-la-violencia/,desplazamiento_forzado,Maicao,P2,3
https://www.eltiempo.com/colombia/otras-ciudades/dormitorios-destruidos-y-zonas-militares-devastadas-asi-quedo-el-batallon-atacado-con-explosivos-en-la-guajira-que-dejo-doce-soldados-heridos-3558725,desplazamiento_forzado,Maicao,P2,4
https://laguajirahoy.com/nacion/gobierno-entrega-5-400-millones-y-avanza-en-reparacion-a-victimas-en-la-guajira.html,desplazamiento_forzado,Maicao,P2,5
https://diariodelnorte.net/laguajira/autoridades-y-comunidad-se-unieron-en-maicao-en-un-llamado-por-la-paz-la-vida-y-la-convivencia/,desplazamiento_forzado,Maicao,P2,6
https://www.eltiempo.com/justicia/cortes/la-alerta-de-la-corte-constitucional-por-grupos-armados-que-frenan-controles-sobre-la-crisis-wayuu-en-la-guajira-3554617,desplazamiento_forzado,Maicao,P2,7
https://www.eltiempo.com/unidad-investigativa/el-93-del-choco-sufrio-graves-danos-por-terremoto-van-14-muertos-y-43-000-damnificados-3578063,desplazamiento_forzado,Maicao,P2,8
https://laguajirahoy.com/judiciales/siete-muertes-enlutan-a-la-guajira-en-2026-cinco-de-las-victimas-son-mujeres.html,desplazamiento_forzado,Maicao,P2,9
https://diariodelnorte.net/judiciales/capturan-a-hombre-por-hurto-en-vivienda-y-recuperan-vehiculo-en-hechos-aislados-en-maicao/,desplazamiento_forzado,Maicao,P2,10
https://www.eltiempo.com/colombia/barranquilla/otra-violenta-ola-de-extorsion-en-barranquilla-el-asesinato-de-dos-hombres-en-un-restaurante-de-la-manga-seria-por-no-pagar-la-renta-ilicita-3515086,desplazamiento_forzado,Maicao,P2,11
https://www.eltiempo.com/salud/ataques-contra-misiones-medicas-en-conflictos-armados-alcanzan-niveles-record-en-todo-el-mundo-en-colombia-se-usan-ambulancias-como-escudo-3526307,desplazamiento_forzado,Maicao,P2,12
https://www.eltiempo.com/colombia/barranquilla/atlantico-muere-padre-que-asesino-a-su-hija-de-7-anos-en-un-acto-de-violencia-vicaria-en-soledad-por-las-heridas-de-cuando-intento-autolesionarse-3515021,desplazamiento_forzado,Maicao,P2,13
https://www.eltiempo.com/colombia/otras-ciudades/misterio-en-la-guajira-por-muerte-de-dos-empresarios-en-una-fiesta-de-cumpleanos-el-anfitrion-era-amigo-cercano-del-cantante-vallenato-martin-elias-3572007,desplazamiento_forzado,Maicao,P2,14
https://diariodelnorte.net/judiciales/atentado-sicarial-en-maicao-deja-dos-muertos-y-un-herido-en-el-barrio-torres-de-la-majayura/,desplazamiento_forzado,Maicao,P2,15
https://diariodelnorte.net/judiciales/comunidad-bloquea-la-via-maicao-paradero-por-falta-de-agua-potable-y-servicio-electrico/,conflicto_territorial,Maicao,vig,1
https://diariodelnorte.net/judiciales/levantan-bloqueos-en-las-salidas-de-maicao-hacia-albania-y-riohacha-tras-acuerdos-con-campesinos/,conflicto_territorial,Maicao,vig,2
https://diariodelnorte.net/laguajira/procuraduria-lleva-feria-de-servicios-a-uribia-para-garantizar-derechos-de-la-ninez-wayuu/,conflicto_territorial,Maicao,vig,3
https://diariodelnorte.net/judiciales/ediles-de-paraguachon-denuncian-amenazas-tras-recibir-video-intimidante/,conflicto_territorial,Maicao,vig,4
https://www.eltiempo.com/colombia/otras-ciudades/el-bendito-menor-estaria-detras-de-la-masacre-de-cinco-personas-en-maicao-anuncio-limpieza-social-en-video-de-hombres-armados-3523393,conflicto_territorial,Maicao,vig,5
https://www.eltiempo.com/salud/polemica-por-millonaria-inversion-de-minsalud-entregaron-dos-lanchas-ambulancia-a-maicao-un-municipio-sin-mar-ni-rio-ubicado-en-pleno-desierto-3526037,conflicto_territorial,Maicao,vig,6
https://laguajirahoy.com/judiciales/abogado-ira-a-la-carcel-mientras-investigan-muerte-de-mototaxista-en-fonseca.html,conflicto_territorial,Maicao,vig,7
https://diariodelnorte.net/laguajira/homicidios-en-la-guajira-estarian-ligados-a-disputas-entre-estructuras-criminales-segun-secretario-de-gobierno/,conflicto_territorial,Maicao,vig,8
https://laguajirahoy.com/judiciales/se-reabre-frontera-y-se-normaliza-paso-por-paraguachon-en-la-guajira.html,conflicto_territorial,Maicao,vig,9
https://diariodelnorte.net/editorial/todos-contra-la-violencia/,conflicto_territorial,Maicao,vig,10
https://diariodelnorte.net/laguajira/jarlen-garrido-advierte-sobre-crisis-migratoria-en-maicao-tras-ausencia-de-la-cancilleria-en-foro-internacional/,conflicto_territorial,Maicao,vig,11
https://www.eltiempo.com/colombia/otras-ciudades/dormitorios-destruidos-y-zonas-militares-devastadas-asi-quedo-el-batallon-atacado-con-explosivos-en-la-guajira-que-dejo-doce-soldados-heridos-3558725,conflicto_territorial,Maicao,vig,12
https://diariodelnorte.net/judiciales/habitantes-de-comunidad-indigena-bloquean-la-via-maicao-riohacha-para-exigir-reconocimiento/,conflicto_territorial,Maicao,vig,13
https://elpilon.com.co/judicial/instalan-pmu-en-valledupar-por-crisis-en-venezuela-y-posibles-impactos-fronterizos,conflicto_territorial,Maicao,vig,14
https://laguajirahoy.com/comunidad/venezolanos-en-la-guajira-viven-con-emociones-encontradas-los-recientes-sucesos-politicos-en-su-pais.html,conflicto_territorial,Maicao,vig,15
https://www.eltiempo.com/colombia/otras-ciudades/el-bendito-menor-estaria-detras-de-la-masacre-de-cinco-personas-en-maicao-anuncio-limpieza-social-en-video-de-hombres-armados-3523393,conflicto_territorial,Maicao,N1,1
https://laguajirahoy.com/judiciales/disputa-por-economias-criminales-intensifica-violencia-y-retos-de-seguridad-en-la-guajira.html,conflicto_territorial,Maicao,N1,2
https://laguajirahoy.com/judiciales/la-guajira-busca-seguridad-y-apoyo-a-comunidades-tras-consejo-de-seguridad.html,conflicto_territorial,Maicao,N1,3
https://www.eltiempo.com/colombia/otras-ciudades/asi-se-reconfigura-el-nuevo-mapa-de-la-violencia-en-la-sierra-nevada-280-muertos-en-magdalena-la-guajira-y-cesar-en-primer-trimestre-de-3545748,conflicto_territorial,Maicao,N1,4
https://www.eltiempo.com/colombia/otras-ciudades/dormitorios-destruidos-y-zonas-militares-devastadas-asi-quedo-el-batallon-atacado-con-explosivos-en-la-guajira-que-dejo-doce-soldados-heridos-3558725,conflicto_territorial,Maicao,N1,5
https://diariodelnorte.net/laguajira/homicidios-en-la-guajira-estarian-ligados-a-disputas-entre-estructuras-criminales-segun-secretario-de-gobierno/,conflicto_territorial,Maicao,N1,6
https://diariodelnorte.net/editorial/se-recrudece-la-violencia-en-la-guajira/,conflicto_territorial,Maicao,N1,7
https://laguajirahoy.com/judiciales/capturan-en-maicao-a-tres-presuntos-integrantes-del-eln-durante-operativo-militar.html,conflicto_territorial,Maicao,N1,8
https://laguajirahoy.com/judiciales/delincuentes-armados-irrumpen-y-saquean-vivienda-en-fonseca.html,conflicto_territorial,Maicao,N1,9
https://diariodelnorte.net/editorial/elecciones-en-medio-del-miedo/,conflicto_territorial,Maicao,N1,10
https://diariodelnorte.net/judiciales/dos-hombres-muertos-y-una-mujer-herida-deja-incursion-armada-en-zona-rural-de-manaure/,conflicto_territorial,Maicao,N1,11
https://diariodelnorte.net/judiciales/capturan-a-mujer-por-lesiones-personales-en-el-barrio-la-paz-de-maicao/,conflicto_territorial,Maicao,N1,12
https://laguajirahoy.com/judiciales/autoridades-capturan-a-22-presuntos-miembros-de-los-pachenca-en-cesar-magdalena-y-la-guajira.html,conflicto_territorial,Maicao,N1,13
https://www.eltiempo.com/justicia/conflicto-y-narcotrafico/autodefensas-conquistadoras-de-la-sierra-nevada-dicen-que-no-ejecutaron-masacre-de-maicao-3523635,conflicto_territorial,Maicao,N1,14
https://laguajirahoy.com/judiciales/combates-entre-ejercito-y-eln-en-la-guajira.html,conflicto_territorial,Maicao,N1,15
https://www.eltiempo.com/colombia/otras-ciudades/el-bendito-menor-estaria-detras-de-la-masacre-de-cinco-personas-en-maicao-anuncio-limpieza-social-en-video-de-hombres-armados-3523393,conflicto_territorial,Maicao,N2,1
https://diariodelnorte.net/laguajira/homicidios-en-la-guajira-estarian-ligados-a-disputas-entre-estructuras-criminales-segun-secretario-de-gobierno/,conflicto_territorial,Maicao,N2,2
https://diariodelnorte.net/editorial/todos-contra-la-violencia/,conflicto_territorial,Maicao,N2,3
https://www.eltiempo.com/colombia/otras-ciudades/dormitorios-destruidos-y-zonas-militares-devastadas-asi-quedo-el-batallon-atacado-con-explosivos-en-la-guajira-que-dejo-doce-soldados-heridos-3558725,conflicto_territorial,Maicao,N2,4
https://laguajirahoy.com/judiciales/hombre-fue-asesinado-a-tiros-en-el-barrio-el-bosque-de-maicao.html,conflicto_territorial,Maicao,N2,5
https://laguajirahoy.com/maicao/maicao-fortalece-su-seguridad-con-inteligencia-y-presencia-especializada-contra-el-crimen.html,conflicto_territorial,Maicao,N2,6
https://www.eltiempo.com/salud/ataques-contra-misiones-medicas-en-conflictos-armados-alcanzan-niveles-record-en-todo-el-mundo-en-colombia-se-usan-ambulancias-como-escudo-3526307,conflicto_territorial,Maicao,N2,7
https://www.eltiempo.com/justicia/conflicto-y-narcotrafico/caen-tres-presuntos-integrantes-del-eln-en-maicao-la-guajira-estarian-encargados-de-realizar-extorsiones-a-pequenos-y-medianos-comerciantes-3493365,conflicto_territorial,Maicao,N2,8
https://www.eltiempo.com/justicia/cortes/la-alerta-de-la-corte-constitucional-por-grupos-armados-que-frenan-controles-sobre-la-crisis-wayuu-en-la-guajira-3554617,conflicto_territorial,Maicao,N2,9
https://laguajirahoy.com/judiciales/disputa-por-economias-criminales-intensifica-violencia-y-retos-de-seguridad-en-la-guajira.html,conflicto_territorial,Maicao,N2,10
https://www.eltiempo.com/colombia/otras-ciudades/piratas-terrestres-vuelven-a-sembrar-terror-en-la-guajira-hombres-armados-asaltan-vehiculo-en-plena-via-y-quedan-en-video-3553317,conflicto_territorial,Maicao,N2,11
https://www.eltiempo.com/colombia/otras-ciudades/cerrejon-y-comunidades-wayuu-cierran-los-primeros-acuerdos-de-consulta-previa-de-un-conflicto-historico-3488134,conflicto_territorial,Maicao,N2,12
https://laguajirahoy.com/nacion/gobierno-entrega-5-400-millones-y-avanza-en-reparacion-a-victimas-en-la-guajira.html,conflicto_territorial,Maicao,N2,13
https://laguajirahoy.com/judiciales/autoridades-redoblan-acciones-para-esclarecer-masacre-en-maicao-que-dejo-cinco-victimas-mortales.html,conflicto_territorial,Maicao,N2,14
https://laguajirahoy.com/judiciales/cae-en-maicao-supuesto-integrante-de-red-criminal-dedicada-a-homicidios-y-fleteo.html,conflicto_territorial,Maicao,N2,15
https://www.eltiempo.com/colombia/otras-ciudades/el-bendito-menor-estaria-detras-de-la-masacre-de-cinco-personas-en-maicao-anuncio-limpieza-social-en-video-de-hombres-armados-3523393,conflicto_territorial,Maicao,N3,1
https://www.eltiempo.com/colombia/otras-ciudades/dormitorios-destruidos-y-zonas-militares-devastadas-asi-quedo-el-batallon-atacado-con-explosivos-en-la-guajira-que-dejo-doce-soldados-heridos-3558725,conflicto_territorial,Maicao,N3,2
https://www.eltiempo.com/salud/ataques-contra-misiones-medicas-en-conflictos-armados-alcanzan-niveles-record-en-todo-el-mundo-en-colombia-se-usan-ambulancias-como-escudo-3526307,conflicto_territorial,Maicao,N3,3
https://laguajirahoy.com/judiciales/disputa-por-economias-criminales-intensifica-violencia-y-retos-de-seguridad-en-la-guajira.html,conflicto_territorial,Maicao,N3,4
https://laguajirahoy.com/nacion/gobierno-entrega-5-400-millones-y-avanza-en-reparacion-a-victimas-en-la-guajira.html,conflicto_territorial,Maicao,N3,5
https://diariodelnorte.net/editorial/todos-contra-la-violencia/,conflicto_territorial,Maicao,N3,6
https://www.eltiempo.com/justicia/conflicto-y-narcotrafico/con-35-masacres-2026-pasa-a-tener-el-primer-trimestre-mas-violento-en-colombia-en-los-ultimos-10-anos-3544984,conflicto_territorial,Maicao,N3,7
https://diariodelnorte.net/laguajira/homicidios-en-la-guajira-estarian-ligados-a-disputas-entre-estructuras-criminales-segun-secretario-de-gobierno/,conflicto_territorial,Maicao,N3,8
https://www.eltiempo.com/justicia/conflicto-y-narcotrafico/caen-tres-presuntos-integrantes-del-eln-en-maicao-la-guajira-estarian-encargados-de-realizar-extorsiones-a-pequenos-y-medianos-comerciantes-3493365,conflicto_territorial,Maicao,N3,9
https://laguajirahoy.com/judiciales/la-guajira-busca-seguridad-y-apoyo-a-comunidades-tras-consejo-de-seguridad.html,conflicto_territorial,Maicao,N3,10
https://www.eltiempo.com/colombia/otras-ciudades/asi-se-reconfigura-el-nuevo-mapa-de-la-violencia-en-la-sierra-nevada-280-muertos-en-magdalena-la-guajira-y-cesar-en-primer-trimestre-de-3545748,conflicto_territorial,Maicao,N3,11
https://www.eltiempo.com/colombia/otras-ciudades/misterio-en-la-guajira-por-muerte-de-dos-empresarios-en-una-fiesta-de-cumpleanos-el-anfitrion-era-amigo-cercano-del-cantante-vallenato-martin-elias-3572007,conflicto_territorial,Maicao,N3,12
https://www.eltiempo.com/justicia/conflicto-y-narcotrafico/autodefensas-conquistadoras-de-la-sierra-nevada-dicen-que-no-ejecutaron-masacre-de-maicao-3523635,conflicto_territorial,Maicao,N3,13
https://laguajirahoy.com/judiciales/abogado-ira-a-la-carcel-mientras-investigan-muerte-de-mototaxista-en-fonseca.html,conflicto_territorial,Maicao,N3,14
https://laguajirahoy.com/comunidad/venezolanos-en-la-guajira-viven-con-emociones-encontradas-los-recientes-sucesos-politicos-en-su-pais.html,conflicto_territorial,Maicao,N3,15
https://www.eltiempo.com/colombia/otras-ciudades/el-bendito-menor-estaria-detras-de-la-masacre-de-cinco-personas-en-maicao-anuncio-limpieza-social-en-video-de-hombres-armados-3523393,conflicto_territorial,Maicao,P1,1
https://laguajirahoy.com/judiciales/se-reabre-frontera-y-se-normaliza-paso-por-paraguachon-en-la-guajira.html,conflicto_territorial,Maicao,P1,2
https://www.eltiempo.com/justicia/conflicto-y-narcotrafico/acciones-armadas-y-afectaciones-del-eln-se-registran-en-seis-departamentos-este-es-el-balance-3517116,conflicto_territorial,Maicao,P1,3
https://diariodelnorte.net/editorial/todos-contra-la-violencia/,conflicto_territorial,Maicao,P1,4
https://www.eltiempo.com/colombia/otras-ciudades/dormitorios-destruidos-y-zonas-militares-devastadas-asi-quedo-el-batallon-atacado-con-explosivos-en-la-guajira-que-dejo-doce-soldados-heridos-3558725,conflicto_territorial,Maicao,P1,5
https://diariodelnorte.net/judiciales/ediles-de-paraguachon-denuncian-amenazas-tras-recibir-video-intimidante/,conflicto_territorial,Maicao,P1,6
https://diariodelnorte.net/laguajira/homicidios-en-la-guajira-estarian-ligados-a-disputas-entre-estructuras-criminales-segun-secretario-de-gobierno/,conflicto_territorial,Maicao,P1,7
https://www.eltiempo.com/salud/ataques-contra-misiones-medicas-en-conflictos-armados-alcanzan-niveles-record-en-todo-el-mundo-en-colombia-se-usan-ambulancias-como-escudo-3526307,conflicto_territorial,Maicao,P1,8
https://www.eltiempo.com/justicia/cortes/la-alerta-de-la-corte-constitucional-por-grupos-armados-que-frenan-controles-sobre-la-crisis-wayuu-en-la-guajira-3554617,conflicto_territorial,Maicao,P1,9
https://www.eltiempo.com/colombia/otras-ciudades/paraguachon-frontera-cerrada-asi-se-vive-en-la-guajira-el-bloqueo-del-paso-entre-colombia-y-venezuela-tras-la-captura-de-nicolas-maduro-3521565,conflicto_territorial,Maicao,P1,10
https://elpilon.com.co/judicial/instalan-pmu-en-valledupar-por-crisis-en-venezuela-y-posibles-impactos-fronterizos,conflicto_territorial,Maicao,P1,11
https://www.eltiempo.com/justicia/conflicto-y-narcotrafico/caen-tres-presuntos-integrantes-del-eln-en-maicao-la-guajira-estarian-encargados-de-realizar-extorsiones-a-pequenos-y-medianos-comerciantes-3493365,conflicto_territorial,Maicao,P1,12
https://laguajirahoy.com/judiciales/disputa-por-economias-criminales-intensifica-violencia-y-retos-de-seguridad-en-la-guajira.html,conflicto_territorial,Maicao,P1,13
https://diariodelnorte.net/laguajira/gobernacion-de-la-guajira-anuncia-recompensas-y-refuerza-acciones-de-seguridad-en-maicao/,conflicto_territorial,Maicao,P1,14
https://diariodelnorte.net/judiciales/restablecen-movilidad-en-alto-pino-tras-bloqueo-comunidades-exigen-dialogo-con-icbf-y-gobernacion/,conflicto_territorial,Maicao,P1,15
https://laguajirahoy.com/comunidad/solidaridad-de-guajiros-crece-para-llevar-ayuda-a-damnificados-por-terremoto.html,conflicto_territorial,Maicao,P2,1
https://diariodelnorte.net/laguajira/gobernacion-de-la-guajira-fortalece-liderazgo-comunal-con-diplomado-en-participacion-ciudadana/,conflicto_territorial,Maicao,P2,2
https://laguajirahoy.com/medio-ambiente-2/corpoguajira-fortalece-acciones-frente-a-sequias-y-variabilidad-climatica.html,conflicto_territorial,Maicao,P2,3
https://diariodelnorte.net/laguajira/fuerzas-militares-mantienen-presencia-y-acompanamiento-a-la-poblacion-en-la-guajira/,conflicto_territorial,Maicao,P2,4
https://laguajirahoy.com/maicao/maicao-fortalece-su-seguridad-con-inteligencia-y-presencia-especializada-contra-el-crimen.html,conflicto_territorial,Maicao,P2,5
https://www.eltiempo.com/colombia/otras-ciudades/paraguachon-frontera-cerrada-asi-se-vive-en-la-guajira-el-bloqueo-del-paso-entre-colombia-y-venezuela-tras-la-captura-de-nicolas-maduro-3521565,conflicto_territorial,Maicao,P2,6
https://www.eltiempo.com/salud/ahf-inaugura-centros-de-atencion-gratuita-de-its-en-cucuta-y-maicao-para-reforzar-la-respuesta-contra-el-vih-en-colombia-ofrecen-pruebas-gratis-3513439,conflicto_territorial,Maicao,P2,7
https://laguajirahoy.com/judiciales/unidad-de-busqueda-recupera-25-cuerpos-en-cementerio-de-riohacha.html,conflicto_territorial,Maicao,P2,8
https://diariodelnorte.net/judiciales/policia-nacional-captura-en-maicao-a-hombre-por-porte-ilegal-de-arma-de-fuego/,conflicto_territorial,Maicao,P2,9
https://www.eltiempo.com/justicia/conflicto-y-narcotrafico/acciones-armadas-y-afectaciones-del-eln-se-registran-en-seis-departamentos-este-es-el-balance-3517116,conflicto_territorial,Maicao,P2,10
https://diariodelnorte.net/judiciales/capturan-a-un-hombre-por-receptacion-durante-control-policial-en-maicao/,conflicto_territorial,Maicao,P2,11
https://diariodelnorte.net/judiciales/policia-recupera-dos-motocicletas-reportadas-como-hurtadas-en-manaure-y-maicao/,conflicto_territorial,Maicao,P2,12
https://laguajirahoy.com/nacion-2/abren-proceso-para-elegir-comision-asesora-nacional-de-derechos-humanos.html,conflicto_territorial,Maicao,P2,13
https://diariodelnorte.net/judiciales/capturan-a-un-hombre-por-porte-ilegal-de-arma-de-fuego-durante-controles-policiales-en-uribia/,conflicto_territorial,Maicao,P2,14
https://laguajirahoy.com/maicao/entregan-pozo-de-agua-potable-a-la-comunidad-de-wamayao-en-maicao.html,conflicto_territorial,Maicao,P2,15
https://laguajirahoy.com/maicao/maicao-fortalece-su-seguridad-con-inteligencia-y-presencia-especializada-contra-el-crimen.html,presencia_grupos_armados,Maicao,vig,1
https://laguajirahoy.com/judiciales/autoridades-redoblan-acciones-para-esclarecer-masacre-en-maicao-que-dejo-cinco-victimas-mortales.html,presencia_grupos_armados,Maicao,vig,2
https://laguajirahoy.com/judiciales/hombre-fue-asesinado-a-tiros-en-el-barrio-el-bosque-de-maicao.html,presencia_grupos_armados,Maicao,vig,3
https://diariodelnorte.net/judiciales/capturan-a-un-hombre-por-porte-ilegal-de-arma-de-fuego-durante-controles-policiales-en-uribia/,presencia_grupos_armados,Maicao,vig,4
https://diariodelnorte.net/editorial/todos-contra-la-violencia/,presencia_grupos_armados,Maicao,vig,5
https://www.eltiempo.com/justicia/conflicto-y-narcotrafico/acciones-armadas-y-afectaciones-del-eln-se-registran-en-seis-departamentos-este-es-el-balance-3517116,presencia_grupos_armados,Maicao,vig,6
https://diariodelnorte.net/laguajira/fuerzas-militares-mantienen-presencia-y-acompanamiento-a-la-poblacion-en-la-guajira/,presencia_grupos_armados,Maicao,vig,7
https://diariodelnorte.net/judiciales/refuerzan-en-maicao-la-estrategia-turismo-seguro-con-acciones-preventivas-en-zonas-de-alta-afluencia/,presencia_grupos_armados,Maicao,vig,8
https://diariodelnorte.net/laguajira/homicidios-en-la-guajira-estarian-ligados-a-disputas-entre-estructuras-criminales-segun-secretario-de-gobierno/,presencia_grupos_armados,Maicao,vig,9
https://www.eltiempo.com/colombia/otras-ciudades/piratas-terrestres-vuelven-a-sembrar-terror-en-la-guajira-hombres-armados-asaltan-vehiculo-en-plena-via-y-quedan-en-video-3553317,presencia_grupos_armados,Maicao,vig,10
https://diariodelnorte.net/judiciales/capturan-a-un-hombre-por-receptacion-durante-control-policial-en-maicao/,presencia_grupos_armados,Maicao,vig,11
https://www.eltiempo.com/salud/ataques-contra-misiones-medicas-en-conflictos-armados-alcanzan-niveles-record-en-todo-el-mundo-en-colombia-se-usan-ambulancias-como-escudo-3526307,presencia_grupos_armados,Maicao,vig,12
https://laguajirahoy.com/nacion/gobierno-entrega-5-400-millones-y-avanza-en-reparacion-a-victimas-en-la-guajira.html,presencia_grupos_armados,Maicao,vig,13
https://www.eltiempo.com/justicia/conflicto-y-narcotrafico/caen-tres-presuntos-integrantes-del-eln-en-maicao-la-guajira-estarian-encargados-de-realizar-extorsiones-a-pequenos-y-medianos-comerciantes-3493365,presencia_grupos_armados,Maicao,vig,14
https://www.eltiempo.com/justicia/cortes/la-alerta-de-la-corte-constitucional-por-grupos-armados-que-frenan-controles-sobre-la-crisis-wayuu-en-la-guajira-3554617,presencia_grupos_armados,Maicao,vig,15
https://diariodelnorte.net/laguajira/autoridades-y-comunidad-se-unieron-en-maicao-en-un-llamado-por-la-paz-la-vida-y-la-convivencia/,presencia_grupos_armados,Maicao,N1,1
https://www.eltiempo.com/justicia/conflicto-y-narcotrafico/ataque-del-eln-a-la-subestacion-de-policia-de-cuatro-vias-en-el-municipio-de-maicao-tras-anuncio-de-paro-armado-en-colombia-no-hay-reporte-de-heridos-3516887,presencia_grupos_armados,Maicao,N1,2
https://www.eltiempo.com/justicia/conflicto-y-narcotrafico/con-35-masacres-2026-pasa-a-tener-el-primer-trimestre-mas-violento-en-colombia-en-los-ultimos-10-anos-3544984,presencia_grupos_armados,Maicao,N1,3
https://laguajirahoy.com/judiciales/la-guajira-busca-seguridad-y-apoyo-a-comunidades-tras-consejo-de-seguridad.html,presencia_grupos_armados,Maicao,N1,4
https://diariodelnorte.net/laguajira/maicao-se-posiciona-en-la-agenda-global-de-migracion-margarita-crespo-habib-lidera-representacion-ante-la-onu/,presencia_grupos_armados,Maicao,N1,5
https://diariodelnorte.net/laguajira/homicidios-en-la-guajira-estarian-ligados-a-disputas-entre-estructuras-criminales-segun-secretario-de-gobierno/,presencia_grupos_armados,Maicao,N1,6
https://laguajirahoy.com/politica/manuel-rosado-trayectoria-publica-con-sello-maicaero.html,presencia_grupos_armados,Maicao,N1,7
https://laguajirahoy.com/nacion-2/indemnizan-a-victimas-del-conflicto-en-la-guajira.html,presencia_grupos_armados,Maicao,N1,8
https://www.eltiempo.com/justicia/conflicto-y-narcotrafico/ataque-contra-el-ejercito-con-drones-cargados-con-explosivos-en-norte-de-santander-reportan-varios-soldados-heridos-3578713,presencia_grupos_armados,Maicao,N1,9
https://laguajirahoy.com/judiciales/gaula-captura-a-presunto-extorsionista-que-intimidaba-comerciantes-en-maicao.html,presencia_grupos_armados,Maicao,N1,10
https://diariodelnorte.net/judiciales/ejercito-descarta-enfrentamiento-con-el-eln-en-sector-de-cuatro-vias/,presencia_grupos_armados,Maicao,N1,11
https://diariodelnorte.net/judiciales/dos-hombres-muertos-y-una-mujer-herida-deja-incursion-armada-en-zona-rural-de-manaure/,presencia_grupos_armados,Maicao,N1,12
https://diariodelnorte.net/judiciales/dirigente-politico-y-gerente-de-una-ipsi-resulta-herido-en-hechos-confusos-en-la-via-maicao-carraipia/,presencia_grupos_armados,Maicao,N1,13
https://laguajirahoy.com/judiciales/combates-entre-ejercito-y-eln-en-la-guajira.html,presencia_grupos_armados,Maicao,N1,14
https://diariodelnorte.net/politica/uribe-respaldo-a-paloma-valencia-y-critico-al-gobierno-durante-visita-a-riohacha/,presencia_grupos_armados,Maicao,N1,15
https://www.eltiempo.com/justicia/conflicto-y-narcotrafico/acciones-armadas-y-afectaciones-del-eln-se-registran-en-seis-departamentos-este-es-el-balance-3517116,presencia_grupos_armados,Maicao,N2,1
https://laguajirahoy.com/judiciales/autoridades-redoblan-acciones-para-esclarecer-masacre-en-maicao-que-dejo-cinco-victimas-mortales.html,presencia_grupos_armados,Maicao,N2,2
https://diariodelnorte.net/judiciales/refuerzan-en-maicao-la-estrategia-turismo-seguro-con-acciones-preventivas-en-zonas-de-alta-afluencia/,presencia_grupos_armados,Maicao,N2,3
https://www.eltiempo.com/colombia/otras-ciudades/dormitorios-destruidos-y-zonas-militares-devastadas-asi-quedo-el-batallon-atacado-con-explosivos-en-la-guajira-que-dejo-doce-soldados-heridos-3558725,presencia_grupos_armados,Maicao,N2,4
https://diariodelnorte.net/laguajira/fuerzas-militares-mantienen-presencia-y-acompanamiento-a-la-poblacion-en-la-guajira/,presencia_grupos_armados,Maicao,N2,5
https://diariodelnorte.net/laguajira/capturan-en-manaure-a-joven-que-conducia-una-motocicleta-reportada-por-hurto/,presencia_grupos_armados,Maicao,N2,6
https://www.eltiempo.com/justicia/cortes/la-alerta-de-la-corte-constitucional-por-grupos-armados-que-frenan-controles-sobre-la-crisis-wayuu-en-la-guajira-3554617,presencia_grupos_armados,Maicao,N2,7
https://diariodelnorte.net/judiciales/comunidad-bloquea-la-via-maicao-paradero-por-falta-de-agua-potable-y-servicio-electrico/,presencia_grupos_armados,Maicao,N2,8
https://diariodelnorte.net/laguajira/autoridades-y-comunidad-se-unieron-en-maicao-en-un-llamado-por-la-paz-la-vida-y-la-convivencia/,presencia_grupos_armados,Maicao,N2,9
https://diariodelnorte.net/laguajira/policia-fortalece-acciones-de-seguridad-en-el-paso-fronterizo-de-paraguachon/,presencia_grupos_armados,Maicao,N2,10
https://diariodelnorte.net/judiciales/habitantes-de-comunidad-indigena-bloquean-la-via-maicao-riohacha-para-exigir-reconocimiento/,presencia_grupos_armados,Maicao,N2,11
https://diariodelnorte.net/laguajira/maicao-se-posiciona-en-la-agenda-global-de-migracion-margarita-crespo-habib-lidera-representacion-ante-la-onu/,presencia_grupos_armados,Maicao,N2,12
https://laguajirahoy.com/judiciales/la-guajira-busca-seguridad-y-apoyo-a-comunidades-tras-consejo-de-seguridad.html,presencia_grupos_armados,Maicao,N2,13
https://www.eltiempo.com/justicia/conflicto-y-narcotrafico/ataque-del-eln-a-la-subestacion-de-policia-de-cuatro-vias-en-el-municipio-de-maicao-tras-anuncio-de-paro-armado-en-colombia-no-hay-reporte-de-heridos-3516887,presencia_grupos_armados,Maicao,N2,14
https://diariodelnorte.net/judiciales/ejercito-refuerza-la-seguridad-en-maicao-tras-recientes-hechos-de-violencia/,presencia_grupos_armados,Maicao,N2,15
https://laguajirahoy.com/judiciales/la-guajira-busca-seguridad-y-apoyo-a-comunidades-tras-consejo-de-seguridad.html,presencia_grupos_armados,Maicao,N3,1
https://www.eltiempo.com/justicia/conflicto-y-narcotrafico/ataque-del-eln-a-la-subestacion-de-policia-de-cuatro-vias-en-el-municipio-de-maicao-tras-anuncio-de-paro-armado-en-colombia-no-hay-reporte-de-heridos-3516887,presencia_grupos_armados,Maicao,N3,2
https://www.eltiempo.com/justicia/conflicto-y-narcotrafico/con-35-masacres-2026-pasa-a-tener-el-primer-trimestre-mas-violento-en-colombia-en-los-ultimos-10-anos-3544984,presencia_grupos_armados,Maicao,N3,3
https://diariodelnorte.net/judiciales/ejercito-confirma-que-alias-nain-y-su-pareja-escaparon-tras-combates-en-dibulla/,presencia_grupos_armados,Maicao,N3,4
https://www.eltiempo.com/justicia/cortes/la-alerta-de-la-corte-constitucional-por-grupos-armados-que-frenan-controles-sobre-la-crisis-wayuu-en-la-guajira-3554617,presencia_grupos_armados,Maicao,N3,5
https://diariodelnorte.net/laguajira/autoridades-y-comunidad-se-unieron-en-maicao-en-un-llamado-por-la-paz-la-vida-y-la-convivencia/,presencia_grupos_armados,Maicao,N3,6
https://laguajirahoy.com/nacion-2/indemnizan-a-victimas-del-conflicto-en-la-guajira.html,presencia_grupos_armados,Maicao,N3,7
https://www.eltiempo.com/colombia/otras-ciudades/la-guajira-paro-armado-golpea-el-comercio-en-riohacha-perdidas-superan-los-35-mil-millones-en-tres-dias-3548966,presencia_grupos_armados,Maicao,N3,8
https://laguajirahoy.com/judiciales/delincuentes-armados-irrumpen-y-saquean-vivienda-en-fonseca.html,presencia_grupos_armados,Maicao,N3,9
https://laguajirahoy.com/nacion-2/abren-proceso-para-elegir-comision-asesora-nacional-de-derechos-humanos.html,presencia_grupos_armados,Maicao,N3,10
https://diariodelnorte.net/judiciales/dos-hombres-muertos-y-una-mujer-herida-deja-incursion-armada-en-zona-rural-de-manaure/,presencia_grupos_armados,Maicao,N3,11
https://laguajirahoy.com/judiciales/masacre-en-villa-mery-deja-cinco-victimas-mortales-en-maicao.html,presencia_grupos_armados,Maicao,N3,12
https://laguajirahoy.com/politica/congreso-condecoro-a-aqualia-por-su-gestion-del-agua-en-la-guajira.html,presencia_grupos_armados,Maicao,N3,13
https://diariodelnorte.net/opinion/se-pasan/,presencia_grupos_armados,Maicao,N3,14
https://www.eltiempo.com/colombia/otras-ciudades/escalada-de-acciones-del-eln-en-la-guajira-ataques-dos-atentados-a-la-linea-ferrea-de-cerrejon-y-simbolos-de-intimidacion-en-menos-de-24-horas-3517601,presencia_grupos_armados,Maicao,N3,15
https://diariodelnorte.net/laguajira/capturan-en-manaure-a-joven-que-conducia-una-motocicleta-reportada-por-hurto/,presencia_grupos_armados,Maicao,P1,1
https://diariodelnorte.net/laguajira/fuerzas-militares-mantienen-presencia-y-acompanamiento-a-la-poblacion-en-la-guajira/,presencia_grupos_armados,Maicao,P1,2
https://diariodelnorte.net/laguajira/autoridades-y-comunidad-se-unieron-en-maicao-en-un-llamado-por-la-paz-la-vida-y-la-convivencia/,presencia_grupos_armados,Maicao,P1,3
https://diariodelnorte.net/laguajira/maicao-se-posiciona-en-la-agenda-global-de-migracion-margarita-crespo-habib-lidera-representacion-ante-la-onu/,presencia_grupos_armados,Maicao,P1,4
https://laguajirahoy.com/judiciales/la-guajira-busca-seguridad-y-apoyo-a-comunidades-tras-consejo-de-seguridad.html,presencia_grupos_armados,Maicao,P1,5
https://www.eltiempo.com/justicia/conflicto-y-narcotrafico/ataque-del-eln-a-la-subestacion-de-policia-de-cuatro-vias-en-el-municipio-de-maicao-tras-anuncio-de-paro-armado-en-colombia-no-hay-reporte-de-heridos-3516887,presencia_grupos_armados,Maicao,P1,6
https://www.eltiempo.com/justicia/cortes/la-alerta-de-la-corte-constitucional-por-grupos-armados-que-frenan-controles-sobre-la-crisis-wayuu-en-la-guajira-3554617,presencia_grupos_armados,Maicao,P1,7
https://diariodelnorte.net/judiciales/refuerzan-patrullajes-en-maicao-con-presencia-conjunta-de-ejercito-y-policia/,presencia_grupos_armados,Maicao,P1,8
https://laguajirahoy.com/nacion-2/abren-proceso-para-elegir-comision-asesora-nacional-de-derechos-humanos.html,presencia_grupos_armados,Maicao,P1,9
https://diariodelnorte.net/judiciales/levantan-bloqueos-en-las-salidas-de-maicao-hacia-albania-y-riohacha-tras-acuerdos-con-campesinos/,presencia_grupos_armados,Maicao,P1,10
https://laguajirahoy.com/la-guajira/educacion-vial-para-proteger-la-vida-en-corredores-escolares.html,presencia_grupos_armados,Maicao,P1,11
https://diariodelnorte.net/laguajira/homicidios-en-la-guajira-estarian-ligados-a-disputas-entre-estructuras-criminales-segun-secretario-de-gobierno/,presencia_grupos_armados,Maicao,P1,12
https://diariodelnorte.net/laguajira/gobernacion-de-la-guajira-lidera-cuarta-mesa-de-coordinacion-de-asuntos-migratorios-para-fortalecer-atencion-a-poblacion-migrante/,presencia_grupos_armados,Maicao,P1,13
https://diariodelnorte.net/judiciales/capturado-en-maicao-por-porte-ilegal-de-arma-de-fuego-durante-labores-de-patrullaje-y-control/,presencia_grupos_armados,Maicao,P1,14
https://laguajirahoy.com/la-guajira/migracion-colombia-anuncia-cierre-en-paraguachon-por-eleccion-presidencial.html,presencia_grupos_armados,Maicao,P1,15
https://diariodelnorte.net/laguajira/fuerzas-militares-mantienen-presencia-y-acompanamiento-a-la-poblacion-en-la-guajira/,presencia_grupos_armados,Maicao,P2,1
https://www.eltiempo.com/justicia/cortes/la-alerta-de-la-corte-constitucional-por-grupos-armados-que-frenan-controles-sobre-la-crisis-wayuu-en-la-guajira-3554617,presencia_grupos_armados,Maicao,P2,2
https://laguajirahoy.com/nacion/gobierno-entrega-5-400-millones-y-avanza-en-reparacion-a-victimas-en-la-guajira.html,presencia_grupos_armados,Maicao,P2,3
https://www.eltiempo.com/colombia/otras-ciudades/la-guajira-paro-armado-golpea-el-comercio-en-riohacha-perdidas-superan-los-35-mil-millones-en-tres-dias-3548966,presencia_grupos_armados,Maicao,P2,4
https://diariodelnorte.net/editorial/todos-contra-la-violencia/,presencia_grupos_armados,Maicao,P2,5
https://laguajirahoy.com/judiciales/la-guajira-busca-seguridad-y-apoyo-a-comunidades-tras-consejo-de-seguridad.html,presencia_grupos_armados,Maicao,P2,6
https://www.eltiempo.com/justicia/conflicto-y-narcotrafico/caen-tres-presuntos-integrantes-del-eln-en-maicao-la-guajira-estarian-encargados-de-realizar-extorsiones-a-pequenos-y-medianos-comerciantes-3493365,presencia_grupos_armados,Maicao,P2,7
https://diariodelnorte.net/judiciales/ejercito-refuerza-la-seguridad-en-maicao-tras-recientes-hechos-de-violencia/,presencia_grupos_armados,Maicao,P2,8
https://diariodelnorte.net/laguajira/autoridades-y-comunidad-se-unieron-en-maicao-en-un-llamado-por-la-paz-la-vida-y-la-convivencia/,presencia_grupos_armados,Maicao,P2,9
https://diariodelnorte.net/judiciales/capturan-en-maicao-a-hombre-por-venta-ilegal-de-juegos-de-azar/,presencia_grupos_armados,Maicao,P2,10
https://www.eltiempo.com/colombia/otras-ciudades/asi-se-reconfigura-el-nuevo-mapa-de-la-violencia-en-la-sierra-nevada-280-muertos-en-magdalena-la-guajira-y-cesar-en-primer-trimestre-de-3545748,presencia_grupos_armados,Maicao,P2,11
https://diariodelnorte.net/judiciales/ejercito-confirma-que-alias-nain-y-su-pareja-escaparon-tras-combates-en-dibulla/,presencia_grupos_armados,Maicao,P2,12
https://diariodelnorte.net/judiciales/atentado-sicarial-en-maicao-deja-dos-muertos-y-un-herido-en-el-barrio-torres-de-la-majayura/,presencia_grupos_armados,Maicao,P2,13
https://www.eltiempo.com/colombia/otras-ciudades/dormitorios-destruidos-y-zonas-militares-devastadas-asi-quedo-el-batallon-atacado-con-explosivos-en-la-guajira-que-dejo-doce-soldados-heridos-3558725,presencia_grupos_armados,Maicao,P2,14
https://laguajirahoy.com/nacion/prorroga-del-pacto-funcional-cesar-la-guajira-impulsara-nuevos-proyectos-para-riohacha.html,presencia_grupos_armados,Maicao,P2,15
https://boyaca7dias.com.co/2025/11/13/la-unidad-de-busqueda-de-personas-recupero-diez-cuerpos-en-el-cementerio-de-oicata/,exclusion_beneficios_economicos,Oicata,vig,1
https://boyaca7dias.com.co/2026/04/09/bloqueos-en-boyaca-este-jueves-por-paro-nacional-en-rechazo-al-aumento-del-impuesto-predial-estos-son-los-puntos-confirmados/,exclusion_beneficios_economicos,Oicata,vig,2
https://boyaca7dias.com.co/2026/06/06/estos-fueron-los-compromisos-acordados-tras-las-protestas-en-el-peaje-de-tuta/,exclusion_beneficios_economicos,Oicata,vig,3
https://boyaca7dias.com.co/2026/06/05/peaje-gratis-anoche-en-la-caseta-de-tuta-tolditos7dias/,exclusion_beneficios_economicos,Oicata,vig,4
https://www.eltiempo.com/colombia/otras-ciudades/asi-fue-la-cadena-de-fallas-que-llevo-al-choque-mortal-del-camion-de-gas-en-la-via-simijaca-chiquinquira-cundinamarca-la-tragedia-pudo-ser-peor-3530470,exclusion_beneficios_economicos,Oicata,vig,5
https://boyaca7dias.com.co/2026/02/21/biologa-de-la-uptc-gana-beca-colombia-biodiversa-por-crear-investigacion-que-estudiara-los-riesgos-sanitarios-en-el-rio-chicamocha/,exclusion_beneficios_economicos,Oicata,vig,6
https://boyaca7dias.com.co/2025/11/09/duitama-fue-escenario-del-reencuentro-regional-de-madres-comunitarias-tras-mas-de-diez-anos/,exclusion_beneficios_economicos,Oicata,vig,7
https://www.eltiempo.com/colombia/otras-ciudades/invertiran-19-000-millones-en-estufas-ecoeficientes-para-reducir-el-uso-de-lena-y-prevenir-enfermedades-en-39-municipios-de-boyaca-3506932,exclusion_beneficios_economicos,Oicata,vig,8
https://boyaca7dias.com.co/2025/08/26/escuela-rural-de-cienega-busca-recursos-para-construir-un-parque-infantil-que-beneficiaria-a-mas-de-20-ninos/,exclusion_beneficios_economicos,Oicata,vig,9
https://www.eltiempo.com/politica/elecciones-colombia-2026/empate-tecnico-entre-ivan-cepeda-y-paloma-valencia-en-segunda-vuelta-de-acuerdo-con-la-encuesta-de-marzo-de-guarumo-3543649,exclusion_beneficios_economicos,Oicata,vig,10
https://boyaca7dias.com.co/2026/04/24/capturan-a-presunto-responsable-de-millonario-hurto-en-zona-rural-de-combita/,exclusion_beneficios_economicos,Oicata,vig,11
https://boyaca7dias.com.co/2025/08/24/empresas-que-han-hecho-historia-en-boyaca-y-que-han-impulsado-su-desarrollo-hector-h-rodriguez-aelinforme-h-h/,exclusion_beneficios_economicos,Oicata,vig,12
https://www.eltiempo.com/politica/elecciones-colombia-2026/los-escenarios-de-las-elecciones-presidenciales-tras-encuesta-de-guarumo-y-ecoanalitica-que-lidera-cepeda-y-le-siguen-de-la-espriella-y-valencia-3543783,exclusion_beneficios_economicos,Oicata,vig,13
https://www.eltiempo.com/colombia/otras-ciudades/familia-y-bomberos-exigen-a-fiscalia-recapturar-al-tatuador-senalado-de-agredir-al-comandante-jairo-bolivar-sigue-en-uci-tras-brutal-golpiza-en-tunja-3572450,exclusion_beneficios_economicos,Oicata,vig,14
https://boyaca7dias.com.co/2026/08/03/comunidades-advierten-con-bloquear-por-completo-la-via-en-el-peaje-de-tuta-ante-incumplimientos-de-la-ani/,exclusion_beneficios_economicos,Oicata,vig,15
https://boyaca7dias.com.co/2026/06/06/estos-fueron-los-compromisos-acordados-tras-las-protestas-en-el-peaje-de-tuta/,exclusion_beneficios_economicos,Oicata,N1,1
https://boyaca7dias.com.co/2026/04/09/bloqueos-en-boyaca-este-jueves-por-paro-nacional-en-rechazo-al-aumento-del-impuesto-predial-estos-son-los-puntos-confirmados/,exclusion_beneficios_economicos,Oicata,N1,2
https://boyaca7dias.com.co/2026/08/07/de-los-dos-megaproyectos-de-petro-para-boyaca-uno-arranco-y-el-otro-se-quedo-estancado/,exclusion_beneficios_economicos,Oicata,N1,3
https://boyaca7dias.com.co/2026/06/05/peaje-gratis-anoche-en-la-caseta-de-tuta-tolditos7dias/,exclusion_beneficios_economicos,Oicata,N1,4
https://boyaca7dias.com.co/2025/08/26/escuela-rural-de-cienega-busca-recursos-para-construir-un-parque-infantil-que-beneficiaria-a-mas-de-20-ninos/,exclusion_beneficios_economicos,Oicata,N1,5
https://www.eltiempo.com/colombia/otras-ciudades/familia-y-bomberos-exigen-a-fiscalia-recapturar-al-tatuador-senalado-de-agredir-al-comandante-jairo-bolivar-sigue-en-uci-tras-brutal-golpiza-en-tunja-3572450,exclusion_beneficios_economicos,Oicata,N1,6
https://boyaca7dias.com.co/2026/08/03/comunidades-advierten-con-bloquear-por-completo-la-via-en-el-peaje-de-tuta-ante-incumplimientos-de-la-ani/,exclusion_beneficios_economicos,Oicata,N1,7
https://boyaca7dias.com.co/2026/08/04/desde-la-medianoche-de-hoy-se-restablecera-el-cobro-en-el-peaje-de-tuta/,exclusion_beneficios_economicos,Oicata,N1,8
https://www.eltiempo.com/colombia/otras-ciudades/invertiran-19-000-millones-en-estufas-ecoeficientes-para-reducir-el-uso-de-lena-y-prevenir-enfermedades-en-39-municipios-de-boyaca-3506932,exclusion_beneficios_economicos,Oicata,N1,9
https://boyaca7dias.com.co/2025/08/24/empresas-que-han-hecho-historia-en-boyaca-y-que-han-impulsado-su-desarrollo-hector-h-rodriguez-aelinforme-h-h/,exclusion_beneficios_economicos,Oicata,N1,10
https://boyaca7dias.com.co/2026/07/27/el-gobierno-del-presidente-petro-adjudico-las-obras-publicas-del-corredor-ferreo-bogota-belencito/,exclusion_beneficios_economicos,Oicata,N1,11
https://boyaca7dias.com.co/2025/11/13/la-unidad-de-busqueda-de-personas-recupero-diez-cuerpos-en-el-cementerio-de-oicata/,exclusion_beneficios_economicos,Oicata,N1,12
https://boyaca7dias.com.co/2026/02/21/biologa-de-la-uptc-gana-beca-colombia-biodiversa-por-crear-investigacion-que-estudiara-los-riesgos-sanitarios-en-el-rio-chicamocha/,exclusion_beneficios_economicos,Oicata,N1,13
https://www.eltiempo.com/economia/sectores/ani-adjudico-obras-publicas-de-los-corredores-ferreos-bogota-belencito-y-pacifico-por-mas-de-564-958-millones-3572794,exclusion_beneficios_economicos,Oicata,N1,14
https://www.eltiempo.com/colombia/otras-ciudades/asi-fue-la-cadena-de-fallas-que-llevo-al-choque-mortal-del-camion-de-gas-en-la-via-simijaca-chiquinquira-cundinamarca-la-tragedia-pudo-ser-peor-3530470,exclusion_beneficios_economicos,Oicata,N1,15
https://boyaca7dias.com.co/2026/04/09/bloqueos-en-boyaca-este-jueves-por-paro-nacional-en-rechazo-al-aumento-del-impuesto-predial-estos-son-los-puntos-confirmados/,exclusion_beneficios_economicos,Oicata,N2,1
https://boyaca7dias.com.co/2026/06/05/peaje-gratis-anoche-en-la-caseta-de-tuta-tolditos7dias/,exclusion_beneficios_economicos,Oicata,N2,2
https://boyaca7dias.com.co/2025/11/13/la-unidad-de-busqueda-de-personas-recupero-diez-cuerpos-en-el-cementerio-de-oicata/,exclusion_beneficios_economicos,Oicata,N2,3
https://www.eltiempo.com/colombia/otras-ciudades/asi-fue-la-cadena-de-fallas-que-llevo-al-choque-mortal-del-camion-de-gas-en-la-via-simijaca-chiquinquira-cundinamarca-la-tragedia-pudo-ser-peor-3530470,exclusion_beneficios_economicos,Oicata,N2,4
https://www.eltiempo.com/colombia/otras-ciudades/invertiran-19-000-millones-en-estufas-ecoeficientes-para-reducir-el-uso-de-lena-y-prevenir-enfermedades-en-39-municipios-de-boyaca-3506932,exclusion_beneficios_economicos,Oicata,N2,5
https://boyaca7dias.com.co/2025/08/26/escuela-rural-de-cienega-busca-recursos-para-construir-un-parque-infantil-que-beneficiaria-a-mas-de-20-ninos/,exclusion_beneficios_economicos,Oicata,N2,6
https://boyaca7dias.com.co/2026/04/24/capturan-a-presunto-responsable-de-millonario-hurto-en-zona-rural-de-combita/,exclusion_beneficios_economicos,Oicata,N2,7
https://www.eltiempo.com/colombia/otras-ciudades/familia-y-bomberos-exigen-a-fiscalia-recapturar-al-tatuador-senalado-de-agredir-al-comandante-jairo-bolivar-sigue-en-uci-tras-brutal-golpiza-en-tunja-3572450,exclusion_beneficios_economicos,Oicata,N2,8
https://boyaca7dias.com.co/2026/08/03/comunidades-advierten-con-bloquear-por-completo-la-via-en-el-peaje-de-tuta-ante-incumplimientos-de-la-ani/,exclusion_beneficios_economicos,Oicata,N2,9
https://boyaca7dias.com.co/2026/08/07/de-los-dos-megaproyectos-de-petro-para-boyaca-uno-arranco-y-el-otro-se-quedo-estancado/,exclusion_beneficios_economicos,Oicata,N2,10
https://boyaca7dias.com.co/2025/08/05/paros-en-boyaca-bloqueos-ley-seca-y-represamiento-de-alimentos-marcaron-el-primer-dia-de-la-jornada/,exclusion_beneficios_economicos,Oicata,N2,11
https://boyaca7dias.com.co/2026/06/06/estos-fueron-los-compromisos-acordados-tras-las-protestas-en-el-peaje-de-tuta/,exclusion_beneficios_economicos,Oicata,N2,12
https://boyaca7dias.com.co/2025/11/09/duitama-fue-escenario-del-reencuentro-regional-de-madres-comunitarias-tras-mas-de-diez-anos/,exclusion_beneficios_economicos,Oicata,N2,13
https://boyaca7dias.com.co/2026/08/05/gobierno-fija-en-2-500-la-tarifa-diferencial-del-peaje-de-tuta-y-amplia-los-cupos-para-beneficiarios/,exclusion_beneficios_economicos,Oicata,N2,14
https://www.eltiempo.com/politica/elecciones-colombia-2026/nueva-encuesta-guarumo-asi-ha-sido-la-intencion-de-voto-de-paloma-valencia-paso-de-6-9-por-ciento-en-enero-a-19-9-por-ciento-en-marzo-3543646,exclusion_beneficios_economicos,Oicata,N2,15
https://boyaca7dias.com.co/2026/08/03/comunidades-advierten-con-bloquear-por-completo-la-via-en-el-peaje-de-tuta-ante-incumplimientos-de-la-ani/,exclusion_beneficios_economicos,Oicata,N3,1
https://boyaca7dias.com.co/2026/08/07/de-los-dos-megaproyectos-de-petro-para-boyaca-uno-arranco-y-el-otro-se-quedo-estancado/,exclusion_beneficios_economicos,Oicata,N3,2
https://boyaca7dias.com.co/2025/08/26/escuela-rural-de-cienega-busca-recursos-para-construir-un-parque-infantil-que-beneficiaria-a-mas-de-20-ninos/,exclusion_beneficios_economicos,Oicata,N3,3
https://boyaca7dias.com.co/2025/12/05/unidad-de-busqueda-de-personas-dadas-por-desaparecidas-esta-hoy-en-la-terminal-de-transportes-de-tunja-ofreciendo-sus-servicios-humanitarios/,exclusion_beneficios_economicos,Oicata,N3,4
https://boyaca7dias.com.co/2026/06/05/peaje-gratis-anoche-en-la-caseta-de-tuta-tolditos7dias/,exclusion_beneficios_economicos,Oicata,N3,5
https://www.eltiempo.com/colombia/otras-ciudades/familia-y-bomberos-exigen-a-fiscalia-recapturar-al-tatuador-senalado-de-agredir-al-comandante-jairo-bolivar-sigue-en-uci-tras-brutal-golpiza-en-tunja-3572450,exclusion_beneficios_economicos,Oicata,N3,6
https://boyaca7dias.com.co/2026/08/06/proteger-al-venado-cola-blanca-una-prioridad-para-salvaguardar-la-biodiversidad-en-boyaca/,exclusion_beneficios_economicos,Oicata,N3,7
https://boyaca7dias.com.co/2026/04/09/bloqueos-en-boyaca-este-jueves-por-paro-nacional-en-rechazo-al-aumento-del-impuesto-predial-estos-son-los-puntos-confirmados/,exclusion_beneficios_economicos,Oicata,N3,8
https://boyaca7dias.com.co/2026/06/05/peaje-gratis-anoche-en-la-caseta-de-tuta-tolditos7dias/,exclusion_beneficios_economicos,Oicata,P1,1
https://boyaca7dias.com.co/2025/08/26/escuela-rural-de-cienega-busca-recursos-para-construir-un-parque-infantil-que-beneficiaria-a-mas-de-20-ninos/,exclusion_beneficios_economicos,Oicata,P1,2
https://boyaca7dias.com.co/2026/08/03/comunidades-advierten-con-bloquear-por-completo-la-via-en-el-peaje-de-tuta-ante-incumplimientos-de-la-ani/,exclusion_beneficios_economicos,Oicata,P1,3
https://boyaca7dias.com.co/2026/04/24/capturan-a-presunto-responsable-de-millonario-hurto-en-zona-rural-de-combita/,exclusion_beneficios_economicos,Oicata,P1,4
https://boyaca7dias.com.co/2026/04/09/bloqueos-en-boyaca-este-jueves-por-paro-nacional-en-rechazo-al-aumento-del-impuesto-predial-estos-son-los-puntos-confirmados/,exclusion_beneficios_economicos,Oicata,P1,5
https://www.eltiempo.com/colombia/otras-ciudades/familia-y-bomberos-exigen-a-fiscalia-recapturar-al-tatuador-senalado-de-agredir-al-comandante-jairo-bolivar-sigue-en-uci-tras-brutal-golpiza-en-tunja-3572450,exclusion_beneficios_economicos,Oicata,P1,6
https://boyaca7dias.com.co/2026/07/27/el-gobierno-del-presidente-petro-adjudico-las-obras-publicas-del-corredor-ferreo-bogota-belencito/,exclusion_beneficios_economicos,Oicata,P1,7
https://boyaca7dias.com.co/2025/08/05/paros-en-boyaca-bloqueos-ley-seca-y-represamiento-de-alimentos-marcaron-el-primer-dia-de-la-jornada/,exclusion_beneficios_economicos,Oicata,P1,8
https://boyaca7dias.com.co/2026/06/06/estos-fueron-los-compromisos-acordados-tras-las-protestas-en-el-peaje-de-tuta/,exclusion_beneficios_economicos,Oicata,P1,9
https://boyaca7dias.com.co/2025/08/24/empresas-que-han-hecho-historia-en-boyaca-y-que-han-impulsado-su-desarrollo-hector-h-rodriguez-aelinforme-h-h/,exclusion_beneficios_economicos,Oicata,P1,10
https://www.eltiempo.com/economia/sectores/ani-adjudico-obras-publicas-de-los-corredores-ferreos-bogota-belencito-y-pacifico-por-mas-de-564-958-millones-3572794,exclusion_beneficios_economicos,Oicata,P1,11
https://www.eltiempo.com/colombia/otras-ciudades/asi-fue-la-cadena-de-fallas-que-llevo-al-choque-mortal-del-camion-de-gas-en-la-via-simijaca-chiquinquira-cundinamarca-la-tragedia-pudo-ser-peor-3530470,exclusion_beneficios_economicos,Oicata,P1,12
https://boyaca7dias.com.co/2026/08/07/de-los-dos-megaproyectos-de-petro-para-boyaca-uno-arranco-y-el-otro-se-quedo-estancado/,exclusion_beneficios_economicos,Oicata,P1,13
https://boyaca7dias.com.co/2025/11/13/la-unidad-de-busqueda-de-personas-recupero-diez-cuerpos-en-el-cementerio-de-oicata/,exclusion_beneficios_economicos,Oicata,P1,14
https://boyaca7dias.com.co/2026/04/09/bloqueos-en-boyaca-este-jueves-por-paro-nacional-en-rechazo-al-aumento-del-impuesto-predial-estos-son-los-puntos-confirmados/,exclusion_beneficios_economicos,Oicata,P2,1
https://boyaca7dias.com.co/2026/06/05/peaje-gratis-anoche-en-la-caseta-de-tuta-tolditos7dias/,exclusion_beneficios_economicos,Oicata,P2,2
https://boyaca7dias.com.co/2025/08/26/escuela-rural-de-cienega-busca-recursos-para-construir-un-parque-infantil-que-beneficiaria-a-mas-de-20-ninos/,exclusion_beneficios_economicos,Oicata,P2,3
https://boyaca7dias.com.co/2026/08/03/comunidades-advierten-con-bloquear-por-completo-la-via-en-el-peaje-de-tuta-ante-incumplimientos-de-la-ani/,exclusion_beneficios_economicos,Oicata,P2,4
https://boyaca7dias.com.co/2025/08/05/paros-en-boyaca-bloqueos-ley-seca-y-represamiento-de-alimentos-marcaron-el-primer-dia-de-la-jornada/,exclusion_beneficios_economicos,Oicata,P2,5
https://boyaca7dias.com.co/2025/11/13/la-unidad-de-busqueda-de-personas-recupero-diez-cuerpos-en-el-cementerio-de-oicata/,exclusion_beneficios_economicos,Oicata,P2,6
https://www.eltiempo.com/colombia/otras-ciudades/asi-fue-la-cadena-de-fallas-que-llevo-al-choque-mortal-del-camion-de-gas-en-la-via-simijaca-chiquinquira-cundinamarca-la-tragedia-pudo-ser-peor-3530470,exclusion_beneficios_economicos,Oicata,P2,7
https://boyaca7dias.com.co/2025/08/24/empresas-que-han-hecho-historia-en-boyaca-y-que-han-impulsado-su-desarrollo-hector-h-rodriguez-aelinforme-h-h/,exclusion_beneficios_economicos,Oicata,P2,8
https://boyaca7dias.com.co/2026/06/06/estos-fueron-los-compromisos-acordados-tras-las-protestas-en-el-peaje-de-tuta/,exclusion_beneficios_economicos,Oicata,P2,9
https://www.eltiempo.com/politica/elecciones-colombia-2026/nueva-encuesta-guarumo-asi-ha-sido-la-intencion-de-voto-de-paloma-valencia-paso-de-6-9-por-ciento-en-enero-a-19-9-por-ciento-en-marzo-3543646,exclusion_beneficios_economicos,Oicata,P2,10
https://boyaca7dias.com.co/2026/06/06/estos-fueron-los-compromisos-acordados-tras-las-protestas-en-el-peaje-de-tuta/,rechazo_proyecto,Oicata,vig,1
https://boyaca7dias.com.co/2026/04/09/bloqueos-en-boyaca-este-jueves-por-paro-nacional-en-rechazo-al-aumento-del-impuesto-predial-estos-son-los-puntos-confirmados/,rechazo_proyecto,Oicata,vig,2
https://boyaca7dias.com.co/2026/06/05/peaje-gratis-anoche-en-la-caseta-de-tuta-tolditos7dias/,rechazo_proyecto,Oicata,vig,3
https://www.eltiempo.com/politica/elecciones-colombia-2026/empate-tecnico-entre-ivan-cepeda-y-paloma-valencia-en-segunda-vuelta-de-acuerdo-con-la-encuesta-de-marzo-de-guarumo-3543649,rechazo_proyecto,Oicata,vig,4
https://www.eltiempo.com/politica/elecciones-colombia-2026/nueva-encuesta-guarumo-asi-ha-sido-la-intencion-de-voto-de-paloma-valencia-paso-de-6-9-por-ciento-en-enero-a-19-9-por-ciento-en-marzo-3543646,rechazo_proyecto,Oicata,vig,5
https://www.eltiempo.com/colombia/otras-ciudades/familia-y-bomberos-exigen-a-fiscalia-recapturar-al-tatuador-senalado-de-agredir-al-comandante-jairo-bolivar-sigue-en-uci-tras-brutal-golpiza-en-tunja-3572450,rechazo_proyecto,Oicata,vig,6
https://boyaca7dias.com.co/2026/08/03/comunidades-advierten-con-bloquear-por-completo-la-via-en-el-peaje-de-tuta-ante-incumplimientos-de-la-ani/,rechazo_proyecto,Oicata,vig,7
https://boyaca7dias.com.co/2025/08/26/escuela-rural-de-cienega-busca-recursos-para-construir-un-parque-infantil-que-beneficiaria-a-mas-de-20-ninos/,rechazo_proyecto,Oicata,vig,8
https://www.eltiempo.com/politica/elecciones-colombia-2026/los-escenarios-de-las-elecciones-presidenciales-tras-encuesta-de-guarumo-y-ecoanalitica-que-lidera-cepeda-y-le-siguen-de-la-espriella-y-valencia-3543783,rechazo_proyecto,Oicata,vig,9
https://boyaca7dias.com.co/2026/08/04/desde-la-medianoche-de-hoy-se-restablecera-el-cobro-en-el-peaje-de-tuta/,rechazo_proyecto,Oicata,vig,10
https://boyaca7dias.com.co/2025/08/05/paros-en-boyaca-bloqueos-ley-seca-y-represamiento-de-alimentos-marcaron-el-primer-dia-de-la-jornada/,rechazo_proyecto,Oicata,vig,11
https://www.eltiempo.com/politica/elecciones-colombia-2026/asi-recibieron-los-sectores-politicos-la-mas-reciente-encuesta-de-intencion-de-voto-de-guarumo-y-ecoanalitica-para-el-tiempo-3543844,rechazo_proyecto,Oicata,vig,12
https://boyaca7dias.com.co/2026/05/29/comunidad-protesta-en-el-peaje-de-tuta-y-exige-tarifa-cero-para-habitantes-de-cuatro-municipios/,rechazo_proyecto,Oicata,vig,13
https://boyaca7dias.com.co/2026/06/06/estos-fueron-los-compromisos-acordados-tras-las-protestas-en-el-peaje-de-tuta/,rechazo_proyecto,Oicata,N2,1
https://boyaca7dias.com.co/2026/04/09/bloqueos-en-boyaca-este-jueves-por-paro-nacional-en-rechazo-al-aumento-del-impuesto-predial-estos-son-los-puntos-confirmados/,rechazo_proyecto,Oicata,N2,2
https://boyaca7dias.com.co/2026/04/09/bloqueos-en-boyaca-este-jueves-por-paro-nacional-en-rechazo-al-aumento-del-impuesto-predial-estos-son-los-puntos-confirmados/,rechazo_proyecto,Oicata,N3,1
https://boyaca7dias.com.co/2025/08/26/escuela-rural-de-cienega-busca-recursos-para-construir-un-parque-infantil-que-beneficiaria-a-mas-de-20-ninos/,rechazo_proyecto,Oicata,N3,2
https://boyaca7dias.com.co/2026/08/03/comunidades-advierten-con-bloquear-por-completo-la-via-en-el-peaje-de-tuta-ante-incumplimientos-de-la-ani/,rechazo_proyecto,Oicata,N3,3
https://boyaca7dias.com.co/2026/08/07/de-los-dos-megaproyectos-de-petro-para-boyaca-uno-arranco-y-el-otro-se-quedo-estancado/,rechazo_proyecto,Oicata,N3,4
https://boyaca7dias.com.co/2026/08/03/comunidades-advierten-con-bloquear-por-completo-la-via-en-el-peaje-de-tuta-ante-incumplimientos-de-la-ani/,rechazo_proyecto,Oicata,P1,1
https://boyaca7dias.com.co/2026/06/06/estos-fueron-los-compromisos-acordados-tras-las-protestas-en-el-peaje-de-tuta/,rechazo_proyecto,Oicata,P1,2
https://boyaca7dias.com.co/2025/08/26/escuela-rural-de-cienega-busca-recursos-para-construir-un-parque-infantil-que-beneficiaria-a-mas-de-20-ninos/,rechazo_proyecto,Oicata,P2,1
https://boyaca7dias.com.co/2026/06/05/peaje-gratis-anoche-en-la-caseta-de-tuta-tolditos7dias/,rechazo_proyecto,Oicata,P2,2
https://boyaca7dias.com.co/2026/04/09/bloqueos-en-boyaca-este-jueves-por-paro-nacional-en-rechazo-al-aumento-del-impuesto-predial-estos-son-los-puntos-confirmados/,rechazo_proyecto,Oicata,P2,3
https://www.eltiempo.com/colombia/otras-ciudades/familia-y-bomberos-exigen-a-fiscalia-recapturar-al-tatuador-senalado-de-agredir-al-comandante-jairo-bolivar-sigue-en-uci-tras-brutal-golpiza-en-tunja-3572450,rechazo_proyecto,Oicata,P2,4
https://www.eltiempo.com/colombia/otras-ciudades/el-conmovedor-funeral-en-el-que-despidieron-a-yudi-castellanos-la-joven-que-fallecio-en-una-excursion-en-el-meta-su-perro-benji-acompano-el-feretro-3490812,rechazo_proyecto,Oicata,P2,5
https://boyaca7dias.com.co/2026/06/06/estos-fueron-los-compromisos-acordados-tras-las-protestas-en-el-peaje-de-tuta/,rechazo_proyecto,Oicata,P2,6
https://www.eltiempo.com/politica/elecciones-colombia-2026/nueva-encuesta-guarumo-asi-ha-sido-la-intencion-de-voto-de-paloma-valencia-paso-de-6-9-por-ciento-en-enero-a-19-9-por-ciento-en-marzo-3543646,rechazo_proyecto,Oicata,P2,7
https://boyaca7dias.com.co/2026/02/21/biologa-de-la-uptc-gana-beca-colombia-biodiversa-por-crear-investigacion-que-estudiara-los-riesgos-sanitarios-en-el-rio-chicamocha/,rechazo_proyecto,Oicata,P2,8
https://boyaca7dias.com.co/2025/08/24/empresas-que-han-hecho-historia-en-boyaca-y-que-han-impulsado-su-desarrollo-hector-h-rodriguez-aelinforme-h-h/,rechazo_proyecto,Oicata,P2,9
https://www.eltiempo.com/politica/elecciones-colombia-2026/empate-tecnico-entre-ivan-cepeda-y-paloma-valencia-en-segunda-vuelta-de-acuerdo-con-la-encuesta-de-marzo-de-guarumo-3543649,rechazo_proyecto,Oicata,P2,10
https://boyaca7dias.com.co/2026/08/07/de-los-dos-megaproyectos-de-petro-para-boyaca-uno-arranco-y-el-otro-se-quedo-estancado/,rechazo_proyecto,Oicata,P2,11
https://boyaca7dias.com.co/2026/05/29/comunidad-protesta-en-el-peaje-de-tuta-y-exige-tarifa-cero-para-habitantes-de-cuatro-municipios/,rechazo_proyecto,Oicata,P2,12
https://www.eltiempo.com/colombia/otras-ciudades/asi-fue-la-cadena-de-fallas-que-llevo-al-choque-mortal-del-camion-de-gas-en-la-via-simijaca-chiquinquira-cundinamarca-la-tragedia-pudo-ser-peor-3530470,rechazo_proyecto,Oicata,P2,13
https://boyaca7dias.com.co/2025/11/13/la-unidad-de-busqueda-de-personas-recupero-diez-cuerpos-en-el-cementerio-de-oicata/,rechazo_proyecto,Oicata,P2,14
https://www.eltiempo.com/politica/elecciones-colombia-2026/nueva-encuesta-guarumo-asi-ha-sido-la-intencion-de-voto-de-paloma-valencia-paso-de-6-9-por-ciento-en-enero-a-19-9-por-ciento-en-marzo-3543646,desplazamiento_forzado,Oicata,vig,1
https://boyaca7dias.com.co/2026/08/03/comunidades-advierten-con-bloquear-por-completo-la-via-en-el-peaje-de-tuta-ante-incumplimientos-de-la-ani/,desplazamiento_forzado,Oicata,vig,2
https://boyaca7dias.com.co/2026/06/05/peaje-gratis-anoche-en-la-caseta-de-tuta-tolditos7dias/,desplazamiento_forzado,Oicata,vig,3
https://boyaca7dias.com.co/2025/12/05/unidad-de-busqueda-de-personas-dadas-por-desaparecidas-esta-hoy-en-la-terminal-de-transportes-de-tunja-ofreciendo-sus-servicios-humanitarios/,desplazamiento_forzado,Oicata,vig,4
https://boyaca7dias.com.co/2026/04/24/capturan-a-presunto-responsable-de-millonario-hurto-en-zona-rural-de-combita/,desplazamiento_forzado,Oicata,vig,5
https://boyaca7dias.com.co/2026/02/21/biologa-de-la-uptc-gana-beca-colombia-biodiversa-por-crear-investigacion-que-estudiara-los-riesgos-sanitarios-en-el-rio-chicamocha/,desplazamiento_forzado,Oicata,vig,6
https://boyaca7dias.com.co/2026/06/06/estos-fueron-los-compromisos-acordados-tras-las-protestas-en-el-peaje-de-tuta/,desplazamiento_forzado,Oicata,vig,7
https://boyaca7dias.com.co/2026/04/09/bloqueos-en-boyaca-este-jueves-por-paro-nacional-en-rechazo-al-aumento-del-impuesto-predial-estos-son-los-puntos-confirmados/,desplazamiento_forzado,Oicata,vig,8
https://boyaca7dias.com.co/2026/08/04/capturaron-a-tres-presuntos-integrantes-de-banda-dedicada-al-hurto-de-viviendas-en-boyaca/,desplazamiento_forzado,Oicata,N1,1
https://www.eltiempo.com/colombia/otras-ciudades/familia-y-bomberos-exigen-a-fiscalia-recapturar-al-tatuador-senalado-de-agredir-al-comandante-jairo-bolivar-sigue-en-uci-tras-brutal-golpiza-en-tunja-3572450,desplazamiento_forzado,Oicata,N1,2
https://www.eltiempo.com/economia/sectores/ani-adjudico-obras-publicas-de-los-corredores-ferreos-bogota-belencito-y-pacifico-por-mas-de-564-958-millones-3572794,desplazamiento_forzado,Oicata,N1,3
https://boyaca7dias.com.co/2025/12/05/unidad-de-busqueda-de-personas-dadas-por-desaparecidas-esta-hoy-en-la-terminal-de-transportes-de-tunja-ofreciendo-sus-servicios-humanitarios/,desplazamiento_forzado,Oicata,N1,4
https://boyaca7dias.com.co/2025/11/13/la-unidad-de-busqueda-de-personas-recupero-diez-cuerpos-en-el-cementerio-de-oicata/,desplazamiento_forzado,Oicata,N1,5
https://boyaca7dias.com.co/2026/05/29/comunidad-protesta-en-el-peaje-de-tuta-y-exige-tarifa-cero-para-habitantes-de-cuatro-municipios/,desplazamiento_forzado,Oicata,N1,6
https://boyaca7dias.com.co/2026/04/09/bloqueos-en-boyaca-este-jueves-por-paro-nacional-en-rechazo-al-aumento-del-impuesto-predial-estos-son-los-puntos-confirmados/,desplazamiento_forzado,Oicata,N1,7
https://boyaca7dias.com.co/2026/08/07/de-los-dos-megaproyectos-de-petro-para-boyaca-uno-arranco-y-el-otro-se-quedo-estancado/,desplazamiento_forzado,Oicata,N1,8
https://boyaca7dias.com.co/2026/07/27/el-gobierno-del-presidente-petro-adjudico-las-obras-publicas-del-corredor-ferreo-bogota-belencito/,desplazamiento_forzado,Oicata,N2,1
https://www.eltiempo.com/economia/sectores/ani-adjudico-obras-publicas-de-los-corredores-ferreos-bogota-belencito-y-pacifico-por-mas-de-564-958-millones-3572794,desplazamiento_forzado,Oicata,N2,2
https://boyaca7dias.com.co/2026/08/03/comunidades-advierten-con-bloquear-por-completo-la-via-en-el-peaje-de-tuta-ante-incumplimientos-de-la-ani/,desplazamiento_forzado,Oicata,N2,3
https://boyaca7dias.com.co/2025/12/05/unidad-de-busqueda-de-personas-dadas-por-desaparecidas-esta-hoy-en-la-terminal-de-transportes-de-tunja-ofreciendo-sus-servicios-humanitarios/,desplazamiento_forzado,Oicata,N2,4
https://boyaca7dias.com.co/2025/08/05/paros-en-boyaca-bloqueos-ley-seca-y-represamiento-de-alimentos-marcaron-el-primer-dia-de-la-jornada/,desplazamiento_forzado,Oicata,N2,5
https://boyaca7dias.com.co/2026/08/04/capturaron-a-tres-presuntos-integrantes-de-banda-dedicada-al-hurto-de-viviendas-en-boyaca/,desplazamiento_forzado,Oicata,N2,6
https://boyaca7dias.com.co/2026/06/06/estos-fueron-los-compromisos-acordados-tras-las-protestas-en-el-peaje-de-tuta/,desplazamiento_forzado,Oicata,N2,7
https://www.eltiempo.com/politica/elecciones-colombia-2026/nueva-encuesta-guarumo-asi-ha-sido-la-intencion-de-voto-de-paloma-valencia-paso-de-6-9-por-ciento-en-enero-a-19-9-por-ciento-en-marzo-3543646,desplazamiento_forzado,Oicata,N2,8
https://www.eltiempo.com/colombia/otras-ciudades/asi-fue-la-cadena-de-fallas-que-llevo-al-choque-mortal-del-camion-de-gas-en-la-via-simijaca-chiquinquira-cundinamarca-la-tragedia-pudo-ser-peor-3530470,desplazamiento_forzado,Oicata,N2,9
https://boyaca7dias.com.co/2026/04/09/bloqueos-en-boyaca-este-jueves-por-paro-nacional-en-rechazo-al-aumento-del-impuesto-predial-estos-son-los-puntos-confirmados/,desplazamiento_forzado,Oicata,N2,10
https://boyaca7dias.com.co/2026/08/07/de-los-dos-megaproyectos-de-petro-para-boyaca-uno-arranco-y-el-otro-se-quedo-estancado/,desplazamiento_forzado,Oicata,N2,11
https://boyaca7dias.com.co/2026/08/04/capturaron-a-tres-presuntos-integrantes-de-banda-dedicada-al-hurto-de-viviendas-en-boyaca/,desplazamiento_forzado,Oicata,N3,1
https://boyaca7dias.com.co/2026/02/21/biologa-de-la-uptc-gana-beca-colombia-biodiversa-por-crear-investigacion-que-estudiara-los-riesgos-sanitarios-en-el-rio-chicamocha/,desplazamiento_forzado,Oicata,N3,2
https://www.eltiempo.com/colombia/otras-ciudades/familia-y-bomberos-exigen-a-fiscalia-recapturar-al-tatuador-senalado-de-agredir-al-comandante-jairo-bolivar-sigue-en-uci-tras-brutal-golpiza-en-tunja-3572450,desplazamiento_forzado,Oicata,N3,3
https://boyaca7dias.com.co/2026/08/04/desde-la-medianoche-de-hoy-se-restablecera-el-cobro-en-el-peaje-de-tuta/,desplazamiento_forzado,Oicata,N3,4
https://www.eltiempo.com/colombia/otras-ciudades/el-conmovedor-funeral-en-el-que-despidieron-a-yudi-castellanos-la-joven-que-fallecio-en-una-excursion-en-el-meta-su-perro-benji-acompano-el-feretro-3490812,desplazamiento_forzado,Oicata,N3,5
https://boyaca7dias.com.co/2025/12/05/unidad-de-busqueda-de-personas-dadas-por-desaparecidas-esta-hoy-en-la-terminal-de-transportes-de-tunja-ofreciendo-sus-servicios-humanitarios/,desplazamiento_forzado,Oicata,N3,6
https://boyaca7dias.com.co/2025/08/26/escuela-rural-de-cienega-busca-recursos-para-construir-un-parque-infantil-que-beneficiaria-a-mas-de-20-ninos/,desplazamiento_forzado,Oicata,N3,7
https://www.eltiempo.com/politica/elecciones-colombia-2026/resultados-presidenciales-2026-primera-vuelta/en-vivo-elecciones-presidenciales-2026-siga-la-jornada-de-votacion-en-oicata-boyaca-ultimas-noticias-3560006,desplazamiento_forzado,Oicata,N3,8
https://boyaca7dias.com.co/2025/08/05/paros-en-boyaca-bloqueos-ley-seca-y-represamiento-de-alimentos-marcaron-el-primer-dia-de-la-jornada/,desplazamiento_forzado,Oicata,N3,9
https://www.eltiempo.com/colombia/otras-ciudades/invertiran-19-000-millones-en-estufas-ecoeficientes-para-reducir-el-uso-de-lena-y-prevenir-enfermedades-en-39-municipios-de-boyaca-3506932,desplazamiento_forzado,Oicata,N3,10
https://www.eltiempo.com/economia/sectores/ani-adjudico-obras-publicas-de-los-corredores-ferreos-bogota-belencito-y-pacifico-por-mas-de-564-958-millones-3572794,desplazamiento_forzado,Oicata,N3,11
https://boyaca7dias.com.co/2026/08/03/comunidades-advierten-con-bloquear-por-completo-la-via-en-el-peaje-de-tuta-ante-incumplimientos-de-la-ani/,desplazamiento_forzado,Oicata,N3,12
https://boyaca7dias.com.co/2026/04/28/los-proyectos-comunitarios-que-urbaser-ha-venido-apoyando-en-pirgua-y-sectores-de-oicata/,desplazamiento_forzado,Oicata,N3,13
https://boyaca7dias.com.co/2026/06/05/peaje-gratis-anoche-en-la-caseta-de-tuta-tolditos7dias/,desplazamiento_forzado,Oicata,N3,14
https://boyaca7dias.com.co/2026/04/09/bloqueos-en-boyaca-este-jueves-por-paro-nacional-en-rechazo-al-aumento-del-impuesto-predial-estos-son-los-puntos-confirmados/,desplazamiento_forzado,Oicata,N3,15
https://boyaca7dias.com.co/2025/11/13/la-unidad-de-busqueda-de-personas-recupero-diez-cuerpos-en-el-cementerio-de-oicata/,desplazamiento_forzado,Oicata,P1,1
https://boyaca7dias.com.co/2026/08/04/capturaron-a-tres-presuntos-integrantes-de-banda-dedicada-al-hurto-de-viviendas-en-boyaca/,desplazamiento_forzado,Oicata,P1,2
https://www.eltiempo.com/colombia/otras-ciudades/familia-y-bomberos-exigen-a-fiscalia-recapturar-al-tatuador-senalado-de-agredir-al-comandante-jairo-bolivar-sigue-en-uci-tras-brutal-golpiza-en-tunja-3572450,desplazamiento_forzado,Oicata,P1,3
https://www.eltiempo.com/colombia/otras-ciudades/el-conmovedor-funeral-en-el-que-despidieron-a-yudi-castellanos-la-joven-que-fallecio-en-una-excursion-en-el-meta-su-perro-benji-acompano-el-feretro-3490812,desplazamiento_forzado,Oicata,P1,4
https://boyaca7dias.com.co/2025/08/05/paros-en-boyaca-bloqueos-ley-seca-y-represamiento-de-alimentos-marcaron-el-primer-dia-de-la-jornada/,desplazamiento_forzado,Oicata,P1,5
https://boyaca7dias.com.co/2025/08/24/empresas-que-han-hecho-historia-en-boyaca-y-que-han-impulsado-su-desarrollo-hector-h-rodriguez-aelinforme-h-h/,desplazamiento_forzado,Oicata,P1,6
https://boyaca7dias.com.co/2026/04/24/capturan-a-presunto-responsable-de-millonario-hurto-en-zona-rural-de-combita/,desplazamiento_forzado,Oicata,P1,7
https://boyaca7dias.com.co/2026/06/05/peaje-gratis-anoche-en-la-caseta-de-tuta-tolditos7dias/,desplazamiento_forzado,Oicata,P1,8
https://boyaca7dias.com.co/2025/12/05/unidad-de-busqueda-de-personas-dadas-por-desaparecidas-esta-hoy-en-la-terminal-de-transportes-de-tunja-ofreciendo-sus-servicios-humanitarios/,desplazamiento_forzado,Oicata,P1,9
https://www.eltiempo.com/economia/sectores/ani-adjudico-obras-publicas-de-los-corredores-ferreos-bogota-belencito-y-pacifico-por-mas-de-564-958-millones-3572794,desplazamiento_forzado,Oicata,P1,10
https://boyaca7dias.com.co/2026/08/04/desde-la-medianoche-de-hoy-se-restablecera-el-cobro-en-el-peaje-de-tuta/,desplazamiento_forzado,Oicata,P1,11
https://www.eltiempo.com/colombia/otras-ciudades/asi-fue-la-cadena-de-fallas-que-llevo-al-choque-mortal-del-camion-de-gas-en-la-via-simijaca-chiquinquira-cundinamarca-la-tragedia-pudo-ser-peor-3530470,desplazamiento_forzado,Oicata,P1,12
https://boyaca7dias.com.co/2026/08/07/de-los-dos-megaproyectos-de-petro-para-boyaca-uno-arranco-y-el-otro-se-quedo-estancado/,desplazamiento_forzado,Oicata,P1,13
https://boyaca7dias.com.co/2026/04/09/bloqueos-en-boyaca-este-jueves-por-paro-nacional-en-rechazo-al-aumento-del-impuesto-predial-estos-son-los-puntos-confirmados/,desplazamiento_forzado,Oicata,P1,14
https://boyaca7dias.com.co/2026/08/04/capturaron-a-tres-presuntos-integrantes-de-banda-dedicada-al-hurto-de-viviendas-en-boyaca/,desplazamiento_forzado,Oicata,P2,1
https://www.eltiempo.com/colombia/otras-ciudades/familia-y-bomberos-exigen-a-fiscalia-recapturar-al-tatuador-senalado-de-agredir-al-comandante-jairo-bolivar-sigue-en-uci-tras-brutal-golpiza-en-tunja-3572450,desplazamiento_forzado,Oicata,P2,2
https://boyaca7dias.com.co/2025/12/05/unidad-de-busqueda-de-personas-dadas-por-desaparecidas-esta-hoy-en-la-terminal-de-transportes-de-tunja-ofreciendo-sus-servicios-humanitarios/,desplazamiento_forzado,Oicata,P2,3
https://www.eltiempo.com/economia/sectores/ani-adjudico-obras-publicas-de-los-corredores-ferreos-bogota-belencito-y-pacifico-por-mas-de-564-958-millones-3572794,desplazamiento_forzado,Oicata,P2,4
https://boyaca7dias.com.co/2026/08/07/de-los-dos-megaproyectos-de-petro-para-boyaca-uno-arranco-y-el-otro-se-quedo-estancado/,desplazamiento_forzado,Oicata,P2,5
https://boyaca7dias.com.co/2025/11/13/la-unidad-de-busqueda-de-personas-recupero-diez-cuerpos-en-el-cementerio-de-oicata/,desplazamiento_forzado,Oicata,P2,6
https://boyaca7dias.com.co/2026/06/05/peaje-gratis-anoche-en-la-caseta-de-tuta-tolditos7dias/,conflicto_territorial,Oicata,vig,1
https://boyaca7dias.com.co/2026/04/09/bloqueos-en-boyaca-este-jueves-por-paro-nacional-en-rechazo-al-aumento-del-impuesto-predial-estos-son-los-puntos-confirmados/,conflicto_territorial,Oicata,vig,2
https://www.eltiempo.com/politica/elecciones-colombia-2026/empate-tecnico-entre-ivan-cepeda-y-paloma-valencia-en-segunda-vuelta-de-acuerdo-con-la-encuesta-de-marzo-de-guarumo-3543649,conflicto_territorial,Oicata,vig,3
https://www.eltiempo.com/politica/elecciones-colombia-2026/nueva-encuesta-guarumo-asi-ha-sido-la-intencion-de-voto-de-paloma-valencia-paso-de-6-9-por-ciento-en-enero-a-19-9-por-ciento-en-marzo-3543646,conflicto_territorial,Oicata,vig,4
https://boyaca7dias.com.co/2026/08/04/desde-la-medianoche-de-hoy-se-restablecera-el-cobro-en-el-peaje-de-tuta/,conflicto_territorial,Oicata,vig,5
https://boyaca7dias.com.co/2026/08/03/comunidades-advierten-con-bloquear-por-completo-la-via-en-el-peaje-de-tuta-ante-incumplimientos-de-la-ani/,conflicto_territorial,Oicata,vig,6
https://www.eltiempo.com/politica/elecciones-colombia-2026/resultados-presidenciales-2026-primera-vuelta/en-vivo-elecciones-presidenciales-2026-siga-la-jornada-de-votacion-en-oicata-boyaca-ultimas-noticias-3560006,conflicto_territorial,Oicata,vig,7
https://www.eltiempo.com/colombia/otras-ciudades/familia-y-bomberos-exigen-a-fiscalia-recapturar-al-tatuador-senalado-de-agredir-al-comandante-jairo-bolivar-sigue-en-uci-tras-brutal-golpiza-en-tunja-3572450,conflicto_territorial,Oicata,vig,8
https://boyaca7dias.com.co/2025/12/05/unidad-de-busqueda-de-personas-dadas-por-desaparecidas-esta-hoy-en-la-terminal-de-transportes-de-tunja-ofreciendo-sus-servicios-humanitarios/,conflicto_territorial,Oicata,vig,9
https://boyaca7dias.com.co/2026/08/06/proteger-al-venado-cola-blanca-una-prioridad-para-salvaguardar-la-biodiversidad-en-boyaca/,conflicto_territorial,Oicata,vig,10
https://boyaca7dias.com.co/2026/06/06/estos-fueron-los-compromisos-acordados-tras-las-protestas-en-el-peaje-de-tuta/,conflicto_territorial,Oicata,vig,11
https://www.eltiempo.com/politica/elecciones-colombia-2026/asi-recibieron-los-sectores-politicos-la-mas-reciente-encuesta-de-intencion-de-voto-de-guarumo-y-ecoanalitica-para-el-tiempo-3543844,conflicto_territorial,Oicata,vig,12
https://www.eltiempo.com/politica/elecciones-colombia-2026/los-escenarios-de-las-elecciones-presidenciales-tras-encuesta-de-guarumo-y-ecoanalitica-que-lidera-cepeda-y-le-siguen-de-la-espriella-y-valencia-3543783,conflicto_territorial,Oicata,vig,13
https://boyaca7dias.com.co/2026/05/29/comunidad-protesta-en-el-peaje-de-tuta-y-exige-tarifa-cero-para-habitantes-de-cuatro-municipios/,conflicto_territorial,Oicata,vig,14
https://boyaca7dias.com.co/2025/12/05/unidad-de-busqueda-de-personas-dadas-por-desaparecidas-esta-hoy-en-la-terminal-de-transportes-de-tunja-ofreciendo-sus-servicios-humanitarios/,conflicto_territorial,Oicata,N1,1
https://www.eltiempo.com/politica/elecciones-colombia-2026/nueva-encuesta-guarumo-asi-ha-sido-la-intencion-de-voto-de-paloma-valencia-paso-de-6-9-por-ciento-en-enero-a-19-9-por-ciento-en-marzo-3543646,conflicto_territorial,Oicata,N1,2
https://www.eltiempo.com/politica/elecciones-colombia-2026/empate-tecnico-entre-ivan-cepeda-y-paloma-valencia-en-segunda-vuelta-de-acuerdo-con-la-encuesta-de-marzo-de-guarumo-3543649,conflicto_territorial,Oicata,N1,3
https://boyaca7dias.com.co/2026/04/24/capturan-a-presunto-responsable-de-millonario-hurto-en-zona-rural-de-combita/,conflicto_territorial,Oicata,N2,1
https://www.eltiempo.com/colombia/otras-ciudades/familia-y-bomberos-exigen-a-fiscalia-recapturar-al-tatuador-senalado-de-agredir-al-comandante-jairo-bolivar-sigue-en-uci-tras-brutal-golpiza-en-tunja-3572450,conflicto_territorial,Oicata,N2,2
https://boyaca7dias.com.co/2026/08/04/capturaron-a-tres-presuntos-integrantes-de-banda-dedicada-al-hurto-de-viviendas-en-boyaca/,conflicto_territorial,Oicata,N2,3
https://boyaca7dias.com.co/2026/08/06/proteger-al-venado-cola-blanca-una-prioridad-para-salvaguardar-la-biodiversidad-en-boyaca/,conflicto_territorial,Oicata,N2,4
https://boyaca7dias.com.co/2025/11/13/la-unidad-de-busqueda-de-personas-recupero-diez-cuerpos-en-el-cementerio-de-oicata/,conflicto_territorial,Oicata,N2,5
https://boyaca7dias.com.co/2026/05/29/comunidad-protesta-en-el-peaje-de-tuta-y-exige-tarifa-cero-para-habitantes-de-cuatro-municipios/,conflicto_territorial,Oicata,N2,6
https://boyaca7dias.com.co/2026/06/05/peaje-gratis-anoche-en-la-caseta-de-tuta-tolditos7dias/,conflicto_territorial,Oicata,N2,7
https://boyaca7dias.com.co/2026/04/09/bloqueos-en-boyaca-este-jueves-por-paro-nacional-en-rechazo-al-aumento-del-impuesto-predial-estos-son-los-puntos-confirmados/,conflicto_territorial,Oicata,N3,1
https://boyaca7dias.com.co/2026/08/03/comunidades-advierten-con-bloquear-por-completo-la-via-en-el-peaje-de-tuta-ante-incumplimientos-de-la-ani/,conflicto_territorial,Oicata,N3,2
https://www.eltiempo.com/colombia/otras-ciudades/familia-y-bomberos-exigen-a-fiscalia-recapturar-al-tatuador-senalado-de-agredir-al-comandante-jairo-bolivar-sigue-en-uci-tras-brutal-golpiza-en-tunja-3572450,conflicto_territorial,Oicata,N3,3
https://boyaca7dias.com.co/2026/08/06/proteger-al-venado-cola-blanca-una-prioridad-para-salvaguardar-la-biodiversidad-en-boyaca/,conflicto_territorial,Oicata,N3,4
https://boyaca7dias.com.co/2025/12/05/unidad-de-busqueda-de-personas-dadas-por-desaparecidas-esta-hoy-en-la-terminal-de-transportes-de-tunja-ofreciendo-sus-servicios-humanitarios/,conflicto_territorial,Oicata,N3,5
https://www.eltiempo.com/politica/elecciones-colombia-2026/asi-recibieron-los-sectores-politicos-la-mas-reciente-encuesta-de-intencion-de-voto-de-guarumo-y-ecoanalitica-para-el-tiempo-3543844,conflicto_territorial,Oicata,N3,6
https://boyaca7dias.com.co/2026/05/29/comunidad-protesta-en-el-peaje-de-tuta-y-exige-tarifa-cero-para-habitantes-de-cuatro-municipios/,conflicto_territorial,Oicata,N3,7
https://boyaca7dias.com.co/2026/08/04/capturaron-a-tres-presuntos-integrantes-de-banda-dedicada-al-hurto-de-viviendas-en-boyaca/,conflicto_territorial,Oicata,N3,8
https://boyaca7dias.com.co/2026/06/06/estos-fueron-los-compromisos-acordados-tras-las-protestas-en-el-peaje-de-tuta/,conflicto_territorial,Oicata,N3,9
https://boyaca7dias.com.co/2026/08/07/de-los-dos-megaproyectos-de-petro-para-boyaca-uno-arranco-y-el-otro-se-quedo-estancado/,conflicto_territorial,Oicata,N3,10
https://www.eltiempo.com/politica/elecciones-colombia-2026/asi-recibieron-los-sectores-politicos-la-mas-reciente-encuesta-de-intencion-de-voto-de-guarumo-y-ecoanalitica-para-el-tiempo-3543844,conflicto_territorial,Oicata,P1,1
https://www.eltiempo.com/politica/elecciones-colombia-2026/los-escenarios-de-las-elecciones-presidenciales-tras-encuesta-de-guarumo-y-ecoanalitica-que-lidera-cepeda-y-le-siguen-de-la-espriella-y-valencia-3543783,conflicto_territorial,Oicata,P1,2
https://www.eltiempo.com/politica/elecciones-colombia-2026/nueva-encuesta-guarumo-asi-ha-sido-la-intencion-de-voto-de-paloma-valencia-paso-de-6-9-por-ciento-en-enero-a-19-9-por-ciento-en-marzo-3543646,conflicto_territorial,Oicata,P1,3
https://boyaca7dias.com.co/2026/04/24/capturan-a-presunto-responsable-de-millonario-hurto-en-zona-rural-de-combita/,conflicto_territorial,Oicata,P1,4
https://www.eltiempo.com/colombia/otras-ciudades/familia-y-bomberos-exigen-a-fiscalia-recapturar-al-tatuador-senalado-de-agredir-al-comandante-jairo-bolivar-sigue-en-uci-tras-brutal-golpiza-en-tunja-3572450,conflicto_territorial,Oicata,P1,5
https://www.eltiempo.com/politica/elecciones-colombia-2026/resultados-presidenciales-2026-primera-vuelta/en-vivo-elecciones-presidenciales-2026-siga-la-jornada-de-votacion-en-oicata-boyaca-ultimas-noticias-3560006,conflicto_territorial,Oicata,P1,6
https://boyaca7dias.com.co/2026/08/03/comunidades-advierten-con-bloquear-por-completo-la-via-en-el-peaje-de-tuta-ante-incumplimientos-de-la-ani/,conflicto_territorial,Oicata,P1,7
https://boyaca7dias.com.co/2025/08/05/paros-en-boyaca-bloqueos-ley-seca-y-represamiento-de-alimentos-marcaron-el-primer-dia-de-la-jornada/,conflicto_territorial,Oicata,P1,8
https://boyaca7dias.com.co/2026/06/05/peaje-gratis-anoche-en-la-caseta-de-tuta-tolditos7dias/,conflicto_territorial,Oicata,P1,9
https://boyaca7dias.com.co/2026/08/04/capturaron-a-tres-presuntos-integrantes-de-banda-dedicada-al-hurto-de-viviendas-en-boyaca/,conflicto_territorial,Oicata,P1,10
https://boyaca7dias.com.co/2025/12/05/unidad-de-busqueda-de-personas-dadas-por-desaparecidas-esta-hoy-en-la-terminal-de-transportes-de-tunja-ofreciendo-sus-servicios-humanitarios/,conflicto_territorial,Oicata,P1,11
https://boyaca7dias.com.co/2026/08/04/desde-la-medianoche-de-hoy-se-restablecera-el-cobro-en-el-peaje-de-tuta/,conflicto_territorial,Oicata,P1,12
https://boyaca7dias.com.co/2026/08/07/de-los-dos-megaproyectos-de-petro-para-boyaca-uno-arranco-y-el-otro-se-quedo-estancado/,conflicto_territorial,Oicata,P1,13
https://boyaca7dias.com.co/2026/08/06/proteger-al-venado-cola-blanca-una-prioridad-para-salvaguardar-la-biodiversidad-en-boyaca/,conflicto_territorial,Oicata,P1,14
https://www.eltiempo.com/economia/sectores/ani-adjudico-obras-publicas-de-los-corredores-ferreos-bogota-belencito-y-pacifico-por-mas-de-564-958-millones-3572794,conflicto_territorial,Oicata,P1,15
https://boyaca7dias.com.co/2026/04/09/bloqueos-en-boyaca-este-jueves-por-paro-nacional-en-rechazo-al-aumento-del-impuesto-predial-estos-son-los-puntos-confirmados/,conflicto_territorial,Oicata,P2,1
https://boyaca7dias.com.co/2025/11/13/la-unidad-de-busqueda-de-personas-recupero-diez-cuerpos-en-el-cementerio-de-oicata/,conflicto_territorial,Oicata,P2,2
https://www.eltiempo.com/politica/elecciones-colombia-2026/asi-recibieron-los-sectores-politicos-la-mas-reciente-encuesta-de-intencion-de-voto-de-guarumo-y-ecoanalitica-para-el-tiempo-3543844,conflicto_territorial,Oicata,P2,3
https://www.eltiempo.com/politica/elecciones-colombia-2026/empate-tecnico-entre-ivan-cepeda-y-paloma-valencia-en-segunda-vuelta-de-acuerdo-con-la-encuesta-de-marzo-de-guarumo-3543649,conflicto_territorial,Oicata,P2,4
https://www.eltiempo.com/politica/elecciones-colombia-2026/los-escenarios-de-las-elecciones-presidenciales-tras-encuesta-de-guarumo-y-ecoanalitica-que-lidera-cepeda-y-le-siguen-de-la-espriella-y-valencia-3543783,conflicto_territorial,Oicata,P2,5
https://boyaca7dias.com.co/2026/02/21/biologa-de-la-uptc-gana-beca-colombia-biodiversa-por-crear-investigacion-que-estudiara-los-riesgos-sanitarios-en-el-rio-chicamocha/,conflicto_territorial,Oicata,P2,6
https://www.eltiempo.com/colombia/otras-ciudades/invertiran-19-000-millones-en-estufas-ecoeficientes-para-reducir-el-uso-de-lena-y-prevenir-enfermedades-en-39-municipios-de-boyaca-3506932,conflicto_territorial,Oicata,P2,7
https://www.eltiempo.com/politica/elecciones-colombia-2026/nueva-encuesta-guarumo-asi-ha-sido-la-intencion-de-voto-de-paloma-valencia-paso-de-6-9-por-ciento-en-enero-a-19-9-por-ciento-en-marzo-3543646,conflicto_territorial,Oicata,P2,8
https://boyaca7dias.com.co/2026/04/28/los-proyectos-comunitarios-que-urbaser-ha-venido-apoyando-en-pirgua-y-sectores-de-oicata/,conflicto_territorial,Oicata,P2,9
https://boyaca7dias.com.co/2025/08/26/escuela-rural-de-cienega-busca-recursos-para-construir-un-parque-infantil-que-beneficiaria-a-mas-de-20-ninos/,conflicto_territorial,Oicata,P2,10
https://www.eltiempo.com/colombia/otras-ciudades/familia-y-bomberos-exigen-a-fiscalia-recapturar-al-tatuador-senalado-de-agredir-al-comandante-jairo-bolivar-sigue-en-uci-tras-brutal-golpiza-en-tunja-3572450,conflicto_territorial,Oicata,P2,11
https://boyaca7dias.com.co/2025/08/24/empresas-que-han-hecho-historia-en-boyaca-y-que-han-impulsado-su-desarrollo-hector-h-rodriguez-aelinforme-h-h/,conflicto_territorial,Oicata,P2,12
https://www.eltiempo.com/colombia/otras-ciudades/asi-fue-la-cadena-de-fallas-que-llevo-al-choque-mortal-del-camion-de-gas-en-la-via-simijaca-chiquinquira-cundinamarca-la-tragedia-pudo-ser-peor-3530470,conflicto_territorial,Oicata,P2,13
https://boyaca7dias.com.co/2025/08/05/paros-en-boyaca-bloqueos-ley-seca-y-represamiento-de-alimentos-marcaron-el-primer-dia-de-la-jornada/,conflicto_territorial,Oicata,P2,14
https://boyaca7dias.com.co/2026/04/24/capturan-a-presunto-responsable-de-millonario-hurto-en-zona-rural-de-combita/,conflicto_territorial,Oicata,P2,15
https://boyaca7dias.com.co/2026/04/24/capturan-a-presunto-responsable-de-millonario-hurto-en-zona-rural-de-combita/,presencia_grupos_armados,Oicata,vig,1
https://boyaca7dias.com.co/2026/08/04/capturaron-a-tres-presuntos-integrantes-de-banda-dedicada-al-hurto-de-viviendas-en-boyaca/,presencia_grupos_armados,Oicata,vig,2
https://boyaca7dias.com.co/2025/08/05/paros-en-boyaca-bloqueos-ley-seca-y-represamiento-de-alimentos-marcaron-el-primer-dia-de-la-jornada/,presencia_grupos_armados,Oicata,vig,3
https://www.eltiempo.com/colombia/otras-ciudades/familia-y-bomberos-exigen-a-fiscalia-recapturar-al-tatuador-senalado-de-agredir-al-comandante-jairo-bolivar-sigue-en-uci-tras-brutal-golpiza-en-tunja-3572450,presencia_grupos_armados,Oicata,vig,4
https://boyaca7dias.com.co/2026/08/06/proteger-al-venado-cola-blanca-una-prioridad-para-salvaguardar-la-biodiversidad-en-boyaca/,presencia_grupos_armados,Oicata,vig,5
https://boyaca7dias.com.co/2025/12/05/unidad-de-busqueda-de-personas-dadas-por-desaparecidas-esta-hoy-en-la-terminal-de-transportes-de-tunja-ofreciendo-sus-servicios-humanitarios/,presencia_grupos_armados,Oicata,vig,6
https://boyaca7dias.com.co/2025/11/13/la-unidad-de-busqueda-de-personas-recupero-diez-cuerpos-en-el-cementerio-de-oicata/,presencia_grupos_armados,Oicata,vig,7
https://www.eltiempo.com/economia/sectores/ani-adjudico-obras-publicas-de-los-corredores-ferreos-bogota-belencito-y-pacifico-por-mas-de-564-958-millones-3572794,presencia_grupos_armados,Oicata,N1,1
https://boyaca7dias.com.co/2026/08/06/proteger-al-venado-cola-blanca-una-prioridad-para-salvaguardar-la-biodiversidad-en-boyaca/,presencia_grupos_armados,Oicata,N1,2
https://boyaca7dias.com.co/2026/08/07/de-los-dos-megaproyectos-de-petro-para-boyaca-uno-arranco-y-el-otro-se-quedo-estancado/,presencia_grupos_armados,Oicata,N1,3
https://boyaca7dias.com.co/2026/08/07/de-los-dos-megaproyectos-de-petro-para-boyaca-uno-arranco-y-el-otro-se-quedo-estancado/,presencia_grupos_armados,Oicata,N2,1
https://boyaca7dias.com.co/2026/04/09/bloqueos-en-boyaca-este-jueves-por-paro-nacional-en-rechazo-al-aumento-del-impuesto-predial-estos-son-los-puntos-confirmados/,presencia_grupos_armados,Oicata,N2,2
https://boyaca7dias.com.co/2026/07/27/el-gobierno-del-presidente-petro-adjudico-las-obras-publicas-del-corredor-ferreo-bogota-belencito/,presencia_grupos_armados,Oicata,N2,3
https://boyaca7dias.com.co/2025/08/05/paros-en-boyaca-bloqueos-ley-seca-y-represamiento-de-alimentos-marcaron-el-primer-dia-de-la-jornada/,presencia_grupos_armados,Oicata,N2,4
https://www.eltiempo.com/politica/elecciones-colombia-2026/resultados-presidenciales-2026-primera-vuelta/en-vivo-elecciones-presidenciales-2026-siga-la-jornada-de-votacion-en-oicata-boyaca-ultimas-noticias-3560006,presencia_grupos_armados,Oicata,N2,5
https://boyaca7dias.com.co/2026/08/04/capturaron-a-tres-presuntos-integrantes-de-banda-dedicada-al-hurto-de-viviendas-en-boyaca/,presencia_grupos_armados,Oicata,N2,6
https://boyaca7dias.com.co/2026/08/03/comunidades-advierten-con-bloquear-por-completo-la-via-en-el-peaje-de-tuta-ante-incumplimientos-de-la-ani/,presencia_grupos_armados,Oicata,N2,7
https://boyaca7dias.com.co/2026/02/21/biologa-de-la-uptc-gana-beca-colombia-biodiversa-por-crear-investigacion-que-estudiara-los-riesgos-sanitarios-en-el-rio-chicamocha/,presencia_grupos_armados,Oicata,N2,8
https://boyaca7dias.com.co/2026/06/05/peaje-gratis-anoche-en-la-caseta-de-tuta-tolditos7dias/,presencia_grupos_armados,Oicata,N2,9
https://www.eltiempo.com/economia/sectores/ani-adjudico-obras-publicas-de-los-corredores-ferreos-bogota-belencito-y-pacifico-por-mas-de-564-958-millones-3572794,presencia_grupos_armados,Oicata,N2,10
https://www.eltiempo.com/politica/elecciones-colombia-2026/nueva-encuesta-guarumo-asi-ha-sido-la-intencion-de-voto-de-paloma-valencia-paso-de-6-9-por-ciento-en-enero-a-19-9-por-ciento-en-marzo-3543646,presencia_grupos_armados,Oicata,N2,11
https://boyaca7dias.com.co/2026/01/26/gestion-del-riesgo-de-boyaca-mantiene-alerta-en-47-municipios-por-amenaza-de-incendios-forestales/,presencia_grupos_armados,Oicata,N2,12
https://boyaca7dias.com.co/2026/08/04/desde-la-medianoche-de-hoy-se-restablecera-el-cobro-en-el-peaje-de-tuta/,presencia_grupos_armados,Oicata,N2,13
https://boyaca7dias.com.co/2025/12/05/unidad-de-busqueda-de-personas-dadas-por-desaparecidas-esta-hoy-en-la-terminal-de-transportes-de-tunja-ofreciendo-sus-servicios-humanitarios/,presencia_grupos_armados,Oicata,N2,14
https://boyaca7dias.com.co/2026/08/06/proteger-al-venado-cola-blanca-una-prioridad-para-salvaguardar-la-biodiversidad-en-boyaca/,presencia_grupos_armados,Oicata,N2,15
https://boyaca7dias.com.co/2025/12/05/unidad-de-busqueda-de-personas-dadas-por-desaparecidas-esta-hoy-en-la-terminal-de-transportes-de-tunja-ofreciendo-sus-servicios-humanitarios/,presencia_grupos_armados,Oicata,N3,1
https://boyaca7dias.com.co/2025/12/29/en-lo-que-va-de-diciembre-en-boyaca-se-han-presentado-27-incendios/,presencia_grupos_armados,Oicata,P1,1
https://www.eltiempo.com/politica/elecciones-colombia-2026/resultados-presidenciales-2026-primera-vuelta/en-vivo-elecciones-presidenciales-2026-siga-la-jornada-de-votacion-en-oicata-boyaca-ultimas-noticias-3560006,presencia_grupos_armados,Oicata,P1,2
https://boyaca7dias.com.co/2026/08/03/comunidades-advierten-con-bloquear-por-completo-la-via-en-el-peaje-de-tuta-ante-incumplimientos-de-la-ani/,presencia_grupos_armados,Oicata,P1,3
https://boyaca7dias.com.co/2026/08/07/de-los-dos-megaproyectos-de-petro-para-boyaca-uno-arranco-y-el-otro-se-quedo-estancado/,presencia_grupos_armados,Oicata,P1,4
https://boyaca7dias.com.co/2026/08/04/desde-la-medianoche-de-hoy-se-restablecera-el-cobro-en-el-peaje-de-tuta/,presencia_grupos_armados,Oicata,P1,5
https://boyaca7dias.com.co/2026/01/26/gestion-del-riesgo-de-boyaca-mantiene-alerta-en-47-municipios-por-amenaza-de-incendios-forestales/,presencia_grupos_armados,Oicata,P1,6
https://www.eltiempo.com/economia/sectores/ani-adjudico-obras-publicas-de-los-corredores-ferreos-bogota-belencito-y-pacifico-por-mas-de-564-958-millones-3572794,presencia_grupos_armados,Oicata,P1,7
https://boyaca7dias.com.co/2026/04/09/bloqueos-en-boyaca-este-jueves-por-paro-nacional-en-rechazo-al-aumento-del-impuesto-predial-estos-son-los-puntos-confirmados/,presencia_grupos_armados,Oicata,P1,8
https://boyaca7dias.com.co/2026/02/21/biologa-de-la-uptc-gana-beca-colombia-biodiversa-por-crear-investigacion-que-estudiara-los-riesgos-sanitarios-en-el-rio-chicamocha/,presencia_grupos_armados,Oicata,P1,9
https://boyaca7dias.com.co/2026/08/06/proteger-al-venado-cola-blanca-una-prioridad-para-salvaguardar-la-biodiversidad-en-boyaca/,presencia_grupos_armados,Oicata,P1,10
https://boyaca7dias.com.co/2025/12/05/unidad-de-busqueda-de-personas-dadas-por-desaparecidas-esta-hoy-en-la-terminal-de-transportes-de-tunja-ofreciendo-sus-servicios-humanitarios/,presencia_grupos_armados,Oicata,P1,11
https://boyaca7dias.com.co/2026/05/29/comunidad-protesta-en-el-peaje-de-tuta-y-exige-tarifa-cero-para-habitantes-de-cuatro-municipios/,presencia_grupos_armados,Oicata,P1,12
https://boyaca7dias.com.co/2026/06/05/peaje-gratis-anoche-en-la-caseta-de-tuta-tolditos7dias/,presencia_grupos_armados,Oicata,P1,13
https://boyaca7dias.com.co/2025/08/05/paros-en-boyaca-bloqueos-ley-seca-y-represamiento-de-alimentos-marcaron-el-primer-dia-de-la-jornada/,presencia_grupos_armados,Oicata,P2,1
https://boyaca7dias.com.co/2026/08/04/capturaron-a-tres-presuntos-integrantes-de-banda-dedicada-al-hurto-de-viviendas-en-boyaca/,presencia_grupos_armados,Oicata,P2,2
https://boyaca7dias.com.co/2026/08/06/proteger-al-venado-cola-blanca-una-prioridad-para-salvaguardar-la-biodiversidad-en-boyaca/,presencia_grupos_armados,Oicata,P2,3
https://boyaca7dias.com.co/2025/12/05/unidad-de-busqueda-de-personas-dadas-por-desaparecidas-esta-hoy-en-la-terminal-de-transportes-de-tunja-ofreciendo-sus-servicios-humanitarios/,presencia_grupos_armados,Oicata,P2,4
https://boyaca7dias.com.co/2026/04/24/capturan-a-presunto-responsable-de-millonario-hurto-en-zona-rural-de-combita/,presencia_grupos_armados,Oicata,P2,5
https://boyaca7dias.com.co/2026/08/07/de-los-dos-megaproyectos-de-petro-para-boyaca-uno-arranco-y-el-otro-se-quedo-estancado/,presencia_grupos_armados,Oicata,P2,6
https://www.eltiempo.com/colombia/otras-ciudades/paraguachon-frontera-cerrada-asi-se-vive-en-la-guajira-el-bloqueo-del-paso-entre-colombia-y-venezuela-tras-la-captura-de-nicolas-maduro-3521565,exclusion_beneficios_economicos,Paraguachon,vig,1
https://laguajirahoy.com/maicao-3/tension-del-lado-venezolano-por-caso-judicial-afecta-comercio-binacional.html,exclusion_beneficios_economicos,Paraguachon,vig,2
https://laguajirahoy.com/judiciales/se-reabre-frontera-y-se-normaliza-paso-por-paraguachon-en-la-guajira.html,exclusion_beneficios_economicos,Paraguachon,vig,3
https://laguajirahoy.com/judiciales/secuestro-en-la-guajira-voces-policiales-explican-causas-cifras-y-retos.html,exclusion_beneficios_economicos,Paraguachon,vig,4
https://laguajirahoy.com/comunidad/venezolanos-en-la-guajira-viven-con-emociones-encontradas-los-recientes-sucesos-politicos-en-su-pais.html,exclusion_beneficios_economicos,Paraguachon,vig,5
https://www.eltiempo.com/mundo/europa/presidente-macron-confirma-la-liberacion-de-camilo-castro-frances-detenido-en-venezuela-desde-junio-y-anuncia-que-ya-viaja-hacia-francia-3509354,exclusion_beneficios_economicos,Paraguachon,vig,6
https://laguajirahoy.com/riohacha/riohacha-celebro-480-anos-esperando-que-la-concesion-repara-la-avenida-del-progreso.html,exclusion_beneficios_economicos,Paraguachon,vig,7
https://laguajirahoy.com/nacion/satena-gestiona-vuelos-diarios-entre-riohacha-y-barranquilla-tras-colapso-del-puente.html,exclusion_beneficios_economicos,Paraguachon,vig,8
https://diariodelnorte.net/judiciales/deportan-a-ciudadano-irani-que-ingreso-irregularmente-a-colombia-por-la-frontera-de-maicao-con-venezuela/,exclusion_beneficios_economicos,Paraguachon,vig,9
https://diariodelnorte.net/judiciales/operativos-en-la-guajira-dejan-seis-capturados-y-recuperacion-de-tres-motocicletas-hurtadas/,exclusion_beneficios_economicos,Paraguachon,vig,10
https://diariodelnorte.net/judiciales/recuperan-dos-motocicletas-hurtadas-capturan-a-un-hombre-por-receptacion-e-incautan-arma-traumatica-en-vias-de-la-guajira/,exclusion_beneficios_economicos,Paraguachon,vig,11
https://laguajirahoy.com/la-guajira/educacion-vial-para-proteger-la-vida-en-corredores-escolares.html,exclusion_beneficios_economicos,Paraguachon,vig,12
https://www.eltiempo.com/colombia/otras-ciudades/la-guajira-normalidad-en-la-frontera-tras-reapertura-del-paso-en-paraguachon-por-parte-de-las-autoridades-venezolanas-maicao-se-mantiene-en-alerta-3521735,exclusion_beneficios_economicos,Paraguachon,vig,13
https://laguajirahoy.com/judiciales/capturan-en-paraguachon-a-hombre-requerido-por-delito-informatico.html,exclusion_beneficios_economicos,Paraguachon,vig,14
https://laguajirahoy.com/judiciales/por-presion-de-autoridades-venezolanas-captores-liberan-secuestrados-colombianos.html,exclusion_beneficios_economicos,Paraguachon,vig,15
https://laguajirahoy.com/judiciales/por-presion-de-autoridades-venezolanas-captores-liberan-secuestrados-colombianos.html,exclusion_beneficios_economicos,Paraguachon,N1,1
https://diariodelnorte.net/judiciales/capturan-a-un-hombre-por-presunta-falsedad-documental-y-recuperan-moto-hurtada-en-la-guajira/,exclusion_beneficios_economicos,Paraguachon,N1,2
https://laguajirahoy.com/riohacha/huecos-en-la-calle-15-de-riohacha-ponen-en-riesgo-a-conductores-y-peatones.html,exclusion_beneficios_economicos,Paraguachon,N1,3
https://diariodelnorte.net/opinion/agua-para-todos-donde-esta-el-centavo-para-el-peso/,exclusion_beneficios_economicos,Paraguachon,N1,4
https://diariodelnorte.net/judiciales/autoridades-capturan-a-13-personas-en-maicao-por-homicidio-extorsion-y-microtrafico/,exclusion_beneficios_economicos,Paraguachon,N1,5
https://laguajirahoy.com/riohacha/riohacha-celebro-480-anos-esperando-que-la-concesion-repara-la-avenida-del-progreso.html,exclusion_beneficios_economicos,Paraguachon,N1,6
https://diariodelnorte.net/laguajira/movimiento-quinto-poder-presenta-propuestas-para-el-desarrollo-de-la-guajira/,exclusion_beneficios_economicos,Paraguachon,N1,7
https://www.eltiempo.com/mundo/europa/presidente-macron-confirma-la-liberacion-de-camilo-castro-frances-detenido-en-venezuela-desde-junio-y-anuncia-que-ya-viaja-hacia-francia-3509354,exclusion_beneficios_economicos,Paraguachon,N1,8
https://laguajirahoy.com/judiciales-2/operativos-en-maicao-dejan-13-capturados-por-graves-delitos.html,exclusion_beneficios_economicos,Paraguachon,N1,9
https://laguajirahoy.com/riohacha/dirigentes-exigen-a-concesion-santa-marta-paraguachon-reparar-la-deteriorada-calle-15-de-riohacha.html,exclusion_beneficios_economicos,Paraguachon,N1,10
https://laguajirahoy.com/riohacha/cuatro-anos-despues-puentes-y-arte-publico-siguen-desaparecidos-en-riohacha.html,exclusion_beneficios_economicos,Paraguachon,N1,11
https://laguajirahoy.com/nacion/satena-gestiona-vuelos-diarios-entre-riohacha-y-barranquilla-tras-colapso-del-puente.html,exclusion_beneficios_economicos,Paraguachon,N1,12
https://diariodelnorte.net/editorial/quienes-secuestran/,exclusion_beneficios_economicos,Paraguachon,N1,13
https://diariodelnorte.net/judiciales/capturan-a-hombre-que-conducia-vehiculo-reportado-como-hurtado-en-paraguachon/,exclusion_beneficios_economicos,Paraguachon,N1,14
https://diariodelnorte.net/judiciales/capturan-en-la-via-maicao-paraguachon-a-hombre-requerido-por-hurto-calificado-agravado/,exclusion_beneficios_economicos,Paraguachon,N1,15
https://laguajirahoy.com/riohacha/riohacha-celebro-480-anos-esperando-que-la-concesion-repara-la-avenida-del-progreso.html,exclusion_beneficios_economicos,Paraguachon,N2,1
https://diariodelnorte.net/judiciales/comunidades-wayuu-levantan-bloqueo-en-la-via-riohacha-maicao-tras-acordar-mesa-de-dialogo-por-atentado-en-alto-pino/,exclusion_beneficios_economicos,Paraguachon,N2,2
https://laguajirahoy.com/nacion/satena-gestiona-vuelos-diarios-entre-riohacha-y-barranquilla-tras-colapso-del-puente.html,exclusion_beneficios_economicos,Paraguachon,N2,3
https://laguajirahoy.com/judiciales/por-presion-de-autoridades-venezolanas-captores-liberan-secuestrados-colombianos.html,exclusion_beneficios_economicos,Paraguachon,N2,4
https://laguajirahoy.com/judiciales/se-reabre-frontera-y-se-normaliza-paso-por-paraguachon-en-la-guajira.html,exclusion_beneficios_economicos,Paraguachon,N2,5
https://diariodelnorte.net/judiciales/capturan-a-un-hombre-por-presunta-falsedad-documental-y-recuperan-moto-hurtada-en-la-guajira/,exclusion_beneficios_economicos,Paraguachon,N2,6
https://diariodelnorte.net/opinion/agua-para-todos-donde-esta-el-centavo-para-el-peso/,exclusion_beneficios_economicos,Paraguachon,N2,7
https://laguajirahoy.com/la-guajira/educacion-vial-para-proteger-la-vida-en-corredores-escolares.html,exclusion_beneficios_economicos,Paraguachon,N2,8
https://laguajirahoy.com/riohacha/huecos-en-la-calle-15-de-riohacha-ponen-en-riesgo-a-conductores-y-peatones.html,exclusion_beneficios_economicos,Paraguachon,N2,9
https://diariodelnorte.net/judiciales/operativos-en-la-guajira-dejan-seis-capturados-y-recuperacion-de-tres-motocicletas-hurtadas/,exclusion_beneficios_economicos,Paraguachon,N2,10
https://diariodelnorte.net/laguajira/movimiento-quinto-poder-presenta-propuestas-para-el-desarrollo-de-la-guajira/,exclusion_beneficios_economicos,Paraguachon,N2,11
https://laguajirahoy.com/judiciales-2/operativos-en-maicao-dejan-13-capturados-por-graves-delitos.html,exclusion_beneficios_economicos,Paraguachon,N2,12
https://diariodelnorte.net/judiciales/capturan-a-hombre-que-conducia-vehiculo-reportado-como-hurtado-en-paraguachon/,exclusion_beneficios_economicos,Paraguachon,N2,13
https://www.eltiempo.com/economia/sectores/ani-culmina-ciclo-de-concesiones-viales-y-retorna-tres-proyectos-a-invias-3520567,exclusion_beneficios_economicos,Paraguachon,N2,14
https://diariodelnorte.net/laguajira/policia-comunitaria-llevo-jornada-de-cine-al-barrio-para-fortalecer-la-convivencia-en-paraguachon/,exclusion_beneficios_economicos,Paraguachon,N2,15
https://diariodelnorte.net/opinion/agua-para-todos-donde-esta-el-centavo-para-el-peso/,exclusion_beneficios_economicos,Paraguachon,N3,1
https://laguajirahoy.com/comunidad/venezolanos-en-la-guajira-viven-con-emociones-encontradas-los-recientes-sucesos-politicos-en-su-pais.html,exclusion_beneficios_economicos,Paraguachon,N3,2
https://laguajirahoy.com/nacion/cerrada-frontera-del-lado-venezolano-en-la-guajira.html,exclusion_beneficios_economicos,Paraguachon,N3,3
https://laguajirahoy.com/maicao/mercados-comunitarios-abren-nuevas-oportunidades-para-productores-rurales-de-maicao.html,exclusion_beneficios_economicos,Paraguachon,N3,4
https://www.eltiempo.com/colombia/otras-ciudades/temblor-de-magnitud-3-4-sacudio-la-guajira-y-tiene-en-alerta-a-la-ciudad-fronteriza-el-epicentro-estuvo-en-dibulla-3567507,exclusion_beneficios_economicos,Paraguachon,N3,5
https://laguajirahoy.com/judiciales/por-presion-de-autoridades-venezolanas-captores-liberan-secuestrados-colombianos.html,exclusion_beneficios_economicos,Paraguachon,N3,6
https://laguajirahoy.com/judiciales/venezuela-libero-a-ciudadano-frances-quien-fue-capturado-en-la-frontera-con-la-guajira.html,exclusion_beneficios_economicos,Paraguachon,N3,7
https://laguajirahoy.com/la-guajira/la-guajira-envia-primeras-ayudas-humanitarias-a-familias-venezolanas.html,exclusion_beneficios_economicos,Paraguachon,N3,8
https://diariodelnorte.net/opinion/el-regreso-de-venezuela-al-mapa-guajiro/,exclusion_beneficios_economicos,Paraguachon,N3,9
https://www.eltiempo.com/mundo/venezuela/padrino-lopez-confirmo-el-asesinato-de-varios-miembros-del-equipo-de-seguridad-de-nicolas-maduro-tras-los-bombardeos-de-estados-unidos-3521738,exclusion_beneficios_economicos,Paraguachon,N3,10
https://diariodelnorte.net/judiciales/deportan-a-ciudadano-irani-que-ingreso-irregularmente-a-colombia-por-la-frontera-de-maicao-con-venezuela/,exclusion_beneficios_economicos,Paraguachon,N3,11
https://laguajirahoy.com/judiciales/se-reabre-frontera-y-se-normaliza-paso-por-paraguachon-en-la-guajira.html,exclusion_beneficios_economicos,Paraguachon,N3,12
https://laguajirahoy.com/judiciales/autoridades-sin-pistas-tras-hurto-de-camioneta-en-manaure-en-la-guajira.html,exclusion_beneficios_economicos,Paraguachon,N3,13
https://diariodelnorte.net/judiciales/migracion-colombia-expulsa-a-venezolana-detectada-durante-tramite-medico/,exclusion_beneficios_economicos,Paraguachon,N3,14
https://laguajirahoy.com/nacion/satena-gestiona-vuelos-diarios-entre-riohacha-y-barranquilla-tras-colapso-del-puente.html,exclusion_beneficios_economicos,Paraguachon,N3,15
https://laguajirahoy.com/riohacha/huecos-en-la-calle-15-de-riohacha-ponen-en-riesgo-a-conductores-y-peatones.html,exclusion_beneficios_economicos,Paraguachon,P1,1
https://diariodelnorte.net/laguajira/ejercito-nacional-reporta-cobertura-total-de-seguridad-en-zonas-rurales-de-la-guajira-durante-elecciones/,exclusion_beneficios_economicos,Paraguachon,P1,2
https://laguajirahoy.com/riohacha/dirigentes-exigen-a-concesion-santa-marta-paraguachon-reparar-la-deteriorada-calle-15-de-riohacha.html,exclusion_beneficios_economicos,Paraguachon,P1,3
https://laguajirahoy.com/riohacha/cuatro-anos-despues-puentes-y-arte-publico-siguen-desaparecidos-en-riohacha.html,exclusion_beneficios_economicos,Paraguachon,P1,4
https://diariodelnorte.net/judiciales/capturan-en-paraguachon-a-hombre-requerido-por-delito-informatico/,exclusion_beneficios_economicos,Paraguachon,P1,5
https://laguajirahoy.com/judiciales/venezuela-libero-a-ciudadano-frances-quien-fue-capturado-en-la-frontera-con-la-guajira.html,exclusion_beneficios_economicos,Paraguachon,P1,6
https://diariodelnorte.net/editorial/quienes-secuestran/,exclusion_beneficios_economicos,Paraguachon,P1,7
https://diariodelnorte.net/judiciales/conductor-denuncia-presunta-extorsion-por-parte-de-un-agente-de-transito-en-maicao/,exclusion_beneficios_economicos,Paraguachon,P1,8
https://laguajirahoy.com/comunidad/venezolanos-en-la-guajira-viven-con-emociones-encontradas-los-recientes-sucesos-politicos-en-su-pais.html,exclusion_beneficios_economicos,Paraguachon,P1,9
https://laguajirahoy.com/judiciales/por-presion-de-autoridades-venezolanas-captores-liberan-secuestrados-colombianos.html,exclusion_beneficios_economicos,Paraguachon,P1,10
https://laguajirahoy.com/politica/maicao-esta-en-modo-consejos-de-juventud.html,exclusion_beneficios_economicos,Paraguachon,P1,11
https://diariodelnorte.net/opinion/el-regreso-de-venezuela-al-mapa-guajiro/,exclusion_beneficios_economicos,Paraguachon,P1,12
https://laguajirahoy.com/educacion/nueva-estrategia-educativa-impulsa-integracion-infantil-en-la-guajira.html,exclusion_beneficios_economicos,Paraguachon,P1,13
https://www.eltiempo.com/mundo/europa/presidente-macron-confirma-la-liberacion-de-camilo-castro-frances-detenido-en-venezuela-desde-junio-y-anuncia-que-ya-viaja-hacia-francia-3509354,exclusion_beneficios_economicos,Paraguachon,P1,14
https://laguajirahoy.com/judiciales-2/operativos-en-maicao-dejan-13-capturados-por-graves-delitos.html,exclusion_beneficios_economicos,Paraguachon,P1,15
https://laguajirahoy.com/comunidad/venezolanos-en-la-guajira-viven-con-emociones-encontradas-los-recientes-sucesos-politicos-en-su-pais.html,exclusion_beneficios_economicos,Paraguachon,P2,1
https://diariodelnorte.net/opinion/agua-para-todos-donde-esta-el-centavo-para-el-peso/,exclusion_beneficios_economicos,Paraguachon,P2,2
https://laguajirahoy.com/riohacha/huecos-en-la-calle-15-de-riohacha-ponen-en-riesgo-a-conductores-y-peatones.html,exclusion_beneficios_economicos,Paraguachon,P2,3
https://www.eltiempo.com/colombia/otras-ciudades/temblor-de-magnitud-3-4-sacudio-la-guajira-y-tiene-en-alerta-a-la-ciudad-fronteriza-el-epicentro-estuvo-en-dibulla-3567507,exclusion_beneficios_economicos,Paraguachon,P2,4
https://laguajirahoy.com/judiciales/se-reabre-frontera-y-se-normaliza-paso-por-paraguachon-en-la-guajira.html,exclusion_beneficios_economicos,Paraguachon,P2,5
https://laguajirahoy.com/maicao-3/tension-del-lado-venezolano-por-caso-judicial-afecta-comercio-binacional.html,exclusion_beneficios_economicos,Paraguachon,P2,6
https://laguajirahoy.com/judiciales/por-presion-de-autoridades-venezolanas-captores-liberan-secuestrados-colombianos.html,exclusion_beneficios_economicos,Paraguachon,P2,7
https://laguajirahoy.com/judiciales/autoridades-sin-pistas-tras-hurto-de-camioneta-en-manaure-en-la-guajira.html,exclusion_beneficios_economicos,Paraguachon,P2,8
https://www.eltiempo.com/colombia/otras-ciudades/migracion-deporta-a-venezolana-que-tenia-orden-de-expulsion-vigente-fue-identificada-durante-atencion-en-una-clinica-de-valledupar-3562637,exclusion_beneficios_economicos,Paraguachon,P2,9
https://laguajirahoy.com/riohacha/dirigentes-exigen-a-concesion-santa-marta-paraguachon-reparar-la-deteriorada-calle-15-de-riohacha.html,exclusion_beneficios_economicos,Paraguachon,P2,10
https://diariodelnorte.net/judiciales/recuperan-dos-motocicletas-hurtadas-capturan-a-un-hombre-por-receptacion-e-incautan-arma-traumatica-en-vias-de-la-guajira/,exclusion_beneficios_economicos,Paraguachon,P2,11
https://laguajirahoy.com/riohacha/cuatro-anos-despues-puentes-y-arte-publico-siguen-desaparecidos-en-riohacha.html,exclusion_beneficios_economicos,Paraguachon,P2,12
https://diariodelnorte.net/editorial/quienes-secuestran/,exclusion_beneficios_economicos,Paraguachon,P2,13
https://diariodelnorte.net/opinion/el-regreso-de-venezuela-al-mapa-guajiro/,exclusion_beneficios_economicos,Paraguachon,P2,14
https://diariodelnorte.net/judiciales/autoridades-capturan-a-13-personas-en-maicao-por-homicidio-extorsion-y-microtrafico/,exclusion_beneficios_economicos,Paraguachon,P2,15
https://laguajirahoy.com/maicao-3/tension-del-lado-venezolano-por-caso-judicial-afecta-comercio-binacional.html,rechazo_proyecto,Paraguachon,vig,1
https://diariodelnorte.net/judiciales/comunidades-wayuu-levantan-bloqueo-en-la-via-riohacha-maicao-tras-acordar-mesa-de-dialogo-por-atentado-en-alto-pino/,rechazo_proyecto,Paraguachon,vig,2
https://diariodelnorte.net/judiciales/ediles-de-paraguachon-denuncian-amenazas-tras-recibir-video-intimidante/,rechazo_proyecto,Paraguachon,vig,3
https://www.eltiempo.com/mundo/europa/presidente-macron-confirma-la-liberacion-de-camilo-castro-frances-detenido-en-venezuela-desde-junio-y-anuncia-que-ya-viaja-hacia-francia-3509354,rechazo_proyecto,Paraguachon,vig,4
https://laguajirahoy.com/comunidad/venezolanos-en-la-guajira-viven-con-emociones-encontradas-los-recientes-sucesos-politicos-en-su-pais.html,rechazo_proyecto,Paraguachon,vig,5
https://laguajirahoy.com/riohacha/huecos-en-la-calle-15-de-riohacha-ponen-en-riesgo-a-conductores-y-peatones.html,rechazo_proyecto,Paraguachon,vig,6
https://diariodelnorte.net/laguajira/defensoria-emite-alerta-por-expansion-de-las-acsn-y-escalada-del-riesgo-en-maicao/,rechazo_proyecto,Paraguachon,vig,7
https://diariodelnorte.net/judiciales/tras-semanas-de-busqueda-encuentran-restos-que-pertenecerian-a-hombre-desaparecido/,rechazo_proyecto,Paraguachon,vig,8
https://laguajirahoy.com/judiciales/autoridades-sin-pistas-tras-hurto-de-camioneta-en-manaure-en-la-guajira.html,rechazo_proyecto,Paraguachon,vig,9
https://www.eltiempo.com/justicia/conflicto-y-narcotrafico/el-eln-tiene-un-plan-de-saboteo-a-las-elecciones-investigador-de-campo-explica-las-razones-detras-del-atentado-al-batallon-de-riohacha-la-guajira-3558798,rechazo_proyecto,Paraguachon,vig,10
https://diariodelnorte.net/opinion/el-regreso-de-venezuela-al-mapa-guajiro/,rechazo_proyecto,Paraguachon,vig,11
https://laguajirahoy.com/riohacha/cuatro-anos-despues-puentes-y-arte-publico-siguen-desaparecidos-en-riohacha.html,rechazo_proyecto,Paraguachon,vig,12
https://diariodelnorte.net/editorial/quienes-secuestran/,rechazo_proyecto,Paraguachon,vig,13
https://laguajirahoy.com/judiciales/venezuela-libero-a-ciudadano-frances-quien-fue-capturado-en-la-frontera-con-la-guajira.html,rechazo_proyecto,Paraguachon,vig,14
https://laguajirahoy.com/riohacha/dirigentes-exigen-a-concesion-santa-marta-paraguachon-reparar-la-deteriorada-calle-15-de-riohacha.html,rechazo_proyecto,Paraguachon,vig,15
https://laguajirahoy.com/la-guajira/educacion-vial-para-proteger-la-vida-en-corredores-escolares.html,rechazo_proyecto,Paraguachon,N1,1
https://diariodelnorte.net/laguajira/ejercito-nacional-reporta-cobertura-total-de-seguridad-en-zonas-rurales-de-la-guajira-durante-elecciones/,rechazo_proyecto,Paraguachon,N1,2
https://laguajirahoy.com/nacion/cerrada-frontera-del-lado-venezolano-en-la-guajira.html,rechazo_proyecto,Paraguachon,N1,3
https://laguajirahoy.com/judiciales/venezuela-libero-a-ciudadano-frances-quien-fue-capturado-en-la-frontera-con-la-guajira.html,rechazo_proyecto,Paraguachon,N1,4
https://laguajirahoy.com/educacion/nueva-estrategia-educativa-impulsa-integracion-infantil-en-la-guajira.html,rechazo_proyecto,Paraguachon,N1,5
https://www.eltiempo.com/mundo/venezuela/padrino-lopez-confirmo-el-asesinato-de-varios-miembros-del-equipo-de-seguridad-de-nicolas-maduro-tras-los-bombardeos-de-estados-unidos-3521738,rechazo_proyecto,Paraguachon,N1,6
https://laguajirahoy.com/comunidad/venezolanos-en-la-guajira-viven-con-emociones-encontradas-los-recientes-sucesos-politicos-en-su-pais.html,rechazo_proyecto,Paraguachon,N1,7
https://www.eltiempo.com/justicia/paz-y-derechos-humanos/defensoria-alerta-por-expansion-de-los-pachenca-en-maicao-comunidades-wayuu-y-migrantes-en-medio-del-fuego-cruzado-3567775,rechazo_proyecto,Paraguachon,N1,8
https://www.eltiempo.com/colombia/otras-ciudades/la-guajira-normalidad-en-la-frontera-tras-reapertura-del-paso-en-paraguachon-por-parte-de-las-autoridades-venezolanas-maicao-se-mantiene-en-alerta-3521735,rechazo_proyecto,Paraguachon,N1,9
https://www.eltiempo.com/mundo/europa/presidente-macron-confirma-la-liberacion-de-camilo-castro-frances-detenido-en-venezuela-desde-junio-y-anuncia-que-ya-viaja-hacia-francia-3509354,rechazo_proyecto,Paraguachon,N1,10
https://diariodelnorte.net/judiciales/ediles-de-paraguachon-denuncian-amenazas-tras-recibir-video-intimidante/,rechazo_proyecto,Paraguachon,N1,11
https://laguajirahoy.com/riohacha/riohacha-celebro-480-anos-esperando-que-la-concesion-repara-la-avenida-del-progreso.html,rechazo_proyecto,Paraguachon,N1,12
https://diariodelnorte.net/laguajira/policia-fortalece-acciones-de-seguridad-en-el-paso-fronterizo-de-paraguachon/,rechazo_proyecto,Paraguachon,N1,13
https://diariodelnorte.net/judiciales/migracion-colombia-expulsa-a-venezolana-detectada-durante-tramite-medico/,rechazo_proyecto,Paraguachon,N1,14
https://laguajirahoy.com/judiciales/se-reabre-frontera-y-se-normaliza-paso-por-paraguachon-en-la-guajira.html,rechazo_proyecto,Paraguachon,N1,15
https://www.eltiempo.com/mundo/venezuela/padrino-lopez-confirmo-el-asesinato-de-varios-miembros-del-equipo-de-seguridad-de-nicolas-maduro-tras-los-bombardeos-de-estados-unidos-3521738,rechazo_proyecto,Paraguachon,N2,1
https://laguajirahoy.com/comunidad/venezolanos-en-la-guajira-viven-con-emociones-encontradas-los-recientes-sucesos-politicos-en-su-pais.html,rechazo_proyecto,Paraguachon,N2,2
https://www.eltiempo.com/mundo/europa/presidente-macron-confirma-la-liberacion-de-camilo-castro-frances-detenido-en-venezuela-desde-junio-y-anuncia-que-ya-viaja-hacia-francia-3509354,rechazo_proyecto,Paraguachon,N2,3
https://diariodelnorte.net/judiciales/ediles-de-paraguachon-denuncian-amenazas-tras-recibir-video-intimidante/,rechazo_proyecto,Paraguachon,N2,4
https://laguajirahoy.com/judiciales/venezuela-libero-a-ciudadano-frances-quien-fue-capturado-en-la-frontera-con-la-guajira.html,rechazo_proyecto,Paraguachon,N3,1
https://diariodelnorte.net/judiciales/operativo-conjunto-en-maicao-deja-un-capturado-y-cuatro-armas-de-fuego-incautadas/,rechazo_proyecto,Paraguachon,N3,2
https://diariodelnorte.net/editorial/quienes-secuestran/,rechazo_proyecto,Paraguachon,N3,3
https://www.eltiempo.com/mundo/europa/presidente-macron-confirma-la-liberacion-de-camilo-castro-frances-detenido-en-venezuela-desde-junio-y-anuncia-que-ya-viaja-hacia-francia-3509354,rechazo_proyecto,Paraguachon,N3,4
https://www.eltiempo.com/mundo/venezuela/padrino-lopez-confirmo-el-asesinato-de-varios-miembros-del-equipo-de-seguridad-de-nicolas-maduro-tras-los-bombardeos-de-estados-unidos-3521738,rechazo_proyecto,Paraguachon,N3,5
https://diariodelnorte.net/judiciales/ediles-de-paraguachon-denuncian-amenazas-tras-recibir-video-intimidante/,rechazo_proyecto,Paraguachon,N3,6
https://laguajirahoy.com/la-guajira/la-guajira-envia-primeras-ayudas-humanitarias-a-familias-venezolanas.html,rechazo_proyecto,Paraguachon,N3,7
https://laguajirahoy.com/judiciales/por-presion-de-autoridades-venezolanas-captores-liberan-secuestrados-colombianos.html,rechazo_proyecto,Paraguachon,N3,8
https://www.eltiempo.com/justicia/paz-y-derechos-humanos/defensoria-alerta-por-expansion-de-los-pachenca-en-maicao-comunidades-wayuu-y-migrantes-en-medio-del-fuego-cruzado-3567775,rechazo_proyecto,Paraguachon,N3,9
https://diariodelnorte.net/judiciales/operativos-en-la-guajira-dejan-seis-capturados-y-recuperacion-de-tres-motocicletas-hurtadas/,rechazo_proyecto,Paraguachon,N3,10
https://laguajirahoy.com/judiciales/se-reabre-frontera-y-se-normaliza-paso-por-paraguachon-en-la-guajira.html,rechazo_proyecto,Paraguachon,N3,11
https://www.eltiempo.com/colombia/otras-ciudades/la-guajira-normalidad-en-la-frontera-tras-reapertura-del-paso-en-paraguachon-por-parte-de-las-autoridades-venezolanas-maicao-se-mantiene-en-alerta-3521735,rechazo_proyecto,Paraguachon,N3,12
https://laguajirahoy.com/nacion/satena-gestiona-vuelos-diarios-entre-riohacha-y-barranquilla-tras-colapso-del-puente.html,rechazo_proyecto,Paraguachon,N3,13
https://laguajirahoy.com/riohacha/riohacha-celebro-480-anos-esperando-que-la-concesion-repara-la-avenida-del-progreso.html,rechazo_proyecto,Paraguachon,N3,14
https://diariodelnorte.net/judiciales/migracion-colombia-expulsa-a-venezolana-detectada-durante-tramite-medico/,rechazo_proyecto,Paraguachon,N3,15
https://www.eltiempo.com/mundo/venezuela/padrino-lopez-confirmo-el-asesinato-de-varios-miembros-del-equipo-de-seguridad-de-nicolas-maduro-tras-los-bombardeos-de-estados-unidos-3521738,rechazo_proyecto,Paraguachon,P1,1
https://diariodelnorte.net/judiciales/ediles-de-paraguachon-denuncian-amenazas-tras-recibir-video-intimidante/,rechazo_proyecto,Paraguachon,P1,2
https://diariodelnorte.net/judiciales/en-vias-de-la-guajira-capturan-a-tres-personas-por-porte-de-documento-falso-y-una-por-receptacion/,rechazo_proyecto,Paraguachon,P1,3
https://www.eltiempo.com/colombia/otras-ciudades/paraguachon-frontera-cerrada-asi-se-vive-en-la-guajira-el-bloqueo-del-paso-entre-colombia-y-venezuela-tras-la-captura-de-nicolas-maduro-3521565,rechazo_proyecto,Paraguachon,P1,4
https://diariodelnorte.net/judiciales/tras-semanas-de-busqueda-encuentran-restos-que-pertenecerian-a-hombre-desaparecido/,rechazo_proyecto,Paraguachon,P2,1
https://laguajirahoy.com/la-guajira/educacion-vial-para-proteger-la-vida-en-corredores-escolares.html,rechazo_proyecto,Paraguachon,P2,2
https://laguajirahoy.com/riohacha/huecos-en-la-calle-15-de-riohacha-ponen-en-riesgo-a-conductores-y-peatones.html,rechazo_proyecto,Paraguachon,P2,3
https://www.eltiempo.com/colombia/otras-ciudades/temblor-de-magnitud-3-4-sacudio-la-guajira-y-tiene-en-alerta-a-la-ciudad-fronteriza-el-epicentro-estuvo-en-dibulla-3567507,rechazo_proyecto,Paraguachon,P2,4
https://diariodelnorte.net/judiciales/capturan-en-paraguachon-a-hombre-requerido-por-delito-informatico/,rechazo_proyecto,Paraguachon,P2,5
https://laguajirahoy.com/judiciales/por-presion-de-autoridades-venezolanas-captores-liberan-secuestrados-colombianos.html,rechazo_proyecto,Paraguachon,P2,6
https://diariodelnorte.net/laguajira/ejercito-nacional-reporta-cobertura-total-de-seguridad-en-zonas-rurales-de-la-guajira-durante-elecciones/,rechazo_proyecto,Paraguachon,P2,7
https://laguajirahoy.com/riohacha/dirigentes-exigen-a-concesion-santa-marta-paraguachon-reparar-la-deteriorada-calle-15-de-riohacha.html,rechazo_proyecto,Paraguachon,P2,8
https://www.eltiempo.com/justicia/conflicto-y-narcotrafico/el-eln-tiene-un-plan-de-saboteo-a-las-elecciones-investigador-de-campo-explica-las-razones-detras-del-atentado-al-batallon-de-riohacha-la-guajira-3558798,rechazo_proyecto,Paraguachon,P2,9
https://laguajirahoy.com/judiciales/venezuela-libero-a-ciudadano-frances-quien-fue-capturado-en-la-frontera-con-la-guajira.html,rechazo_proyecto,Paraguachon,P2,10
https://www.eltiempo.com/colombia/otras-ciudades/tres-muertos-y-tres-heridos-deja-siniestro-vial-en-la-guajira-la-via-riohacha-paraguachon-3484326,rechazo_proyecto,Paraguachon,P2,11
https://laguajirahoy.com/riohacha/cuatro-anos-despues-puentes-y-arte-publico-siguen-desaparecidos-en-riohacha.html,rechazo_proyecto,Paraguachon,P2,12
https://laguajirahoy.com/maicao-3/tension-del-lado-venezolano-por-caso-judicial-afecta-comercio-binacional.html,rechazo_proyecto,Paraguachon,P2,13
https://laguajirahoy.com/judiciales/hombres-armados-habrian-sacado-a-comerciante-de-su-vivienda-en-maicao-la-guajira.html,rechazo_proyecto,Paraguachon,P2,14
https://laguajirahoy.com/judiciales-2/asesinan-a-joven-wayuu-en-zona-limitrofe-entre-colombia-y-venezuela.html,rechazo_proyecto,Paraguachon,P2,15
https://diariodelnorte.net/judiciales/ediles-de-paraguachon-denuncian-amenazas-tras-recibir-video-intimidante/,desplazamiento_forzado,Paraguachon,vig,1
https://laguajirahoy.com/comunidad/venezolanos-en-la-guajira-viven-con-emociones-encontradas-los-recientes-sucesos-politicos-en-su-pais.html,desplazamiento_forzado,Paraguachon,vig,2
https://laguajirahoy.com/judiciales/se-reabre-frontera-y-se-normaliza-paso-por-paraguachon-en-la-guajira.html,desplazamiento_forzado,Paraguachon,vig,3
https://www.eltiempo.com/colombia/barranquilla/barranquilla-un-avance-para-la-justicia-y-la-democracia-de-la-region-esto-dijo-el-alcalde-char-acerca-de-la-captura-de-nicolas-maduro-3521761,desplazamiento_forzado,Paraguachon,vig,4
https://laguajirahoy.com/nacion/satena-gestiona-vuelos-diarios-entre-riohacha-y-barranquilla-tras-colapso-del-puente.html,desplazamiento_forzado,Paraguachon,vig,5
https://www.eltiempo.com/colombia/otras-ciudades/temblor-de-magnitud-3-4-sacudio-la-guajira-y-tiene-en-alerta-a-la-ciudad-fronteriza-el-epicentro-estuvo-en-dibulla-3567507,desplazamiento_forzado,Paraguachon,vig,6
https://diariodelnorte.net/judiciales/tras-semanas-de-busqueda-encuentran-restos-que-pertenecerian-a-hombre-desaparecido/,desplazamiento_forzado,Paraguachon,vig,7
https://laguajirahoy.com/judiciales/por-presion-de-autoridades-venezolanas-captores-liberan-secuestrados-colombianos.html,desplazamiento_forzado,Paraguachon,vig,8
https://diariodelnorte.net/laguajira/defensoria-emite-alerta-por-expansion-de-las-acsn-y-escalada-del-riesgo-en-maicao/,desplazamiento_forzado,Paraguachon,vig,9
https://laguajirahoy.com/la-guajira/autoridades-ponen-a-prueba-protocolos-en-simulacro-de-accidente-vial.html,desplazamiento_forzado,Paraguachon,vig,10
https://laguajirahoy.com/la-guajira/educacion-vial-para-proteger-la-vida-en-corredores-escolares.html,desplazamiento_forzado,Paraguachon,vig,11
https://www.eltiempo.com/justicia/conflicto-y-narcotrafico/el-eln-tiene-un-plan-de-saboteo-a-las-elecciones-investigador-de-campo-explica-las-razones-detras-del-atentado-al-batallon-de-riohacha-la-guajira-3558798,desplazamiento_forzado,Paraguachon,vig,12
https://laguajirahoy.com/riohacha/dirigentes-exigen-a-concesion-santa-marta-paraguachon-reparar-la-deteriorada-calle-15-de-riohacha.html,desplazamiento_forzado,Paraguachon,vig,13
https://laguajirahoy.com/judiciales/hombres-armados-habrian-sacado-a-comerciante-de-su-vivienda-en-maicao-la-guajira.html,desplazamiento_forzado,Paraguachon,vig,14
https://laguajirahoy.com/judiciales/venezuela-libero-a-ciudadano-frances-quien-fue-capturado-en-la-frontera-con-la-guajira.html,desplazamiento_forzado,Paraguachon,vig,15
https://laguajirahoy.com/judiciales/por-presion-de-autoridades-venezolanas-captores-liberan-secuestrados-colombianos.html,desplazamiento_forzado,Paraguachon,N1,1
https://diariodelnorte.net/judiciales/comunidades-wayuu-levantan-bloqueo-en-la-via-riohacha-maicao-tras-acordar-mesa-de-dialogo-por-atentado-en-alto-pino/,desplazamiento_forzado,Paraguachon,N1,2
https://diariodelnorte.net/judiciales/capturan-en-paraguachon-a-hombre-requerido-por-delito-informatico/,desplazamiento_forzado,Paraguachon,N1,3
https://laguajirahoy.com/judiciales/se-reabre-frontera-y-se-normaliza-paso-por-paraguachon-en-la-guajira.html,desplazamiento_forzado,Paraguachon,N1,4
https://laguajirahoy.com/judiciales-2/operativos-en-maicao-dejan-13-capturados-por-graves-delitos.html,desplazamiento_forzado,Paraguachon,N1,5
https://diariodelnorte.net/judiciales/capturan-en-la-via-maicao-paraguachon-a-hombre-requerido-por-hurto-calificado-agravado/,desplazamiento_forzado,Paraguachon,N1,6
https://diariodelnorte.net/editorial/quienes-secuestran/,desplazamiento_forzado,Paraguachon,N1,7
https://www.eltiempo.com/colombia/barranquilla/barranquilla-un-avance-para-la-justicia-y-la-democracia-de-la-region-esto-dijo-el-alcalde-char-acerca-de-la-captura-de-nicolas-maduro-3521761,desplazamiento_forzado,Paraguachon,N1,8
https://laguajirahoy.com/judiciales/venezuela-libero-a-ciudadano-frances-quien-fue-capturado-en-la-frontera-con-la-guajira.html,desplazamiento_forzado,Paraguachon,N1,9
https://laguajirahoy.com/nacion/satena-gestiona-vuelos-diarios-entre-riohacha-y-barranquilla-tras-colapso-del-puente.html,desplazamiento_forzado,Paraguachon,N1,10
https://laguajirahoy.com/judiciales-2/asesinan-a-joven-wayuu-en-zona-limitrofe-entre-colombia-y-venezuela.html,desplazamiento_forzado,Paraguachon,N1,11
https://laguajirahoy.com/educacion/nueva-estrategia-educativa-impulsa-integracion-infantil-en-la-guajira.html,desplazamiento_forzado,Paraguachon,N1,12
https://www.eltiempo.com/mundo/venezuela/padrino-lopez-confirmo-el-asesinato-de-varios-miembros-del-equipo-de-seguridad-de-nicolas-maduro-tras-los-bombardeos-de-estados-unidos-3521738,desplazamiento_forzado,Paraguachon,N1,13
https://diariodelnorte.net/judiciales/migracion-colombia-expulsa-a-venezolana-detectada-durante-tramite-medico/,desplazamiento_forzado,Paraguachon,N1,14
https://laguajirahoy.com/judiciales/secuestro-en-la-guajira-voces-policiales-explican-causas-cifras-y-retos.html,desplazamiento_forzado,Paraguachon,N1,15
https://www.eltiempo.com/mundo/europa/presidente-macron-confirma-la-liberacion-de-camilo-castro-frances-detenido-en-venezuela-desde-junio-y-anuncia-que-ya-viaja-hacia-francia-3509354,desplazamiento_forzado,Paraguachon,N2,1
https://www.eltiempo.com/colombia/otras-ciudades/temblor-de-magnitud-3-4-sacudio-la-guajira-y-tiene-en-alerta-a-la-ciudad-fronteriza-el-epicentro-estuvo-en-dibulla-3567507,desplazamiento_forzado,Paraguachon,N2,2
https://www.eltiempo.com/colombia/barranquilla/barranquilla-un-avance-para-la-justicia-y-la-democracia-de-la-region-esto-dijo-el-alcalde-char-acerca-de-la-captura-de-nicolas-maduro-3521761,desplazamiento_forzado,Paraguachon,N2,3
https://laguajirahoy.com/judiciales/por-presion-de-autoridades-venezolanas-captores-liberan-secuestrados-colombianos.html,desplazamiento_forzado,Paraguachon,N2,4
https://laguajirahoy.com/la-guajira/autoridades-ponen-a-prueba-protocolos-en-simulacro-de-accidente-vial.html,desplazamiento_forzado,Paraguachon,N2,5
https://diariodelnorte.net/laguajira/defensoria-emite-alerta-por-expansion-de-las-acsn-y-escalada-del-riesgo-en-maicao/,desplazamiento_forzado,Paraguachon,N2,6
https://laguajirahoy.com/judiciales/venezuela-libero-a-ciudadano-frances-quien-fue-capturado-en-la-frontera-con-la-guajira.html,desplazamiento_forzado,Paraguachon,N2,7
https://diariodelnorte.net/editorial/quienes-secuestran/,desplazamiento_forzado,Paraguachon,N2,8
https://laguajirahoy.com/judiciales-2/asesinan-a-joven-wayuu-en-zona-limitrofe-entre-colombia-y-venezuela.html,desplazamiento_forzado,Paraguachon,N2,9
https://laguajirahoy.com/judiciales/hombres-armados-habrian-sacado-a-comerciante-de-su-vivienda-en-maicao-la-guajira.html,desplazamiento_forzado,Paraguachon,N2,10
https://laguajirahoy.com/judiciales-2/operativos-en-maicao-dejan-13-capturados-por-graves-delitos.html,desplazamiento_forzado,Paraguachon,N2,11
https://diariodelnorte.net/judiciales/operativos-en-la-guajira-dejan-seis-capturados-y-recuperacion-de-tres-motocicletas-hurtadas/,desplazamiento_forzado,Paraguachon,N2,12
https://laguajirahoy.com/nacion/satena-gestiona-vuelos-diarios-entre-riohacha-y-barranquilla-tras-colapso-del-puente.html,desplazamiento_forzado,Paraguachon,N2,13
https://laguajirahoy.com/judiciales/se-reabre-frontera-y-se-normaliza-paso-por-paraguachon-en-la-guajira.html,desplazamiento_forzado,Paraguachon,N2,14
https://diariodelnorte.net/opinion/el-regreso-de-venezuela-al-mapa-guajiro/,desplazamiento_forzado,Paraguachon,N2,15
https://www.eltiempo.com/mundo/europa/presidente-macron-confirma-la-liberacion-de-camilo-castro-frances-detenido-en-venezuela-desde-junio-y-anuncia-que-ya-viaja-hacia-francia-3509354,desplazamiento_forzado,Paraguachon,N3,1
https://laguajirahoy.com/comunidad/venezolanos-en-la-guajira-viven-con-emociones-encontradas-los-recientes-sucesos-politicos-en-su-pais.html,desplazamiento_forzado,Paraguachon,N3,2
https://diariodelnorte.net/judiciales/ediles-de-paraguachon-denuncian-amenazas-tras-recibir-video-intimidante/,desplazamiento_forzado,Paraguachon,N3,3
https://www.eltiempo.com/colombia/barranquilla/barranquilla-un-avance-para-la-justicia-y-la-democracia-de-la-region-esto-dijo-el-alcalde-char-acerca-de-la-captura-de-nicolas-maduro-3521761,desplazamiento_forzado,Paraguachon,N3,4
https://diariodelnorte.net/judiciales/tras-semanas-de-busqueda-encuentran-restos-que-pertenecerian-a-hombre-desaparecido/,desplazamiento_forzado,Paraguachon,N3,5
https://laguajirahoy.com/judiciales/por-presion-de-autoridades-venezolanas-captores-liberan-secuestrados-colombianos.html,desplazamiento_forzado,Paraguachon,N3,6
https://laguajirahoy.com/la-guajira/educacion-vial-para-proteger-la-vida-en-corredores-escolares.html,desplazamiento_forzado,Paraguachon,N3,7
https://diariodelnorte.net/opinion/agua-para-todos-donde-esta-el-centavo-para-el-peso/,desplazamiento_forzado,Paraguachon,N3,8
https://laguajirahoy.com/maicao-3/tension-del-lado-venezolano-por-caso-judicial-afecta-comercio-binacional.html,desplazamiento_forzado,Paraguachon,N3,9
https://www.eltiempo.com/colombia/otras-ciudades/temblor-de-magnitud-3-4-sacudio-la-guajira-y-tiene-en-alerta-a-la-ciudad-fronteriza-el-epicentro-estuvo-en-dibulla-3567507,desplazamiento_forzado,Paraguachon,N3,10
https://laguajirahoy.com/judiciales/se-reabre-frontera-y-se-normaliza-paso-por-paraguachon-en-la-guajira.html,desplazamiento_forzado,Paraguachon,N3,11
https://www.eltiempo.com/colombia/otras-ciudades/migracion-deporta-a-venezolana-que-tenia-orden-de-expulsion-vigente-fue-identificada-durante-atencion-en-una-clinica-de-valledupar-3562637,desplazamiento_forzado,Paraguachon,N3,12
https://laguajirahoy.com/nacion/satena-gestiona-vuelos-diarios-entre-riohacha-y-barranquilla-tras-colapso-del-puente.html,desplazamiento_forzado,Paraguachon,N3,13
https://diariodelnorte.net/judiciales/capturan-en-paraguachon-a-hombre-requerido-por-delito-informatico/,desplazamiento_forzado,Paraguachon,N3,14
https://diariodelnorte.net/laguajira/defensoria-emite-alerta-por-expansion-de-las-acsn-y-escalada-del-riesgo-en-maicao/,desplazamiento_forzado,Paraguachon,N3,15
https://www.eltiempo.com/mundo/europa/presidente-macron-confirma-la-liberacion-de-camilo-castro-frances-detenido-en-venezuela-desde-junio-y-anuncia-que-ya-viaja-hacia-francia-3509354,desplazamiento_forzado,Paraguachon,P1,1
https://laguajirahoy.com/judiciales/se-reabre-frontera-y-se-normaliza-paso-por-paraguachon-en-la-guajira.html,desplazamiento_forzado,Paraguachon,P1,2
https://www.eltiempo.com/colombia/barranquilla/barranquilla-un-avance-para-la-justicia-y-la-democracia-de-la-region-esto-dijo-el-alcalde-char-acerca-de-la-captura-de-nicolas-maduro-3521761,desplazamiento_forzado,Paraguachon,P1,3
https://laguajirahoy.com/judiciales/por-presion-de-autoridades-venezolanas-captores-liberan-secuestrados-colombianos.html,desplazamiento_forzado,Paraguachon,P1,4
https://diariodelnorte.net/judiciales/comunidades-wayuu-levantan-bloqueo-en-la-via-riohacha-maicao-tras-acordar-mesa-de-dialogo-por-atentado-en-alto-pino/,desplazamiento_forzado,Paraguachon,P1,5
https://www.eltiempo.com/colombia/otras-ciudades/temblor-de-magnitud-3-4-sacudio-la-guajira-y-tiene-en-alerta-a-la-ciudad-fronteriza-el-epicentro-estuvo-en-dibulla-3567507,desplazamiento_forzado,Paraguachon,P1,6
https://diariodelnorte.net/judiciales/operativos-en-la-guajira-dejan-seis-capturados-y-recuperacion-de-tres-motocicletas-hurtadas/,desplazamiento_forzado,Paraguachon,P1,7
https://diariodelnorte.net/judiciales/capturan-en-la-via-maicao-paraguachon-a-hombre-requerido-por-hurto-calificado-agravado/,desplazamiento_forzado,Paraguachon,P1,8
https://diariodelnorte.net/laguajira/maicao-refuerza-seguridad-y-activa-pmu-ante-la-situacion-actual-en-la-frontera/,desplazamiento_forzado,Paraguachon,P1,9
https://laguajirahoy.com/nacion/satena-gestiona-vuelos-diarios-entre-riohacha-y-barranquilla-tras-colapso-del-puente.html,desplazamiento_forzado,Paraguachon,P1,10
https://laguajirahoy.com/judiciales/capturan-en-paraguachon-a-hombre-requerido-por-delito-informatico.html,desplazamiento_forzado,Paraguachon,P1,11
https://laguajirahoy.com/la-guajira/educacion-vial-para-proteger-la-vida-en-corredores-escolares.html,desplazamiento_forzado,Paraguachon,P1,12
https://laguajirahoy.com/judiciales/secuestro-en-la-guajira-voces-policiales-explican-causas-cifras-y-retos.html,desplazamiento_forzado,Paraguachon,P1,13
https://diariodelnorte.net/judiciales/capturan-en-paraguachon-a-hombre-requerido-por-delito-informatico/,desplazamiento_forzado,Paraguachon,P1,14
https://diariodelnorte.net/judiciales/capturan-a-un-hombre-por-presunta-falsedad-documental-y-recuperan-moto-hurtada-en-la-guajira/,desplazamiento_forzado,Paraguachon,P1,15
https://www.eltiempo.com/mundo/europa/presidente-macron-confirma-la-liberacion-de-camilo-castro-frances-detenido-en-venezuela-desde-junio-y-anuncia-que-ya-viaja-hacia-francia-3509354,desplazamiento_forzado,Paraguachon,P2,1
https://laguajirahoy.com/judiciales/por-presion-de-autoridades-venezolanas-captores-liberan-secuestrados-colombianos.html,desplazamiento_forzado,Paraguachon,P2,2
https://www.eltiempo.com/colombia/barranquilla/barranquilla-un-avance-para-la-justicia-y-la-democracia-de-la-region-esto-dijo-el-alcalde-char-acerca-de-la-captura-de-nicolas-maduro-3521761,desplazamiento_forzado,Paraguachon,P2,3
https://www.eltiempo.com/justicia/conflicto-y-narcotrafico/el-eln-tiene-un-plan-de-saboteo-a-las-elecciones-investigador-de-campo-explica-las-razones-detras-del-atentado-al-batallon-de-riohacha-la-guajira-3558798,desplazamiento_forzado,Paraguachon,P2,4
https://diariodelnorte.net/editorial/quienes-secuestran/,desplazamiento_forzado,Paraguachon,P2,5
https://laguajirahoy.com/judiciales/venezuela-libero-a-ciudadano-frances-quien-fue-capturado-en-la-frontera-con-la-guajira.html,desplazamiento_forzado,Paraguachon,P2,6
https://laguajirahoy.com/judiciales-2/operativos-en-maicao-dejan-13-capturados-por-graves-delitos.html,desplazamiento_forzado,Paraguachon,P2,7
https://laguajirahoy.com/judiciales-2/asesinan-a-joven-wayuu-en-zona-limitrofe-entre-colombia-y-venezuela.html,desplazamiento_forzado,Paraguachon,P2,8
https://laguajirahoy.com/judiciales/se-reabre-frontera-y-se-normaliza-paso-por-paraguachon-en-la-guajira.html,desplazamiento_forzado,Paraguachon,P2,9
https://laguajirahoy.com/judiciales/hombres-armados-habrian-sacado-a-comerciante-de-su-vivienda-en-maicao-la-guajira.html,desplazamiento_forzado,Paraguachon,P2,10
https://laguajirahoy.com/maicao-3/tension-del-lado-venezolano-por-caso-judicial-afecta-comercio-binacional.html,desplazamiento_forzado,Paraguachon,P2,11
https://diariodelnorte.net/judiciales/hallan-16-libras-de-marihuana-en-operativos-conjuntos-en-maicao/,desplazamiento_forzado,Paraguachon,P2,12
https://diariodelnorte.net/judiciales/autoridades-capturan-a-13-personas-en-maicao-por-homicidio-extorsion-y-microtrafico/,desplazamiento_forzado,Paraguachon,P2,13
https://laguajirahoy.com/educacion/nueva-estrategia-educativa-impulsa-integracion-infantil-en-la-guajira.html,desplazamiento_forzado,Paraguachon,P2,14
https://laguajirahoy.com/judiciales/secuestro-en-la-guajira-voces-policiales-explican-causas-cifras-y-retos.html,desplazamiento_forzado,Paraguachon,P2,15
https://laguajirahoy.com/maicao-3/tension-del-lado-venezolano-por-caso-judicial-afecta-comercio-binacional.html,conflicto_territorial,Paraguachon,vig,1
https://diariodelnorte.net/judiciales/ediles-de-paraguachon-denuncian-amenazas-tras-recibir-video-intimidante/,conflicto_territorial,Paraguachon,vig,2
https://laguajirahoy.com/judiciales/se-reabre-frontera-y-se-normaliza-paso-por-paraguachon-en-la-guajira.html,conflicto_territorial,Paraguachon,vig,3
https://laguajirahoy.com/comunidad/venezolanos-en-la-guajira-viven-con-emociones-encontradas-los-recientes-sucesos-politicos-en-su-pais.html,conflicto_territorial,Paraguachon,vig,4
https://diariodelnorte.net/judiciales/tras-semanas-de-busqueda-encuentran-restos-que-pertenecerian-a-hombre-desaparecido/,conflicto_territorial,Paraguachon,vig,5
https://diariodelnorte.net/judiciales/comunidades-wayuu-levantan-bloqueo-en-la-via-riohacha-maicao-tras-acordar-mesa-de-dialogo-por-atentado-en-alto-pino/,conflicto_territorial,Paraguachon,vig,6
https://laguajirahoy.com/judiciales/por-presion-de-autoridades-venezolanas-captores-liberan-secuestrados-colombianos.html,conflicto_territorial,Paraguachon,vig,7
https://diariodelnorte.net/laguajira/maicao-refuerza-seguridad-y-activa-pmu-ante-la-situacion-actual-en-la-frontera/,conflicto_territorial,Paraguachon,vig,8
https://www.eltiempo.com/colombia/otras-ciudades/temblor-de-magnitud-3-4-sacudio-la-guajira-y-tiene-en-alerta-a-la-ciudad-fronteriza-el-epicentro-estuvo-en-dibulla-3567507,conflicto_territorial,Paraguachon,vig,9
https://www.eltiempo.com/colombia/otras-ciudades/la-guajira-normalidad-en-la-frontera-tras-reapertura-del-paso-en-paraguachon-por-parte-de-las-autoridades-venezolanas-maicao-se-mantiene-en-alerta-3521735,conflicto_territorial,Paraguachon,vig,10
https://diariodelnorte.net/judiciales/capturan-a-joven-con-mas-de-170-dosis-de-estupefacientes-en-paraguachon/,conflicto_territorial,Paraguachon,vig,11
https://diariodelnorte.net/judiciales/capturan-en-zona-rural-de-maicao-a-hombre-requerido-por-homicidio/,conflicto_territorial,Paraguachon,vig,12
https://diariodelnorte.net/laguajira/defensoria-emite-alerta-por-expansion-de-las-acsn-y-escalada-del-riesgo-en-maicao/,conflicto_territorial,Paraguachon,vig,13
https://diariodelnorte.net/judiciales/capturan-en-paraguachon-a-hombre-requerido-por-delito-informatico/,conflicto_territorial,Paraguachon,vig,14
https://diariodelnorte.net/judiciales/policia-captura-a-dos-personas-por-receptacion-y-recupera-motocicletas-hurtadas-en-vias-de-la-guajira/,conflicto_territorial,Paraguachon,vig,15
https://diariodelnorte.net/laguajira/defensoria-emite-alerta-por-expansion-de-las-acsn-y-escalada-del-riesgo-en-maicao/,conflicto_territorial,Paraguachon,N1,1
https://www.eltiempo.com/justicia/conflicto-y-narcotrafico/el-eln-tiene-un-plan-de-saboteo-a-las-elecciones-investigador-de-campo-explica-las-razones-detras-del-atentado-al-batallon-de-riohacha-la-guajira-3558798,conflicto_territorial,Paraguachon,N1,2
https://www.eltiempo.com/colombia/otras-ciudades/temblor-de-magnitud-3-4-sacudio-la-guajira-y-tiene-en-alerta-a-la-ciudad-fronteriza-el-epicentro-estuvo-en-dibulla-3567507,conflicto_territorial,Paraguachon,N1,3
https://diariodelnorte.net/editorial/quienes-secuestran/,conflicto_territorial,Paraguachon,N1,4
https://www.eltiempo.com/mundo/venezuela/padrino-lopez-confirmo-el-asesinato-de-varios-miembros-del-equipo-de-seguridad-de-nicolas-maduro-tras-los-bombardeos-de-estados-unidos-3521738,conflicto_territorial,Paraguachon,N1,5
https://www.eltiempo.com/justicia/paz-y-derechos-humanos/defensoria-alerta-por-expansion-de-los-pachenca-en-maicao-comunidades-wayuu-y-migrantes-en-medio-del-fuego-cruzado-3567775,conflicto_territorial,Paraguachon,N1,6
https://laguajirahoy.com/maicao/maicao-enfrenta-creciente-riesgo-por-expansion-de-grupos-armados.html,conflicto_territorial,Paraguachon,N1,7
https://laguajirahoy.com/maicao-3/tension-del-lado-venezolano-por-caso-judicial-afecta-comercio-binacional.html,conflicto_territorial,Paraguachon,N1,8
https://laguajirahoy.com/judiciales/secuestro-en-la-guajira-voces-policiales-explican-causas-cifras-y-retos.html,conflicto_territorial,Paraguachon,N1,9
https://laguajirahoy.com/maicao-3/tension-del-lado-venezolano-por-caso-judicial-afecta-comercio-binacional.html,conflicto_territorial,Paraguachon,N2,1
https://laguajirahoy.com/judiciales/secuestro-en-la-guajira-voces-policiales-explican-causas-cifras-y-retos.html,conflicto_territorial,Paraguachon,N2,2
https://laguajirahoy.com/judiciales/por-presion-de-autoridades-venezolanas-captores-liberan-secuestrados-colombianos.html,conflicto_territorial,Paraguachon,N2,3
https://diariodelnorte.net/judiciales/capturan-a-joven-con-mas-de-170-dosis-de-estupefacientes-en-paraguachon/,conflicto_territorial,Paraguachon,N2,4
https://diariodelnorte.net/judiciales/policia-captura-a-dos-personas-por-receptacion-y-recupera-motocicletas-hurtadas-en-vias-de-la-guajira/,conflicto_territorial,Paraguachon,N2,5
https://diariodelnorte.net/laguajira/defensoria-emite-alerta-por-expansion-de-las-acsn-y-escalada-del-riesgo-en-maicao/,conflicto_territorial,Paraguachon,N2,6
https://www.eltiempo.com/colombia/otras-ciudades/temblor-de-magnitud-3-4-sacudio-la-guajira-y-tiene-en-alerta-a-la-ciudad-fronteriza-el-epicentro-estuvo-en-dibulla-3567507,conflicto_territorial,Paraguachon,N2,7
https://laguajirahoy.com/judiciales-2/operativos-en-maicao-dejan-13-capturados-por-graves-delitos.html,conflicto_territorial,Paraguachon,N2,8
https://laguajirahoy.com/judiciales/se-reabre-frontera-y-se-normaliza-paso-por-paraguachon-en-la-guajira.html,conflicto_territorial,Paraguachon,N2,9
https://diariodelnorte.net/judiciales/capturan-a-presunto-integrante-de-estructura-criminal-por-extorsion-en-paraguachon/,conflicto_territorial,Paraguachon,N2,10
https://www.eltiempo.com/justicia/conflicto-y-narcotrafico/el-eln-tiene-un-plan-de-saboteo-a-las-elecciones-investigador-de-campo-explica-las-razones-detras-del-atentado-al-batallon-de-riohacha-la-guajira-3558798,conflicto_territorial,Paraguachon,N2,11
https://laguajirahoy.com/riohacha/dirigentes-exigen-a-concesion-santa-marta-paraguachon-reparar-la-deteriorada-calle-15-de-riohacha.html,conflicto_territorial,Paraguachon,N2,12
https://laguajirahoy.com/judiciales/autoridades-sin-pistas-tras-hurto-de-camioneta-en-manaure-en-la-guajira.html,conflicto_territorial,Paraguachon,N2,13
https://diariodelnorte.net/editorial/quienes-secuestran/,conflicto_territorial,Paraguachon,N2,14
https://laguajirahoy.com/judiciales/hombres-armados-habrian-sacado-a-comerciante-de-su-vivienda-en-maicao-la-guajira.html,conflicto_territorial,Paraguachon,N2,15
https://laguajirahoy.com/comunidad/venezolanos-en-la-guajira-viven-con-emociones-encontradas-los-recientes-sucesos-politicos-en-su-pais.html,conflicto_territorial,Paraguachon,N3,1
https://www.eltiempo.com/colombia/otras-ciudades/temblor-de-magnitud-3-4-sacudio-la-guajira-y-tiene-en-alerta-a-la-ciudad-fronteriza-el-epicentro-estuvo-en-dibulla-3567507,conflicto_territorial,Paraguachon,N3,2
https://www.eltiempo.com/mundo/europa/presidente-macron-confirma-la-liberacion-de-camilo-castro-frances-detenido-en-venezuela-desde-junio-y-anuncia-que-ya-viaja-hacia-francia-3509354,conflicto_territorial,Paraguachon,N3,3
https://www.eltiempo.com/justicia/conflicto-y-narcotrafico/el-eln-tiene-un-plan-de-saboteo-a-las-elecciones-investigador-de-campo-explica-las-razones-detras-del-atentado-al-batallon-de-riohacha-la-guajira-3558798,conflicto_territorial,Paraguachon,N3,4
https://laguajirahoy.com/riohacha/dirigentes-exigen-a-concesion-santa-marta-paraguachon-reparar-la-deteriorada-calle-15-de-riohacha.html,conflicto_territorial,Paraguachon,N3,5
https://laguajirahoy.com/judiciales/por-presion-de-autoridades-venezolanas-captores-liberan-secuestrados-colombianos.html,conflicto_territorial,Paraguachon,N3,6
https://laguajirahoy.com/judiciales/venezuela-libero-a-ciudadano-frances-quien-fue-capturado-en-la-frontera-con-la-guajira.html,conflicto_territorial,Paraguachon,N3,7
https://diariodelnorte.net/editorial/quienes-secuestran/,conflicto_territorial,Paraguachon,N3,8
https://diariodelnorte.net/laguajira/defensoria-emite-alerta-por-expansion-de-las-acsn-y-escalada-del-riesgo-en-maicao/,conflicto_territorial,Paraguachon,N3,9
https://diariodelnorte.net/opinion/el-regreso-de-venezuela-al-mapa-guajiro/,conflicto_territorial,Paraguachon,N3,10
https://laguajirahoy.com/educacion/nueva-estrategia-educativa-impulsa-integracion-infantil-en-la-guajira.html,conflicto_territorial,Paraguachon,N3,11
https://www.eltiempo.com/mundo/venezuela/padrino-lopez-confirmo-el-asesinato-de-varios-miembros-del-equipo-de-seguridad-de-nicolas-maduro-tras-los-bombardeos-de-estados-unidos-3521738,conflicto_territorial,Paraguachon,N3,12
https://www.eltiempo.com/colombia/otras-ciudades/la-guajira-normalidad-en-la-frontera-tras-reapertura-del-paso-en-paraguachon-por-parte-de-las-autoridades-venezolanas-maicao-se-mantiene-en-alerta-3521735,conflicto_territorial,Paraguachon,N3,13
https://laguajirahoy.com/maicao/maicao-enfrenta-creciente-riesgo-por-expansion-de-grupos-armados.html,conflicto_territorial,Paraguachon,N3,14
https://www.eltiempo.com/justicia/paz-y-derechos-humanos/defensoria-alerta-por-expansion-de-los-pachenca-en-maicao-comunidades-wayuu-y-migrantes-en-medio-del-fuego-cruzado-3567775,conflicto_territorial,Paraguachon,N3,15
https://laguajirahoy.com/maicao-3/tension-del-lado-venezolano-por-caso-judicial-afecta-comercio-binacional.html,conflicto_territorial,Paraguachon,P1,1
https://laguajirahoy.com/judiciales/secuestro-en-la-guajira-voces-policiales-explican-causas-cifras-y-retos.html,conflicto_territorial,Paraguachon,P1,2
https://laguajirahoy.com/judiciales/se-reabre-frontera-y-se-normaliza-paso-por-paraguachon-en-la-guajira.html,conflicto_territorial,Paraguachon,P1,3
https://diariodelnorte.net/judiciales/ediles-de-paraguachon-denuncian-amenazas-tras-recibir-video-intimidante/,conflicto_territorial,Paraguachon,P1,4
https://www.eltiempo.com/colombia/otras-ciudades/paraguachon-frontera-cerrada-asi-se-vive-en-la-guajira-el-bloqueo-del-paso-entre-colombia-y-venezuela-tras-la-captura-de-nicolas-maduro-3521565,conflicto_territorial,Paraguachon,P1,5
https://www.eltiempo.com/colombia/otras-ciudades/la-guajira-normalidad-en-la-frontera-tras-reapertura-del-paso-en-paraguachon-por-parte-de-las-autoridades-venezolanas-maicao-se-mantiene-en-alerta-3521735,conflicto_territorial,Paraguachon,P1,6
https://www.eltiempo.com/mundo/europa/presidente-macron-confirma-la-liberacion-de-camilo-castro-frances-detenido-en-venezuela-desde-junio-y-anuncia-que-ya-viaja-hacia-francia-3509354,conflicto_territorial,Paraguachon,P1,7
https://laguajirahoy.com/judiciales/por-presion-de-autoridades-venezolanas-captores-liberan-secuestrados-colombianos.html,conflicto_territorial,Paraguachon,P1,8
https://diariodelnorte.net/laguajira/maicao-refuerza-seguridad-y-activa-pmu-ante-la-situacion-actual-en-la-frontera/,conflicto_territorial,Paraguachon,P1,9
https://diariodelnorte.net/judiciales/capturan-en-la-via-maicao-paraguachon-a-hombre-requerido-por-hurto-calificado-agravado/,conflicto_territorial,Paraguachon,P1,10
https://laguajirahoy.com/la-guajira/en-la-guajira-reportan-normalidad-tras-cierre-preventivo-de-frontera-con-venezuela.html,conflicto_territorial,Paraguachon,P1,11
https://www.eltiempo.com/colombia/otras-ciudades/temblor-de-magnitud-3-4-sacudio-la-guajira-y-tiene-en-alerta-a-la-ciudad-fronteriza-el-epicentro-estuvo-en-dibulla-3567507,conflicto_territorial,Paraguachon,P1,12
https://diariodelnorte.net/judiciales/operativos-en-la-guajira-dejan-seis-capturados-y-recuperacion-de-tres-motocicletas-hurtadas/,conflicto_territorial,Paraguachon,P1,13
https://diariodelnorte.net/laguajira/movimiento-quinto-poder-presenta-propuestas-para-el-desarrollo-de-la-guajira/,conflicto_territorial,Paraguachon,P1,14
https://diariodelnorte.net/judiciales/capturan-en-zona-rural-de-maicao-a-hombre-requerido-por-homicidio/,conflicto_territorial,Paraguachon,P1,15
https://www.eltiempo.com/colombia/otras-ciudades/paraguachon-frontera-cerrada-asi-se-vive-en-la-guajira-el-bloqueo-del-paso-entre-colombia-y-venezuela-tras-la-captura-de-nicolas-maduro-3521565,conflicto_territorial,Paraguachon,P2,1
https://laguajirahoy.com/judiciales/secuestro-en-la-guajira-voces-policiales-explican-causas-cifras-y-retos.html,conflicto_territorial,Paraguachon,P2,2
https://laguajirahoy.com/maicao-3/tension-del-lado-venezolano-por-caso-judicial-afecta-comercio-binacional.html,conflicto_territorial,Paraguachon,P2,3
https://diariodelnorte.net/laguajira/maicao-refuerza-seguridad-y-activa-pmu-ante-la-situacion-actual-en-la-frontera/,conflicto_territorial,Paraguachon,P2,4
https://laguajirahoy.com/comunidad/venezolanos-en-la-guajira-viven-con-emociones-encontradas-los-recientes-sucesos-politicos-en-su-pais.html,conflicto_territorial,Paraguachon,P2,5
https://diariodelnorte.net/judiciales/comunidades-wayuu-levantan-bloqueo-en-la-via-riohacha-maicao-tras-acordar-mesa-de-dialogo-por-atentado-en-alto-pino/,conflicto_territorial,Paraguachon,P2,6
https://www.eltiempo.com/colombia/otras-ciudades/la-guajira-normalidad-en-la-frontera-tras-reapertura-del-paso-en-paraguachon-por-parte-de-las-autoridades-venezolanas-maicao-se-mantiene-en-alerta-3521735,conflicto_territorial,Paraguachon,P2,7
https://laguajirahoy.com/judiciales/por-presion-de-autoridades-venezolanas-captores-liberan-secuestrados-colombianos.html,conflicto_territorial,Paraguachon,P2,8
https://diariodelnorte.net/judiciales/ediles-de-paraguachon-denuncian-amenazas-tras-recibir-video-intimidante/,conflicto_territorial,Paraguachon,P2,9
https://laguajirahoy.com/la-guajira/educacion-vial-para-proteger-la-vida-en-corredores-escolares.html,conflicto_territorial,Paraguachon,P2,10
https://diariodelnorte.net/judiciales/capturan-a-un-hombre-por-presunta-falsedad-documental-y-recuperan-moto-hurtada-en-la-guajira/,conflicto_territorial,Paraguachon,P2,11
https://laguajirahoy.com/la-guajira/en-la-guajira-reportan-normalidad-tras-cierre-preventivo-de-frontera-con-venezuela.html,conflicto_territorial,Paraguachon,P2,12
https://diariodelnorte.net/judiciales/capturan-en-la-via-maicao-paraguachon-a-hombre-requerido-por-hurto-calificado-agravado/,conflicto_territorial,Paraguachon,P2,13
https://www.eltiempo.com/colombia/barranquilla/barranquilla-un-avance-para-la-justicia-y-la-democracia-de-la-region-esto-dijo-el-alcalde-char-acerca-de-la-captura-de-nicolas-maduro-3521761,conflicto_territorial,Paraguachon,P2,14
https://www.eltiempo.com/colombia/otras-ciudades/temblor-de-magnitud-3-4-sacudio-la-guajira-y-tiene-en-alerta-a-la-ciudad-fronteriza-el-epicentro-estuvo-en-dibulla-3567507,conflicto_territorial,Paraguachon,P2,15
https://laguajirahoy.com/judiciales/secuestro-en-la-guajira-voces-policiales-explican-causas-cifras-y-retos.html,presencia_grupos_armados,Paraguachon,vig,1
https://diariodelnorte.net/judiciales/operativos-en-la-guajira-dejan-seis-capturados-y-recuperacion-de-tres-motocicletas-hurtadas/,presencia_grupos_armados,Paraguachon,vig,2
https://laguajirahoy.com/judiciales/por-presion-de-autoridades-venezolanas-captores-liberan-secuestrados-colombianos.html,presencia_grupos_armados,Paraguachon,vig,3
https://laguajirahoy.com/judiciales/se-reabre-frontera-y-se-normaliza-paso-por-paraguachon-en-la-guajira.html,presencia_grupos_armados,Paraguachon,vig,4
https://diariodelnorte.net/judiciales/capturan-en-la-via-maicao-paraguachon-a-hombre-requerido-por-hurto-calificado-agravado/,presencia_grupos_armados,Paraguachon,vig,5
https://diariodelnorte.net/judiciales/autoridades-capturan-a-13-personas-en-maicao-por-homicidio-extorsion-y-microtrafico/,presencia_grupos_armados,Paraguachon,vig,6
https://diariodelnorte.net/judiciales/capturan-a-joven-con-mas-de-170-dosis-de-estupefacientes-en-paraguachon/,presencia_grupos_armados,Paraguachon,vig,7
https://diariodelnorte.net/judiciales/operativo-conjunto-en-maicao-deja-un-capturado-y-cuatro-armas-de-fuego-incautadas/,presencia_grupos_armados,Paraguachon,vig,8
https://diariodelnorte.net/judiciales/capturan-en-zona-rural-de-maicao-a-hombre-requerido-por-homicidio/,presencia_grupos_armados,Paraguachon,vig,9
https://diariodelnorte.net/judiciales/capturan-a-hombre-que-conducia-vehiculo-reportado-como-hurtado-en-paraguachon/,presencia_grupos_armados,Paraguachon,vig,10
https://diariodelnorte.net/judiciales/capturan-en-paraguachon-a-hombre-requerido-por-delito-informatico/,presencia_grupos_armados,Paraguachon,vig,11
https://diariodelnorte.net/judiciales/policia-captura-a-dos-personas-por-receptacion-y-recupera-motocicletas-hurtadas-en-vias-de-la-guajira/,presencia_grupos_armados,Paraguachon,vig,12
https://diariodelnorte.net/laguajira/defensoria-emite-alerta-por-expansion-de-las-acsn-y-escalada-del-riesgo-en-maicao/,presencia_grupos_armados,Paraguachon,vig,13
https://laguajirahoy.com/judiciales-2/operativos-en-maicao-dejan-13-capturados-por-graves-delitos.html,presencia_grupos_armados,Paraguachon,vig,14
https://laguajirahoy.com/judiciales/autoridades-sin-pistas-tras-hurto-de-camioneta-en-manaure-en-la-guajira.html,presencia_grupos_armados,Paraguachon,vig,15
https://www.eltiempo.com/justicia/conflicto-y-narcotrafico/el-eln-tiene-un-plan-de-saboteo-a-las-elecciones-investigador-de-campo-explica-las-razones-detras-del-atentado-al-batallon-de-riohacha-la-guajira-3558798,presencia_grupos_armados,Paraguachon,N1,1
https://diariodelnorte.net/editorial/quienes-secuestran/,presencia_grupos_armados,Paraguachon,N1,2
https://laguajirahoy.com/judiciales/por-presion-de-autoridades-venezolanas-captores-liberan-secuestrados-colombianos.html,presencia_grupos_armados,Paraguachon,N1,3
https://laguajirahoy.com/nacion/cerrada-frontera-del-lado-venezolano-en-la-guajira.html,presencia_grupos_armados,Paraguachon,N1,4
https://laguajirahoy.com/judiciales-2/asesinan-a-joven-wayuu-en-zona-limitrofe-entre-colombia-y-venezuela.html,presencia_grupos_armados,Paraguachon,N1,5
https://laguajirahoy.com/la-guajira/educacion-vial-para-proteger-la-vida-en-corredores-escolares.html,presencia_grupos_armados,Paraguachon,N1,6
https://laguajirahoy.com/judiciales/venezuela-libero-a-ciudadano-frances-quien-fue-capturado-en-la-frontera-con-la-guajira.html,presencia_grupos_armados,Paraguachon,N1,7
https://laguajirahoy.com/educacion/nueva-estrategia-educativa-impulsa-integracion-infantil-en-la-guajira.html,presencia_grupos_armados,Paraguachon,N1,8
https://www.eltiempo.com/mundo/venezuela/padrino-lopez-confirmo-el-asesinato-de-varios-miembros-del-equipo-de-seguridad-de-nicolas-maduro-tras-los-bombardeos-de-estados-unidos-3521738,presencia_grupos_armados,Paraguachon,N1,9
https://www.eltiempo.com/justicia/paz-y-derechos-humanos/defensoria-alerta-por-expansion-de-los-pachenca-en-maicao-comunidades-wayuu-y-migrantes-en-medio-del-fuego-cruzado-3567775,presencia_grupos_armados,Paraguachon,N1,10
https://www.eltiempo.com/colombia/otras-ciudades/la-guajira-normalidad-en-la-frontera-tras-reapertura-del-paso-en-paraguachon-por-parte-de-las-autoridades-venezolanas-maicao-se-mantiene-en-alerta-3521735,presencia_grupos_armados,Paraguachon,N1,11
https://laguajirahoy.com/maicao/maicao-enfrenta-creciente-riesgo-por-expansion-de-grupos-armados.html,presencia_grupos_armados,Paraguachon,N1,12
https://diariodelnorte.net/laguajira/ejercito-nacional-reporta-cobertura-total-de-seguridad-en-zonas-rurales-de-la-guajira-durante-elecciones/,presencia_grupos_armados,Paraguachon,N1,13
https://laguajirahoy.com/maicao/alcaldia-de-maicao-mantiene-alerta-permanente-y-refuerza-seguridad-en-la-zona-fronteriza.html,presencia_grupos_armados,Paraguachon,N1,14
https://laguajirahoy.com/maicao/maicao-intensifica-controles-para-blindar-movilidad-a-paraguachon-territorio-que-limita-con-venezuela.html,presencia_grupos_armados,Paraguachon,N1,15
https://diariodelnorte.net/laguajira/policia-fortalece-acciones-de-seguridad-en-el-paso-fronterizo-de-paraguachon/,presencia_grupos_armados,Paraguachon,N2,1
https://laguajirahoy.com/la-guajira/educacion-vial-para-proteger-la-vida-en-corredores-escolares.html,presencia_grupos_armados,Paraguachon,N2,2
https://laguajirahoy.com/la-guajira/migracion-colombia-anuncia-cierre-en-paraguachon-por-eleccion-presidencial.html,presencia_grupos_armados,Paraguachon,N2,3
https://laguajirahoy.com/judiciales/secuestro-en-la-guajira-voces-policiales-explican-causas-cifras-y-retos.html,presencia_grupos_armados,Paraguachon,N2,4
https://diariodelnorte.net/judiciales/capturan-en-la-via-maicao-paraguachon-a-hombre-requerido-por-hurto-calificado-agravado/,presencia_grupos_armados,Paraguachon,N2,5
https://diariodelnorte.net/judiciales/capturan-en-zona-rural-de-maicao-a-hombre-requerido-por-homicidio/,presencia_grupos_armados,Paraguachon,N2,6
https://diariodelnorte.net/judiciales/capturan-a-hombre-que-conducia-vehiculo-reportado-como-hurtado-en-paraguachon/,presencia_grupos_armados,Paraguachon,N2,7
https://diariodelnorte.net/judiciales/capturan-en-paraguachon-a-hombre-requerido-por-delito-informatico/,presencia_grupos_armados,Paraguachon,N2,8
https://diariodelnorte.net/laguajira/ejercito-nacional-reporta-cobertura-total-de-seguridad-en-zonas-rurales-de-la-guajira-durante-elecciones/,presencia_grupos_armados,Paraguachon,N2,9
https://diariodelnorte.net/judiciales/capturan-a-joven-con-mas-de-170-dosis-de-estupefacientes-en-paraguachon/,presencia_grupos_armados,Paraguachon,N2,10
https://www.eltiempo.com/colombia/otras-ciudades/temblor-de-magnitud-3-4-sacudio-la-guajira-y-tiene-en-alerta-a-la-ciudad-fronteriza-el-epicentro-estuvo-en-dibulla-3567507,presencia_grupos_armados,Paraguachon,N2,11
https://diariodelnorte.net/judiciales/deportan-a-ciudadano-irani-que-ingreso-irregularmente-a-colombia-por-la-frontera-de-maicao-con-venezuela/,presencia_grupos_armados,Paraguachon,N2,12
https://diariodelnorte.net/judiciales/ediles-de-paraguachon-denuncian-amenazas-tras-recibir-video-intimidante/,presencia_grupos_armados,Paraguachon,N2,13
https://diariodelnorte.net/laguajira/policia-comunitaria-llevo-jornada-de-cine-al-barrio-para-fortalecer-la-convivencia-en-paraguachon/,presencia_grupos_armados,Paraguachon,N2,14
https://diariodelnorte.net/judiciales/operativo-conjunto-en-maicao-deja-un-capturado-y-cuatro-armas-de-fuego-incautadas/,presencia_grupos_armados,Paraguachon,N2,15
https://diariodelnorte.net/laguajira/defensoria-emite-alerta-por-expansion-de-las-acsn-y-escalada-del-riesgo-en-maicao/,presencia_grupos_armados,Paraguachon,N3,1
https://diariodelnorte.net/editorial/quienes-secuestran/,presencia_grupos_armados,Paraguachon,N3,2
https://laguajirahoy.com/judiciales/por-presion-de-autoridades-venezolanas-captores-liberan-secuestrados-colombianos.html,presencia_grupos_armados,Paraguachon,N3,3
https://laguajirahoy.com/judiciales/hombres-armados-habrian-sacado-a-comerciante-de-su-vivienda-en-maicao-la-guajira.html,presencia_grupos_armados,Paraguachon,N3,4
https://diariodelnorte.net/judiciales/hallan-16-libras-de-marihuana-en-operativos-conjuntos-en-maicao/,presencia_grupos_armados,Paraguachon,N3,5
https://laguajirahoy.com/maicao/mercados-comunitarios-abren-nuevas-oportunidades-para-productores-rurales-de-maicao.html,presencia_grupos_armados,Paraguachon,N3,6
https://www.eltiempo.com/mundo/venezuela/padrino-lopez-confirmo-el-asesinato-de-varios-miembros-del-equipo-de-seguridad-de-nicolas-maduro-tras-los-bombardeos-de-estados-unidos-3521738,presencia_grupos_armados,Paraguachon,N3,7
https://diariodelnorte.net/judiciales/operativos-en-la-guajira-dejan-seis-capturados-y-recuperacion-de-tres-motocicletas-hurtadas/,presencia_grupos_armados,Paraguachon,N3,8
https://laguajirahoy.com/judiciales-2/operativos-en-maicao-dejan-13-capturados-por-graves-delitos.html,presencia_grupos_armados,Paraguachon,N3,9
https://www.eltiempo.com/justicia/paz-y-derechos-humanos/defensoria-alerta-por-expansion-de-los-pachenca-en-maicao-comunidades-wayuu-y-migrantes-en-medio-del-fuego-cruzado-3567775,presencia_grupos_armados,Paraguachon,N3,10
https://laguajirahoy.com/maicao/maicao-enfrenta-creciente-riesgo-por-expansion-de-grupos-armados.html,presencia_grupos_armados,Paraguachon,N3,11
https://laguajirahoy.com/maicao/maicao-intensifica-controles-para-blindar-movilidad-a-paraguachon-territorio-que-limita-con-venezuela.html,presencia_grupos_armados,Paraguachon,N3,12
https://diariodelnorte.net/judiciales/capturan-a-presunto-integrante-de-estructura-criminal-por-extorsion-en-paraguachon/,presencia_grupos_armados,Paraguachon,N3,13
https://laguajirahoy.com/educacion/nueva-estrategia-educativa-impulsa-integracion-infantil-en-la-guajira.html,presencia_grupos_armados,Paraguachon,N3,14
https://laguajirahoy.com/la-guajira/educacion-vial-para-proteger-la-vida-en-corredores-escolares.html,presencia_grupos_armados,Paraguachon,N3,15
https://laguajirahoy.com/la-guajira/educacion-vial-para-proteger-la-vida-en-corredores-escolares.html,presencia_grupos_armados,Paraguachon,P1,1
https://laguajirahoy.com/la-guajira/migracion-colombia-anuncia-cierre-en-paraguachon-por-eleccion-presidencial.html,presencia_grupos_armados,Paraguachon,P1,2
https://diariodelnorte.net/laguajira/policia-fortalece-acciones-de-seguridad-en-el-paso-fronterizo-de-paraguachon/,presencia_grupos_armados,Paraguachon,P1,3
https://diariodelnorte.net/judiciales/capturan-en-zona-rural-de-maicao-a-hombre-requerido-por-homicidio/,presencia_grupos_armados,Paraguachon,P1,4
https://diariodelnorte.net/judiciales/capturan-en-paraguachon-a-hombre-requerido-por-delito-informatico/,presencia_grupos_armados,Paraguachon,P1,5
https://diariodelnorte.net/judiciales/operativo-conjunto-en-maicao-deja-un-capturado-y-cuatro-armas-de-fuego-incautadas/,presencia_grupos_armados,Paraguachon,P1,6
https://diariodelnorte.net/judiciales/capturan-a-joven-con-mas-de-170-dosis-de-estupefacientes-en-paraguachon/,presencia_grupos_armados,Paraguachon,P1,7
https://diariodelnorte.net/judiciales/capturan-a-hombre-que-conducia-vehiculo-reportado-como-hurtado-en-paraguachon/,presencia_grupos_armados,Paraguachon,P1,8
https://diariodelnorte.net/laguajira/ejercito-nacional-reporta-cobertura-total-de-seguridad-en-zonas-rurales-de-la-guajira-durante-elecciones/,presencia_grupos_armados,Paraguachon,P1,9
https://diariodelnorte.net/judiciales/policia-captura-a-dos-personas-por-receptacion-y-recupera-motocicletas-hurtadas-en-vias-de-la-guajira/,presencia_grupos_armados,Paraguachon,P1,10
https://diariodelnorte.net/judiciales/capturan-en-la-via-maicao-paraguachon-a-hombre-requerido-por-hurto-calificado-agravado/,presencia_grupos_armados,Paraguachon,P1,11
https://diariodelnorte.net/laguajira/policia-comunitaria-llevo-jornada-de-cine-al-barrio-para-fortalecer-la-convivencia-en-paraguachon/,presencia_grupos_armados,Paraguachon,P1,12
https://www.eltiempo.com/colombia/otras-ciudades/temblor-de-magnitud-3-4-sacudio-la-guajira-y-tiene-en-alerta-a-la-ciudad-fronteriza-el-epicentro-estuvo-en-dibulla-3567507,presencia_grupos_armados,Paraguachon,P1,13
https://www.eltiempo.com/justicia/conflicto-y-narcotrafico/el-eln-tiene-un-plan-de-saboteo-a-las-elecciones-investigador-de-campo-explica-las-razones-detras-del-atentado-al-batallon-de-riohacha-la-guajira-3558798,presencia_grupos_armados,Paraguachon,P1,14
https://diariodelnorte.net/laguajira/maicao-refuerza-seguridad-y-activa-pmu-ante-la-situacion-actual-en-la-frontera/,presencia_grupos_armados,Paraguachon,P1,15
https://laguajirahoy.com/judiciales/por-presion-de-autoridades-venezolanas-captores-liberan-secuestrados-colombianos.html,presencia_grupos_armados,Paraguachon,P2,1
https://diariodelnorte.net/laguajira/defensoria-emite-alerta-por-expansion-de-las-acsn-y-escalada-del-riesgo-en-maicao/,presencia_grupos_armados,Paraguachon,P2,2
https://diariodelnorte.net/judiciales/capturan-a-joven-con-mas-de-170-dosis-de-estupefacientes-en-paraguachon/,presencia_grupos_armados,Paraguachon,P2,3
https://diariodelnorte.net/laguajira/movimiento-quinto-poder-presenta-propuestas-para-el-desarrollo-de-la-guajira/,presencia_grupos_armados,Paraguachon,P2,4
https://diariodelnorte.net/judiciales/capturan-a-presunto-integrante-de-estructura-criminal-por-extorsion-en-paraguachon/,presencia_grupos_armados,Paraguachon,P2,5
https://www.eltiempo.com/justicia/conflicto-y-narcotrafico/el-eln-tiene-un-plan-de-saboteo-a-las-elecciones-investigador-de-campo-explica-las-razones-detras-del-atentado-al-batallon-de-riohacha-la-guajira-3558798,presencia_grupos_armados,Paraguachon,P2,6
https://diariodelnorte.net/judiciales/operativos-en-la-guajira-dejan-seis-capturados-y-recuperacion-de-tres-motocicletas-hurtadas/,presencia_grupos_armados,Paraguachon,P2,7
https://diariodelnorte.net/judiciales/operativo-conjunto-en-maicao-deja-un-capturado-y-cuatro-armas-de-fuego-incautadas/,presencia_grupos_armados,Paraguachon,P2,8
https://diariodelnorte.net/editorial/quienes-secuestran/,presencia_grupos_armados,Paraguachon,P2,9
https://diariodelnorte.net/judiciales/capturan-en-zona-rural-de-maicao-a-hombre-requerido-por-homicidio/,presencia_grupos_armados,Paraguachon,P2,10
https://diariodelnorte.net/judiciales/autoridades-capturan-a-13-personas-en-maicao-por-homicidio-extorsion-y-microtrafico/,presencia_grupos_armados,Paraguachon,P2,11
https://laguajirahoy.com/judiciales-2/operativos-en-maicao-dejan-13-capturados-por-graves-delitos.html,presencia_grupos_armados,Paraguachon,P2,12
https://laguajirahoy.com/judiciales/venezuela-libero-a-ciudadano-frances-quien-fue-capturado-en-la-frontera-con-la-guajira.html,presencia_grupos_armados,Paraguachon,P2,13
https://laguajirahoy.com/judiciales/hombres-armados-habrian-sacado-a-comerciante-de-su-vivienda-en-maicao-la-guajira.html,presencia_grupos_armados,Paraguachon,P2,14
https://diariodelnorte.net/judiciales/capturan-en-paraguachon-a-hombre-requerido-por-delito-informatico/,presencia_grupos_armados,Paraguachon,P2,15
