idx,departamento,titulo
1380,Amazonas,¿Un referendo para que departamentos tengan autonomía fiscal? Gobernador electo explica
1385,Amazonas,Gaseosas: ¿qué efectos tienen estas bebidas en el cuerpo humano? Aquí le contamos
1386,Amazonas,Así serán las subsalas de JEP para quienes no sean llamados como máximos responsables
1387,Amazonas,Esta es la trágica realidad de los menores en el Valle: son los más asesinados del país
1394,Amazonas,La mitad de las muertes ocurridas en Colombia entre 1979 y 2021 eran evitables
1395,Amazonas,Gobierno lanza convocatoria de estímulos e incentivos al sector turístico: cómo aplicar
1396,Amazonas,Fundación Juan Pablo Gutiérrez Cáceres realizará la Gran Cena de recaudación de fondos
1401,Amazonas,¿A qué acuerdos llegaron el presidente Petro y Nicolás Maduro tras encuentro?
1409,Amazonas,La historia no contada de cómo fue la búsqueda y hallazgo de los cuatro niños indígenas
1414,Amazonas,Las cuentas del presidente Petro: ¿el Gobierno sí ganó nueve gobernaciones?
1415,Amazonas,Los ejes de la cita entre la vicefiscal y vocero del Departamento de Estado de EE. UU.
1420,Amazonas,Un camino hacia la conservación de los bosques y selvas colombianas
1426,Amazonas,La NASA transmitirá en vivo el eclipse anular de sol este sábado 14 de octubre
1455,Amazonas,Más de 136.000 toneladas de productos no han transitado por cierres en la vía al Llano
1464,Amazonas,‘Potencia mundial de las drogas y el delito’
1466,Amazonas,Arepas colombianas: ¿en qué regiones de Colombia se encuentran las mejores?
1469,Amazonas,Una ambición renovada para la región amazónica
1471,Amazonas,"Cumbre de Brasil, punto de quiebre para frenar el deterioro de la Amazonia: Minambiente"
1472,Amazonas,"Fuerzas aéreas de Colombia, Brasil y Perú adelantan ejercicios en la frontera"
1476,Amazonas,"Colombiamoda 2023, una feria que trasciende e innova"
1478,Amazonas,"Con aplausómetro, Biofix logró consentimiento indígena para negociar bonos de carbono"
1481,Amazonas,Presidente Petro escuchará fallo sobre Nicaragua en San Andrés: irá con cúpula militar
1482,Amazonas,¿Le apasiona observar aves? Estos cuatro planes son recomendados para usted
1485,Amazonas,Siete años para salvar la Amazonía
1494,Amazonas,Así será la gran cumbre por la Amazonia en Leticia a la que asistirán Petro y Lula
1504,Amazonas,Los misterios de los peces que habitan las profundidades del río Orinoco
1518,Amazonas,‘¿Para qué poetas en tiempos de penuria?’
1522,Amazonas,Fósiles de la Tatacoa: un siglo de descubrimientos en el mejor yacimiento del trópico
1526,Amazonas,La ONU ayuda en la busqueda de los 4 niños desaparecidos por accidente de avioneta
1527,Amazonas,"Comunidades de zona de cordillera de Caquetá, en riesgo de desplazamiento por llegada de 'Iván Mordisco'"
1533,Amazonas,A jóvenes masacrados por disidencias los mataron tras escapar de reclutamiento
1536,Amazonas,Accidente de avioneta: cronología de la tragedia y búsqueda de los niños desaparecidos
1538,Amazonas,Jóvenes investigadoras colombianas harán inmersión científica en el MIT y Harvard
1539,Amazonas,20 de los 32 departamentos perdieron competitividad en el último año
1542,Amazonas,Claro evitó la emisión de 1.911 toneladas de CO2 en 2022
1544,Amazonas,Con gafas de plástico reciclado buscan devolverle la visión a niños vulnerables
1548,Amazonas,Defensoría: en cese al fuego bilateral han sido asesinados 5 líderes sociales
1550,Amazonas,'EE.UU. no tiene deseos de mantener sanciones contra Venezuela a perpetuidad'
1558,Amazonas,Minciencias abre convocatorias: se destinarán alrededor de $87.600 millones
1560,Amazonas,Amazonas: un destino mágico para los amantes de la naturaleza
1565,Amazonas,Se han dado señales contradictorias en manejo de la minería ilegal: Procuraduría
1581,Amazonas,Video: encuentran una boa constrictor en una vivienda en el sur de Cali
1582,Amazonas,¿Sara Uribe está saliendo con un miembro de 'Los Montañeros'? Esto respondió
1583,Amazonas,El Premio Cafam
1587,Amazonas,La conexión del otro país
1592,Amazonas,La historia del partido de Roy que se lanza este martes
1602,Amazonas,Gobierno Petro: prioridad afectar la minería ilegal en 5 zonas del país
1611,Amazonas,Colombia anuncia en Davos una cumbre de países amazónicos para mayo
1613,Amazonas,"El BID apoyará la protección del Amazonas con 73,5 millones de dólares"
1619,Amazonas,El medioambiente 2023
11,Antioquia,“Pusimos a Corantioquia en el corazón de los antioqueños”
19,Antioquia,Confiscaron bienes por más de $100.000 millones que pertenecían a las extintas AUC en Urabá
44,Antioquia,"Nos rajamos en los juegos, ¿qué hacer?"
67,Antioquia,"Abren una sala de quimioterapia en Caucasia, la primera en el Bajo Cauca"
79,Antioquia,“Hay intenciones de orquestar una toma hostil en el Metro para darle un manejo politiquero”: Aníbal Gaviria
92,Antioquia,¿Quién es quién en la campaña por la Alcaldía a Medellín? Perfiles de los candidatos que esperan llegar a La Alpujarra
93,Antioquia,"Estos son todos los candidatos a la Gobernación de Antioquia, conozca su pasado y presente político"
97,Antioquia,"Antioquia, entre los departamentos con mayor riesgo para las elecciones por pugnacidad y conflictos sociales"
101,Antioquia,Las aves de Hidroituango: conocerlas para cuidarlas
103,Antioquia,Muchedumbre rodeó y atracó a dos pelotones del Ejército en Antioquia y Guaviare en menos de 24 horas
108,Antioquia,El Nordeste tendrá los tarjetones más grandes: aspirantes se multiplicaron
115,Antioquia,Antioquia corazón social y económico de Colombia
116,Antioquia,luis perez y andres julian rendon se pelean la gobernacion de antioquia
123,Antioquia,"¿Cristian Halaby, candidato a la gobernación, está a favor del régimen de Nayib Bukele?"
132,Antioquia,"Video | “Las 4G se tienen que terminar, es un acto hostil del Gobierno contra Antioquia”: Luis Pérez si regresa a la Gobernación"
135,Antioquia,¡220 años y la U. de A. sigue invicta en su fecundidad!
143,Antioquia,La toma de las cajas
145,Antioquia,"Arriendos e inseguridad sacan a los comerciantes de El Poblado, ¿qué está pasando?"
146,Antioquia,Servicios que impulsan su negocio
153,Antioquia,Elecciones 2023 | Gamonales e inexpertos luchan por el control de las alcaldías en el Bajo Cauca
157,Antioquia,La Gorda
163,Antioquia,¿Hasta cuándo contra ellas? A tres mujeres las asesinaron en un día en Antioquia
171,Antioquia,"Gloria Cuartas y Lucía González, las dos importantes renuncias que pusieron a “cojear” la paz total de Petro"
183,Antioquia,La Alcaldía de Medellín escurre el bulto para no cumplir fallos en su contra
214,Antioquia,Exclusivo: el frente de las disidencias de las Farc y su comandante que quieren volverse del ELN para colarse en la paz total
222,Antioquia,Los avales cuestionados
225,Antioquia,Estos serán los 11 candidatos que competirán por la Gobernación de Antioquia
238,Antioquia,Antioquia: mujeres ocupan menos del 11% de los cargos de poder en las empresas
245,Antioquia,¿Por qué el municipio de Argelia cambiará su nombre luego de 63 años?
249,Antioquia,Cinco universidades de Antioquia se unieron para ofrecer 5.000 becas en el Bajo Cauca y el Nordeste
252,Antioquia,Economista Luis Guillermo Vélez será cabeza de lista del CD al Concejo de Medellín y otras movidas electorales
258,Antioquia,Asesinaron a pareja en vereda de Ebéjico: van ocho crímenes contra mujeres en Antioquia desde el 2 de julio
278,Antioquia,gastos publicitarios en facebook de precandidatos a la alcaldia de medellin y la gobernacion de antioquia
301,Antioquia,"Conmoción en Turbo por el asesinato de una adolescente indígena, al parecer, en manos de varios hombres"
303,Antioquia,Gobierno y las bandas del Valle de Aburrá tienen voceros y alistan diálogo
320,Antioquia,“La garganta mía es estrecha para tragar sapos”: Luis Fernando Suárez responde por qué no acepta invitación del Pacto de Indiana
321,Antioquia,La historia de una exposición que empezó hace 40 años
323,Antioquia,Otra mujer fue asesinada en Antioquia: la hallaron en una quebrada de Santa Rosa de Osos
326,Antioquia,Video: 50 militares de Antioquia apoyarán la búsqueda de los cuatro hermanos desaparecidos en la selva del Guaviare
327,Antioquia,La crisis de seguridad llevó a gigante chino a frenar sus operaciones en mina de Buriticá
344,Antioquia,"Como en ‘Los reyes del mundo’, Gobierno encontró dos fincas para víctimas del Bajo Cauca invadidas por mineros ilegales"
349,Antioquia,Solo dos cables en Antioquia tienen la esperanza de volver a operar
360,Antioquia,Capturaron en Medellín a presunto socio de cartel mexicano que es hermano de un exsubcontralor de Antioquia
367,Antioquia,Crean alianza entre entidades públicas y privadas para búsqueda de personas desaparecidas
368,Antioquia,No prosperan investigaciones sobre corrupción en el Área metopolitana del Valle de Aburrá
385,Antioquia,“Vemos con buenos ojos que el Gobierno quiera invertir en lo social en Urabá”: nuevo arzobispo de Santa Fe de Antioquia
404,Antioquia,"Momento Mori, la cinta del animero de Puerto Berrío, abrirá el Festival de cine de Cartagena"
419,Antioquia,Un homenaje de El Colombiano sus 210 voceadoras: testimonios
427,Antioquia,¿El Suroeste en jaque?
482,Antioquia,Negligencia con el cuidado del río le pasa cuenta de cobro a la ciudad
1622,Arauca,"Cauca, Antioquia, Nariño y Valle, con las mayores cifras de violencia en 2023: Indepaz"
1623,Arauca,Sobre el caño Cabuyare se construirá un Box Culvert. La comunidad reclamaba la obra desde hacia treinta años
1629,Arauca,Personerías de Arauca y Cubará rechaza el asesinato de la Sra. Tulia Carrillo en Tame
1642,Arauca,Destruyen un depósito clandestino de material de guerra en Arauca: sería del Eln
1648,Arauca,Fiscal: ''Paz total' se ha convertido en herramienta para aniquilar acuerdo con Farc'
1661,Arauca,"ONU Derechos Humanos pide la liberación de cuatro jóvenes en Tame, Arauca"
1665,Arauca,URT presentará demanda de derechos territoriales étnicos sobre 30.000 hectáreas del departamento de Arauca
1678,Arauca,"Lo que dijeron Gobierno, rectores y expertos sobre la reforma educativa"
1683,Arauca,"Ingeniería Industrial, Trabajo Social y Enfermería, programas que se ofrecerán de manera presencial en la UNAL Sede Orinoquia"
1687,Arauca,Este 19 de septiembre se realizará una Feria de Universidades en Arauca
1688,Arauca,A la cárcel sujeto que agredió a su compañera sentimental en Arauca
1691,Arauca,“La paz total también es posible si los grupos armados ilegales renuncian a combatir entre ellos mismos”
1692,Arauca,Procuraduría rechaza reclutamiento de menores de edad en Arauca. Pide a gobiernos locales activar equipos de acción inmediata
1694,Arauca,70 familias se beneficiaron con la asignación de apoyos para mejoramiento de vivienda en el municipio de Arauca
1715,Arauca,Unidad Para Las Víctimas realiza Encuentro de Asistencia Técnica Diferenciada en Tame
1719,Arauca,Jóvenes mayores de 14 años podrán acceder a un trabajo a través del servicio público de empleo
1727,Arauca,Arauca tendrá nueva jornada gratuita para aprender a exportar este 3 de agosto
1739,Arauca,Margarita Cabello revela que el ministro Velásquez no ha ido a ninguno de sus llamados
1740,Arauca,"En medio de ceses de fuego, ya hay grupos criminales imponiendo candidatos: Procuradora"
1742,Arauca,La alerta que envía la Procuradora por riesgo de contratación directa en elecciones
1752,Arauca,UAESA gestionó vuelo humanitario con la FAC para trasladar a niño de dos años herido en accidente de tránsito
1754,Arauca,Reforzarán medidas de seguridad a defensores de derechos humanos en Arauca
1765,Arauca,"Por presión de grupos armados, 12 alcaldes despachan fuera de sus regiones: Defensoría"
1766,Arauca,"Denuncian que el Eln habría secuestrado a cinco personas en Bajo Baudó, Chocó"
1767,Arauca,A la cárcel dos hombres investigados por presunta responsabilidad en el delito de violencia intrafamiliar en Arauca y Tame
1770,Arauca,Consejo de Estado rechaza demanda de designación del gobernador encargado de Arauca
1778,Arauca,Movilización en Arauca por Emergencia Invernal
1806,Arauca,‘Arauca le habla a Colombia’. Gobernador dijo que ese proceso debe ir acompañado de inversión social
1809,Arauca,9 menores de edad habrían sido reclutados por el ELN en Arauca en el 2.023: Defensoría
1812,Arauca,Hoy se realiza la segunda Rueda de Negocios de compras públicas locales en la plazoleta de la Gobernación
1813,Arauca,Revisión de límites de Arauca con Venezuela realizan Ministerio de Relaciones Exteriores y Gobierno departamental
1828,Arauca,Este 20 de abril se realizará la segunda Rueda de Negocios de compras públicas locales en Arauca
1831,Arauca,"Allanan hogar de líder comunal en Saravena, Arauca"
1838,Arauca,"En Arauca y Tame se socializará el programa ""Caminos Comunitarios para la Paz Total”"
1843,Arauca,"Afectación por artefactos explosivos en 2022, la más alta en seis años: CICR"
1844,Arauca,Arauca tendrá oficina territorial del INVIAS
1850,Arauca,Desmovilizados de las Farc en Meta dicen que fueron desplazados de su territorio
1853,Arauca,Insólito: se robaron 40 toneladas de víveres que iban para el Ejército en Arauca
1854,Arauca,Proximamente en Arauca se abrirá oficina de la Agencia Nacional de Tierras
1858,Arauca,Arauquiteña con opciones al premio Mujer Cafam
1863,Arauca,El movimiento social y el ELN se distancian de la Paz Total en Arauca
1866,Arauca,Hoy la agenda del gobernador se desarrolla en el área rural del municipio de Arauca y el sábado en Tame
1868,Arauca,“El IGAC debe regresar a Arauca y convertirse en el aliado que necesitamos”: Karen Manrique
1871,Arauca,1.500 jóvenes de la Orinoquia podrán inscribirse de forma gratuita a la UNAL
1875,Arauca,"Cenit rechaza hechos ilegales perpetrados por terceros desconocidos en zona rural de Saravena, Arauca"
1884,Arauca,Más de 150 deportistas participaron en las Olimpiadas de Discapacidad 2023
1888,Arauca,“La violación a los DDHH en Arauca está destruyendo el tejido social”: Representante Karen Manrique
1889,Arauca,Organizaciones se articulan en la región del Catatumbo y el departamento de Arauca con el proyecto “A tu lado”
1897,Arauca,1.145 familias requieren asistencia humanitaria inmediata en el departamento de Arauca: Defensoría del Pueblo
1900,Arauca,La dura evaluación del informe de HRW sobre situación de DD. HH. en Colombia
1911,Atlántico,Accidente en Atlántico: saquean camión de carne mientras conductor era atendido
1915,Atlántico,"En altamar, la Armada de Colombia incautó más de una tonelada de marihuana y cocaína"
1923,Atlántico,Villa Campestre: moradores se niegan a que se lea sus contadores de energía
1924,Atlántico,Gas domiciliario llega a 4 mil familias en el Atlántico
1951,Atlántico,Dejan en libertad a cantante vallenato señalado de apuñalar a mánager en Barranquilla
2014,Atlántico,Corte escuchó a las candidatas a la Fiscalía General: ¿qué viene ahora?
2086,Atlántico,El Carnaval de los Niños 2024 ya tiene a sus reyes
2092,Atlántico,"Entregan obras de ampliación y modernización del hospital de Santo Tomás, Atlántico"
2099,Atlántico,"Los bares colombianos entre los 100 mejores del mundo, ¿cuánto vale ir a ellos?"
2131,Atlántico,"Así fue como Canarias influyó en el español del Caribe, en especial de Cuba y Venezuela"
2147,Atlántico,Atlántico: estos son los planes para hacer en familia durante semana de receso escolar
2184,Atlántico,Sujetos irrumpen en retiro espiritual y roban pertenencias de sacerdotes en Atlántico
2189,Atlántico,Panamá se compromete a mantener la operación del Canal pese a la crisis por la sequía
2211,Atlántico,Registro de nacimiento: ¿cómo lo puede descargar desde internet?
2221,Atlántico,Una gira en homenaje a la vida
2303,Atlántico,Capturan a exfuncionarios que se habían apropiado de $ 7.000 millones de Polo Nuevo
2304,Atlántico,"ONU reconoce esfuerzos para proteger a líderes sociales, pero lanza alerta por masacres"
2306,Atlántico,Tren Regional del Caribe sería una realidad
2309,Atlántico,Los esfuerzos de Irlanda por preservar y extender su biodiversidad
2333,Atlántico,Investigan a profesor de la Uniatlántico por supuesto irrespeto a compañeros
2345,Atlántico,"Verónica Alcocer, funcionarios y las personas mencionadas en caso de Nicolás Petro"
2390,Atlántico,Atención: onda tropical llegará a San Andrés y se prevé que se incrementen las lluvias
2468,Atlántico,Gobernadora y alcaldes del Atlántico se oponen a una nueva caseta de peaje
2471,Atlántico,La increíble técnica médica que curó a bebé con órganos expuestos en etapa de gestación
2480,Atlántico,Batalla campal en playa de Atlántico: clientes aprovecharon y se fueron sin pagar
2484,Atlántico,"Así es 'Caribe Aventura', el nuevo parque acuático entre Barranquilla y Cartagena"
2493,Atlántico,Los sitios turísticos destacados de Sucre para disfrutar en vacaciones de mitad de año
2515,Atlántico,Titán: la teoría de lo que pudo pasar con el sumergible destruido en el océano
2537,Atlántico,La rana invasora y ‘gomela’ que solo vive en barrios costosos y exclusivos de Colombia
2569,Atlántico,"Comunidad bloquea vía La Cordialidad, en Atlántico, por servicio de agua potable"
2589,Atlántico,Cancilleres de la Otán se reúnen en Oslo para evaluar ingreso de Ucrania a la Alianza
2593,Atlántico,Comunidad mantiene protesta tras nuevo plazo de suspensión de cobro en Papiros
2640,Atlántico,La dosis de civismo que reciben miles de estudiantes en colegios de Barranquilla
2665,Atlántico,Así se moverá la casa Char para encarar la carrera a la Gobernación de Atlántico
2666,Atlántico,El barranquillero que estará en el primer campamento de Ciencia en Dinamarca
2689,Atlántico,Otra liberal se rebela a Gaviria: Olga González apoyará reforma de la salud
2695,Atlántico,"Porte legal de armas, una propuesta con opositores y aliados en Barranquilla"
2711,Atlántico,"En Turbaco no quieren tarifa diferencial, exigen al Gobierno que retire el peaje"
2729,Atlántico,Así se vive la Semana Santa en Colombia
2742,Atlántico,"Atlántico, parada infaltable para esta Semana Santa"
2766,Atlántico,El colegio que no ha podido reanudar las clases por masacres en Barranquilla
2820,Atlántico,¿Quién es el abogado de Nicolás Petro en caso de sanción por cuentas de campaña?
2825,Atlántico,La ANI habría incurrido en presunta omisión en caso del peaje Papiros
2864,Atlántico,¿Quién es la exesposa de Nicolás Petro que lo acusa de recibir dinero ilegal?
2877,Atlántico,La temporada de vientos atrae a turistas de todo el mundo a playas del Atlántico
2948,Atlántico,En el país la eutanasia se multiplicó por veinticuatro en los últimos ocho años
2954,Atlántico,En Cartagena se dispara el robo de tierras: Procuraduría hizo audiencia pública
2958,Atlántico,Corte pide a Gobierno que salida a crisis carcelaria esté en Plan de Desarrollo
2965,Atlántico,Queman compra-venta de carros que sería de hombre asesinado en Barranquilla
3010,Atlántico,El trágico final del gato que nació con dos cabezas y un ojo en el Atlántico
3026,Bolívar,Cayó ‘Buscapiés’: lo señalan de distribuir drogas en un barrio de Magangué
3037,Bolívar,‘Los Careperro’ utilizaban los genitales de ‘Laura’ para esconder la droga
3048,Bolívar,¡Doloroso! 151 líderes asesinados en 2023 en Colombia: 7 son de Bolívar
3052,Bolívar,Matan a patrullero de la Policía en un procedimiento: hay recompensa
3054,Bolívar,Se recrudecen los enfrentamientos de grupos armados en el sur de Bolívar
3058,Bolívar,Más de 70 personas conformarán Comisión de Empalme de Dumek Turbay
3059,Bolívar,A balazos matan a hombre que hace 22 días salió de la Cárcel de Ternera
3074,Bolívar,¡Atento! Oficina de Pasaportes no tendrá atención del 8 al 10 de noviembre
3095,Bolívar,El ajedrez de Bolívar sigue dando pasos de gigante
3105,Bolívar,Inicia plan para recuperar empresa de acueducto y alcantarillado de El Carmen
3114,Bolívar,Estaba armado y con panfletos de las autodefensas: fue capturado en Pinillos
3119,Bolívar,Este es el robusto plan de acción que Afinia promete para mejorar el servicio
3125,Bolívar,Petro entregará tierras a 272 familias campesinas en El Carmen de Bolívar
3128,Bolívar,Paro nacional de maestros: docentes protestaron en Cartagena
3135,Bolívar,¡Atención! Bloqueos en carretera Troncal de Occidente
3140,Bolívar,Continúan las jornadas de atención a víctimas del conflicto armado en Bolívar
3148,Bolívar,Entre estos diez nombres está el heredero de la silla de Vicente Blel
3153,Bolívar,En Bolívar se invertirán más de $48 mil millones en agua y saneamiento
3154,Bolívar,Estos son los diez candidatos a la Gobernación de Bolívar
3158,Bolívar,"Día de la Virgen del Carmen, ¿una tradición que sigue viva?"
3162,Bolívar,“No puedes estar aquí”: denuncian caso de transfobia en Cartagena
3163,Bolívar,"La historia criminal de Don Leo, capturado por matar a 2 líderes en Bolívar"
3165,Bolívar,¿En el barrio La Esperanza están regalando casas por votos?
3176,Bolívar,Se reactivaría cobro del peaje de Turbaco: conozca quiénes deberían pagar
3178,Bolívar,"¡Desalmado! Capturan a hombre, de 52 años, cuando agredía a su mujer"
3188,Bolívar,"¡Buena esa carajo!: Selección Bolívar, a la final nacional de fútbol juvenil"
3195,Bolívar,"Termocandelaria, próxima a aportar más energía"
3196,Bolívar,“La salvaremos”: Gobernación recuperará casa en el Pie de la Popa
3208,Bolívar,Crónica: las hijas de palenqueras que juegan fútbol
3209,Bolívar,¡Rueda el balón!: Bolívar se mueve con sus selecciones de fútbol
3218,Bolívar,Empresarios colombianos participaron de la Ruta Barcelona Sostenible
3224,Bolívar,"Concejal de Cartagena y líderes, amenazados por el Clan del Golfo"
3225,Bolívar,“William García Tirado no me va a hacer una ‘mariamulatada’”: Yolanda Wong
3229,Bolívar,Atención: fue adjudicada la interventoría del Canal del Dique
3230,Bolívar,Capturan a presuntos miembros del ELN en medio de guerra con AGC
3232,Bolívar,Suspenden rutas de buses municipales tras reactivación de peaje de Turbaco
3233,Bolívar,¿Qué hay detrás del desalojo del predio Gente de Mar?
3242,Bolívar,Gustavo Bolívar sobre la paz total de Petro: “Esto es un mierdero”
3243,Bolívar,El presunto aliado de Aída Merlano en Bolívar para comprar votos
3248,Bolívar,“Juntémonos para restablecer el derecho de nuestros estudiantes”: Alcaldía
3250,Bolívar,"Rafa Mercado: “Estaba en el lugar equivocado, gracias a Dios estoy vivo”"
3252,Bolívar,Menores siguen siendo las principales víctimas de abuso sexual en Cartagena
3253,Bolívar,Video: Docentes de Cartagena protestan en el Centro Histórico
3254,Bolívar,¡No hizo la tarea!: Bolívar perdió ante Córdoba en Zonal de Fútbol Prejuvenil
3255,Bolívar,Susana Boreal: ¿es novia de miembro de su UTL que gana casi $10 millones?
3256,Bolívar,“Nos están robando el Pacto Histórico”: Gustavo Bolívar sobre avales
3262,Bolívar,“Lo hecho por Blel y por Dau hay que reformarlo”: Zaith Adechine
3263,Bolívar,El vínculo entre caso Aquarela e irregularidades en la Localidad 3
3275,Bolívar,"Video: Selección Bolívar de Fútbol Infantil, una gran familia"
3281,Bolívar,"Policía: Sin homicidios, así fue Puente de Reyes en municipios de Bolívar"
3309,Boyacá,La navidad en Boyacá se vivirá en tren
3317,Boyacá,‘Siervo sin tierra’ repitió función y enamoró a más de 800 espectadores
3318,Boyacá,22 años de la masacre del Páramo de la Sarna
3325,Boyacá,"25 de noviembre, Día Internacional de la Eliminación de la Violencia Contra la Mujer￼"
3326,Boyacá,Recusan a los congresistas del partido Verde por recibir ‘mermelada'
3344,Boyacá,Sogamoso no logra actualizar su POT
3347,Boyacá,"“La comunidad LGBTIQ+ se cree que es una minoría y es una inmensa mayoría, en silencio”: Laura Zabala"
3348,Boyacá,Siguen las quejas de los internos de la cárcel de Cómbita por temas de alimentación
3354,Boyacá,Comunicado de Rodrigo Rojas habla de continuismo
3359,Boyacá,Rojos y verdes en polémica por el agua de Chiquinquirá
3365,Boyacá,Fin de semana 'negro' en Boyacá
3369,Boyacá,Tibasosa el pueblo más bonito de Boyacá en la versión 2023
3384,Boyacá,Dos maestros destituidos e inhabilitados por actos sexuales indebidos
3385,Boyacá,"Por el destino de sus vertimientos, Urbaser fue requerida por Corpoboyacá"
3390,Boyacá,Morris se le metió a la sede de Rodrigo Rojas y provocó escándalo
3393,Boyacá,Cerca de 600 niños participan en la décima Copa Veolia
3397,Boyacá,Corpoboyacá y ANLA realizaron la Audiencia Pública Ambiental de Playa Blanca
3404,Boyacá,Cuarenta municipios de Boyacá en riesgo por seguridad pueden afectar elecciones
3413,Boyacá,"Pavimentarán la vía Piedra Gorda - San Pedro de Iguaque, anunció el Gobernador de Boyacá"
3415,Boyacá,Positivo balance de la Policía de Boyacá y la Policía Metropolitana de Tunja
3429,Boyacá,Represamiento del río Mueche pone en riesgo zonas ribereñas de seis municipios en Boyacá
3437,Boyacá,Solución provisional para la vía Sogamoso – Aguazul
3459,Boyacá,"“Quiero ser el candidato y el Alcalde de la gente”, dice Vicente Aníbal Ojeda"
3465,Boyacá,"24 de julio, natalicio Simón Bolívar, Libertador y padre de la patria"
3474,Boyacá,Boyacá rechaza amenazas contra defensoras de derechos humanos y población Lgbtiq+
3477,Boyacá,Historias de nueve comunidades que cuidan el agua en la Región Central
3480,Boyacá,Alcaldes de Valderrama piden cita con el Gobernador de Boyacá
3485,Boyacá,Primer Festival de Aves de San Pablo de Borbur
3490,Boyacá,Llega la jornada de recolección de residuos posconsumo
3493,Boyacá,Unas 4.000 personas acompañaron a Rodrigo Rojas en Duitama
3501,Boyacá,Faltan más uniformados para atender requerimientos de Boyacá
3505,Boyacá,"Alegría, cultura, tradición y deporte este fin de semana en Boyacá"
3513,Boyacá,40 convenios se firmaron del programa 'Caminos Comunitarios de la Paz Total' en Paz de Río
3516,Boyacá,13 millones de dólares para la conservación de los páramos en Colombia
3528,Boyacá,Más de 8 millones de personas mueren cada año por causa del tabaquismo
3540,Boyacá,Encuentro de Arcos Sinfónicos de Boyacá este domingo en Tunja
3542,Boyacá,Avanza la Zona de Reserva Campesina del Paraíso Escondido de Boyacá – Togüí
3557,Boyacá,Aquí las respuestas de Corpoboyacá ante las obras de Playa Blanca
3560,Boyacá,"""No nos están matando los violentos, pero sí la mala atención en la salud"""
3564,Boyacá,"Puente Festivo con Día del Trabajo, ¡fiestas es lo que hay en Boyacá!"
3566,Boyacá,Así avanza el proceso de deslinde en el Lago de Tota
3568,Boyacá,Menores de cuatro municipios de Boyacá no están recibiendo alimentos del PAE
3571,Boyacá,Más de 200 personas asistieron a la Audiencia Pública sobre la Reforma a la Salud
3586,Boyacá,Procuraduría crea espacios de diálogo para destrabar PAE en Boyacá
3602,Boyacá,Mandatarios de la Región Central trazarán la hoja de ruta de la RAP-E para el 2023
3620,Boyacá,Tomen notas de las tareas que deben hacer por los habitantes de Tópaga
3631,Boyacá,Gobierno Departamental y UPTC evaluaron apuestas estratégicas
3634,Boyacá,Tunja tiene mesa para atención a migrantes
3635,Boyacá,Así van las estrategias por la salud mental de Boyacá
3660,Boyacá,Una planta de tratamiento de aguas residuales que le produce renta a un operador privado ¿y de los rellenos sanitarios de Boyacá qué?
3664,Caldas,Casos de tuberculosis en Caldas superan las cifras del 2022
3665,Caldas,"Previo a la celebración de la Navidad, la Gobernación entregó 22 viviendas"
3667,Caldas,"JEP ordena el arresto del Gobernador de Caldas, Luis Carlos Velásquez"
3679,Caldas,El Museo Rodante Mapaná llega al Oriente de Caldas
3687,Caldas,Asamblea Departamental le dijo sí al retiro de los peajes de La Estrella y Quiebra de Vélez
3700,Caldas,"U. de Caldas tiene hoja de ruta para implementar ""Universidad en tu Territorio"""
3705,Caldas,Gobernador de Caldas radicó proyecto para derogar el cobro de los peajes La Estrella y La Quiebra de Vélez
3707,Caldas,El Centro de Infraestructura de Caldas analiza lo que sería la nueva concesión de la Autopista del Café
3708,Caldas,La Agencia Nacional de Tierras alerta por riesgo de estafas en La Dorada
3722,Caldas,Asamblea de Caldas discutirá cuatro proyectos de ordenanza en las sesiones ordinarias
3724,Caldas,Problemas del contratista retrasan los proyectos viales en Riosucio y Florencia
3728,Caldas,"Gobernación entregó diez viviendas en Aguadas, Chinchiná y Victoria"
3735,Caldas,Policía capturó a cuatro personas por tala indiscriminada de árboles en Caldas
3738,Caldas,"En Manizales se realizará la Semana Nacional Cambio Climático, acciones por la vida – Caldas 2023"
3744,Caldas,Gobernación entregó viviendas a nueve familias de Caldas
3751,Caldas,Nueve personas fueron capturadas en Chinchiná
3761,Caldas,En Arma (Aguadas) intervienen tres puntos del acueducto y alcantarillado
3763,Caldas,"""Trabajamos para que la gente sepa para qué sirve un Concejo"" Edward Orozco, candidato al Concejo"
3764,Caldas,Se adjudicaron dos contratos de obra para mejorar las vías del Norte de Caldas
3767,Caldas,Gobernación entregó cuatro viviendas en Riosucio
3777,Caldas,Caldas ya cuenta con un borrador de la política pública de paz territorial
3784,Caldas,2.096 personas de Neira se beneficiarán con el acueducto multiveredal
3792,Caldas,90 familias en Manizales tendrán vivienda propia gracias a un proyecto de la Gobernación
3807,Caldas,Telesalud y Alcaldía de Samaná unen esfuerzos para llevar servicios de telemedicina a zonas rurales
3818,Caldas,Invertirán 275 millones en el mejoramiento de las vías en San Diego (Samaná)
3835,Caldas,Docentes y estudiantes representarán a Caldas en encuentro internacional de investigación
3837,Caldas,Ejército utiliza drones para monitorear la anomalía térmica en Cerro Bravo
3841,Caldas,Memorias de corrupción para tiempos electorales
3843,Caldas,Con conexión Entorno capacitarán a líderes comunales en temas medioambientales
3846,Caldas,Empresas de servicios públicos en Manizales hablarán sobre sostenibilidad
3848,Caldas,"Perdernos las maravillas de Caldas, un riesgo que no podemos correr"
3864,Caldas,Ejército ayuda a familias de Norcasia afectadas por las lluvias
3880,Caldas,Defensa Civil con su emisora móvil entrega información a pobladores de la zona de influencia
3884,Caldas,En Norcasia destruyeron maquinaria avaluada en 500 millones dedicada a la minería ilegal
3888,Caldas,Caldas avanza en sus estrategias de lucha contra el cambio climático
3892,Caldas,Empocaldas ya tiene su nueva junta directiva 2023
3894,Caldas,Gestora Social de Caldas crea estrategia para fortalecer el manejo de las emociones en los colegios
3896,Caldas,Caldas será sede del Foro Urbano Nacional sobre Cambio Climático
3900,Caldas,Empocaldas entregó obras de mejoramiento de acueducto y alcantarillado en Belalcázar
3906,Caldas,Municipios avanzan en la construcción de sus mapas comunitarios de gestión del riesgo
3907,Caldas,Alcaldía de Manizales entregó vía en el kilómetro 41
3909,Caldas,Consultorio jurídico de la Universidad de Caldas tiene nuevo horario de atención al público
3918,Caldas,Concejo de Manizales instaló su primer período de sesiones ordinarias
3920,Caldas,En 12 municipios realizarán capacitaciones en primeros auxilios
3927,Caldas,Capturaron a dos hombres por maltratar a sus parejas en Chinchiná y Manzanares
3936,Caldas,En Pácora buscan reabrir la central de beneficio y construir una nueva variante
3939,Caldas,En el Colombo Americano se presenta la exposición «La selva de la resistencia»
3943,Caldas,La sede Magdalena de la Universidad de Caldas ya cuenta con un Vicerrector
3945,Caldas,En abril estaría listo el nuevo puesto de salud de San Diego (Samaná)
3950,Caldas,Buscarán recursos para 25 puntos de riesgo de diez municipios de Caldas
3967,Caquetá,"El año 2023, marcado por la amenaza de los grupos ilegales en las regiones de Colombia"
3969,Caquetá,Los detalles de la reunión del presidente Petro con los 17 gobernadores 'lejanos'
3972,Caquetá,¿‘Por la paz de Colombia’?
3974,Caquetá,"¿Dónde están los enemigos y socios del sanguinario excapo de Medellín, Pablo Escobar?"
3976,Caquetá,El llamado de la Defensoría al Gobierno por posible freno a diálogos con grupos armados
3981,Caquetá,Procuraduría advierte aumento de reclutamiento de menores: han atendido 134 este año
3982,Caquetá,'No es hora de improvisar': El duro llamado de Cabello al Gobierno de cara a elecciones
3983,Caquetá,Internet gratis llegará a 1180 escuelas de municipios PDET
3985,Caquetá,Ocho candidatos van en la contienda por la gobernación de Nariño
3987,Caquetá,"¿Quiénes son los ‘Comandos de Frontera’, grupo que tiene sitiado Putumayo y Caquetá?"
4011,Caquetá,Manuel Ranoque: Procuraduría agenda cita para conciliación con dueños de avioneta
4014,Caquetá,"Urgente: Manuel Ranoque, papá de niños rescatados en la selva, fue enviado a prisión"
4017,Caquetá,Partido Comunes cita a control político a Alto Comisionado y al ministro Velasco
4030,Caquetá,Papá de niños perdidos en la selva pide millonaria indemnización a dueños de avioneta
4041,Caquetá,Las razones de la crisis de orden público y seguridad en todo el país
4042,Caquetá,Un camino diferente
4044,Caquetá,MOE señala riesgos extremos por inscripciones atípicas de cédulas en cinco municipios
4048,Caquetá,"La historia de 3 hermanos indígenas asesinados cerca del río: a la cárcel, un implicado"
4049,Caquetá,"Más de 690.000 niños, en riesgo de no recibir alimentos por fallas del PAE: Contraloría"
4052,Caquetá,"La vasectomía, un método anticonceptivo que toma fuerza en Medellín"
4053,Caquetá,"Wilson: canje con espíritus, propósitos cumplidos e historias sobre el perro rescatista"
4054,Caquetá,Del Yarí a Bogotá
4056,Caquetá,En la paz total ‘hay que hacer un alto en el camino’: José Félix Lafaurie
4072,Caquetá,'Amenaza a todos los partidos': MOE sobre acciones de grupos armados
4079,Caquetá,'Las mesas de diálogo deben ayudar a que los alcaldes podamos volver': alcalde de Tibú
4080,Caquetá,Fiscalía envió a la cárcel a hombre que apuñaló a su expareja frente a su hija
4088,Caquetá,Las empresas que han abandonado proyectos por bloqueos y temas de seguridad
4093,Caquetá,‘Disidencias de Farc han reclutado en Bogotá a jóvenes de primera línea’: Claudia López
4094,Caquetá,Con la ayuda de imágenes satelitales se adelanta búsqueda de los cuatro hermanos desaparecidos en selvas de Caquetá
4097,Caquetá,"Tras atroz crimen de disidencias, paz total de Petro enfrenta otro desafío: ¿qué sigue?"
4100,Caquetá,Concluyó consejo de seguridad sobre asesinato de jóvenes indígenas en el Putumayo
4102,Caquetá,Guardias étnicas: una forma de privatizar la seguridad
4104,Caquetá,Lo último: Lanzan kits de superviviencia para niños desaparecidos en Guaviare
4106,Caquetá,150 personas trabajan en la búsqueda de los niños perdidos en la selva del Caquetá
4109,Caquetá,Así fue el rescate de los tres cuerpos de las personas que murieron en accidente aéreo
4110,Caquetá,Niños perdidos en la selva: ¿cómo avanza la búsqueda tras 18 días del accidente?
4111,Caquetá,Aerocivil recuperó los cuerpos de las tres personas que murieron en accidente aéreo
4120,Caquetá,OEA hace llamado a grupos armados a detener ataques y comprometerse con la paz total
4124,Caquetá,Los graves riesgos que implica incentivar las llamadas guardias
4127,Caquetá,Esto es lo que se sabe del hallazgo de la avioneta perdida en Caquetá
4130,Caquetá,Purgatorio
4142,Caquetá,"En Colombia, ir a la escuela es un desafío de supervivencia"
4144,Caquetá,Gobierno dice que grupos ilegales sumarían unos 20.600 hombres
4154,Caquetá,La responsabilidad presidencial
4173,Caquetá,Las imágenes del conmovedor homenaje a policía asesinado en Caquetá
4176,Caquetá,Lenidad o suplicio
4180,Caquetá,Dura historia del policía asesinado en Caguán: 'Le repetía que no trabajara más'
4184,Caquetá,Gremios repudian ataque a campo petrolero y piden proteger a la Policía
4191,Caquetá,Protocolos establecen que disidencias no podrán andar armadas en poblaciones
4195,Caquetá,Estos son los golpes militares que han afectado a las estructuras del Eln
498,Casanare,Rescatan madre e hija que estaban secuestradas por grupo delincuencial en Casanare
502,Casanare,Así pasó de ser un humilde pescador a uno de los narcos más poderosos del Caribe
504,Casanare,"Pruebas Saber 11: estos son los mejores colegios de Colombia en 2023, ¿está el suyo?"
506,Casanare,Premios Portafolio reconocen a 13 empresarios destacados
510,Casanare,"Masacre en Casanare: asesinaron a tres migrantes venezolanos, entre ellos una mujer"
511,Casanare,"El mensaje de Camila Avella, tras su histórica participación en Miss Universo"
512,Casanare,Camila Avella: histórica participación de la colombiana en Miss Universo
513,Casanare,Vasectomía: la planificación familiar también es responsabilidad de los hombres
514,Casanare,Lo que le piden los gobernadores ‘de Gobierno’ al presidente Petro
515,Casanare,Condenan a 33 años de cárcel a policía que mató a un habitante de calle en Yopal
517,Casanare,Así avanza el proceso de liberación del padre de Luis Díaz en Barrancas (La Guajira)
518,Casanare,Atención: estos son los 16 integrantes de las FF.MM. llamados a curso de general
519,Casanare,"‘La producción de petróleo genera impactos, por eso la comunidad debe estar informada’"
520,Casanare,"Elecciones: Uriel recibió 263 quejas y 73 personas dadas por desaparecidas, aparecieron"
521,Casanare,Capturan a yerno del senador Alirio Barrera en Casanare
525,Casanare,Ejército de Colombia destruyó megalaboratorio para procesar coca del 'clan del Golfo'
528,Casanare,'No soy de izquierda ni de derecha': expresidente Uribe durante campaña en Casanare
536,Casanare,'Una cosa es exigir resultados y otra promover delitos': Uribe sobre falsos positivos
538,Casanare,Ministerio de Energía y Creg alistan dos medidas para evitar desabastecimiento de GLP
539,Casanare,En 2023 se han perdido 14.300 empleos por caída en la actividad de taladros petroleros
540,Casanare,"'Ambas impuestas por Farc, Cuba y Venezuela': Uribe sobre JEP y Comisión de la Verdad"
547,Casanare,Militares sobre 'falsos positivos': radiografía de la búsqueda de la verdad
550,Casanare,"Garantizar la seguridad y aumentar los recursos, los desafíos para la región Orinoquía"
558,Casanare,Miss Universe Colombia 2023: esta fue la pregunta que 'corchó' a algunas candidatas
559,Casanare,¿Quién era Diego Felipe Becerra y cómo ha avanzado el juicio después de su muerte?
561,Casanare,Vehículos de carga no pagarán peaje en la vía al Llano durante el fin de semana
567,Casanare,Puente 'Los Grillos: ¿Quién fue el responsable de su construcción?
569,Casanare,Puente 'Los Grillos': Mintransporte admite opción de que no tenga póliza de seguros
571,Casanare,Atención: se desplomó puente en ruta alterna de la vía al Llano por Boyacá
575,Casanare,Cierran seis centros de estética en Yopal por realizar procedimientos indebidos
577,Casanare,Eduardo Noriega: el nuevo escudero del Gobierno por caso de Nicolás y de capo de Yopal
581,Casanare,Eln negó estar detrás de atentado en Arauca que dejó 6 militares heridos
582,Casanare,Álvaro Uribe tras atentado a militares: 'La seguridad es determinante para la paz'
584,Casanare,"Ataque con carro bomba a unidad militar de Tame, Arauca: esto es lo que se sabe"
585,Casanare,Conozca las rutas alternas para viajar ante cierre de la vía al Llano por avalanchas
588,Casanare,"Mamá del alcalde de Villanueva, Casanare, fue secuestrada por hombres armados"
592,Casanare,Deslizamientos de la calzada mantienen cerrada la vía entre Sogamoso y Aguazul
594,Casanare,Así es el ‘hospital aéreo’ que brinda salud gratuita en zonas apartadas de Colombia
596,Casanare,"Feminicidios: en 3 de cada 5 casos hay juicio o condena, según Fiscalía"
610,Casanare,De fosa común recuperan 5 cuerpos que serían de desaparecidos en Casanare
612,Casanare,"Exclusivo: así fue la captura de Pretelt, en plena celebración de cumpleaños"
614,Casanare,"Quién es Miguel Ángel Pinto, el que sería el nuevo presidente del Senado"
617,Casanare,Cundinamarca: gobernador pide a alcaldes investigar presunta presencia de Farc
622,Casanare,Proyecto Utopía ha graduado a 380 ingenieros agrónomos de zonas de conflicto
626,Casanare,Madre permitió que su pareja violara durante años a su hija menor de 14 años
634,Casanare,Casanare será pionero en implementar estrategia de Atención Primaria en Salud
635,Casanare,Plan de Desarrollo: ya le han llegado casi 1.300 proposiciones al proyecto
641,Casanare,Problemas en el territorio / Análisis de Ricardo Ávila
642,Casanare,Sarah Luna Ñustes: la exguerrillera de las Farc que se convirtió en actriz
654,Casanare,Disidencias de Farc confirman decisión de acogerse a cese bilateral del fuego
4208,Cauca,ICETEX realizó feria universitaria enfocada en víctimas en Popayán
4223,Cauca,Criminales sí estarían pidiendo carnet para ingresar a Bolívar Cauca
4232,Cauca,General Rojas se defendió de acusaciones en su contra
4256,Cauca,La caída de Danilo Rueda pone en alerta al resto de ministros: “Nadie es intocable”
4260,Cauca,Don Chirimías
4269,Cauca,Avanza Programa de Seguridad Alimentaria en Corinto
4275,Cauca,Responden a críticas por venta de casona antigua de Emtel en Popayán
4276,Cauca,«El Pacto perdió por no haber sido más democrático»
4297,Cauca,Cayó banda ‘Los Smash’ en Popayán Cauca
4311,Cauca,"Walter Gaviria, Detenido por llevargramos de marihuana en Popayán"
4312,Cauca,"Kevin López, arrestado con material de obra robado en Popayán Cauca"
4333,Cauca,Representante de paz caucano presentó agenda de trabajo para próximas semanas
4336,Cauca,"Juan Daniel Oviedo: «No nos dejemos engañar, habrá segunda vuelta en Bogotá»"
4364,Cauca,Gobernación y alcaldía payanesa arbitrarios con artesanos
4376,Cauca,"Comunidad de El Plateado, sur del Cauca, afectada por fuertes controles del Ejército"
4383,Cauca,“Esperamos que las fuerzas militares copen el territorio”
4401,Cauca,Por qué indígenas están molestos con Petro: Así intentaron entrar a Casa de Nariño y Semana
4403,Cauca,Violan a menor de resguardo indígena
4423,Cauca,Francia Márquez vació a la Fuerza Pública: “Necesitamos sí o sí que nuestras Fuerzas Militares y de Policía den respuestas y resultados concretos”
4438,Cauca,"Esteban Guzmán, fue sorprendido en flagrancia de un hurto"
4462,Cauca,En El Descanso de Timbío Cauca otra vez detenido ‘El Paisa’
4467,Cauca,Niños piden seguridad en escuelas en Colombia: Realidad dolorosa
4476,Cauca,Tres comerciantes desaparecidos en el municipio de Suárez Cauca
4509,Cauca,Las laboriosas manos detrás del café y las flores
4512,Cauca,Feroz ataque en Santander de Quilichao dejó cuatro soldados heridos
4523,Cauca,Práctica ancestral del Piangüeo sería declarada como patrimonio cultural inmaterial de la Unesco
4545,Cauca,Garantizar una educación optima en Popayán
4557,Cauca,Modus operandi coordinado: Robo y contrabando de petróleo en Ecopetrol
4566,Cauca,Argumentan que Villa Rica debe reclamar derechos al agua
4568,Cauca,Gobierno Nacional va a despachar desde Cauca y Nariño
4583,Cauca,Direccionado a las diversas colonias
4597,Cauca,"Rechazan actos barbáricos en Miranda, Cauca"
4619,Cauca,Que se defiendan como puedan
4636,Cauca,Un muerto en guerra de pandillas en Puerto Tejada Cauca
4638,Cauca,“Ustedes son socios fundamentales del proyecto de conectividad del Gobierno Petro”: Lizcano a pequeños operadores de internet
4647,Cauca,Corinteño fue hallado muerto en vía de Toribío
4648,Cauca,Orfa agredía a su propia madre en el barrio Los Campos de Popayán
4649,Cauca,Asesinan a Jhon Jenner Hurtado guarda de seguridad en Miranda Cauca
4654,Cauca,Capacitaciones en Guachicono y Pancitará
4658,Cauca,La paz en el Cauca sigue rota
4695,Cauca,"Falleció profesora en El Tambo, Cauca"
4712,Cauca,Representante de paz caucano estuvo en Putumayo con cocaleros
4717,Cauca,Maltrato animal y su relación con el crimen
4718,Cauca,Falleció un reconocido maestro de construcción en Popayán Cauca
4733,Cauca,“El paro no puede continuar”
4743,Cauca,Salud intercultural se fortalece en el Cauca
4744,Cauca,Carlos Eduardo se movilizaba por Popayán en una moto hurtada
4765,Cauca,Líderes del Cauca aportaron al Plan nacional de desarrollo
4767,Cauca,Retos para impulsar el rol de las mujeres en la tecnología
4782,Cauca,"Brayan fue asesinado en El Bordo, sur del Cauca"
4812,Cesar,Incautan pólvora y licor adulterado en Valledupar
4816,Cesar,8.265 personas salieron a votar en Gamarra en pleno 24 de diciembre para elegir alcalde
4838,Cesar,La paz toma protagonismo en la ceremonia de los Premios al Mérito Empresarial de la Cámara de Comercio de Valledupar
4875,Cesar,La película colombiana 'Un varón' busca espacios de exhibición en Estados Unidos
4881,Cesar,Polémica tras declaración del presidente de la COP28 en contra de eliminar los combustibles fósiles
4899,Cesar,Cielo Gnecco Cerchar reapareció en acto oficial de la gobernación del Cesar
4902,Cesar,Ejercicio físico: ¿cómo ayuda a la salud mental cuando se realiza de manera regular?
4939,Cesar,Realizaron plantón en rechazo a la muerte violenta de una nutria
4948,Cesar,Aberrante caso de militares que amarraron a un árbol y asesinaron a campesino en Cauca
4953,Cesar,Envían a la cárcel a presuntos responsables del incendio de la Registraduría de Gamarra
4958,Cesar,Periodistas del Cesar participan en Plan de Reparación Colectiva
4959,Cesar,Casa de los Derechos será una realidad para Valledupar
4966,Cesar,Ministerio de Salud hizo llamado a las IPS para no discriminar a la población migrante
5013,Cesar,Biden anuncia que 74 estadounidenses ya han salido de Gaza por la frontera con Egipto
5018,Cesar,En Gamarra (Cesar) repetirán elecciones tras triunfo de voto en blanco y tragedia
5054,Cesar,El cruce de mensajes entre presidente Petro y presidente del CNE tras asonada en Cesar
5069,Cesar,Delegación de Corea dialogó sobre energías verdes con firmantes de paz
5082,Cesar,Él es el fiscal que tomará la decisión si el expresidente Álvaro Uribe va a juicio
5094,Cesar,'Nos preocupa que no se hayan tomado acciones': Defensor sobre riesgos electorales
5107,Cesar,Los compromisos con los que se instaló la mesa de diálogo entre Gobierno y disidencias
5141,Cesar,¡A pasarla bien! Planes para disfrutar de Cartagena en la semana de receso
5162,Cesar,Grupo Prodeco y Postobón firman alianza para producción y comercialización de mango
5173,Cesar,Así es la realidad de líderes ambientales amenazados en Colombia: relatos de sobrevivientes
5197,Cesar,Miguel Uribe respondió a discurso de Gustavo Petro durante las marchas
5251,Cesar,Investigan acoso sexual ajóvenes que prestan servicio militar en ‘La Tramacúa’
5254,Cesar,Reforma a la educación del presidente Petro fue criticada por Rudolf Hommes
5255,Cesar,Amaranta Hank fue señalada de cometer un delito electoral
5275,Cesar,En vuelos chárter deportarán al que crucen ilegalmente el Darién
5281,Cesar,Candidatos firmaron Pacto Ético por la Buena Política en el Cesar
5285,Cesar,Comisión de Paz del Senado pide al Eln y al 'Estado Mayor' pactar un cese del fuego
5363,Cesar,"Por racismo y discriminación contra Francia Márquez, tuitero enfrentará proceso judicial"
5375,Cesar,Un menor muerto y dos heridos deja ataque sicarial en El Copey (Cesar)
5376,Cesar,Bibliotecario Kankuamo ganó premio nacional de bibliotecas
5381,Cesar,HRW reveló escalofriante cifra de asesinatos de líderes sociales
5388,Cesar,La defensa del Gobierno Petro de la emergencia económica en La Guajira ante la Corte
5389,Cesar,Consejo de Estado fijará una sola postura sobre si revisa fallos de la Procuraduría
5392,Cesar,Cuerpo hallado en el río Guatapurí de Valledupar es de un sargento activo del Ejército
5417,Cesar,España negó el asilo a colombiana que afirmó ser víctima de extorsión
5431,Cesar,Alertan sobre falsos tramitadores de cobro de cartera en hospital de Valledupar
5445,Cesar,¿Salvatore Mancuso quedará en libertad por ser nombrado gestor de paz por Petro?
5579,Cesar,"Por amenazas, personero de El Copey, Cesar, abandonó el territorio"
5609,Cesar,En libertad ganadero Heriberto Urbina
5634,Cesar,Liberan a conductor de la concesión Río Grande secuestrado en el sur del Cesar
5687,Cesar,"Tierra, participación y paz"
5693,Cesar,Proyecto Casa en el Aire deberá estar lista en septiembre: Contralor
5701,Cesar,Tulio Gómez dio algunos consejos para reforzar las seguridad en los estadios
5706,Cesar,Procuraduría llamó a declarar a Antonio Sanguino por contratos de la UAESP
5736,Cesar,Absuelven al exalcalde ‘Tuto’ Uhía por delito de corrupción al sufragante
5826,Cesar,En Colombia no se están erradicando cultivos ilícitos: Policía antinarcóticos
5833,Cesar,Desde Valledupar defensor del Pueblo entregó informe sobre la desnutrición infantil en el país
656,Chocó,Desplazados de Juradó y Carmen de Atrato en Medellín
659,Chocó,Chocó: protocolo para el aprovechamiento del naidí (milpesos)
660,Chocó,Abren convocatoria para turismo comunitario en el Chocó
663,Chocó,Del Bajo Baudó a la cima judicial: la historia de Gerson Chaverra
664,Chocó,Abastecimiento de agua potable en comunidades rurales en el Chocó biogeográfico. Aplicación de tecnologías no convencionales.
665,Chocó,Gobernador del Chocó: “No hemos tenido respuesta del Gobierno”
666,Chocó,Organización del Chocó recibió Premio CaMina sobre víctimas de minas antipersona
669,Chocó,"Jaūriperabu o la enfermedad del susto: así actuó el ERG en Chocó, Risaralda y Antioquia"
670,Chocó,Remembranza de Juan Pablo Ruiz
672,Chocó,"Tadó: Festival “Juntémonos, el festival para tejer lo público”"
674,Chocó,Alerta sobre nuevas rutas para tráfico de migrantes por el Chocó
675,Chocó,El desarrollo moral y material del Chocó desde la mirada misionera de principios del siglo XX
676,Chocó,¿Para dónde va el Chocó?
677,Chocó,Habitantes del Pueblo de la Memoria Histórica sueñan con la titulación de sus tierras
679,Chocó,En 2023 aumenta la mortalidad infantil en el Chocó
680,Chocó,Hallan alta concentración de mercurio en huertos caseros de Chocó
684,Chocó,Suspenden elección de director de Codechocó
697,Chocó,Avanza la creación del Área Protegida Cabí
699,Chocó,Cuadro de Fernando Botero sobre la masacre de Bojayá
704,Chocó,Elizabeth Moreno Barco: Premio Nacional de Derechos Humanos 2023
706,Chocó,"Rugby, el deporte que transforma comunidades en Bahía Solano y Nuquí"
711,Chocó,Dos renuncias memorables: Eladio Enrique Martínez Chaverra y Ramón Lozano Garcés
714,Chocó,De Memoria. Algunos recuerdos sueltos sobre los orígenes de la Ley 70 de 1993
715,Chocó,Chocó: 15 municipios en riesgo extremo de violencia de cara a elecciones
716,Chocó,De Memoria: Algunos recuerdos sueltos sobre el origen de la Ley 70 de 1993
723,Chocó,"Chocó: un año del gobierno Petro, otro año de retroceso"
724,Chocó,"Hacen visita de vigilancia a la minera El Roble, en Carmen de Atrato"
725,Chocó,'Nuestra Orilla': la historia del Chocó contada por sus protagonistas
728,Chocó,"Acia, Acadesan, Acaba, Ocaba y Opoca, Pcn, Cococauca y Acapa. Memoria de Jairo Velásquez (Parte 2)"
729,Chocó,Consejos Comunitarios de Chocó y Bolívar concertaron planes de atención
739,Chocó,"Desde hace dos años, comunidades del San Juan padecen guerra entre Eln y Agc"
741,Chocó,“No vamos bien con la paz”: Leyner Palacios
744,Chocó,ONU llama al gobierno a que se atienda la crisis humanitaria en el Chocó
749,Chocó,Elecciones amenazadas: voces de alcaldes desplazados de sus municipios
752,Chocó,El periódico Saturio y El Chocó por dentro
754,Chocó,Paro armado del ELN impide inscribir cédulas de votantes en Chocó: MOE
755,Chocó,“El Chocó está todo incendiado”: Obispo de Istmina
765,Chocó,Chocó: 79% de los confinamientos y el segundo con más desplazamientos
766,Chocó,Chocó: El cese al fuego con el Eln no brinda tranquilidad a las comunidades del San Juan
770,Chocó,La selva de Lesly Mucutuy
771,Chocó,“Quien maneja este pueblo es la empresa”: el poder de Miner SA en El Carmen de Atrato
778,Chocó,En el papel ha quedado sentencia sobre protección de menores indígenas del Chocó
779,Chocó,Dignidad de las mujeres víctimas de violencia sexual en el conflicto armado
781,Chocó,Recordando el 5° EPA
782,Chocó,"Litoral del San Juan, 30 años"
783,Chocó,Entrega de herramientas de trabajo agrícola en Unguía
784,Chocó,"Capturaron al coronel Clauder Cardona, comandante de Policía de Chocó"
788,Chocó,Embajadora de Suecia visitó el Chocó
799,Chocó,Así es el departamento de Chocó retratado por sus habitantes
800,Chocó,Chocó7días.com
6790,Cundinamarca,Los detalles detrás de la pancarta alusiva a disidencias de las Farc cerca de La Calera
6806,Cundinamarca,"Atentado contra peaje en la vía al Llano, entre Bogotá y Villavicencio, deja 2 heridos"
6807,Cundinamarca,El plan de expansión de 750 megavatios de Viridi para 2027
6816,Cundinamarca,"Extraña desaparición de niño en Madrid, Cundinamarca: videos lo muestran corriendo"
6817,Cundinamarca,Así quedó el presupuesto de Cundinamarca para 2024
6823,Cundinamarca,El dolor de la madre que busca el cuerpo de su hijo que se ahogó en playa de Cartagena
6824,Cundinamarca,Black Weekend: aproveche los descuentos en una nueva jornada de ‘Bogotá Despierta’
6831,Cundinamarca,"Páramo de Guacheneque, así trabajan por su restauración y conservación"
6850,Cundinamarca,Máxima tensión por crisis en el suministro de medicinas en Colombia: ¿qué está pasando?
6859,Cundinamarca,Elecciones territoriales 2023: restricciones que habrá durante la jornada democrática
6862,Cundinamarca,Consejo de Estado deja por fuera a Tulio Gómez de candidatura en el Valle
6877,Cundinamarca,CNE dejaría en firme la candidatura de Santiago García Bustos al Concejo de Bogotá
6894,Cundinamarca,Cundinamarca firma el primer pacto saludable para prevenir enfermedades
6904,Cundinamarca,Minambiente pidió frenar obras del Distrito en El Zuque: ¿por qué?
6908,Cundinamarca,"Minambiente frena obras en El Zuque, en Bogotá: nuevo rifirrafe Gobierno - Distrito"
6917,Cundinamarca,Universidad de Cundinamarca atraviesa por un proceso de transformación
6918,Cundinamarca,‘Nos urbanizaron y trajeron toda la inseguridad’: Ricardo López
6919,Cundinamarca,‘Hospedaje fuera de los centros turísticos es la tendencia’: Airbnb
6934,Cundinamarca,Las razones por las que Bogotá es un buen sitio para invertir en finca raíz
6942,Cundinamarca,"¡Atención! Tras su despeje, se normaliza el paso de carga por la vía al Llano"
6943,Cundinamarca,Quetame: ¿En qué va la recuperación de Naranjal tras la emergencia?
6946,Cundinamarca,Descubra tesoros ocultos en Cundinamarca: una vivencia única
6951,Cundinamarca,Se abre licitación de proyecto para ampliar la red de ciclorrutas en Cundinamarca
6957,Cundinamarca,Polémica por apertura del segundo puente en la vía al Llano ¿se abre o no?
6981,Cundinamarca,El Gobierno pone en marcha cinco medidas para Quetame: estas son las claves
7002,Cundinamarca,Tragedia en Quetame: avalancha deja 6 muertos y varios desaparecidos
7015,Cundinamarca,"Este es el avance del Banco de Agua de la CAR en Simijaca, Cundinamarca"
7020,Cundinamarca,Hombre agredió a su pareja hasta causar su muerte en Cundinamarca
7025,Cundinamarca,"Este es el municipio de Cundinamarca donde más hurtan a personas, ¿por qué?"
7029,Cundinamarca,Activan alerta por aumento de incendios forestales en Cundinamarca y la Sabana
7032,Cundinamarca,'Hay que volver a fumigar' cultivos de coca: gobernador de Sucre desde Asobancaria
7034,Cundinamarca,"‘A mi madre la asesinaron y la enterraron en Nocaima, Cundinamarca'"
7044,Cundinamarca,Las razones de la Anla para archivar licencia ambiental del Regiotram de Occidente
7048,Cundinamarca,‘Las Reinas del Sur’: organización encabezada por mujeres entraba droga hasta Bogotá y Soacha
7053,Cundinamarca,Las brechas en competitividad persisten entre departamentos
7056,Cundinamarca,Los días de terror y guerra que en el Sumapaz no quieren revivir
7060,Cundinamarca,Bogotá Fashion Week 2023: lo que fue tendencia en la semana de la moda
7066,Cundinamarca,Minería a cielo abierto en Tabio: esto dice la CAR sobre el proyecto
7071,Cundinamarca,La evidencia que apunta a 'Iván Márquez' por amenaza en las goteras de Bogotá
7082,Cundinamarca,La grave sospecha de las víctimas de hurtos a casas en Guaymaral y la Sabana
7089,Cundinamarca,Emergencia en Villeta: creciente de la quebrada Cune dejó dos personas muertas
7091,Cundinamarca,Chingaza: la belleza paisajística y biodiversidad del Parque Nacional
7093,Cundinamarca,Estas son las redes impactadas en megaoperación del Gaula contra la extorsión
7100,Cundinamarca,Cuatro colegios médicos denuncian atajo para simular apoyo a reforma de la salud
7111,Cundinamarca,"Sin electricidad quedaron habitantes de 9 municipios de Cundinamarca, ¿qué responde Enel?"
7115,Cundinamarca,Diseñan prendas para apoyar a fundaciones de animales
7122,Cundinamarca,Cundinamarca busca convertirse en zona de desarrollo cinematográfico y turístico
7134,Cundinamarca,"‘Presidente, Bogotá no se merece ese maltrato ni ese chantaje’: Claudia López"
7144,Cundinamarca,Cundinamarca: estragos en Pacho a causa de las fuertes lluvias
7149,Cundinamarca,Dos ejemplos de elegir bien
5885,Córdoba,"Casa Refugio Karina Paola Cuesta Ortega, fue inaugurada con éxito"
5929,Córdoba,Defensoría solicita al Tribunal de Cundinamarca acelerar toma de decisiones sobre caso de La Mojana
5934,Córdoba,Representante Saray Robayo acompañó campaña de limpieza de playas en los Córdobas
5942,Córdoba,Ofrecen recompensa por información sobre el asesinato de líder social en Córdoba
5945,Córdoba,Capturados por violencia contra servidor público
5974,Córdoba,Comunidad de Lorica levanta bloqueo
5984,Córdoba,"Por falencias en el PAE en algunas regiones, Defensor del Pueblo solicita medidas para su adecuada implementación"
5996,Córdoba,Los Centros Digitales están mejorando la educación
6048,Córdoba,"Miguel Ángel Martínez, busca convertirse en la Voz de la Salud en la Asamblea"
6079,Córdoba,𝗦𝗲 𝗰𝘂𝗺𝗽𝗹𝗲 𝗲𝗹 𝘀𝘂𝗲𝗻̃𝗼: 𝗖𝗼́𝗿𝗱𝗼𝗯𝗮 𝗰𝘂𝗲𝗻𝘁𝗮 𝗰𝗼𝗻 𝗘𝘀𝗰𝘂𝗲𝗹𝗮 𝗡𝗼𝗿𝗺𝗮𝗹 𝗦𝘂𝗽𝗲𝗿𝗶𝗼𝗿 𝗲𝗻 𝗲𝗹 𝗔𝗹𝘁𝗼 𝗦𝗶𝗻𝘂́
6093,Córdoba,Vinculan a organización de abogado Pedro Niño en caso de incursión en Tierralta
6101,Córdoba,"Pedro Ortega, quiere convertirse en el Diputado más joven del país"
6102,Córdoba,Reiteran llamado al Estado a brindar soluciones a población desplazada del Manso
6103,Córdoba,"Un cordobés, entre los 50 finalistas al mejor docente del mundo"
6127,Córdoba,Candidatos a la Gobernación citados al Gran Debate
6129,Córdoba,Dan a conocer los nombres de los militares involucrados en el caso de Tierralta
6133,Córdoba,Erasmo Zuleta recibió respaldo masivo de lideresas de Córdoba
6159,Córdoba,Gobernador rechazó hechos de violencia en Tierralta y pide acción del Gobierno
6166,Córdoba,Más de 1.300 cordobeses llevaron sus quejas por vulneraciones de derechos a la jornada que realizó la Defensoría del Pueblo en Cereté
6201,Córdoba,Defensoría del Pueblo recibe declaraciones sobre desaparición forzada
6207,Córdoba,"Córdoba, primer departamento de la región Caribe que implementa justicia inclusiva"
6239,Córdoba,Más de 300 víctimas de grupos paramilitares fueron atendidas por la Fiscalía
6242,Córdoba,Alerta por estafas a nombre de la Brigada 11 del Ejército Nacional
6256,Córdoba,"""Yo soy súper Pipe sin límites"", Felipe Martínez"
6258,Córdoba,Cayeron alias “Maleta” “Martín” y “Negro Alex” presuntos integrantes de las AGC
6268,Córdoba,Relleno sanitario Las Tangaras cuenta con dos Plantas de Tratamiento de Lixiviados
6269,Córdoba,Tribunal Anula Preacuerdo con Padre de Alejandro Lyons
6291,Córdoba,"Chicanoticias Noticias Líder en Montería, Córdoba y Colombia"
6323,Córdoba,Padre e hija mueren ahogados en Puerto Libertador
6378,Córdoba,Defensoría del Pueblo presentó acción popular para proteger derechos de comunidades en La Mojana
6384,Córdoba,"Darío Mendoza y Fabio Otero, dos candidatos a la Alcaldía de Tierralta que se suman al Nuevo Futuro"
6388,Córdoba,RAP generará mayor desarrollo
6415,Córdoba,Córdoba ya es una realidad
6420,Córdoba,Defensoría del Pueblo alerta sobre avance de la erosión en el río Sinú
6441,Córdoba,Indemnizan Víctimas del conflicto en Tierralta
6444,Córdoba,Desarticulan organización que deforestó 8.000 hectáreas en en el Parque Nacional Natural Paramillo
6451,Córdoba,Córdoba y Antioquia buscan consolidar proyectos de inversión
6481,Córdoba,Capturado individuo en Tierralta por abuso sexual a menor
6517,Córdoba,Víctimas le exigen a Mancuso que diga quiénes fueron sus aliados y dónde están los desaparecidos
6596,Córdoba,"""Haber formado la Unicórdoba es un aporte transformador a la región y al país"": Jairo Torres Oviedo"
6598,Córdoba,"En Santa Fe Ralito, víctimas del conflicto asistieron a jornada de justicia móvil"
6632,Córdoba,"Esposa del exsenador, Musa Besaile, aspirará a la Gobernación"
6639,Córdoba,Avanza el proceso de inscripción de las elecciones en las mesas de participación de víctimas en los 30 municipios de Córdoba
6658,Córdoba,"Córdoba se favorecerá de programa para conciliar conflictos sobre uso, tenencia y propiedad de tierras"
6674,Córdoba,"Mujeres, es hora de gobernar en Córdoba"
6735,Córdoba,Se pudren en bodegas instrumentos musicales en San José de Uré
6743,Córdoba,Alcaldesa de San Carlos rechaza masacre en su municipio
6750,Córdoba,Se viene 'Córdoba me sabe a todo'
6752,Córdoba,36 mil familias fueron víctima de desplazamiento forzado en el 2022
6772,Córdoba,La Gobernación de Córdoba adopta la Política Pública de Libertad Religiosa y de Cultos.
803,Guainía,A los que sí y a los que no les afectaría el proyecto del impuesto predial
804,Guainía,Tres de cada cuatro niños en Colombia consumen alimentos de paquete
805,Guainía,¿Cómo funcionará el mecanismo de verificación en cese del fuego con el Eln?
806,Guainía,Protocolos del cese del fuego entre el Gobierno y el Eln: así funcionarán
807,Guainía,Los diez artículos TIC que tiene el Plan Nacional de Desarrollo
808,Guainía,‘La previsión es un factor clave ante la escasez de sangre en Colombia’
7155,Guaviare,"Invías ha comprometido a la fecha recursos por $5,5 billones, con los que se ha movido por las vías del país"
7157,Guaviare,Alcalde electo Willy Rodríguez anunció para el 29 de diciembre su posesión – Marandua Stereo 100.7 FM Noticias del Guaviare
7161,Guaviare,Acciones decisivas para Amazonía colombiana
7162,Guaviare,Gabinete de gobierno electo de Miraflores estará conformado por mujeres – Marandua Stereo 100.7 FM Noticias del Guaviare
7169,Guaviare,Avanza pedagogía sobre el catastro multipropósito en el Guaviare – Marandua Stereo 100.7 FM Noticias del Guaviare
7174,Guaviare,Entregaron ayudas a Nukak por más de 700 millones de pesos – Marandua Stereo 100.7 FM Noticias del Guaviare
7186,Guaviare,Campesinos en el Guaviare denuncian que son estigmatizados por la Fuerza Pública – Marandua Stereo 100.7 FM Noticias del Guaviare
7202,Guaviare,Pacto Histórico será veedor de la inversión de recursos por nuevas Administraciones – Marandua Stereo 100.7 FM Noticias del Guaviare
7204,Guaviare,Velatón para exigir atención sobre problemática de salud mental – Marandua Stereo 100.7 FM Noticias del Guaviare
7207,Guaviare,“No puede haber espacios vedados para la Fuerza Pública”: Defensor del Pueblo – Marandua Stereo 100.7 FM Noticias del Guaviare
7220,Guaviare,"Víctimas, seguridad a firmantes y garantías a internos; temas con el defensor regional Guaviare – Marandua Stereo 100.7 FM Noticias del Guaviare"
7226,Guaviare,#MaranduaVerde Nominan a empresa guaviarense en medalla a mérito turístico – Marandua Stereo 100.7 FM Noticias del Guaviare
7231,Guaviare,Indemnizaron a víctimas del conflicto armado en Guaviare – Marandua Stereo 100.7 FM Noticias del Guaviare
7234,Guaviare,Lanzan programa de educación ambiental para frenar deforestación en Amazonía
7236,Guaviare,"Plaza de mercado, vías, alumbrado público y Colonias; temas tratados con el alcalde Ramón Guevara – Marandua Stereo 100.7 FM Noticias del Guaviare"
7243,Guaviare,Definen las 8 zonas para avanzar en los diálogos de la ‘paz total’; aún falta la fecha para el comienzo de las conversaciones
7245,Guaviare,"Jóvenes Nukak en proceso de rehabilitación en Villavicencio, Meta – Marandua Stereo 100.7 FM Noticias del Guaviare"
7246,Guaviare,Alerta temprana por riesgo en municipios en las próximas elecciones regionales – Marandua Stereo 100.7 FM Noticias del Guaviare
7269,Guaviare,"Derechos Humanos y pueblos indígenas, temas tratados entre ONU y Defensoría – Marandua Stereo 100.7 FM Noticias del Guaviare"
7278,Guaviare,"Pedro Arenas, integra delegación para iniciar diálogos con el EMC de las Farc – Marandua Stereo 100.7 FM Noticias del Guaviare"
7285,Guaviare,Llamado a la prudencia y responsabilidad en las vías de San José del Guaviare – Marandua Stereo 100.7 FM Noticias del Guaviare
7288,Guaviare,Desalojarán 17 ocupantes de apartamentos en Villa Andrea – Marandua Stereo 100.7 FM Noticias del Guaviare
7298,Guaviare,Viceministra del Interior lideró instalación de Diálogos Sociales en Guaviare – Marandua Stereo 100.7 FM Noticias del Guaviare
7300,Guaviare,Aclaran proceso de proyectos rurales entre INVIAS y Juntas Comunales – Marandua Stereo 100.7 FM Noticias del Guaviare
7303,Guaviare,Baquiano atacado por un caimán se recupera satisfactoriamente – Marandua Stereo 100.7 FM Noticias del Guaviare
7316,Guaviare,Salva Bosques programa para atender incendios forestales y contener la deforestación en la Amazonía
7319,Guaviare,Charras – Guaviare: Gobierno rechaza chantaje de grupos armados ilegales – Marandua Stereo 100.7 FM Noticias del Guaviare
7325,Guaviare,Artesanías Colombia capacita artesanos y artesanas indígenas del Guaviare – Marandua Stereo 100.7 FM Noticias del Guaviare
7335,Guaviare,Encuentran nuevas pistas de menores desaparecidos en Caquetá y Guaviare – Marandua Stereo 100.7 FM Noticias del Guaviare
7342,Guaviare,Puerto Cachicamo: Jornada gratuita de cédulas digitales y servicios sociales en puente festivo – Marandua Stereo 100.7 FM Noticias del Guaviare
7344,Guaviare,Buscan a personas sobrevivientes de minas antipersonas en Guaviare – Marandua Stereo 100.7 FM Noticias del Guaviare
7346,Guaviare,"Asesinan a mujer en zona rural de Calamar, Guaviare – Marandua Stereo 100.7 FM Noticias del Guaviare"
7361,Guaviare,A prisión hombre que habría agredido a su esposa mientras tenía a su bebé en brazos – Marandua Stereo 100.7 FM Noticias del Guaviare
7363,Guaviare,"Indígenas de Colombia, una conexión ancestral con la madre tierra"
7371,Guaviare,Campesinos del Bajo Guaviare arreglan carreteras con sus propios recursos – Marandua Stereo 100.7 FM Noticias del Guaviare
7376,Guaviare,Delegación del Guaviare escuchará a disidencias de las FARC en los Llanos del Yarí – Marandua Stereo 100.7 FM Noticias del Guaviare
7381,Guaviare,Se realizará taller de economía circular y asociatividad en el Guaviare – Marandua Stereo 100.7 FM Noticias del Guaviare
7389,Guaviare,Retos y oportunidades para el Guaviare en la defensa del medio ambiente – Marandua Stereo 100.7 FM Noticias del Guaviare
7413,Guaviare,Guaviare: Alcalde Calamar reporta zozobra en la comunidad – Marandua Stereo 100.7 FM Noticias del Guaviare
7418,Guaviare,¿Cuáles son las conclusiones de la audiencia pública sobre Derechos Humanos del Campesinado? – Marandua Stereo 100.7 FM Noticias del Guaviare
7427,Guaviare,“Nosotros los campesinos hemos vivido los rigores de la guerra”: líder social del Guaviare – Marandua Stereo 100.7 FM Noticias del Guaviare
7433,Guaviare,No paran los incendios forestales en el Guaviare – Marandua Stereo 100.7 FM Noticias del Guaviare
7439,Guaviare,Está listo convenio para la educación contratada entre Gobernación del Guaviare y Diócesis – Marandua Stereo 100.7 FM Noticias del Guaviare
7440,Guaviare,A la espera de 1.200 millones de pesos para iniciar la ejecución del PAE en el Guaviare – Marandua Stereo 100.7 FM Noticias del Guaviare
7451,Guaviare,Crisis Jiw y Nukak: ¿Qué dijo el alcalde de San José del Guaviare a los delegados de la Procuraduría? – Marandua Stereo 100.7 FM Noticias del Guaviare
7456,Guaviare,Procuraduría visitó etnopabellón y asentamiento Nukak en Aguabonita – Marandua Stereo 100.7 FM Noticias del Guaviare
7457,Guaviare,Nuevo grupo armado en Guaviare serían desertores de las disidencias del frente primero – Marandua Stereo 100.7 FM Noticias del Guaviare
7459,Guaviare,Menor indígena que recibía atención médica se subió a un árbol en el Hospital San José del Guaviare – Marandua Stereo 100.7 FM Noticias del Guaviare
7461,Guaviare,Fiscal General señala que es falso abuso sexual de militar estadounidense a menor Nukak – Marandua Stereo 100.7 FM Noticias del Guaviare
7464,Guaviare,Comerciantes piden acciones frente a hurtos de menores indígenas Jiw – Marandua Stereo 100.7 FM Noticias del Guaviare
811,Huila,El panorama de las emisoras de paz a siete años de la firma de los acuerdos
812,Huila,Ex concejal y conocido ganadero fue asesinado en su finca del municipio de Huila
813,Huila,JEP declara no amnistiable la masacre de 9 concejales en Huila perpetrada por las Farc
815,Huila,El Ejército arrebató a dos menores de edad de las manos de las disidencias
816,Huila,No secuestrar y reclutar menores debería ser el compromiso de armados: Defensor
817,Huila,Lotería Cruz Roja y Huila: conozca los números ganadores del 7 de noviembre
820,Huila,Denuncian que grupos armados en Cauca usan escuelas como escudos
821,Huila,"Alerta: rescatan a soldado que estaba desaparecido, tras los combates en Argelia, Cauca"
825,Huila,"En medio de cita con una mujer, cayó temido jefe disidente señalado de extorsiones"
826,Huila,Destinos colombianos con aroma y sabor a chocolate
827,Huila,Piden proteger los derechos de los pescadores artesanales del Huila
830,Huila,"Las propuestas claves de Rodrigo Villalba, candidato a la gobernación del Huila"
831,Huila,Bloqueos
833,Huila,"Conservación de la avifauna, tema clave en el Festival de Aves, en Huila"
834,Huila,Rodrigo Lara Sánchez: 'hacemos campaña sin condiciones plenas de seguridad'
835,Huila,Las veces en las que ministros han tenido que aclarar anuncios del presidente Petro
837,Huila,Asesinatos de policías conmocionan al país: han matado a siete en menos de un mes
840,Huila,A un año del gobierno Petro: ¿cómo le ha ido a Colombia en seguridad y defensa?
841,Huila,"Pescado y cacao, los productos que aumentaron sus exportaciones en Huila"
842,Huila,Estos son los presuntos asesinos de la patrullera de la Policía Paula Cristina Ortega
843,Huila,El presidente Petro condena el asesinato de la patrullera Paula Ortega en Neiva
844,Huila,"Según Policía, disidencias de 'Mordisco' ofrecen $4 millones por uniformado asesinado"
846,Huila,Las Farc asesinan a niña de cuatro años
847,Huila,Alto Remanso: los peros de víctimas luego de que la justicia militar reclamara el caso
849,Huila,Alto Comisionado de Paz se pronuncia sobre muerte de niña en Huila en medio de combates
851,Huila,Así fueron los combates de disidencias y Ejército en los que murió una niña de 4 años
854,Huila,Santa Fe: llegó la hora de mostrar su nueva cara en la Liga 2023-II
855,Huila,Dengue en Colombia: el 56 por ciento de casos no tienen signos de alarma
858,Huila,"En nueva imputación, JEP llama a 10 ex-Farc a responder por secuestros en Tolima"
860,Huila,150 Escuelas Conectadas en todo el país con Internet gratuito de Claro
862,Huila,Indignante: Contralor del Huila así golpeó a su pareja
864,Huila,Habla novia de contralor del Huila que lo denunció por haberla golpeado
866,Huila,¿Cuándo y dónde se celebran las fiestas de San Juan en 2023?
867,Huila,Millonarios vs. Nacional: este es el árbitro designado para la gran final en El Campín
869,Huila,Escuelas Conectadas llega al Huila y beneficia a más de 5.000 estudiantes
872,Huila,El video de los militares de desminado amenazados en Huila; fueron evacuados el viernes
873,Huila,La nueva apuesta ‘Gobernanza Cultural Territorial para la Paz’ de Mincultura se está construyendo entre todos y todas
874,Huila,Golpe a la extracción ilegal de oro: capturan a siete personas en vereda de Huila
876,Huila,Huila: el PAE ha comprado 92.000 millones a productores locales de alimentos
877,Huila,Junior volvió a tropezar en casa y ya no depende de sí mismo para clasificar
878,Huila,América logra gran victoria y se mete en la fiesta de los cuadrangulares
879,Huila,‘Quiero relaciones cordiales con el presidente Petro’: Germán Bahamón
882,Huila,Rectora que prohibió piercings y noviazgos en colegio ganó una segunda tutela
884,Huila,Adolescente habría abusado sexualmente de su hermano de 4 años en Chiquinquirá
886,Huila,"Las razones de la Procuraduría para destituir al alcalde de Neiva, Gorky Muñoz"
888,Huila,Por reconquistar a su esposa cayó uno de los extorsionistas más buscados
891,Huila,Liberación del hijo de la 'Gata’ reaviva debate sobre roles de la paz total
892,Huila,Menor de 3 años es encontrada deambulando sola en calle de Pitalito
893,Huila,"Polémica: rectora en Huila prohíbe celulares, noviazgos, pelo pintado y más"
894,Huila,Subsidio educativo: así puede reclamar la ayuda en su caja de compensación
895,La Guajira,Con sistema de hélices busca extraer agua potable para abastecer a comunidades de La Guajira
896,La Guajira,Cerrejón y comunidades de La Guajira sembrarán más de 18.000 plántulas en Bahía Hondita
897,La Guajira,Secuestro de los padres de Luis Díaz: entre la arrogancia del Eln y la debilidad del gobierno nacional
898,La Guajira,Comunidades wayús en La Guajira sufren por la escasez de agua a pesar de decisiones judiciales
899,La Guajira,"Comunidades de artesanos en La Guajira, recibieron título en gestión organizacional"
900,La Guajira,Tren que lleva agua a comunidades de La Guajira lleva dos semanas bloqueado
901,La Guajira,Cerrejón ha entregado 27 millones litros de agua a comunidades de La Guajira
902,La Guajira,El año pasado la “violencia política” le costó la vida a 108 indígenas
903,La Guajira,Comunidades wiwa en La Guajira tendrán reparación colectiva como víctimas del conflicto
904,La Guajira,"Oneida Pinto, investigada por corrupción, apareció haciendo política en La Guajira"
905,La Guajira,Inestabilidad y corrupción: La Guajira completa 16 gobernadores en 12 años
7475,Magdalena,"Imputaciones contra aforados y caso Odebrecht, el balance de la Fiscalía en corrupción"
7521,Magdalena,"Puente militar de Concordia: movilidad, economía y progreso para el Magdalena"
7533,Magdalena,Doble crimen en Aracataca estaría relacionado con un 'ajuste de cuentas'
7578,Magdalena,Estas son las 10 ganadoras del Premio L´Oréal–UNESCO ‘Para las Mujeres en la Ciencia’
7613,Magdalena,"Carlos Pinedo sería nuevo alcalde de Santa Marta, tras resolución judicial; esto sigue"
7632,Magdalena,El Banco continúa clamando por la libertad de Juan Carlos Bayter
7635,Magdalena,"Ofelia Rodríguez, la artista colombiana que renació en la ciudad de Banksy"
7673,Magdalena,Río Piedras se creció este jueves a la altura de Calabazo
7674,Magdalena,Realizan acto de dignificación institucional en Santa Marta
7690,Magdalena,Los proyectos 4G de Antioquia en vilo por negativa del Gobierno Petro para terminarlos
7693,Magdalena,Hombre golpeó a su padre con un garrote y lo dejó inconsciente
7794,Magdalena,Renuncia de Caicedo agita la política del Magdalena
7852,Magdalena,Con invernaderos escolares buscan fomentar la agricultura sostenible en el Magdalena
7865,Magdalena,"‘Santander es receptor de violencia, no somos foco de grupos ilegales’: Héctor Mantilla"
7896,Magdalena,"Ecofest Karaya, la iniciativa que arrancó para preservar medio ambiente en Santa Marta"
7933,Magdalena,Troncales del Magdalena 1 y 2 finalizaron intervenciones urgentes para mejorar las vías
7948,Magdalena,Patricia Caicedo habló de los retos que abordaría de cara a los 500 años en Santa Marta
8016,Magdalena,Soldado fue asesinado cuando defendía base militar en zona rural del Valle
8025,Magdalena,Hallan cuerpo sin vida de un motociclista en Pivijay
8030,Magdalena,¿Qué hacer con los hipopótamos de Pablo Escobar?
8088,Magdalena,Capturan a padre de niños indígenas desaparecidos en la selva de Guaviare
8090,Magdalena,Se inicia el dragado en el Canal del Dique: estiman remover 3.000 metros cúbicos
8119,Magdalena,"'Sound of Freedom', 'La última tentación de Cristo' y otras películas ‘peligrosas’"
8176,Magdalena,Conmoción por muerte en accidente de familia dedicada al turismo en Santa Marta
8187,Magdalena,Abren convocatoria para el programa '150 Obras Menores para el Cambio’ en el Magdalena
8220,Magdalena,Estrategia ‘Espacios Seguros’ llegó al municipio de Ariguaní
8226,Magdalena,Maltrató a su pareja por seis años en San Sebastián de Buenavista y lo enviaron a la cárcel
8229,Magdalena,Casa por cárcel para mujer que presuntamente mató a puñal a su amante en Los Fundadores
8308,Magdalena,Expectativas y preocupaciones del gremio hotelero para la temporada de mitad de año
8313,Magdalena,47 personas han sido asesinadas durante el 2023 en Zona Bananera
8331,Magdalena,Le andaba pegando a una mujer y lo capturaron en Plato
8382,Magdalena,Cortan conexiones que agravaban la contaminación del río Bogotá: así fue el proceso
8409,Magdalena,La propuesta para ordenar crecimiento del aeropuerto El Dorado y su entorno en Bogotá
8502,Magdalena,"‘Línea de tiempo’, un 'thriller' de acción colombiano"
8507,Magdalena,DIM vs. Nacional: clásico que pone a prueba el comportamiento de los hinchas
8519,Magdalena,Los beneficios que buscará alias Pinocho con su traslado a Colombia
8558,Magdalena,Policía habría extorsionado a conductores para no ponerles multa en Santa Marta
8567,Magdalena,"La inteligencia artificial, clave para reducir desigualdades en Latinoamérica"
8622,Magdalena,Semana Santa: Conozca y lea el viacrucis de los migrantes
8692,Magdalena,"Elder Dayán, hijo de Diómedes Díaz, acaba de ser padre por tercera vez"
8742,Magdalena,Juez de Santa Marta ha sido amenazado de muerte 18 veces por el Clan del Golfo
8758,Magdalena,Gobernador Carlos Caicedo no aceptó cargos por el 'Robo de Magdalena'
8763,Magdalena,Hallan cuerpo de mujer en un saco de basura en zona rural de Santa Marta
8793,Magdalena,Cienagueros accedieron a los servicios de la Oficina de Pasaportes en la sede subregional de la Gobernación
8858,Magdalena,Caicedo rechaza que lo metan “en la misma bolsa con el Clan Cotes”
8863,Magdalena,"Tribunal admite realizar audiencia judicial en el metaverso, ¿cómo será?"
8876,Magdalena,Magdalena: pareja de esposos se causó la muerte en enfrentamiento con cuchillo
8969,Magdalena,Derrumbe de muro de contención en sur de Bolívar tiene en riesgo a 100 viviendas
9000,Magdalena,Conmoción en Antioquia por el asesinato de una joven de 23 años en Año Nuevo
9003,Magdalena,ICBF implementó plan piloto Modelo de Atención Integral a familias Arhuacas
9005,Meta,Ministerio de Minas y Energía aprobó millonaria inversión para Energuaviare
9015,Meta,Recuperan tres cuerpos de personas dadas por desaparecidas en El Dorado
9024,Meta,Más de 71.000 hectáreas restituidas por URT Meta
9025,Meta,"“Me voy por la puerta ancha, y no por la angosta”: Henry Ladino"
9029,Meta,Gobernadora electa del Meta se reunió con Petro y Bachelet
9042,Meta,Más de 71 mil hectáreas restituidas a campesinos e indígenas del Meta y Guaviare
9044,Meta,Impulso a la vivienda digna en el Meta
9060,Meta,Conozca las actividades del Día contra la Violencia hacia las Mujeres
9063,Meta,Desmantelan instalaciones para la producción de coca en el Guaviare
9076,Meta,"Villavicencio registra un aumento del 14,5% en violencia de género e intrafamiliar"
9077,Meta,Esta será la función del nuevo Instituto Nacional de Vías Regionales
9092,Meta,El Meta entre los departamentos con mayor prevalencia de diabetes
9147,Meta,Apoyo de Alan Jara perjudicaría campaña de Rafaela Cortés
9183,Meta,Gobernación anuncia inicio de obras en Punto de Atención a Víctimas de Granada
9192,Meta,Avanza la construcción de vía provisional en la Transversal del Cusiana
9198,Meta,‘Estamos muy lejos de convertirnos en Electricaribe’
9205,Meta,Acto de violencia en zona rural de Uribe deja un vehículo incendiado
9213,Meta,"Exdirectora de Cormacarena, enredada por corrupción"
9229,Meta,Presentan reformas al POT en Villavicencio
9236,Meta,Capturan a exdirectora de Cormacarena por caso de corrupción
9237,Meta,‘Debemos retomar las vías para la productividad’
9238,Meta,'Los gobiernos deben aumentar los presupuestos para atender la salud mental'
9242,Meta,"Sacar sonrisas a través del arte circense, hace parte de la labor social del Ejército en el Meta"
9248,Meta,Indígenas recuperan territorio ancestral
9258,Meta,El poder de la búsqueda
9260,Meta,Ecopetrol destinó $767 mil millones para inversión social
9264,Meta,"'Buscamos desaparecidos, no a los responsables'"
9271,Meta,23 años de una esperanza que no desapareció
9282,Meta,“En el agro necesitamos fincas con tecnología”: directora de Procultivos
9283,Meta,Urgente evitar punto de no retorno en la Amazonía
9284,Meta,Casa de la Cultura del Meta: 52 años de compromiso cultural
9299,Meta,Así será la movilidad por la vía al Llano durante este puente festivo
9309,Meta,Inició la contienda por la Gobernación del Meta
9317,Meta,Denuncian reclutamiento forzado de dos niñas en Uribe
9344,Meta,Comunidad LGTBIQ+ marchará mañana en Villavicencio
9383,Meta,"Aparecieron los niños: ""los cuatro están vivos y un perro ayudó a encontrarlos"", dijo la abuela a PDM"
9393,Meta,El futuro de la ‘paz total’ en el Meta
9448,Meta,Vista Hermosa se proyecta como destino turístico natural
9459,Meta,Asamblea aprobó modificación presupuestal presentada por la Gobernación del Meta
9471,Meta,Escándalo de Ecopetrol salpica a empresa contratista en el Meta
9542,Meta,"Ella es Amaranta Hank, la actriz porno asaltada en Villavicencio"
9555,Meta,"Briceño, artista todoterreno"
9559,Meta,Más allá de los bloqueos en Puerto Gaitán
9563,Meta,"Marcela Amaya, a juicio por presunta exigencia de dinero a un subalterno"
9566,Meta,"""Es un cuento chimbo"": gobernador del Meta sobre argumentos del paro en P. Gaitán"
9567,Meta,"ANT adjudica predio con cultivo de 448 hectáreas a campesinos de Puerto Gaitán, Meta"
9583,Meta,Predio de 448 hectáreas fue adjudicado a familias campesinas de Puerto Gaitán
9597,Meta,Tome nota de los números para apoyo de salud mental en el Meta
9608,Meta,Orinoquia será el gran salto en el desarrollo vial del Meta
9610,Meta,¡Macabro! Hombre asesinó a su mamá en San Martín
9635,Nariño,Corte declara Estado de Cosas Inconstitucional por violencia contra líderes sociales
9649,Nariño,"Petro firmó extradición del 'Gato Farfán', narco que ofrecía una millonada por su fuga"
9672,Nariño,"Daniel Quintero, exalcalde de Medellín, anunció que será candidato presidencial en 2026"
9715,Nariño,Condenan a 48 años de cárcel a exmilitar por caso de 'falso positivo' en Pasto
9719,Nariño,El silencio del presidente Petro tras asesinato de la colombiana Ivonne Rubio en Israel
9721,Nariño,Informe: Bogotá cae 16 puestos en su desempeño en salud / Estas serían las razones
9751,Nariño,Fiscalía decomisó 15 bienes que serían de red dedicada a la extracción ilegal de oro
9773,Nariño,¿Por qué el recién llegado Ministro de Cultura está pidiendo un ad hoc para su cartera?
9776,Nariño,Así está el ambiente entre los gremios y Petro después de su encuentro
9780,Nariño,Así es la cacería de la FAC de los narcovuelos que pasan por el mar Caribe
9782,Nariño,Tutela en la Corte pone lupa a grietas del programa de sustitución de coca en Nariño
9795,Nariño,"Actividad del complejo volcánico Chiles-Cerro Negro, en Nariño, se incrementa: SGC"
9812,Nariño,'Convención Americana hace parte del bloque de constitucionalidad': Petro a Procuradora
9816,Nariño,Bogotá recibirá a delegaciones del Gobierno y Eln para arranque del cese del fuego
9830,Nariño,La economía al rescate / Análisis de Ricardo Ávila
9837,Nariño,"Germán Gómez, exconsejero de comunicaciones de Petro, será cónsul en Argentina"
9876,Nariño,Alerta en Argelia y Nariño:circula panfleto de Clan del Oriente que amenaza a comunidad
9877,Nariño,Las preguntas sin responder tras los audios y las acusaciones de Benedetti
9896,Nariño,Así cayeron en un semisumergible tres toneladas de marihuana rumbo a Centroamérica
9901,Nariño,"Las mil caras de 'Mordisco', jefe de las disidencias que asesinaron a 4 niños indígenas"
9906,Nariño,"En una década, el Eln reclutó ilegalmente al menos a 587 niños y niñas: ICBF"
9910,Nariño,"47 años después, historia con orgullo"
9919,Nariño,Cayó poderoso arsenal de disidencias con el que se pretendía atacar a la Fuerza Pública
9924,Nariño,"Amenazas, no; reformas, sí"
9947,Nariño,Laboratorio para procesar coca tenía 120 explosivos como sistema de defensa
9949,Nariño,Estamos escuchando las voces de la comunidad: Fabio Zarama
9957,Nariño,En Nariño buscan impulsar el desarrollo estratégico y sostenible
9958,Nariño,Estos son los sitios donde hay explotación de Níquel en Colombia
9962,Nariño,Las primeras imágenes del encuentro de Petro con la oposición venezolana
9969,Nariño,Condenan a personas que mataron con armas cortopunzantes a perros
9973,Nariño,Las diversas posturas ante proyecto de ley de sometimiento para bandas
9983,Nariño,Comando Central del Eln deja abierta la puerta para un cese del fuego
10008,Nariño,¿Qué pasaría con reforma de la salud (y con la coalición) sin el apoyo liberal?
10010,Nariño,Dolor afro: sicarios asesinaron a lideresa en su casa en vereda de Tumaco
10066,Nariño,Nariño llegó 36 líderes sociales asesinados desde el año pasado
10068,Nariño,Las regiones necesitan comunicarse con el Presidente
10107,Nariño,Urgente: sale Alejandro Gaviria del gabinete de Gustavo Petro
10147,Nariño,Portada 15 de febrero
10156,Nariño,"Fomentan la ciencia, la tecnología y la innovación en Ipiales"
10159,Nariño,Portada 13 de febrero
10164,Nariño,Portada 12 de febrero
10174,Nariño,Portada 10 de febrero
10183,Nariño,En Pasto rechazan aplazamiento de clases
10206,Nariño,Portada 1 de febrero
10229,Nariño,No hay mal que por bien no venga
10244,Nariño,En Nariño se agotan estufas eléctricas: escasea gas por derrumbe en Panamericana
10253,Nariño,"Disidencias 'Carlos Patiño', tras secuestro de dos militares en Cauca"
10254,Nariño,Palacios será candidato en próximas elecciones
10260,Nariño,'Solo lleva a confundir': general (r) Zapateiro criticó cese al fuego bilateral
10270,Nariño,Principales interrogantes que dejan los ceses del fuego bilaterales sin el Eln
906,Norte de Santander,Instalan en Bucaramanga el primer Mecanismo Regional de Veeduría al proceso de paz con el EMC – Corrillos
907,Norte de Santander,Indepaz confirmó la masacre número 93 del año – Corrillos
908,Norte de Santander,"Lo que trae consigo la prefactibilidad del Tren del Catatumbo, según el DNP – Corrillos"
909,Norte de Santander,40 mujeres de familias solicitantes en el caso “Hacienda Bellacruz” se reencontraron en Ibagué – Corrillos
910,Norte de Santander,CTI materializó la orden de captura en contra del alcalde de Villa del Rosario – Corrillos
911,Norte de Santander,Reunión de seguridad para frenar violencia en el suroccidente del país – Corrillos
912,Norte de Santander,¿De qué se trata el pacto para la transformación territorial del Catatumbo propuesto por el Gobierno? – Corrillos
913,Norte de Santander,Invasiones y ataques sostenidos en el Cauca ¿quién responde? – Corrillos
914,Norte de Santander,Empresarios de Soto Norte dieron vida a la Primera Vitrina Turística – Corrillos
915,Norte de Santander,"Los nuevos directores técnicos de la Agencia de Desarrollo Rural para los Santanderes, Antioquia y Chocó – Corrillos"
916,Norte de Santander,Campesinos víctimas del conflicto en Bucaramanga en Encuentro de Asociatividad – Corrillos
917,Norte de Santander,¿Qué busca Mancuso con irrespetar a la magistrada Alexandra Valencia?
918,Norte de Santander,Secuestraron a ganadero en Norte de Santander – Corrillos
919,Norte de Santander,Inadecuada implementación del Acuerdo de Paz disparó la deforestación
920,Norte de Santander,Alcaldes gobiernan desde el exilio: por falta garantías salieron de sus territorios – Corrillos
921,Norte de Santander,"Santander, Norte de Santander y Boyacá están de puente en El Término – Corrillos"
922,Norte de Santander,Suspensión del servicio de agua potable desde hoy sábado hasta el lunes – Corrillos
923,Norte de Santander,"Insólita situación en el Catatumbo, ahora los guerrilleros inauguran vías – Corrillos"
924,Norte de Santander,Fiscalía imputará al excandidato presidencial Oscar Iván Zuluaga – Corrillos
925,Norte de Santander,La investigan porque habría matado al hijo de su pareja – Corrillos
926,Norte de Santander,"Colombianos migrantes a EEUU, ¿el anhelo de una vida mejor? (El éxodo colombiano) – Corrillos"
927,Norte de Santander,“Negar reclutamiento de menores en el ELN es negar una realidad evidente”: Defensor del Pueblo – Corrillos
928,Norte de Santander,Ocad Paz: aprobados 55 proyectos por más de $163 mil millones para financiar por regalías – Corrillos
929,Norte de Santander,Mancuso fue imputado por 5200 crímenes en Santander y norte de Colombia – Corrillos
930,Norte de Santander,«Debe establecerse una férrea unidad entre la sociedad civil y la Fuerza Pública» – Corrillos
931,Norte de Santander,"Lucha contra el crimen: no es el indio, es la estrategia, el modelo y la tribu – Corrillos"
932,Norte de Santander,ELN reconoce atentado en el Catatumbo y amenaza con seguir combatiendo – Corrillos
933,Norte de Santander,Petro convoca a consulta a negociadores con ELN tras asesinato de soldados – Corrillos
934,Norte de Santander,Gobierno Nacional prioriza el mérito para proveer cargos en siete entidades – Corrillos
935,Norte de Santander,"Bridgestone tendrá nueva planta en Cúcuta, Norte de Santander – Corrillos"
936,Norte de Santander,¿De qué se trata la alianza que Petro les propuso a las Juntas Comunales? – Corrillos
937,Norte de Santander,Calzado hecho por reinsertados y cuero biodegradable. Oferta exportable – Corrillos
938,Norte de Santander,"Mujer entuteló porque el recibo del agua llegaba puntual, pero el servicio no – Corrillos"
939,Norte de Santander,Estudiantes de Soto Norte reciben becas completas para educación superior – Corrillos
940,Norte de Santander,Doce organizaciones adhirieron al paro indefinido declarado por los parameros – Corrillos
941,Norte de Santander,Tregua ofrece el río Magdalena para rescatar zona rural de Puerto Wilches – Corrillos
944,Putumayo,Sepa cuántos y dónde están los nuevos cargos creados para beneficiar a la Rama Judicial
945,Putumayo,Director de Gestión del Riesgo denuncia ante la Fiscalía a su asesor de despacho
946,Putumayo,'Por primera vez acordamos con la oposición': Osorio sobre reforma a la educación
947,Putumayo,La angustia de 50 días que han vivido familiares de 42 desaparecidos en San Andrés
949,Putumayo,Duro reclamo de congresista de Curules de Paz al Gobierno por asesinato de líder social
951,Putumayo,"Fue asesinado Phanor Guazaquillo, exconcejal y líder indígena del Putumayo"
953,Putumayo,Emergencia en vía Pasto-Mocoa: vehículo fue arrastrado por quebrada y hay tres heridos
955,Putumayo,"Cuiracuas, los indígenas siona que usan la cartografía para cuidar su territorio"
956,Putumayo,"Así fue el golpe a capos del narcotráfico en la frontera entre Colombia, Perú y Brasil"
959,Putumayo,Elecciones regionales: lío jurídico para definir ganadores por quema de votos
961,Putumayo,¿Cómo celebrar el Día de muertos? El 2 de noviembre se conmemora esta tradición
963,Putumayo,Alcaldesa electa de Jamundí pondrá drones y más policías para frenar a los violentos
967,Putumayo,Petro cuestiona a oposición por 'construir ambiente de miedo' con fines electorales
968,Putumayo,"Por temas de orden público, se podrían suspender elecciones en Ricaurte, Nariño"
971,Putumayo,Desde hoy rige aumento en la bonificación mensual para el servicio militar obligatorio
974,Putumayo,Atención: sigue la purga de generales; salen dos del Ejército Nacional
979,Putumayo,Aumenta la población del oso de anteojos en Huila: captan a hembras con sus crías
986,Putumayo,Encuentran siete cuerpos en descomposición tras combates entre disidencias de las Farc
988,Putumayo,Masacre en Putumayo: asesinaron a tres jóvenes y los dejaron en vía de Mocoa
996,Putumayo,"‘Si la paz se demora o no llega, las ONG debemos ser capaces de asistir a la población’"
1000,Putumayo,Masacre en Putumayo: cuatro hombres fueron asesinados a tiros; esto es lo que se sabe
1004,Putumayo,'Macaco' dice que sí hubo un plan para asesinar a Gustavo Petro y Álvaro Leyva en 2001
1005,Putumayo,Policía de Colombia capturó a una mujer que llevaba US$ 100.000 adheridos a su cuerpo
1014,Putumayo,Cárcel a hombre que habría matado a su expareja en el lugar donde trabajaba en Putumayo
1016,Putumayo,Máxima alerta en las FF. MM.: desde dron lanzaron explosivos a militares en Putumayo
1020,Putumayo,"Tras combates en Caquetá, Ejército captura a alias Grande de las disidencias"
1023,Putumayo,Trasplante de riñón: el histórico procedimiento en Pasto con donante vivo
1025,Putumayo,Deserción: la tercera parte de los estudiantes de educación superior no se gradúa
1030,Putumayo,Crece la deserción escolar y sigue por encima de los niveles prepandemia
1034,Putumayo,Somos de inteligencia artificial
1035,Putumayo,Volver a barajar
1047,Putumayo,Plástico: ¿cómo se realiza el arte con material plástico?
1051,Putumayo,Universidades públicas: desfinanciadas y con un billonario faltante
1053,Putumayo,GeoPark devolverá al Gobierno contratos petroleros que tiene en el Putumayo
1054,Putumayo,El contrato 'a dedo' en Bucaramanga con empresario investigado por Contraloría
1058,Putumayo,Rechazo por crimen de firmante de la paz en Putumayo
1059,Putumayo,Hasta el volcán nos amenaza
1066,Putumayo,Estallido social en Los Pozos: expresión de años de reclamos desatendidos
1067,Putumayo,"Indignante: mataron un jaguar en Puerto Asís, Putumayo"
1068,Putumayo,Por contrato de $ 120 millones fue condenado un exgobernador de Putumayo
1069,Putumayo,La capitán de Policía que apadrina a perros callejeros en Putumayo
1074,Putumayo,Cuero a base de hongos y cáscaras de frutas: apuestas de la industria brasileña
1076,Putumayo,Cultivos ilícitos: ¿llegará a Colombia a las 300.000 hectáreas en 2023?
1077,Putumayo,Los grandes desafíos de la frontera agrícola en Colombia
1083,Putumayo,Repudio por niño que fue disfrazado de disidente de Farc con fusil de juguete
1084,Putumayo,"Atención, viajeros: este 20 de febrero se reabriría vía Panamericana en el Cauca"
1085,Putumayo,Sorrel Aroca: ¿en qué va el proceso contra la exgobernadora de Putumayo?
1087,Putumayo,Procuraduría pide absolver a excongresista señalada de quitarle sueldo a asesora
1091,Putumayo,Drama de familia caleña varada en Terminal de Pasto por derrumbe
1094,Putumayo,Cárcel a hombre que habría matado a otro e intentado sobornar a policías
10276,Quindío,Gobernación del Quindío: así quedó conformado el nuevo gabinete
10277,Quindío,"En un acto oficial, Juan Miguel Galvis se presentó ante los quindianos como el nuevo gobernador del Quindío"
10297,Quindío,"Con regocijo, Filandia recibió el premio como uno de los Mejores Pueblos para el Turismo Rural en el mundo"
10324,Quindío,Uniquindio trabaja en proyecto de articulación con la Media para disminuir la deserción escolar
10325,Quindío,Galvis: La esperanza contra las maquinarias tradicionales del Quindío
10328,Quindío,"¿Cómo financian sus campañas? En el cierre de campaña, Galvis retó a Parra y Atilano a entregar cuentas claras"
10335,Quindío,Ernesto Amézquita quiere ser el Defensor del Quindío en la gobernación
10342,Quindío,Pacto con el mal: Filtraron audios corruptos de las campañas de Parra y Padilla | Opinión por: Finito
10346,Quindío,"Parra y Padilla, la Fórmula de la Sed, Circasia no olvida sus 15 días sin agua | Opinión por: Finito"
10351,Quindío,"La amenaza de los que amenazan: Galvis, El Diferente, ya es el favorito de la gente | Opinión por: Finito"
10354,Quindío,"PUBLIRREPORTAJE/ Desde Génova hasta Filandia, un joven de 32 años se ha encargado de conocer todo el Quindío"
10360,Quindío,"Comenzó la Feria Internacional del Libro del Quindío, agéndese para este fin de semana"
10365,Quindío,"La crisis deportiva, dirigencial y social del Quindío está llegando a su punto límite: Quintabani, el nuevo blanco de amenazas"
10370,Quindío,Estos son los ocho candidatos que se disputan la Gobernación del Quindío
10372,Quindío,"En el cabeza a cabeza entre Galvis y Parra, uno crece y otro tambalea | Opinión por: Finito"
10375,Quindío,"Lo peor del Quindío es la corrupción: Jorge Iván Toro, candidato a la Asamblea"
10376,Quindío,El municipio de Córdoba completa seis años sin homicidios
10377,Quindío,Quindío conmemora el Día de la Desaparición Forzada en Colombia
10384,Quindío,“Soy el único candidato que puede ganarles a las mafias politiqueras corruptas”: Juan Miguel Galvis | Opinión por: Finito
10405,Quindío,Sin barreras en la educación: adultos y niños indígenas Embera Karabijua son capacitados en lectoescritura
10406,Quindío,La butaca de los 5 colores. ¿Qué significa la simbología de Juan Miguel? | Opinión por: Finito
10413,Quindío,Paro de maestros en el Quindío por “deficiente” atención de EPS Cosmitet
10416,Quindío,Mafias se dividen el Quindío para vender ‘drogas’
10422,Quindío,El hacinamiento carcelario en el Quindío es del 430%: Procuraduría
10430,Quindío,¡57 años cumple el Quindío! Personajes que simbolizan la valentía y resiliencia serán homenajeados
10446,Quindío,Once municipios contarán con nuevos espacios para el esparcimiento y la actividad física
10448,Quindío,"En 2023, Teatro Azul realiza la XX Temporada de Teatro para la Vida con estudiantes de colegios públicos del Quindío"
10449,Quindío,370 quindianos desarrollan conocimientos y proyectos con el programa Población Digital
10463,Quindío,Juliana Aristizabal representará al Quindío en Miss Earth Colombia
10465,Quindío,Representamos a todas las víctimas del conflicto armado que no tienen voz ni voto
10467,Quindío,Urgente llamado de autoridades de salud del Quindío para cumplir con esquema vacunación
10470,Quindío,Emprendedora quindiana obtuvo reconocimiento a nivel nacional e internacional con su negocio de chocolates
10480,Quindío,"Del 16 al 17 de marzo, el Quindío será sede del encuentro de gobernadores"
10481,Quindío,Este lunes el gobernador abordará junto al director del Invías el inicio de obras en el puente Barragán
10491,Quindío,"Este miércoles, ex miembros de la fuerza pública realizarían protestas en el Quindío"
10499,Quindío,Mal comienzo del Deportes Quindío
10501,Quindío,Academia de historia declara que no es conveniente el cambio del escudo del Quindío
10503,Quindío,"Bioingeniería, un sistema para recuperar suelos en el Quindío"
10506,Quindío,Puesto de Mando Unificado para monitorear jornada de protestas de taxistas en Quindío
10521,Quindío,Conozca los proyectos del Quindío en el Plan Nacional de Desarrollo
10526,Quindío,Autoridades se preparan en caso de emergencia generada por el volcán machín
10536,Quindío,Más de $1.500 millones para fortalecer la Atención Primaria en Salud en 7 municipios
10538,Quindío,Siete municipios del Quindío implementarán Modelo de Atención Primaria en Salud (APS)
10540,Quindío,Nuevas obras de saneamiento básico y agua potable para los habitantes de la zona urbana y rural
10542,Quindío,Sujeto enviado a la cárcel por agredir y amenazar a su expareja sentimental en Armenia
10545,Quindío,Promueven el uso eficiente y ahorro del agua en Instituciones Educativas del Quindío
10546,Quindío,El Quindío tendrá Media Maratón por los niños con cáncer
10548,Quindío,En el Quindío el agro arrancó el año con pie derecho
10549,Quindío,Violencia intrafamiliar: en el Quindío dos hombres fueron enviados a la cárcel por este delito
10550,Quindío,Suspensión del servicio de acueducto en un sector del norte de Armenia
10555,Risaralda,El modelo público ‘Vías del Samán’ es un ejemplo para el país
10563,Risaralda,Desmantelan el grupo delincuencial ‘Los Gomelos’ en Santa Rosa de Cabal
10569,Risaralda,Funcionaria cuestionada por su nombramiento supervisa contratos por 17.000 millones
10578,Risaralda,"Sicarios motorizados asesinan al hermano del alcalde de Jardín, Antioquia"
10584,Risaralda,Condenan a exjefes del Gaula por secuestro de hombre al que quemaron en baúl de carro
10587,Risaralda,Fatal agresión: hombre atacó con machete a su expareja y sus tres hijos en Risaralda
10589,Risaralda,Defensoría lanzó alerta por aumento de migrantes irregulares: San Andrés-Centroamérica
10591,Risaralda,Tres adolescentes habrían asesinado a un compañero de clase porque les debía un dinero
10607,Risaralda,Jenny Arias: la historia de la campeona panamericana que noqueó al alcohol y las drogas
10623,Risaralda,¿Marulanda y Tamayo responsables del descalabro del Hospital de 4to Nivel? tenemos los procesos desconocidos
10629,Risaralda,¡Qué generoso! Gobernador de Risaralda entregó $3.272 millones a estos donantes de su campaña y faltan más
10635,Risaralda,"En pleno cambio de Fiscal, plazo para redefinir caso contra Álvaro Uribe vence en enero"
10643,Risaralda,"‘Aerocafé, un proyecto que se debe hacer’: Gobernador de Caldas"
10653,Risaralda,Más de 2.000 indígenas sin agua en Risaralda por ola de calor y deslizamientos
10665,Risaralda,Volcán Nevado del Ruiz vuelve a expulsar ceniza; reportan aumento de sismos por fluidos
10666,Risaralda,En Pereira habilitan Unidad de Búsqueda de Personas Desaparecidas
10683,Risaralda,Oportunidad Educativa en el SENA! ¡Inscríbete y Aprende Gratis!
10684,Risaralda,Indignante: comunidad indígena habría cazado a dos jaguares en el Chocó
10696,Risaralda,Luz Mery Tristán: la voz que luchaba por los derechos de los deportistas
10703,Risaralda,Loterías en Colombia: resultado del sorteo el Cafeterito Noche del 31 de julio
10717,Risaralda,Malaria: ¿cuál es el panorama actual de Colombia frente a esta enfermedad?
10725,Risaralda,Denunciamos contrato por 909 millones del exalcalde de Balboa y Fiscalía imputa dos contratistas
10729,Risaralda,¿Es un afortunado? Resultados del chance Cafeterito Noche del 12 de julio de 2023
10733,Risaralda,Consejo de Estado Colombiano confirmó medida cautelar consistente en la suspensión de la licencia para cazar especies de ranas y aves en Risaralda
10737,Risaralda,Aumento de casos de malaria en Risaralda
10750,Risaralda,Reportero de EL TIEMPO y otros periodistas quedaron en medio de un hostigamiento
10756,Risaralda,Abuelos fallecidos aparecen como beneficiarios en Quinchía
10770,Risaralda,Alcaldía de Pereira activa plan de contingencia por llegada de 116 indígenas emberas
10786,Risaralda,SGC insiste: ‘Zonas cercanas al volcán Nevado del Ruiz no pueden estar habitadas’
10788,Risaralda,Indígenas embera fueron usadas como 'adorno' en polémica pasarela; habla diseñadora
10789,Risaralda,Volcán Nevado del Ruiz: ¿qué se puede esperar tras 50 días de inestabilidad y amenaza?
10790,Risaralda,Mujeres del Eje Cafetero piden mayor participación en la 'paz total'
10797,Risaralda,Temblor en Colombia de magnitud 5 en el Meta se sintió en Bogotá y otras ciudades
10798,Risaralda,"'Ajustes de cuentas' e intolerancia, causas del aumento de los homicidios en Pereira"
10805,Risaralda,Las adicciones que afectan a los colombianos
10809,Risaralda,"Innovación, software y tecnología, un tridente en ascenso"
10827,Risaralda,"Contraloría no investiga, $411 millones pagados por 1.277 bicicletas que están abandonadas y dañadas"
10842,Risaralda,El drama de pereirana con raro tipo de cáncer; aseguran que la EPS no la atiende
10846,Risaralda,Volcán Nevado del Ruiz: 57.000 personas se afectarían por posible erupción
10859,Risaralda,¿Aplicó la ley para Eduardo Quintero y la clínica de Fracturas y Fracturas por el escándalo del SOAT?
10865,Risaralda,Viva Air: situación de aerolínea afecta fuertemente turismo en el Eje Cafetero
10873,Risaralda,"Kevin Castillo, el campeón de ciclismo que recogía café y le huyó a las drogas"
10882,Risaralda,"Emergencia, pedido de gremios de 6 departamentos por vía Panamericana"
10887,Risaralda,Alcalde pediría militarizar a Dosquebradas por hechos de violencia
10889,Risaralda,¿Cuáles son las mejores series y telenovelas colombianas del siglo XXI?
10894,Risaralda,"Pereira, la ciudad colombiana que está en pleno crecimiento"
10895,Risaralda,Transformando historias cambiando vidas
10896,Risaralda,Caldas: en Marmato se construirá un nuevo Centro de Desarrollo Minero
10904,Risaralda,En una finca en Codazzi cayó hijo de uno de los negociadores del Eln
10905,Risaralda,Aprueban recursos para reconstruir puentes en Mistrató
10918,San Andrés y Providencia,"Tras un año difícil para el turismo en San Andrés, ¿qué ha sucedido en diciembre?"
10919,San Andrés y Providencia,Pronóstico : mar de leva en los balnearios de todo el Caribe colombiano
10921,San Andrés y Providencia,Perturbación atmosférica traerá fuertes lluvias al archipiélago de San Andrés
10923,San Andrés y Providencia,Así es el Hospital de Providencia y Santa Catalina tras tres años del devastador Iota
10924,San Andrés y Providencia,Nicolás Gallardo logró la mayor votación de la historia en San Andrés y será gobernador
10925,San Andrés y Providencia,Más de $450 mil millones ha recuperado la Contraloría en el último año en Colombia
10928,San Andrés y Providencia,"San Andrés, en alerta | Ideam advierte sobre formación de ciclón: esto se conoce"
10929,San Andrés y Providencia,¿Cómo y que días se juega MiLoto de Baloto? Así puede apostar por premios millonarios
10930,San Andrés y Providencia,"Alerta en San Andrés por el aumento de homicidios, se han duplicado en un año"
10933,San Andrés y Providencia,Presidente Petro buscará acuerdo con Nicaragua para pesca raizal en San Andrés
10936,San Andrés y Providencia,Aeronáutica Civil aprueba a Satena la operación de 141 nuevas rutas en Colombia
10937,San Andrés y Providencia,Alumnos de doctorado en Ciencias del Mar fueron clave en defensa marítima ante La Haya
10938,San Andrés y Providencia,Armada de Colombia ubica embarcación en San Andrés con 16 migrantes irregulares
10941,San Andrés y Providencia,Trascendiendo el centralismo: reflexiones sobre la soberanía en el Archipiélago de San Andrés y Providencia
10942,San Andrés y Providencia,Fallo de La Haya: los jueces que emitieron salvamentos en litigio Colombia - Nicaragua
10943,San Andrés y Providencia,Petro propone dialogar con Ortega: ¿qué negociarán con Nicaragua? Estas son las claves
10944,San Andrés y Providencia,Petro anuncia diálogo con Daniel Ortega para negociar derechos de pesca de raizales
10945,San Andrés y Providencia,Soberanía de San Andrés nunca estuvo en riesgo: Elizabeth Taylor
10948,San Andrés y Providencia,El triunfo de Colombia en La Haya cierra décadas de litigio con Nicaragua
10949,San Andrés y Providencia,¿Y qué hacer ahora con la victoria?
10950,San Andrés y Providencia,La reacción de todos los expresidentes de Colombia sobre el fallo de La Haya
10951,San Andrés y Providencia,'Gozo el triunfo de mi patria': canciller Leyva tras victoria de Colombia en La Haya
10954,San Andrés y Providencia,Urgente: Corte de La Haya niega demanda de Nicaragua sobre mar de San Andrés
10955,San Andrés y Providencia,"¿Colombia, en riesgo de volver a perder mar con Nicaragua? Abecé fallo de este jueves"
10956,San Andrés y Providencia,Las posibilidades que tiene Colombia ante fallo de La Haya por conflicto con Nicaragua
10957,San Andrés y Providencia,San Andrés es catalogada como el centro de operación trasnacional del crimen para el tráfico de migrantes
10963,San Andrés y Providencia,Hotel Grand Sirenis tendrá que demoler dos pisos que construyó de más por orden del Tribunal Administrativo de San Andrés
10965,San Andrés y Providencia,"En medio de polémicas por retrasos en las obras, Providencia reinauguró colegio público"
10970,San Andrés y Providencia,Los acuerdos que alcanzó la Procuradora Margarita Cabello en viaje a EE. UU.
10971,San Andrés y Providencia,Armada de Colombia salvaguardó la vida de 19 migrantes venezolanos en aguas de San Andrés
10972,San Andrés y Providencia,La foto de Álvaro Uribe y María Fernanda Cabal nadando en San Andrés
10973,San Andrés y Providencia,Más de 1600 personas beneficiadas en jornada de apoyo al desarrollo en Providencia isla
10974,San Andrés y Providencia,La Procuraduría insta al gobierno a cumplir de inmediato los compromisos por crisis en San Andrés
10977,San Andrés y Providencia,Gobierno estudia declarar emergencia económica por crisis aérea en San Andrés
10978,San Andrés y Providencia,Preocupante: 45.000 menores de edad fueron mamás en 2022 en Colombia
10979,San Andrés y Providencia,Así fue como una mujer embarazada y un niño fueron abandonados por traficantes de migrantes en un cayo.
10982,San Andrés y Providencia,Se inicia la tercera fase de Mujeres que Reverdecen en Bogotá
10983,San Andrés y Providencia,Polvo del desierto del Sahara sigue su paso por el Caribe y afecta a Cartagena
10984,San Andrés y Providencia,Así funciona 'paquete VIP' de migración ilegal desde San Andrés a EE. UU.
10985,San Andrés y Providencia,Armada de Colombia aporta al control de especies invasoras en el Mar Caribe
10986,San Andrés y Providencia,Así fue el operativo de incautación de pesca ilegal en aguas del archipiélago
10987,San Andrés y Providencia,"Como un calvario calificó Samper en su libro, el litigio por diferendo con Nicaragua"
10988,San Andrés y Providencia,Ligan a Jack Housni con la primera dama de Medellín y le reviven proceso penal en la Corte Suprema por Corrupción
10989,San Andrés y Providencia,Ernesto Samper analiza en su nuevo libro el diferendo entre Colombia y Nicaragua
10990,San Andrés y Providencia,"Inteligencia nicaragüense se infiltro en el archipiélago de San Andrés, reveló El País de España"
10991,San Andrés y Providencia,Armada de Colombia protegió la vida de 11 migrantes irregulares
10993,San Andrés y Providencia,Marcha pacífica terminó en bloqueos y caos en aeropuerto de San Andrés
10994,San Andrés y Providencia,San Andrés: congelan precio de tarjeta de turismo ante caída de visitantes
10995,San Andrés y Providencia,Cómo la 'histórica incomprensión' de Bogotá afectó a las islas de San Andrés
10996,San Andrés y Providencia,Recientes aportes de Coralina en investigaciones científicas sobre biodiversidad terrestre y marina de la reserva de biosfera Seaflower
11007,Santander,"Los mejores colegios de Bucaramanga y Santander, según las Pruebas Saber 2023"
11009,Santander,Cayó el Baloto en Santander con un gran acumulado de 8.000 millones de pesos
11010,Santander,"Por presuntos tratos irrespetuosos, cargos a docente de Piedecuesta, Santander – Corrillos"
11014,Santander,"Santander, región en donde la Fiscalía ha capturado asaltantes sexuales seriales – Corrillos"
11015,Santander,El video clave del que pedirán borrar a cirujano condenado por golpear a su expareja
11019,Santander,2.991 solicitudes de conciliación en Santander en solo el año 2023 – Corrillos
11021,Santander,La historia del bloque ‘para’ que ‘arrasó’ con Norte de Santander
11024,Santander,Instalado equipo directivo Comité de Empalme del Gobernador electo – Corrillos
11035,Santander,‘Vísteme despacio que tengo prisa’: así trabaja el grupo antiexplosivos Marte
11036,Santander,32 kilómetros de placa huella para cada municipio proyecta Mantilla – Corrillos
11048,Santander,La Transversal del Turismo: la apuesta más grande por Santander – Corrillos
11055,Santander,'Toda Colombia manifiesta su anhelo de cambio': Francia Márquez habla de las marchas
11057,Santander,¡No va más! CNE revoca candidatura de Rodolfo a la Gobernación de Santander – Corrillos
11062,Santander,"Aumentan las denuncias, son 26 candidatos amenazados en Santander – Corrillos"
11066,Santander,"Presidente Petro responsabiliza a las disidencias por atentado en Buenos Aires, Cauca"
11074,Santander,Acciones para promover participación activa en el comercio regional – Corrillos
11075,Santander,Candidatos amenazados en Santander deben denunciar – Corrillos
11079,Santander,Aeropuerto de San Gil: una promesa de cuatro años que ilusiona y no despega
11080,Santander,Rodolfo Hernández: ¿por qué su candidatura está en vilo tras el fallo de la Corte?
11084,Santander,Candidaturas y el vals de las promesas vacías – Corrillos
11094,Santander,"Clanes regionales, debilitados, pero con toda la intención de recuperarse – Corrillos"
11097,Santander,Viabilidad a estudios y diseños de proyectos de infraestructura vial en Santander – Corrillos
11098,Santander,"“Observatorio de Mujeres y Equidad de Género”, cumple en Santander – Corrillos"
11101,Santander,Cumplido el quinto Comité de Seguimiento Electoral Provincial en Santander – Corrillos
11105,Santander,El irracional miedo hacia la diversidad sexual en Santander – Corrillos
11108,Santander,Población migrante y víctimas del conflicto recibieron ayudas visuales – Corrillos
11118,Santander,Las reuniones claves del caso que amenaza la carrera política de Rodolfo Hernández
11120,Santander,Situación de las santandereanas fue analizada por consejeras y autoridades departamentales – Corrillos
11121,Santander,Extinción de dominio a bienes por más de $ 10.000 millones de redes de apoyo del Eln
11122,Santander,El día que Horacio José y Rodolfo ‘negociaron’ la candidatura a la Gobernación de Santander – Corrillos
11125,Santander,Atentado en Tibú: estos son los dos policías que murieron en el ataque con explosivos
11126,Santander,Santander: naturalización de la violencia contra la mujer y la niñez – Corrillos
11127,Santander,Alerta en Norte de Santander por atentado en el que murió precandidato al Concejo
11128,Santander,"En Suratá y Matanza, Santander, la URT iniciará procesos de restitución de tierras – Corrillos"
11133,Santander,"Aeropuerto de San Gil se entrega hoy, en dos meses comenzarían los vuelos"
11138,Santander,Lugares para resignificar y ponerle fin a la indiferencia – Corrillos
11146,Santander,Familias de víctimas del atentado a la General Santander buscan diálogo con Eln
11155,Santander,Así va la carrera por la alcaldía de Cúcuta de cara a las elecciones de octubre
11156,Santander,Mariela – Corrillos
11157,Santander,"Video: brutal agresión a gobernador de Santander, Mauricio Aguilar"
11158,Santander,"Flor de El Peñón, Santander, inspira turismo – Corrillos"
11159,Santander,Santander tomó el primer lugar en Anato – Corrillos
11161,Santander,Comité inscriptor de la “Liga” en líos – Corrillos
11164,Santander,"Wilmer Carrillo, congresista de Santander, va a juicio por vicios en contratos"
11166,Santander,"Santandereanas se podrán especializar de manera gratuita en Familia, Infancia y Adolescencia – Corrillos"
11173,Santander,Bloqueos en vías nacionales del país: ¿qué está pasando?
11174,Santander,Se agrava la crisis en Barranca: hay pérdida de insumos y bloqueo de motos
11178,Santander,"Se acabó la gasolina en Barrancabermeja, la capital del petróleo"
11180,Santander,"Santander, en donde la minería ilegal aumenta niveles de contaminación con mercurio – Corrillos"
11182,Santander,Aparece un tercer panfleto amenazando a líderes de Santander por bloquear vías
11187,Sucre,Asesinan a exjugador de equipo de fútbol de salón en Sincelejo
11188,Sucre,“Las obras para atender a los afectados por el cambio climático en el país no se detienen”: Fondo Adaptación
11189,Sucre,Policía ahora es pastor tras experiencia con Dios
11190,Sucre,Candidato al Concejo de Chalán – Sucre fue asesinado
11191,Sucre,Trabajadores Sociales de la UNISINÚ: 49 años contribuyendo al desarrollo del país
11192,Sucre,Atroz: Asesinó a golpes a un bebé de dos años
11193,Sucre,Sicarios le quitan la vida a hombre en Sahagún
11194,Sucre,Miguel Polo Polo arremete contra Francia Márquez
11195,Sucre,"""Francia es así, no voy a dejar de ser lo que soy"": así respondió la vicepresidente a la pregunta si es brava o resentida"
11196,Sucre,Festival de teatro ha cautivado a la ciudad
11197,Sucre,"“Ha sido una decisión totalmente libre, sin presión”: Nicolás a su papá sobre intimidaciones"
11198,Sucre,Monteriano fue acribillado en Sincelejo
11199,Sucre,Alcalde de la Unión Sucre le incumplió a los campesinos
11200,Sucre,Capturan a hombre por violencia intrafamiliar contra su esposa en el barrio Sucre de Montería
11201,Sucre,En el barrio Sucre entregaron vías pavimentadas
11202,Sucre,iMás obras para La Gente! Mejoran movilidad con pavimentación en Los Laureles
11203,Sucre,"Monteriano fue ultimado de varios disparos en Galeras, Sucre"
11204,Sucre,Suegro atacó a su yerno porqué este le fue a reclamar herencia
11205,Sucre,La JEP le concede la libertad al exgobernador de Sucre
11206,Sucre,JEP concedió libertad condicional al exgobernador de Sucre Salvador Arana
11207,Sucre,Joven cayó en flagrancia al golpear a su expareja
11208,Sucre,Procuraduría suspendió e inhabilitó al senador Álex Flórez por ocho meses
11209,Sucre,Masacre: Asesinaron a tres hombres en un estadero
11210,Sucre,"Obras, A Toda Máquina"
11211,Sucre,"Alcalde, ex Alcalde y contratista capturados por corrupción"
11212,Sucre,Gobernador de Sucre le pidió al Papa Francisco que interceda por Colombia
11213,Sucre,En una lujosa casa de Tolú la policía capturó a cabecilla del Clan del Golfo
11214,Sucre,Capturan a dos mujeres por vender rifas ilegales en Montería
11215,Sucre,Niño de ocho años fue agredido por dos compañeras en un colegio
11216,Sucre,Linero cuestionó pronunciamiento del papa sobre el presbiterado femenino
11217,Sucre,Capturado con droga en el barrio Sucre
11218,Sucre,84 acuicultores de Sucre beneficiados con apoyo de Minagricultura
11219,Sucre,"Dos sucreñas, entre las diez ganadoras de la Misión MIT 2023"
11220,Sucre,"Las pozas, la región donde las autoridades de Sucre permiten venta de Hicoteas"
11221,Sucre,Un reciclador fue asesinado de varios impactos de bala
11222,Sucre,"No más estudios ni más lírica, pedimos resultados: Marcos Daniel"
11223,Sucre,Barguil rindió indagatoria ante la Corte Suprema
11224,Sucre,Los chats de Nicolás Petro que salpican al Gobernador de Sucre
11225,Sucre,Detectaron 19 hallazgos en el municipio de Coveñas
11226,Sucre,La mujer le hizo un 'chichón' en la cabeza al gastarse en cerveza el dinero de la comida
11227,Sucre,Joven de 17 años fue asesinado con arma blanca
1103,Tolima,Michel Dayana González: su hermana sueña con ser psicóloga y recibió beca universitaria
1104,Tolima,"Senador Ciro Ramírez ya llegó a la cárcel La Picota, esto se sabe de su traslado"
1106,Tolima,"Cardona, mejor que Bacca en particular once ideal de Liga: no están Mele ni Mackalister"
1109,Tolima,¿Por qué capturaron a senador Ciro Ramírez? Caso tiene que ver con red de Mario Castaño
1111,Tolima,Saldo en rojo para mujeres y niñas
1118,Tolima,Video ciudadano fue clave para determinar el paradero de Harold Echeverry
1121,Tolima,Moto robada fue clave en la captura en Meta de señalado feminicida de Michel Dayana
1135,Tolima,Programación deportiva para este sábado 2 de diciembre
1155,Tolima,Vía Bogotá- Girardot: habilitan paso en la 'Nariz del Diablo' tras deslizamiento
1162,Tolima,Wilder Medina presenció riña con machetes en Ibagué: 'No valoran la vida'
1166,Tolima,"La violencia electoral se disparó en Colombia a partir de agosto, alerta la Defensoría"
1167,Tolima,¿Lo pueden echar del trabajo en Colombia por decir groserías? Esto dice la Corte
1169,Tolima,Padre Chucho no tiene hijos pero sí 'una princesita que le regaló Dios': ¿quién es?
1174,Tolima,Mundial de patinaje artístico: oro para los colombianos María Muñoz y Jeshua Folleco
1175,Tolima,El colegio de Crepes & Waffles en Tolima que se hizo a través de obras por impuestos
1180,Tolima,Llega la primera edición de la Feria del Libro de Armenia y Quindío
1186,Tolima,Habilitarán dos carriles en la vía Bogotá-Girardot: esta es la fecha
1194,Tolima,Ibagué: condenan al hombre que asesinó a puñaladas a su exesposa en una droguería
1196,Tolima,Cortolima pide respetar la vida de jaguar avistado en el Bosque de Galilea
1201,Tolima,Álvaro Mutis: 100 años del nacimiento de una pluma mágica del país
1205,Tolima,Millonarios sigue ganando en los amistosos: logró una nueva victoria en España
1206,Tolima,'Me tienen amenzada': mujer denuncia que sus hermanos no la dejan ver a su papá
1211,Tolima,Selección Colombia: estos son los jugadores convocados para el microciclo de la Sub-23
1218,Tolima,"La fuerza canina del Ejército, en Revista Credencial"
1219,Tolima,Cayó uno de los más buscados del Tolima; sería responsable de al menos 8 homicidios
1222,Tolima,'Estoy feliz': padre de Karina Ramírez al enterarse de liberación de su hija y nietos
1228,Tolima,Imputan a exfuncionario del Senado salpicado en el escándalo de Mario Castaño
1235,Tolima,UNGRD pide continuar las acciones de preparación por nivel de actividad naranja del volcán Nevado del Ruiz
1236,Tolima,Disturbios en tres universidades del país causan cierre de campus
1239,Tolima,Encuentran anciana desmembrada en el Tolima: investigan asesinato por robo de pensión
1240,Tolima,El horror del conflicto en Tolima que comienza a develar caso de la JEP
1243,Tolima,Equipos colombianos redondean gran semana continental con presencia en once ideal
1246,Tolima,Corte de gas en Cali y el Eje Cafetero: 9 días se necesitarían para línea alternativa
1248,Tolima,Empieza restricción a todos los usuarios del gas en Valle y norte del Cauca
1250,Tolima,Actualizan área de evacuación por actividad del volcán Nevado del Ruiz
1251,Tolima,"La Nariz del Diablo, una historia de sustos y gratos recuerdos"
1252,Tolima,"Avances en la reincorporación de firmantes de la paz, a examen en la Corte"
1261,Tolima,"‘Pese a cambio de ministros, la reforma de la salud es la misma’: Andrés Forero"
1282,Tolima,Así va la Liga: Alianza Petrolera hundió al Once Caldas y se acerca a la punta
1289,Tolima,UNGRD coordina acciones preventivas por actividad del volcán Nevado del Ruiz
1298,Tolima,"Recapturan al 'Chatarrero’, vinculado a millonario desfalco a Juegos Nacionales"
1305,Tolima,El hombre que mató a su hijo en Melgar tenía ideación suicida
1309,Tolima,"Así va la lucha por el descenso: Alianza, beneficiado; Once y Cali, en alerta"
1325,Tolima,Así puede pagar sus facturas de servicios públicos desde Nequi
1326,Tolima,Alerta por aumento en el caudal del río Magdalena: desbordamiento gradual
1327,Tolima,La estrategia de Aida Merlano luego de aterrizar en Bogotá en chárter venezolano
1354,Tolima,Dimayor rechaza actos de intolerancia en el fútbol colombiano
1360,Tolima,Sebastián Villa se hizo echar y dejó a Boca en problemas; video
1364,Tolima,Tolima: hombre habría abusado sexualmente de sus hijas menores de edad
1366,Tolima,Gobernador de Tolima propuso construir un aeropuerto internacional en Ibagué
11228,Valle del Cauca,Fondo Mixto presentó balance 2020 – 2023
11235,Valle del Cauca,"Valle oro puro, a transcender internacionalmente"
11237,Valle del Cauca,"Ana Milena Orozco, nueva gerente de Indervalle"
11238,Valle del Cauca,Conozca los nombres del gabinete que acompañará a Alejandro Eder en la Alcaldía de Cali
11243,Valle del Cauca,Lo Positivo y Negativo de la semana del 9 de diciembre
11247,Valle del Cauca,Mujeres emprendedoras en zonas rurales
11249,Valle del Cauca,Infivalle conmemoró 52 años de impulso al desarrollo de la región
11252,Valle del Cauca,"Tren de cercanías con aire , MIO sin oxígeno"
11253,Valle del Cauca,Defensoría alertó sobre grupos ilegales en Bolívar y Trujillo
11257,Valle del Cauca,Día Internacional por la Eliminación de las Violencias hacia las Mujeres
11258,Valle del Cauca,Foro para reflexionar en torno a la violencia contra la mujer
11259,Valle del Cauca,Disminuye violencia de género en el Valle
11260,Valle del Cauca,Indignación en Jamundí por nuevo caso de maltrato animal
11262,Valle del Cauca,Calima – El Darién está en peligro
11264,Valle del Cauca,"Una historia centenaria marcada por el coraje, el servicio y la vocación"
11265,Valle del Cauca,"El alcalde electo, Alejandro Eder, ya comenzó a trabajar"
11266,Valle del Cauca,Vender el voto es vender el futuro
11268,Valle del Cauca,Cali y el Valle eligen a sus mandatarios
11269,Valle del Cauca,Avanzan inversiones con apoyo del sector privado
11272,Valle del Cauca,Defensoría declaró Alerta Temprana Inminente
11277,Valle del Cauca,“En todo el Valle del Cauca buscamos a la Mujer Cafam”
11278,Valle del Cauca,"Roberto Ortiz: Yo no le voy a tapar nada a Ospina, lo que encuentre malo lo denuncio"
11280,Valle del Cauca,Reforma agraria inconclusa
11284,Valle del Cauca,"Presidente, hay que defender a los civiles"
11289,Valle del Cauca,Dialogo de ciudad con Fenalco Valle
11294,Valle del Cauca,Elecciones bajo amenaza
11295,Valle del Cauca,Preocupa seguridad electoral en el Valle
11300,Valle del Cauca,Inquietante aumento de feminicidios en Cali y el Valle del Cauca
11302,Valle del Cauca,"Los manglares, una prioridad para las mujeres piangüeras"
11303,Valle del Cauca,Incauca entregó 8 becas universitarias
11306,Valle del Cauca,¿Cómo califican a Petro los candidatos a la Alcaldía de Cali?
11307,Valle del Cauca,Defensoría del Pueblo pidió reforzar seguridad el Valle
11308,Valle del Cauca,"Buenaventura, el momento es ahora"
11309,Valle del Cauca,"Se inscribieron 12 candidatos a la Alcaldía de Cali, vea quiénes son"
11310,Valle del Cauca,"Ocho candidatos se inscribieron para la Gobernación del Valle, vea quiénes son"
11316,Valle del Cauca,Ingredion cumple 90 años
11318,Valle del Cauca,"Paola Arenas, la profesional, la política, la líder"
11320,Valle del Cauca,Valle de 4o en ingresos operacionales
11325,Valle del Cauca,Cali vibra con Cali Distrito Moda
11326,Valle del Cauca,Acciones legales contra involucrados en video de presunto soborno en Cali
11328,Valle del Cauca,"Gobernación del Valle lanzó campaña ‘Cali, Volvamos a Sonreír’"
11330,Valle del Cauca,"Casa de todos, hogar de nadie"
11331,Valle del Cauca,Intervienen humedales en el Valle del Cauca
11333,Valle del Cauca,Avances de la Mesa Interjurisdiccional del Valle del Cauca: un ejemplo de cooperación entre el Estado y las comunidades indígenas
11334,Valle del Cauca,Bodas de Oro de Esquina Latina
11335,Valle del Cauca,Fondo Mixto responde a señalamientos por contratos de Ocad paz
11336,Valle del Cauca,"Velázquez, el candidato del Casco anticorrupción"
11337,Valle del Cauca,Tres municipios del Valle se benefician con conciliadores
11343,Valle del Cauca,Inició la “caravana humanitaria” pactada entre Gobierno y ELN:
11344,Valle del Cauca,Grupos armadas desplazan a 1.200 víctimas que fueron priorizadas con ayudas
11345,Vaupés,Cuarta División del Ejército le cumplió el sueño de Navidad a 15 niños y niñas
11346,Vaupés,Procuraduría alerta por incumplimiento de metas de vacunación: hay casos graves
11347,Vaupés,"Le contamos cómo estará el clima en Colombia durante esta temporada, según el Ideam"
11348,Vaupés,"Oro y coltán, las pesadillas mineras que padece Guainía"
11349,Vaupés,Fundación Cabify impulsa ciudades y protege el planeta
11350,Vaupés,La vicepresidenta Francia Márquez anunció el sistema para medir la violencia de género
11351,Vaupés,El coronel de la Policía que estuvo 10 años secuestrado por Farc y ahora sería general
11352,Vaupés,"Al menos uno de cada cinco estudiantes de colegio ha usado vapeadores, según estudio"
11353,Vaupés,Envían a la cárcel a soldado señalado de abusar de una menor en Inírida
11354,Vaupés,"Cáncer de seno: el objetivo global es evitar 2,5 millones de muertes para 2040"
11355,Vaupés,'Pedimos perdón porque estos crímenes han sido contra la humanidad' y nos avergüenzan
11356,Vaupés,Disidencias de las Farc en Guaviare anuncian que suspenden ataques a la fuerza pública
11357,Vaupés,CNE ha anulado inscripción de casi un millón de cédulas para votar: ¿está la suya?
11358,Vaupés,'Estamos en un momento inédito para la educación': Mineducación Aurora Vergara
11359,Vaupés,Foro EL TIEMPO y Universidad de los Andes: ¿Para dónde va la reforma de la educación?
11360,Vaupés,La realidad tras la brecha de género en los suicidios: 8 de cada 10 los cometen hombres
11361,Vaupés,Oneida Pinto y los otros 675 inhabilitados para las elecciones según la Procuraduría
11362,Vaupés,Reportan casi 70 intentos de suicidio en departamento de Vaupés
11363,Vaupés,Capturas por abuso sexual de menores en Vaupés y Guainía
11364,Vaupés,La digitalización de la justicia en clave de brecha digital
11365,Vaupés,"JEP realizó audiencia con la comunidad indígena Bocas del Yi, en Mitú"
11366,Vaupés,Energías limpias: de la mano con el desarrollo sostenible
11367,Vaupés,Condenan a hombre que inducía a su hermano menor a consumir alucinógenos y delinquir
11368,Vaupés,Atención: las razones de accidente aéreo en la selva: cuatro niños siguen desaparecidos
11369,Vaupés,El Federalismo no es una vaga Ilusión. ¿Quiénes les hacen trampa a las regiones?
11370,Vaupés,Conozca algunos detalles de las más de 305 comunidades indígenas que hay en Brasil
11371,Vaupés,¿Caos en los bonos de carbono forestales? II
11372,Vaupés,Un adulto y dos menores de edad abusaron sexualmente de joven discapacitada
11373,Vaupés,Ejército detiene embarcación que llevaba 12.000 gramos de marihuana en Vaupés
11374,Vaupés,El camino para conectar el 85 % de Colombia
11375,Vaupés,El nuevo arzobispo de Villavicencio condenó los abusos dentro de la iglesia
11376,Vaupés,La fractura cultural indígena
11377,Vichada,2023 GOBERNACIÓN DE VICHADA
11378,Vichada,Asociación de mujeres pescadoras de Puerto Carreño enfrenta desafíos y oportunidades
11379,Vichada,"Soldado profesional del batalló de Cumaribo, desapareció en el Meta"
11380,Vichada,"ICBF abre convocatoria para seleccionar directores regionales en Guainía, Vichada y todo el país"
11381,Vichada,La primaverensidad es joropo
11383,Vichada,[Video] Armada de Colombia rescató a un extranjero en río Orinoco
11384,Vichada,Gobernación de Vichada busca participantes para feria gastronómica en Festival del Corrío Llanero
11385,Vichada,La Policía capturó en La Primavera a dos personas que pretendían comerse nueve tortugas galápagos
11386,Vichada,La policía capturó en Puerto Carreño a una persona con dos kilos de marihuana
11387,Vichada,“Sin agua no hay clases”: la problemática que afecta a la escuela de Puerto Murillo
11388,Vichada,Por incumplimiento en obras para resguardo indígena es investigado exalcalde de Cumaribo
11389,Vichada,"Incautaron en Cumaribo más de 9 toneladas de estaño, avaluadas en unos $1.000 millones"
11390,Vichada,Entró en operación la interconexión eléctrica Casanare
11391,Vichada,Así fue el exitoso rescate de dos toninas en el caño Juriepe en Vichada
11392,Vichada,"Microrredes, alternativa para abastecer de energía a Puerto Carreño"
11393,Vichada,Policía incautó 13 kilos de coca y capturó a una persona en zona rural de Cumaribo
11395,Vichada,"Capturado alias “Llave”, señalado de asesinar a un comerciante carreñense en 2019"
11396,Vichada,Cayó extorsionador de comerciantes en Puerto Carreño
11398,Vichada,Asesinato de Ayendi Piña Hinojosa en Puerto Carreño. Esto sabemos
11400,Vichada,Habitantes de Casuarito advierten un paro en la inspección. Dicen que hay compromisos incumplidos
11402,Vichada,Qué tanto ha avanzado Puerto Carreño en los últimos tres años. Esto opinan lideres comunales y concejales
11403,Vichada,Encuentran el cuerpo sin vida de un hombre en la vía que conduce a Casuarito
11404,Vichada,La Fundación Omacha denuncia cacería de toninas en el río Orinoco
11405,Vichada,Fuerzas Militares y de policía hallaron una caleta con 5 escopetas en zona rural de Cumaribo
11406,Vichada,Un hombre capturado en Puerto Carreño por el delito de actos sexuales con menor de 14 años
11407,Vichada,Paro en Puerto Gaitán (Meta) afecta movilidad hacia el departamento de Vichada
11408,Vichada,Dos presuntos distribuidores de estupefacientes fueron enviados a la cárcel en Puerto Carreño
11409,Vichada,Corte Constitucional ordenó protección integral para la comunidad indígena Yajotja del Vichada
11410,Vichada,Incautan más de 500 mil dólares falsos que serían utilizados en actividades delictivas en Vichada y la Orinoquía
11411,Vichada,"Por falta de pago en salario del mes de enero, profesores de Vichada entraron en paro este jueves"
11413,Vichada,El 17 de febrero se inaugura interconexión eléctrica Casanare – Vichada
11414,Vichada,¿Ya inscribió su cédula para votar en las elecciones locales de octubre? Hay puntos móviles en Inírida y Puerto Carreño
11415,Vichada,El Ejército Nacional abre convocatoria de incorporación en Vichada y Guainía
11417,Vichada,Así inició el año escolar en Puerto Carreño
11418,Vichada,Cárcel para joven que portaba 250 cartuchos de fusil
11419,Vichada,"Niño indígena de Cumaribo, en delicado estado de salud, fue trasladado hacia Villavicencio por la Fuerza Aérea"
11420,Vichada,"Durante 2022, nueve niños menores de 5 años murieron por desnutrición en Vichada"
11421,Vichada,Autosecuestro en Puerto Carreño fue descubierto en tiempo récord por las fuerzas militares y de policía
11422,Vichada,El Grupo Aéreo del Oriente conmemoró su vigésimo séptimo aniversario
11423,Vichada,En Cumaribo se juega por estos días la Copa Colombia de Minifutbol 7
11424,Vichada,Policía rescató dos monos y una guacamaya en Puerto Carreño
11426,Vichada,Medida provisional exige a la EPS Mallamas a prestar servicio de salud eficiente y oportuno en Cumaribo
11427,Vichada,Incendio en el centro de Puerto Carreño generó angustia en la ciudadanía
11428,Vichada,Vichada fue priorizado en iniciativa que busca reducir el hambre y la pobreza rural en Colombia
11429,Vichada,Se realizará ciclo de vacunación contra fiebre aftosa en Vichada y otras zonas de frontera con Venezuela
11430,Vichada,Vichada inicia esta semana con su Audiencia Pública del Plan Plurianual de Inversiones
11431,Vichada,Estado crítico en el suministro del agua potable en el casco urbano de Puerto Carreño. Conozca el plan de contingencia para abastecimiento del vital líquido
11434,Vichada,"Con pancarta, Farc anuncia su presencia en Vichada"
11437,Vichada,"Adriana Sofía Colina, nueva soberana del Festival Internacional de la Triada Llanera en Campohermoso (Boyacá)"
11438,Vichada,"Indígenas recicladores: una realidad oculta detrás de las basuras y con múltiples soluciones, según estudio"
