indicador,id,departamento,idx_corpus,score,titulo
conflicto_territorial,V2,Amazonas,1481,0.9831475246512463,Presidente Petro escuchará fallo sobre Nicaragua en San Andrés: irá con cúpula militar
conflicto_territorial,V2,Antioquia,245,0.982044543104041,¿Por qué el municipio de Argelia cambiará su nombre luego de 63 años?
conflicto_territorial,V2,Arauca,1843,0.990425120239418,"Afectación por artefactos explosivos en 2022, la más alta en seis años: CICR"
conflicto_territorial,V2,Atlántico,1923,0.8572910585987106,Villa Campestre: moradores se niegan a que se lea sus contadores de energía
conflicto_territorial,V2,Bolívar,3135,0.976451007980774,¡Atención! Bloqueos en carretera Troncal de Occidente
conflicto_territorial,V2,Boyacá,3542,0.9895077056665897,Avanza la Zona de Reserva Campesina del Paraíso Escondido de Boyacá – Togüí
conflicto_territorial,V2,Caldas,3841,0.8423580087981115,Memorias de corrupción para tiempos electorales
conflicto_territorial,V2,Caquetá,4054,0.9663948459905272,Del Yarí a Bogotá
conflicto_territorial,V2,Casanare,582,0.8920451016556001,Álvaro Uribe tras atentado a militares: 'La seguridad es determinante para la paz'
conflicto_territorial,V2,Cauca,4223,0.995646115168003,Criminales sí estarían pidiendo carnet para ingresar a Bolívar Cauca
conflicto_territorial,V2,Cesar,5579,0.9945506249077061,"Por amenazas, personero de El Copey, Cesar, abandonó el territorio"
conflicto_territorial,V2,Chocó,755,0.9775145060744411,“El Chocó está todo incendiado”: Obispo de Istmina
conflicto_territorial,V2,Cundinamarca,7056,0.9205766918673219,Los días de terror y guerra que en el Sumapaz no quieren revivir
conflicto_territorial,V2,Córdoba,6752,0.9290293082429764,36 mil familias fueron víctima de desplazamiento forzado en el 2022
conflicto_territorial,V2,Guainía,805,0.7019568298414836,¿Cómo funcionará el mecanismo de verificación en cese del fuego con el Eln?
conflicto_territorial,V2,Guaviare,7278,0.8947796734197353,"Pedro Arenas, integra delegación para iniciar diálogos con el EMC de las Farc – Marandua Stereo 100.7 FM Noticias del Guaviare"
conflicto_territorial,V2,Huila,846,0.993090033961828,Las Farc asesinan a niña de cuatro años
conflicto_territorial,V2,La Guajira,902,0.9471604590559706,El año pasado la “violencia política” le costó la vida a 108 indígenas
conflicto_territorial,V2,Magdalena,8313,0.9402290642239136,47 personas han sido asesinadas durante el 2023 en Zona Bananera
conflicto_territorial,V2,Meta,9042,0.9676546627003048,Más de 71 mil hectáreas restituidas a campesinos e indígenas del Meta y Guaviare
conflicto_territorial,V2,Nariño,10260,0.9913113581492563,'Solo lleva a confundir': general (r) Zapateiro criticó cese al fuego bilateral
conflicto_territorial,V2,Norte de Santander,919,0.922032317207302,Inadecuada implementación del Acuerdo de Paz disparó la deforestación
conflicto_territorial,V2,Putumayo,986,0.9788809296475351,Encuentran siete cuerpos en descomposición tras combates entre disidencias de las Farc
conflicto_territorial,V2,Quindío,10416,0.9621392019160921,Mafias se dividen el Quindío para vender ‘drogas’
conflicto_territorial,V2,Risaralda,10798,0.8931976927811983,"'Ajustes de cuentas' e intolerancia, causas del aumento de los homicidios en Pereira"
conflicto_territorial,V2,San Andrés y Providencia,10956,0.9918248647947367,Las posibilidades que tiene Colombia ante fallo de La Haya por conflicto con Nicaragua
conflicto_territorial,V2,Santander,11105,0.9773354232476972,El irracional miedo hacia la diversidad sexual en Santander – Corrillos
conflicto_territorial,V2,Sucre,11195,0.8341931038819727,"""Francia es así, no voy a dejar de ser lo que soy"": así respondió la vicepresidente a la pregunta si es brava o resentida"
conflicto_territorial,V2,Tolima,1240,0.9836519788439146,El horror del conflicto en Tolima que comienza a develar caso de la JEP
conflicto_territorial,V2,Valle del Cauca,11262,0.9933049221448857,Calima – El Darién está en peligro
conflicto_territorial,V2,Vaupés,11362,0.9828239399209283,Reportan casi 70 intentos de suicidio en departamento de Vaupés
conflicto_territorial,V2,Vichada,11434,0.6963385378691929,"Con pancarta, Farc anuncia su presencia en Vichada"
conflicto_territorial,JEFE,Amazonas,1380,0.9864776894026085,¿Un referendo para que departamentos tengan autonomía fiscal? Gobernador electo explica
conflicto_territorial,JEFE,Antioquia,93,0.9926680106155916,"Estos son todos los candidatos a la Gobernación de Antioquia, conozca su pasado y presente político"
conflicto_territorial,JEFE,Arauca,1806,0.9938132350927459,‘Arauca le habla a Colombia’. Gobernador dijo que ese proceso debe ir acompañado de inversión social
conflicto_territorial,JEFE,Atlántico,2820,0.9821243774107118,¿Quién es el abogado de Nicolás Petro en caso de sanción por cuentas de campaña?
conflicto_territorial,JEFE,Bolívar,3148,0.9806673038490498,Entre estos diez nombres está el heredero de la silla de Vicente Blel
conflicto_territorial,JEFE,Boyacá,3542,0.9941467110723808,Avanza la Zona de Reserva Campesina del Paraíso Escondido de Boyacá – Togüí
conflicto_territorial,JEFE,Caldas,3777,0.951931771554919,Caldas ya cuenta con un borrador de la política pública de paz territorial
conflicto_territorial,JEFE,Caquetá,4079,0.9917819456882346,'Las mesas de diálogo deben ayudar a que los alcaldes podamos volver': alcalde de Tibú
conflicto_territorial,JEFE,Casanare,519,0.9685407455666075,"‘La producción de petróleo genera impactos, por eso la comunidad debe estar informada’"
conflicto_territorial,JEFE,Cauca,4223,0.9969189207914699,Criminales sí estarían pidiendo carnet para ingresar a Bolívar Cauca
conflicto_territorial,JEFE,Cesar,5173,0.9963294939420149,Así es la realidad de líderes ambientales amenazados en Colombia: relatos de sobrevivientes
conflicto_territorial,JEFE,Chocó,755,0.9783448575482566,“El Chocó está todo incendiado”: Obispo de Istmina
conflicto_territorial,JEFE,Cundinamarca,7149,0.9867638346651996,Dos ejemplos de elegir bien
conflicto_territorial,JEFE,Córdoba,6752,0.9812095068862797,36 mil familias fueron víctima de desplazamiento forzado en el 2022
conflicto_territorial,JEFE,Guainía,805,0.9758334263043635,¿Cómo funcionará el mecanismo de verificación en cese del fuego con el Eln?
conflicto_territorial,JEFE,Guaviare,7243,0.996852911790024,Definen las 8 zonas para avanzar en los diálogos de la ‘paz total’; aún falta la fecha para el comienzo de las conversaciones
conflicto_territorial,JEFE,Huila,846,0.9963966200406977,Las Farc asesinan a niña de cuatro años
conflicto_territorial,JEFE,La Guajira,898,0.9489099352362256,Comunidades wayús en La Guajira sufren por la escasez de agua a pesar de decisiones judiciales
conflicto_territorial,JEFE,Magdalena,7794,0.9682522819958537,Renuncia de Caicedo agita la política del Magdalena
conflicto_territorial,JEFE,Meta,9042,0.9950428674401075,Más de 71 mil hectáreas restituidas a campesinos e indígenas del Meta y Guaviare
conflicto_territorial,JEFE,Nariño,10260,0.9943024151984048,'Solo lleva a confundir': general (r) Zapateiro criticó cese al fuego bilateral
conflicto_territorial,JEFE,Norte de Santander,930,0.9916559272337762,«Debe establecerse una férrea unidad entre la sociedad civil y la Fuerza Pública» – Corrillos
conflicto_territorial,JEFE,Putumayo,955,0.9956833990420398,"Cuiracuas, los indígenas siona que usan la cartografía para cuidar su territorio"
conflicto_territorial,JEFE,Quindío,10480,0.9876641292716288,"Del 16 al 17 de marzo, el Quindío será sede del encuentro de gobernadores"
conflicto_territorial,JEFE,Risaralda,10750,0.9868344056039979,Reportero de EL TIEMPO y otros periodistas quedaron en medio de un hostigamiento
conflicto_territorial,JEFE,San Andrés y Providencia,10956,0.9944534795159801,Las posibilidades que tiene Colombia ante fallo de La Haya por conflicto con Nicaragua
conflicto_territorial,JEFE,Santander,11105,0.9876785903752117,El irracional miedo hacia la diversidad sexual en Santander – Corrillos
conflicto_territorial,JEFE,Sucre,11206,0.9938534493510898,JEP concedió libertad condicional al exgobernador de Sucre Salvador Arana
conflicto_territorial,JEFE,Tolima,1240,0.9964635093050306,El horror del conflicto en Tolima que comienza a develar caso de la JEP
conflicto_territorial,JEFE,Valle del Cauca,11262,0.9939763922487465,Calima – El Darién está en peligro
conflicto_territorial,JEFE,Vaupés,11371,0.9939692692813621,¿Caos en los bonos de carbono forestales? II
conflicto_territorial,JEFE,Vichada,11400,0.9092887938772888,Habitantes de Casuarito advierten un paro en la inspección. Dicen que hay compromisos incumplidos
resistencia_territorial,V2,Amazonas,1469,0.5828922819490827,Una ambición renovada para la región amazónica
resistencia_territorial,V2,Antioquia,11,0.6941049043909695,“Pusimos a Corantioquia en el corazón de los antioqueños”
resistencia_territorial,V2,Arauca,1897,0.8107968879539422,1.145 familias requieren asistencia humanitaria inmediata en el departamento de Arauca: Defensoría del Pueblo
resistencia_territorial,V2,Atlántico,2569,0.814513629334618,"Comunidad bloquea vía La Cordialidad, en Atlántico, por servicio de agua potable"
resistencia_territorial,V2,Bolívar,3218,0.6864149170633369,Empresarios colombianos participaron de la Ruta Barcelona Sostenible
resistencia_territorial,V2,Boyacá,3477,0.9661631560918089,Historias de nueve comunidades que cuidan el agua en la Región Central
resistencia_territorial,V2,Caldas,3846,0.6458103405711699,Empresas de servicios públicos en Manizales hablarán sobre sostenibilidad
resistencia_territorial,V2,Caquetá,4088,0.68402277865588,Las empresas que han abandonado proyectos por bloqueos y temas de seguridad
resistencia_territorial,V2,Casanare,519,0.9549813680108701,"‘La producción de petróleo genera impactos, por eso la comunidad debe estar informada’"
resistencia_territorial,V2,Cauca,4647,0.7162545429096876,Corinteño fue hallado muerto en vía de Toribío
resistencia_territorial,V2,Cesar,4939,0.48347760808212403,Realizaron plantón en rechazo a la muerte violenta de una nutria
resistencia_territorial,V2,Chocó,677,0.8145358790572316,Habitantes del Pueblo de la Memoria Histórica sueñan con la titulación de sus tierras
resistencia_territorial,V2,Cundinamarca,6908,0.7625821596820465,"Minambiente frena obras en El Zuque, en Bogotá: nuevo rifirrafe Gobierno - Distrito"
resistencia_territorial,V2,Córdoba,6384,0.8150906810773731,"Darío Mendoza y Fabio Otero, dos candidatos a la Alcaldía de Tierralta que se suman al Nuevo Futuro"
resistencia_territorial,V2,Guainía,803,0.0,A los que sí y a los que no les afectaría el proyecto del impuesto predial
resistencia_territorial,V2,Guaviare,7363,0.8311404739955797,"Indígenas de Colombia, una conexión ancestral con la madre tierra"
resistencia_territorial,V2,Huila,831,0.8293386143432206,Bloqueos
resistencia_territorial,V2,La Guajira,903,0.17769085909169888,Comunidades wiwa en La Guajira tendrán reparación colectiva como víctimas del conflicto
resistencia_territorial,V2,Magdalena,7533,0.6090812562931659,Doble crimen en Aracataca estaría relacionado con un 'ajuste de cuentas'
resistencia_territorial,V2,Meta,9344,0.6327610588185069,Comunidad LGTBIQ+ marchará mañana en Villavicencio
resistencia_territorial,V2,Nariño,9876,0.6722370070694356,Alerta en Argelia y Nariño:circula panfleto de Clan del Oriente que amenaza a comunidad
resistencia_territorial,V2,Norte de Santander,940,0.7898174973325816,Doce organizaciones adhirieron al paro indefinido declarado por los parameros – Corrillos
resistencia_territorial,V2,Putumayo,1066,0.9167090049425204,Estallido social en Los Pozos: expresión de años de reclamos desatendidos
resistencia_territorial,V2,Quindío,10491,0.6612426482498942,"Este miércoles, ex miembros de la fuerza pública realizarían protestas en el Quindío"
resistencia_territorial,V2,Risaralda,10733,0.624989816025107,Consejo de Estado Colombiano confirmó medida cautelar consistente en la suspensión de la licencia para cazar especies de ranas y aves en Risaralda
resistencia_territorial,V2,San Andrés y Providencia,10972,0.4337050164404448,La foto de Álvaro Uribe y María Fernanda Cabal nadando en San Andrés
resistencia_territorial,V2,Santander,11182,0.7186847820926807,Aparece un tercer panfleto amenazando a líderes de Santander por bloquear vías
resistencia_territorial,V2,Sucre,11199,0.5562347416115443,Alcalde de la Unión Sucre le incumplió a los campesinos
resistencia_territorial,V2,Tolima,1196,0.5028090641553412,Cortolima pide respetar la vida de jaguar avistado en el Bosque de Galilea
resistencia_territorial,V2,Valle del Cauca,11262,0.9062928770358109,Calima – El Darién está en peligro
resistencia_territorial,V2,Vaupés,11376,0.52797498343031,La fractura cultural indígena
resistencia_territorial,V2,Vichada,11427,0.7702758456095886,Incendio en el centro de Puerto Carreño generó angustia en la ciudadanía
resistencia_territorial,JEFE,Amazonas,1481,0.9830646569492096,Presidente Petro escuchará fallo sobre Nicaragua en San Andrés: irá con cúpula militar
resistencia_territorial,JEFE,Antioquia,163,0.9945754856532959,¿Hasta cuándo contra ellas? A tres mujeres las asesinaron en un día en Antioquia
resistencia_territorial,JEFE,Arauca,1809,0.995720488980201,9 menores de edad habrían sido reclutados por el ELN en Arauca en el 2.023: Defensoría
resistencia_territorial,JEFE,Atlántico,2184,0.9917418034094767,Sujetos irrumpen en retiro espiritual y roban pertenencias de sacerdotes en Atlántico
resistencia_territorial,JEFE,Bolívar,3135,0.9915608453543254,¡Atención! Bloqueos en carretera Troncal de Occidente
resistencia_territorial,JEFE,Boyacá,3390,0.9965858202119339,Morris se le metió a la sede de Rodrigo Rojas y provocó escándalo
resistencia_territorial,JEFE,Caldas,3777,0.9831803784927114,Caldas ya cuenta con un borrador de la política pública de paz territorial
resistencia_territorial,JEFE,Caquetá,4072,0.9763456254928788,'Amenaza a todos los partidos': MOE sobre acciones de grupos armados
resistencia_territorial,JEFE,Casanare,641,0.9890115618557411,Problemas en el territorio / Análisis de Ricardo Ávila
resistencia_territorial,JEFE,Cauca,4223,0.9963013810029174,Criminales sí estarían pidiendo carnet para ingresar a Bolívar Cauca
resistencia_territorial,JEFE,Cesar,5579,0.9946826036688867,"Por amenazas, personero de El Copey, Cesar, abandonó el territorio"
resistencia_territorial,JEFE,Chocó,755,0.9767636072299118,“El Chocó está todo incendiado”: Obispo de Istmina
resistencia_territorial,JEFE,Cundinamarca,7149,0.9943751106463227,Dos ejemplos de elegir bien
resistencia_territorial,JEFE,Córdoba,6596,0.9494718167147128,"""Haber formado la Unicórdoba es un aporte transformador a la región y al país"": Jairo Torres Oviedo"
resistencia_territorial,JEFE,Guainía,803,0.9808331431062759,A los que sí y a los que no les afectaría el proyecto del impuesto predial
resistencia_territorial,JEFE,Guaviare,7269,0.9950719524838973,"Derechos Humanos y pueblos indígenas, temas tratados entre ONU y Defensoría – Marandua Stereo 100.7 FM Noticias del Guaviare"
resistencia_territorial,JEFE,Huila,846,0.9957699995091362,Las Farc asesinan a niña de cuatro años
resistencia_territorial,JEFE,La Guajira,898,0.9481052374172451,Comunidades wayús en La Guajira sufren por la escasez de agua a pesar de decisiones judiciales
resistencia_territorial,JEFE,Magdalena,7690,0.9773637000185073,Los proyectos 4G de Antioquia en vilo por negativa del Gobierno Petro para terminarlos
resistencia_territorial,JEFE,Meta,9029,0.982994235444364,Gobernadora electa del Meta se reunió con Petro y Bachelet
resistencia_territorial,JEFE,Nariño,10260,0.9922478806776422,'Solo lleva a confundir': general (r) Zapateiro criticó cese al fuego bilateral
resistencia_territorial,JEFE,Norte de Santander,927,0.9965254599280206,“Negar reclutamiento de menores en el ELN es negar una realidad evidente”: Defensor del Pueblo – Corrillos
resistencia_territorial,JEFE,Putumayo,955,0.9949761509021665,"Cuiracuas, los indígenas siona que usan la cartografía para cuidar su territorio"
resistencia_territorial,JEFE,Quindío,10480,0.9877624834304325,"Del 16 al 17 de marzo, el Quindío será sede del encuentro de gobernadores"
resistencia_territorial,JEFE,Risaralda,10750,0.9915381526026389,Reportero de EL TIEMPO y otros periodistas quedaron en medio de un hostigamiento
resistencia_territorial,JEFE,San Andrés y Providencia,10993,0.979030319694566,Marcha pacífica terminó en bloqueos y caos en aeropuerto de San Andrés
resistencia_territorial,JEFE,Santander,11138,0.9953000807706224,Lugares para resignificar y ponerle fin a la indiferencia – Corrillos
resistencia_territorial,JEFE,Sucre,11206,0.996394142698832,JEP concedió libertad condicional al exgobernador de Sucre Salvador Arana
resistencia_territorial,JEFE,Tolima,1240,0.9962887577015856,El horror del conflicto en Tolima que comienza a develar caso de la JEP
resistencia_territorial,JEFE,Valle del Cauca,11262,0.9936668154292144,Calima – El Darién está en peligro
resistencia_territorial,JEFE,Vaupés,11357,0.9878439822872855,CNE ha anulado inscripción de casi un millón de cédulas para votar: ¿está la suya?
resistencia_territorial,JEFE,Vichada,11420,0.9897081568506593,"Durante 2022, nueve niños menores de 5 años murieron por desnutrición en Vichada"
conflicto_territorial,C01,Amazonas,1481,0.9843660162610993,Presidente Petro escuchará fallo sobre Nicaragua en San Andrés: irá con cúpula militar
conflicto_territorial,C01,Antioquia,245,0.9795067048575457,¿Por qué el municipio de Argelia cambiará su nombre luego de 63 años?
conflicto_territorial,C01,Arauca,1843,0.9920840241068588,"Afectación por artefactos explosivos en 2022, la más alta en seis años: CICR"
conflicto_territorial,C01,Atlántico,2954,0.9492940927915814,En Cartagena se dispara el robo de tierras: Procuraduría hizo audiencia pública
conflicto_territorial,C01,Bolívar,3262,0.9775472012362375,“Lo hecho por Blel y por Dau hay que reformarlo”: Zaith Adechine
conflicto_territorial,C01,Boyacá,3542,0.9942019602720151,Avanza la Zona de Reserva Campesina del Paraíso Escondido de Boyacá – Togüí
conflicto_territorial,C01,Caldas,3841,0.7383849377348368,Memorias de corrupción para tiempos electorales
conflicto_territorial,C01,Caquetá,4054,0.9567897700689055,Del Yarí a Bogotá
conflicto_territorial,C01,Casanare,519,0.8724286910173604,"‘La producción de petróleo genera impactos, por eso la comunidad debe estar informada’"
conflicto_territorial,C01,Cauca,4223,0.9907016427644737,Criminales sí estarían pidiendo carnet para ingresar a Bolívar Cauca
conflicto_territorial,C01,Cesar,5579,0.9948877373962227,"Por amenazas, personero de El Copey, Cesar, abandonó el territorio"
conflicto_territorial,C01,Chocó,749,0.9612753877594393,Elecciones amenazadas: voces de alcaldes desplazados de sus municipios
conflicto_territorial,C01,Cundinamarca,6862,0.9657910557640982,Consejo de Estado deja por fuera a Tulio Gómez de candidatura en el Valle
conflicto_territorial,C01,Córdoba,6269,0.8950820634378316,Tribunal Anula Preacuerdo con Padre de Alejandro Lyons
conflicto_territorial,C01,Guainía,805,0.7962379734765647,¿Cómo funcionará el mecanismo de verificación en cese del fuego con el Eln?
conflicto_territorial,C01,Guaviare,7269,0.9555908431849851,"Derechos Humanos y pueblos indígenas, temas tratados entre ONU y Defensoría – Marandua Stereo 100.7 FM Noticias del Guaviare"
conflicto_territorial,C01,Huila,846,0.9956286706047993,Las Farc asesinan a niña de cuatro años
conflicto_territorial,C01,La Guajira,902,0.9456814970215764,El año pasado la “violencia política” le costó la vida a 108 indígenas
conflicto_territorial,C01,Magdalena,8313,0.9297460581097999,47 personas han sido asesinadas durante el 2023 en Zona Bananera
conflicto_territorial,C01,Meta,9042,0.9940651357141913,Más de 71 mil hectáreas restituidas a campesinos e indígenas del Meta y Guaviare
conflicto_territorial,C01,Nariño,10066,0.9496854931849492,Nariño llegó 36 líderes sociales asesinados desde el año pasado
conflicto_territorial,C01,Norte de Santander,913,0.9830652386919584,Invasiones y ataques sostenidos en el Cauca ¿quién responde? – Corrillos
conflicto_territorial,C01,Putumayo,955,0.9950571786870007,"Cuiracuas, los indígenas siona que usan la cartografía para cuidar su territorio"
conflicto_territorial,C01,Quindío,10416,0.9621126143903445,Mafias se dividen el Quindío para vender ‘drogas’
conflicto_territorial,C01,Risaralda,10798,0.8940195207727129,"'Ajustes de cuentas' e intolerancia, causas del aumento de los homicidios en Pereira"
conflicto_territorial,C01,San Andrés y Providencia,10956,0.996836217455993,Las posibilidades que tiene Colombia ante fallo de La Haya por conflicto con Nicaragua
conflicto_territorial,C01,Santander,11080,0.9709433677760059,Rodolfo Hernández: ¿por qué su candidatura está en vilo tras el fallo de la Corte?
conflicto_territorial,C01,Sucre,11187,0.8131175022143078,Asesinan a exjugador de equipo de fútbol de salón en Sincelejo
conflicto_territorial,C01,Tolima,1206,0.9206860873371436,'Me tienen amenzada': mujer denuncia que sus hermanos no la dejan ver a su papá
conflicto_territorial,C01,Valle del Cauca,11262,0.9926817456126293,Calima – El Darién está en peligro
conflicto_territorial,C01,Vaupés,11371,0.9686929043707405,¿Caos en los bonos de carbono forestales? II
conflicto_territorial,C01,Vichada,11434,0.722081156561589,"Con pancarta, Farc anuncia su presencia en Vichada"
conflicto_territorial,C02,Amazonas,1380,0.9857656898943504,¿Un referendo para que departamentos tengan autonomía fiscal? Gobernador electo explica
conflicto_territorial,C02,Antioquia,93,0.9852449291276466,"Estos son todos los candidatos a la Gobernación de Antioquia, conozca su pasado y presente político"
conflicto_territorial,C02,Arauca,1806,0.9956065624759818,‘Arauca le habla a Colombia’. Gobernador dijo que ese proceso debe ir acompañado de inversión social
conflicto_territorial,C02,Atlántico,2954,0.9359964131711822,En Cartagena se dispara el robo de tierras: Procuraduría hizo audiencia pública
conflicto_territorial,C02,Bolívar,3135,0.9916953936086012,¡Atención! Bloqueos en carretera Troncal de Occidente
conflicto_territorial,C02,Boyacá,3542,0.9941145539150856,Avanza la Zona de Reserva Campesina del Paraíso Escondido de Boyacá – Togüí
conflicto_territorial,C02,Caldas,3777,0.8770646677728141,Caldas ya cuenta con un borrador de la política pública de paz territorial
conflicto_territorial,C02,Caquetá,4054,0.9723851100969713,Del Yarí a Bogotá
conflicto_territorial,C02,Casanare,519,0.9384320910455539,"‘La producción de petróleo genera impactos, por eso la comunidad debe estar informada’"
conflicto_territorial,C02,Cauca,4223,0.9962824413449528,Criminales sí estarían pidiendo carnet para ingresar a Bolívar Cauca
conflicto_territorial,C02,Cesar,5285,0.9980628438434654,Comisión de Paz del Senado pide al Eln y al 'Estado Mayor' pactar un cese del fuego
conflicto_territorial,C02,Chocó,765,0.9797857215948738,Chocó: 79% de los confinamientos y el segundo con más desplazamientos
conflicto_territorial,C02,Cundinamarca,7149,0.9964784034462915,Dos ejemplos de elegir bien
conflicto_territorial,C02,Córdoba,6752,0.9819583219893097,36 mil familias fueron víctima de desplazamiento forzado en el 2022
conflicto_territorial,C02,Guainía,805,0.9491146516277422,¿Cómo funcionará el mecanismo de verificación en cese del fuego con el Eln?
conflicto_territorial,C02,Guaviare,7278,0.897685025224328,"Pedro Arenas, integra delegación para iniciar diálogos con el EMC de las Farc – Marandua Stereo 100.7 FM Noticias del Guaviare"
conflicto_territorial,C02,Huila,846,0.9966540149239966,Las Farc asesinan a niña de cuatro años
conflicto_territorial,C02,La Guajira,902,0.9470251161380208,El año pasado la “violencia política” le costó la vida a 108 indígenas
conflicto_territorial,C02,Magdalena,7794,0.978938284562983,Renuncia de Caicedo agita la política del Magdalena
conflicto_territorial,C02,Meta,9024,0.9716967275741705,Más de 71.000 hectáreas restituidas por URT Meta
conflicto_territorial,C02,Nariño,10260,0.9934505666904406,'Solo lleva a confundir': general (r) Zapateiro criticó cese al fuego bilateral
conflicto_territorial,C02,Norte de Santander,927,0.9617640724473335,“Negar reclutamiento de menores en el ELN es negar una realidad evidente”: Defensor del Pueblo – Corrillos
conflicto_territorial,C02,Putumayo,955,0.98911642261579,"Cuiracuas, los indígenas siona que usan la cartografía para cuidar su territorio"
conflicto_territorial,C02,Quindío,10416,0.9640879074187294,Mafias se dividen el Quindío para vender ‘drogas’
conflicto_territorial,C02,Risaralda,10750,0.9765144341765687,Reportero de EL TIEMPO y otros periodistas quedaron en medio de un hostigamiento
conflicto_territorial,C02,San Andrés y Providencia,10956,0.9968400465787759,Las posibilidades que tiene Colombia ante fallo de La Haya por conflicto con Nicaragua
conflicto_territorial,C02,Santander,11080,0.9738791904108567,Rodolfo Hernández: ¿por qué su candidatura está en vilo tras el fallo de la Corte?
conflicto_territorial,C02,Sucre,11213,0.9215714108620606,En una lujosa casa de Tolú la policía capturó a cabecilla del Clan del Golfo
conflicto_territorial,C02,Tolima,1240,0.9952174691536522,El horror del conflicto en Tolima que comienza a develar caso de la JEP
conflicto_territorial,C02,Valle del Cauca,11294,0.9946306850179057,Elecciones bajo amenaza
conflicto_territorial,C02,Vaupés,11362,0.9888210872059466,Reportan casi 70 intentos de suicidio en departamento de Vaupés
conflicto_territorial,C02,Vichada,11398,0.7924361168824016,Asesinato de Ayendi Piña Hinojosa en Puerto Carreño. Esto sabemos
conflicto_territorial,C03,Amazonas,1481,0.980526222344001,Presidente Petro escuchará fallo sobre Nicaragua en San Andrés: irá con cúpula militar
conflicto_territorial,C03,Antioquia,245,0.9803602576945845,¿Por qué el municipio de Argelia cambiará su nombre luego de 63 años?
conflicto_territorial,C03,Arauca,1806,0.9884554310388199,‘Arauca le habla a Colombia’. Gobernador dijo que ese proceso debe ir acompañado de inversión social
conflicto_territorial,C03,Atlántico,2569,0.9795097152151698,"Comunidad bloquea vía La Cordialidad, en Atlántico, por servicio de agua potable"
conflicto_territorial,C03,Bolívar,3262,0.9770175008297943,“Lo hecho por Blel y por Dau hay que reformarlo”: Zaith Adechine
conflicto_territorial,C03,Boyacá,3542,0.9936775187579016,Avanza la Zona de Reserva Campesina del Paraíso Escondido de Boyacá – Togüí
conflicto_territorial,C03,Caldas,3841,0.8521516555377006,Memorias de corrupción para tiempos electorales
conflicto_territorial,C03,Caquetá,4054,0.9654713918817768,Del Yarí a Bogotá
conflicto_territorial,C03,Casanare,519,0.9709767578694156,"‘La producción de petróleo genera impactos, por eso la comunidad debe estar informada’"
conflicto_territorial,C03,Cauca,4223,0.992350310351241,Criminales sí estarían pidiendo carnet para ingresar a Bolívar Cauca
conflicto_territorial,C03,Cesar,5579,0.9947726797789735,"Por amenazas, personero de El Copey, Cesar, abandonó el territorio"
conflicto_territorial,C03,Chocó,755,0.9660381371208232,“El Chocó está todo incendiado”: Obispo de Istmina
conflicto_territorial,C03,Cundinamarca,7111,0.9868720644024394,"Sin electricidad quedaron habitantes de 9 municipios de Cundinamarca, ¿qué responde Enel?"
conflicto_territorial,C03,Córdoba,6639,0.9434685755973411,Avanza el proceso de inscripción de las elecciones en las mesas de participación de víctimas en los 30 municipios de Córdoba
conflicto_territorial,C03,Guainía,805,0.9748624747029536,¿Cómo funcionará el mecanismo de verificación en cese del fuego con el Eln?
conflicto_territorial,C03,Guaviare,7243,0.9954490202193582,Definen las 8 zonas para avanzar en los diálogos de la ‘paz total’; aún falta la fecha para el comienzo de las conversaciones
conflicto_territorial,C03,Huila,846,0.9966249824443316,Las Farc asesinan a niña de cuatro años
conflicto_territorial,C03,La Guajira,898,0.9481681397348178,Comunidades wayús en La Guajira sufren por la escasez de agua a pesar de decisiones judiciales
conflicto_territorial,C03,Magdalena,7896,0.9444819194909191,"Ecofest Karaya, la iniciativa que arrancó para preservar medio ambiente en Santa Marta"
conflicto_territorial,C03,Meta,9042,0.9902531125802004,Más de 71 mil hectáreas restituidas a campesinos e indígenas del Meta y Guaviare
conflicto_territorial,C03,Nariño,10260,0.9925617147975937,'Solo lleva a confundir': general (r) Zapateiro criticó cese al fuego bilateral
conflicto_territorial,C03,Norte de Santander,913,0.9768002332527858,Invasiones y ataques sostenidos en el Cauca ¿quién responde? – Corrillos
conflicto_territorial,C03,Putumayo,1091,0.9864150675922563,Drama de familia caleña varada en Terminal de Pasto por derrumbe
conflicto_territorial,C03,Quindío,10375,0.9713638939541985,"Lo peor del Quindío es la corrupción: Jorge Iván Toro, candidato a la Asamblea"
conflicto_territorial,C03,Risaralda,10750,0.9521699680814306,Reportero de EL TIEMPO y otros periodistas quedaron en medio de un hostigamiento
conflicto_territorial,C03,San Andrés y Providencia,10949,0.9943124600563216,¿Y qué hacer ahora con la victoria?
conflicto_territorial,C03,Santander,11138,0.992285943503055,Lugares para resignificar y ponerle fin a la indiferencia – Corrillos
conflicto_territorial,C03,Sucre,11216,0.9535016047534786,Linero cuestionó pronunciamiento del papa sobre el presbiterado femenino
conflicto_territorial,C03,Tolima,1240,0.9873078308526678,El horror del conflicto en Tolima que comienza a develar caso de la JEP
conflicto_territorial,C03,Valle del Cauca,11262,0.9914320948818308,Calima – El Darién está en peligro
conflicto_territorial,C03,Vaupés,11371,0.9954344323390528,¿Caos en los bonos de carbono forestales? II
conflicto_territorial,C03,Vichada,11400,0.9254529100623543,Habitantes de Casuarito advierten un paro en la inspección. Dicen que hay compromisos incumplidos
conflicto_territorial,C04,Amazonas,1481,0.9842983322374165,Presidente Petro escuchará fallo sobre Nicaragua en San Andrés: irá con cúpula militar
conflicto_territorial,C04,Antioquia,245,0.9803483638896837,¿Por qué el municipio de Argelia cambiará su nombre luego de 63 años?
conflicto_territorial,C04,Arauca,1843,0.9912135938431341,"Afectación por artefactos explosivos en 2022, la más alta en seis años: CICR"
conflicto_territorial,C04,Atlántico,2569,0.9464744419743987,"Comunidad bloquea vía La Cordialidad, en Atlántico, por servicio de agua potable"
conflicto_territorial,C04,Bolívar,3262,0.9768125173840528,“Lo hecho por Blel y por Dau hay que reformarlo”: Zaith Adechine
conflicto_territorial,C04,Boyacá,3542,0.9922925300910682,Avanza la Zona de Reserva Campesina del Paraíso Escondido de Boyacá – Togüí
conflicto_territorial,C04,Caldas,3945,0.4776048448596522,En abril estaría listo el nuevo puesto de salud de San Diego (Samaná)
conflicto_territorial,C04,Caquetá,4054,0.9643500440936925,Del Yarí a Bogotá
conflicto_territorial,C04,Casanare,519,0.9349697798799314,"‘La producción de petróleo genera impactos, por eso la comunidad debe estar informada’"
conflicto_territorial,C04,Cauca,4223,0.9862959800333935,Criminales sí estarían pidiendo carnet para ingresar a Bolívar Cauca
conflicto_territorial,C04,Cesar,5579,0.9948560780597768,"Por amenazas, personero de El Copey, Cesar, abandonó el territorio"
conflicto_territorial,C04,Chocó,749,0.9252680193234732,Elecciones amenazadas: voces de alcaldes desplazados de sus municipios
conflicto_territorial,C04,Cundinamarca,7056,0.9501303892451481,Los días de terror y guerra que en el Sumapaz no quieren revivir
conflicto_territorial,C04,Córdoba,6384,0.8192005015410879,"Darío Mendoza y Fabio Otero, dos candidatos a la Alcaldía de Tierralta que se suman al Nuevo Futuro"
conflicto_territorial,C04,Guainía,807,0.3917207659734304,Los diez artículos TIC que tiene el Plan Nacional de Desarrollo
conflicto_territorial,C04,Guaviare,7457,0.8296420065915855,Nuevo grupo armado en Guaviare serían desertores de las disidencias del frente primero – Marandua Stereo 100.7 FM Noticias del Guaviare
conflicto_territorial,C04,Huila,846,0.9962323252979752,Las Farc asesinan a niña de cuatro años
conflicto_territorial,C04,La Guajira,902,0.9169177761245388,El año pasado la “violencia política” le costó la vida a 108 indígenas
conflicto_territorial,C04,Magdalena,8313,0.9342535188927856,47 personas han sido asesinadas durante el 2023 en Zona Bananera
conflicto_territorial,C04,Meta,9042,0.9635012294894664,Más de 71 mil hectáreas restituidas a campesinos e indígenas del Meta y Guaviare
conflicto_territorial,C04,Nariño,10066,0.9498260372145224,Nariño llegó 36 líderes sociales asesinados desde el año pasado
conflicto_territorial,C04,Norte de Santander,940,0.7983664579565265,Doce organizaciones adhirieron al paro indefinido declarado por los parameros – Corrillos
conflicto_territorial,C04,Putumayo,955,0.9823264309866745,"Cuiracuas, los indígenas siona que usan la cartografía para cuidar su territorio"
conflicto_territorial,C04,Quindío,10416,0.9579047049631512,Mafias se dividen el Quindío para vender ‘drogas’
conflicto_territorial,C04,Risaralda,10750,0.9871919109057571,Reportero de EL TIEMPO y otros periodistas quedaron en medio de un hostigamiento
conflicto_territorial,C04,San Andrés y Providencia,10956,0.9958717329848963,Las posibilidades que tiene Colombia ante fallo de La Haya por conflicto con Nicaragua
conflicto_territorial,C04,Santander,11126,0.8859809450497963,Santander: naturalización de la violencia contra la mujer y la niñez – Corrillos
conflicto_territorial,C04,Sucre,11195,0.689850274019475,"""Francia es así, no voy a dejar de ser lo que soy"": así respondió la vicepresidente a la pregunta si es brava o resentida"
conflicto_territorial,C04,Tolima,1206,0.9203359030359537,'Me tienen amenzada': mujer denuncia que sus hermanos no la dejan ver a su papá
conflicto_territorial,C04,Valle del Cauca,11343,0.8421645125441443,Inició la “caravana humanitaria” pactada entre Gobierno y ELN:
conflicto_territorial,C04,Vaupés,11362,0.9788341958296801,Reportan casi 70 intentos de suicidio en departamento de Vaupés
conflicto_territorial,C04,Vichada,11427,0.689050907912412,Incendio en el centro de Puerto Carreño generó angustia en la ciudadanía
conflicto_territorial,C05,Amazonas,1481,0.9806380864598253,Presidente Petro escuchará fallo sobre Nicaragua en San Andrés: irá con cúpula militar
conflicto_territorial,C05,Antioquia,344,0.8011338304644823,"Como en ‘Los reyes del mundo’, Gobierno encontró dos fincas para víctimas del Bajo Cauca invadidas por mineros ilegales"
conflicto_territorial,C05,Arauca,1778,0.7753075014511659,Movilización en Arauca por Emergencia Invernal
conflicto_territorial,C05,Atlántico,1923,0.8568261304746895,Villa Campestre: moradores se niegan a que se lea sus contadores de energía
conflicto_territorial,C05,Bolívar,3224,0.783704526322555,"Concejal de Cartagena y líderes, amenazados por el Clan del Golfo"
conflicto_territorial,C05,Boyacá,3542,0.9557751331409292,Avanza la Zona de Reserva Campesina del Paraíso Escondido de Boyacá – Togüí
conflicto_territorial,C05,Caldas,3708,0.6541882721144956,La Agencia Nacional de Tierras alerta por riesgo de estafas en La Dorada
conflicto_territorial,C05,Caquetá,4056,0.8689357307121633,En la paz total ‘hay que hacer un alto en el camino’: José Félix Lafaurie
conflicto_territorial,C05,Casanare,634,0.7160799777263869,Casanare será pionero en implementar estrategia de Atención Primaria en Salud
conflicto_territorial,C05,Cauca,4223,0.9849253831165438,Criminales sí estarían pidiendo carnet para ingresar a Bolívar Cauca
conflicto_territorial,C05,Cesar,5687,0.9642757151446382,"Tierra, participación y paz"
conflicto_territorial,C05,Chocó,749,0.9511275780989807,Elecciones amenazadas: voces de alcaldes desplazados de sus municipios
conflicto_territorial,C05,Cundinamarca,6908,0.8603592609593536,"Minambiente frena obras en El Zuque, en Bogotá: nuevo rifirrafe Gobierno - Distrito"
conflicto_territorial,C05,Córdoba,6269,0.8890016109325265,Tribunal Anula Preacuerdo con Padre de Alejandro Lyons
conflicto_territorial,C05,Guainía,808,0.13179891449259032,‘La previsión es un factor clave ante la escasez de sangre en Colombia’
conflicto_territorial,C05,Guaviare,7278,0.8587935081094551,"Pedro Arenas, integra delegación para iniciar diálogos con el EMC de las Farc – Marandua Stereo 100.7 FM Noticias del Guaviare"
conflicto_territorial,C05,Huila,820,0.8757496824832232,Denuncian que grupos armados en Cauca usan escuelas como escudos
conflicto_territorial,C05,La Guajira,904,0.5404087207651744,"Oneida Pinto, investigada por corrupción, apareció haciendo política en La Guajira"
conflicto_territorial,C05,Magdalena,8863,0.8706871055837749,"Tribunal admite realizar audiencia judicial en el metaverso, ¿cómo será?"
conflicto_territorial,C05,Meta,9248,0.8886374867830404,Indígenas recuperan territorio ancestral
conflicto_territorial,C05,Nariño,10066,0.9446433320534539,Nariño llegó 36 líderes sociales asesinados desde el año pasado
conflicto_territorial,C05,Norte de Santander,940,0.7920364775197671,Doce organizaciones adhirieron al paro indefinido declarado por los parameros – Corrillos
conflicto_territorial,C05,Putumayo,986,0.9732288391602361,Encuentran siete cuerpos en descomposición tras combates entre disidencias de las Farc
conflicto_territorial,C05,Quindío,10416,0.9369871952965033,Mafias se dividen el Quindío para vender ‘drogas’
conflicto_territorial,C05,Risaralda,10887,0.8072193713866321,Alcalde pediría militarizar a Dosquebradas por hechos de violencia
conflicto_territorial,C05,San Andrés y Providencia,10949,0.9628615201785339,¿Y qué hacer ahora con la victoria?
conflicto_territorial,C05,Santander,11021,0.8353500102122613,La historia del bloque ‘para’ que ‘arrasó’ con Norte de Santander
conflicto_territorial,C05,Sucre,11195,0.8520514612301527,"""Francia es así, no voy a dejar de ser lo que soy"": así respondió la vicepresidente a la pregunta si es brava o resentida"
conflicto_territorial,C05,Tolima,1206,0.9126695505953338,'Me tienen amenzada': mujer denuncia que sus hermanos no la dejan ver a su papá
conflicto_territorial,C05,Valle del Cauca,11343,0.8551304733480766,Inició la “caravana humanitaria” pactada entre Gobierno y ELN:
conflicto_territorial,C05,Vaupés,11371,0.9168123014894846,¿Caos en los bonos de carbono forestales? II
conflicto_territorial,C05,Vichada,11418,0.6436659219040917,Cárcel para joven que portaba 250 cartuchos de fusil
conflicto_territorial,C06,Amazonas,1481,0.9826628099429353,Presidente Petro escuchará fallo sobre Nicaragua en San Andrés: irá con cúpula militar
conflicto_territorial,C06,Antioquia,153,0.8264731308099614,Elecciones 2023 | Gamonales e inexpertos luchan por el control de las alcaldías en el Bajo Cauca
conflicto_territorial,C06,Arauca,1843,0.9680027608795349,"Afectación por artefactos explosivos en 2022, la más alta en seis años: CICR"
conflicto_territorial,C06,Atlántico,2954,0.9378177692244806,En Cartagena se dispara el robo de tierras: Procuraduría hizo audiencia pública
conflicto_territorial,C06,Bolívar,3262,0.9755157554663929,“Lo hecho por Blel y por Dau hay que reformarlo”: Zaith Adechine
conflicto_territorial,C06,Boyacá,3542,0.9899562489358765,Avanza la Zona de Reserva Campesina del Paraíso Escondido de Boyacá – Togüí
conflicto_territorial,C06,Caldas,3708,0.569904632155216,La Agencia Nacional de Tierras alerta por riesgo de estafas en La Dorada
conflicto_territorial,C06,Caquetá,4056,0.8710916494304188,En la paz total ‘hay que hacer un alto en el camino’: José Félix Lafaurie
conflicto_territorial,C06,Casanare,612,0.7581659579171411,"Exclusivo: así fue la captura de Pretelt, en plena celebración de cumpleaños"
conflicto_territorial,C06,Cauca,4223,0.9818124095517081,Criminales sí estarían pidiendo carnet para ingresar a Bolívar Cauca
conflicto_territorial,C06,Cesar,5579,0.9879707069278032,"Por amenazas, personero de El Copey, Cesar, abandonó el territorio"
conflicto_territorial,C06,Chocó,749,0.9572981803367646,Elecciones amenazadas: voces de alcaldes desplazados de sus municipios
conflicto_territorial,C06,Cundinamarca,7056,0.9477774223007892,Los días de terror y guerra que en el Sumapaz no quieren revivir
conflicto_territorial,C06,Córdoba,6269,0.8652043814341532,Tribunal Anula Preacuerdo con Padre de Alejandro Lyons
conflicto_territorial,C06,Guainía,805,0.39213033437780254,¿Cómo funcionará el mecanismo de verificación en cese del fuego con el Eln?
conflicto_territorial,C06,Guaviare,7278,0.8522638488028959,"Pedro Arenas, integra delegación para iniciar diálogos con el EMC de las Farc – Marandua Stereo 100.7 FM Noticias del Guaviare"
conflicto_territorial,C06,Huila,846,0.9911657825571982,Las Farc asesinan a niña de cuatro años
conflicto_territorial,C06,La Guajira,897,0.7011025050821178,Secuestro de los padres de Luis Díaz: entre la arrogancia del Eln y la debilidad del gobierno nacional
conflicto_territorial,C06,Magdalena,8313,0.9309817373870113,47 personas han sido asesinadas durante el 2023 en Zona Bananera
conflicto_territorial,C06,Meta,9024,0.9463401729190257,Más de 71.000 hectáreas restituidas por URT Meta
conflicto_territorial,C06,Nariño,10260,0.9773416803734102,'Solo lleva a confundir': general (r) Zapateiro criticó cese al fuego bilateral
conflicto_territorial,C06,Norte de Santander,913,0.9750560911305208,Invasiones y ataques sostenidos en el Cauca ¿quién responde? – Corrillos
conflicto_territorial,C06,Putumayo,986,0.9806488237720248,Encuentran siete cuerpos en descomposición tras combates entre disidencias de las Farc
conflicto_territorial,C06,Quindío,10416,0.9140339792553133,Mafias se dividen el Quindío para vender ‘drogas’
conflicto_territorial,C06,Risaralda,10798,0.8886405073483156,"'Ajustes de cuentas' e intolerancia, causas del aumento de los homicidios en Pereira"
conflicto_territorial,C06,San Andrés y Providencia,10956,0.9956007168780815,Las posibilidades que tiene Colombia ante fallo de La Haya por conflicto con Nicaragua
conflicto_territorial,C06,Santander,11080,0.9615885210356048,Rodolfo Hernández: ¿por qué su candidatura está en vilo tras el fallo de la Corte?
conflicto_territorial,C06,Sucre,11195,0.7274600328514313,"""Francia es así, no voy a dejar de ser lo que soy"": así respondió la vicepresidente a la pregunta si es brava o resentida"
conflicto_territorial,C06,Tolima,1206,0.9201079272180251,'Me tienen amenzada': mujer denuncia que sus hermanos no la dejan ver a su papá
conflicto_territorial,C06,Valle del Cauca,11331,0.6531923374997857,Intervienen humedales en el Valle del Cauca
conflicto_territorial,C06,Vaupés,11371,0.9779838583169335,¿Caos en los bonos de carbono forestales? II
conflicto_territorial,C06,Vichada,11407,0.594625886997199,Paro en Puerto Gaitán (Meta) afecta movilidad hacia el departamento de Vichada
conflicto_territorial,C07,Amazonas,1481,0.9839025419025788,Presidente Petro escuchará fallo sobre Nicaragua en San Andrés: irá con cúpula militar
conflicto_territorial,C07,Antioquia,245,0.9762081835656682,¿Por qué el municipio de Argelia cambiará su nombre luego de 63 años?
conflicto_territorial,C07,Arauca,1691,0.9466539562889462,“La paz total también es posible si los grupos armados ilegales renuncian a combatir entre ellos mismos”
conflicto_territorial,C07,Atlántico,2309,0.9269320559492192,Los esfuerzos de Irlanda por preservar y extender su biodiversidad
conflicto_territorial,C07,Bolívar,3262,0.9573023737223388,“Lo hecho por Blel y por Dau hay que reformarlo”: Zaith Adechine
conflicto_territorial,C07,Boyacá,3542,0.9888069067176561,Avanza la Zona de Reserva Campesina del Paraíso Escondido de Boyacá – Togüí
conflicto_territorial,C07,Caldas,3667,0.197875983583356,"JEP ordena el arresto del Gobernador de Caldas, Luis Carlos Velásquez"
conflicto_territorial,C07,Caquetá,4056,0.856707205993632,En la paz total ‘hay que hacer un alto en el camino’: José Félix Lafaurie
conflicto_territorial,C07,Casanare,519,0.9372956065375768,"‘La producción de petróleo genera impactos, por eso la comunidad debe estar informada’"
conflicto_territorial,C07,Cauca,4401,0.8460515004555881,Por qué indígenas están molestos con Petro: Así intentaron entrar a Casa de Nariño y Semana
conflicto_territorial,C07,Cesar,5687,0.9614885413853091,"Tierra, participación y paz"
conflicto_territorial,C07,Chocó,749,0.945945415804065,Elecciones amenazadas: voces de alcaldes desplazados de sus municipios
conflicto_territorial,C07,Cundinamarca,7056,0.9452002491728715,Los días de terror y guerra que en el Sumapaz no quieren revivir
conflicto_territorial,C07,Córdoba,6269,0.8869446070795863,Tribunal Anula Preacuerdo con Padre de Alejandro Lyons
conflicto_territorial,C07,Guainía,805,0.6520548479614743,¿Cómo funcionará el mecanismo de verificación en cese del fuego con el Eln?
conflicto_territorial,C07,Guaviare,7278,0.8806908634098232,"Pedro Arenas, integra delegación para iniciar diálogos con el EMC de las Farc – Marandua Stereo 100.7 FM Noticias del Guaviare"
conflicto_territorial,C07,Huila,846,0.9440670198740764,Las Farc asesinan a niña de cuatro años
conflicto_territorial,C07,La Guajira,898,0.8342995973485792,Comunidades wayús en La Guajira sufren por la escasez de agua a pesar de decisiones judiciales
conflicto_territorial,C07,Magdalena,8863,0.8686902545730953,"Tribunal admite realizar audiencia judicial en el metaverso, ¿cómo será?"
conflicto_territorial,C07,Meta,9248,0.8973446234841272,Indígenas recuperan territorio ancestral
conflicto_territorial,C07,Nariño,10260,0.9716017628163596,'Solo lleva a confundir': general (r) Zapateiro criticó cese al fuego bilateral
conflicto_territorial,C07,Norte de Santander,918,0.800675387842741,Secuestraron a ganadero en Norte de Santander – Corrillos
conflicto_territorial,C07,Putumayo,986,0.9720140880270906,Encuentran siete cuerpos en descomposición tras combates entre disidencias de las Farc
conflicto_territorial,C07,Quindío,10491,0.6830544562948373,"Este miércoles, ex miembros de la fuerza pública realizarían protestas en el Quindío"
conflicto_territorial,C07,Risaralda,10798,0.8896810772641519,"'Ajustes de cuentas' e intolerancia, causas del aumento de los homicidios en Pereira"
conflicto_territorial,C07,San Andrés y Providencia,10956,0.9923808055985878,Las posibilidades que tiene Colombia ante fallo de La Haya por conflicto con Nicaragua
conflicto_territorial,C07,Santander,11182,0.7186935182973823,Aparece un tercer panfleto amenazando a líderes de Santander por bloquear vías
conflicto_territorial,C07,Sucre,11224,0.7157419523762056,Los chats de Nicolás Petro que salpican al Gobernador de Sucre
conflicto_territorial,C07,Tolima,1228,0.8893195604136951,Imputan a exfuncionario del Senado salpicado en el escándalo de Mario Castaño
conflicto_territorial,C07,Valle del Cauca,11343,0.8853285649018557,Inició la “caravana humanitaria” pactada entre Gobierno y ELN:
conflicto_territorial,C07,Vaupés,11371,0.9816396172366645,¿Caos en los bonos de carbono forestales? II
conflicto_territorial,C07,Vichada,11407,0.5857378694128598,Paro en Puerto Gaitán (Meta) afecta movilidad hacia el departamento de Vichada
conflicto_territorial,C08,Amazonas,1481,0.8444068456897623,Presidente Petro escuchará fallo sobre Nicaragua en San Andrés: irá con cúpula militar
conflicto_territorial,C08,Antioquia,301,0.5842786904334117,"Conmoción en Turbo por el asesinato de una adolescente indígena, al parecer, en manos de varios hombres"
conflicto_territorial,C08,Arauca,1629,0.8313494561707299,Personerías de Arauca y Cubará rechaza el asesinato de la Sra. Tulia Carrillo en Tame
conflicto_territorial,C08,Atlántico,1951,0.6107567946575986,Dejan en libertad a cantante vallenato señalado de apuñalar a mánager en Barranquilla
conflicto_territorial,C08,Bolívar,3230,0.7051551166786344,Capturan a presuntos miembros del ELN en medio de guerra con AGC
conflicto_territorial,C08,Boyacá,3542,0.902753804424794,Avanza la Zona de Reserva Campesina del Paraíso Escondido de Boyacá – Togüí
conflicto_territorial,C08,Caldas,3708,0.6083293695629973,La Agencia Nacional de Tierras alerta por riesgo de estafas en La Dorada
conflicto_territorial,C08,Caquetá,4056,0.7382416931798053,En la paz total ‘hay que hacer un alto en el camino’: José Félix Lafaurie
conflicto_territorial,C08,Casanare,510,0.654618350689348,"Masacre en Casanare: asesinaron a tres migrantes venezolanos, entre ellos una mujer"
conflicto_territorial,C08,Cauca,4376,0.9691051108600474,"Comunidad de El Plateado, sur del Cauca, afectada por fuertes controles del Ejército"
conflicto_territorial,C08,Cesar,5579,0.9706283112687063,"Por amenazas, personero de El Copey, Cesar, abandonó el territorio"
conflicto_territorial,C08,Chocó,656,0.8777941100808875,Desplazados de Juradó y Carmen de Atrato en Medellín
conflicto_territorial,C08,Cundinamarca,7056,0.9440807766665683,Los días de terror y guerra que en el Sumapaz no quieren revivir
conflicto_territorial,C08,Córdoba,6658,0.7839468147488644,"Córdoba se favorecerá de programa para conciliar conflictos sobre uso, tenencia y propiedad de tierras"
conflicto_territorial,C08,Guainía,805,0.15802815836598427,¿Cómo funcionará el mecanismo de verificación en cese del fuego con el Eln?
conflicto_territorial,C08,Guaviare,7457,0.8278699766631008,Nuevo grupo armado en Guaviare serían desertores de las disidencias del frente primero – Marandua Stereo 100.7 FM Noticias del Guaviare
conflicto_territorial,C08,Huila,820,0.7714102348836107,Denuncian que grupos armados en Cauca usan escuelas como escudos
conflicto_territorial,C08,La Guajira,903,0.14248234779524283,Comunidades wiwa en La Guajira tendrán reparación colectiva como víctimas del conflicto
conflicto_territorial,C08,Magdalena,8313,0.6981910567299211,47 personas han sido asesinadas durante el 2023 en Zona Bananera
conflicto_territorial,C08,Meta,9042,0.9888314768938603,Más de 71 mil hectáreas restituidas a campesinos e indígenas del Meta y Guaviare
conflicto_territorial,C08,Nariño,9751,0.7275282980944238,Fiscalía decomisó 15 bienes que serían de red dedicada a la extracción ilegal de oro
conflicto_territorial,C08,Norte de Santander,940,0.7951542075617875,Doce organizaciones adhirieron al paro indefinido declarado por los parameros – Corrillos
conflicto_territorial,C08,Putumayo,955,0.9923007826709386,"Cuiracuas, los indígenas siona que usan la cartografía para cuidar su territorio"
conflicto_territorial,C08,Quindío,10416,0.9299688584928267,Mafias se dividen el Quindío para vender ‘drogas’
conflicto_territorial,C08,Risaralda,10887,0.7788799085012982,Alcalde pediría militarizar a Dosquebradas por hechos de violencia
conflicto_territorial,C08,San Andrés y Providencia,10955,0.9548922779866132,"¿Colombia, en riesgo de volver a perder mar con Nicaragua? Abecé fallo de este jueves"
conflicto_territorial,C08,Santander,11128,0.8399983615744725,"En Suratá y Matanza, Santander, la URT iniciará procesos de restitución de tierras – Corrillos"
conflicto_territorial,C08,Sucre,11214,0.6349199450609578,Capturan a dos mujeres por vender rifas ilegales en Montería
conflicto_territorial,C08,Tolima,1206,0.9081647440414992,'Me tienen amenzada': mujer denuncia que sus hermanos no la dejan ver a su papá
conflicto_territorial,C08,Valle del Cauca,11262,0.9689697630390208,Calima – El Darién está en peligro
conflicto_territorial,C08,Vaupés,11371,0.8513217061292437,¿Caos en los bonos de carbono forestales? II
conflicto_territorial,C08,Vichada,11406,0.5736230175160811,Un hombre capturado en Puerto Carreño por el delito de actos sexuales con menor de 14 años
conflicto_territorial,C09,Amazonas,1527,0.5098840606209525,"Comunidades de zona de cordillera de Caquetá, en riesgo de desplazamiento por llegada de 'Iván Mordisco'"
conflicto_territorial,C09,Antioquia,320,0.2492263973415353,“La garganta mía es estrecha para tragar sapos”: Luis Fernando Suárez responde por qué no acepta invitación del Pacto de Indiana
conflicto_territorial,C09,Arauca,1831,0.5524992012604203,"Allanan hogar de líder comunal en Saravena, Arauca"
conflicto_territorial,C09,Atlántico,2014,0.21773658036881371,Corte escuchó a las candidatas a la Fiscalía General: ¿qué viene ahora?
conflicto_territorial,C09,Bolívar,3242,0.2671019217678273,Gustavo Bolívar sobre la paz total de Petro: “Esto es un mierdero”
conflicto_territorial,C09,Boyacá,3542,0.6629935196336464,Avanza la Zona de Reserva Campesina del Paraíso Escondido de Boyacá – Togüí
conflicto_territorial,C09,Caldas,3667,0.1434815935771985,"JEP ordena el arresto del Gobernador de Caldas, Luis Carlos Velásquez"
conflicto_territorial,C09,Caquetá,4195,0.3878549976101793,Estos son los golpes militares que han afectado a las estructuras del Eln
conflicto_territorial,C09,Casanare,510,0.5165849686378643,"Masacre en Casanare: asesinaron a tres migrantes venezolanos, entre ellos una mujer"
conflicto_territorial,C09,Cauca,4636,0.29419164699417333,Un muerto en guerra de pandillas en Puerto Tejada Cauca
conflicto_territorial,C09,Cesar,4939,0.36461825768779316,Realizaron plantón en rechazo a la muerte violenta de una nutria
conflicto_territorial,C09,Chocó,656,0.8701266205456819,Desplazados de Juradó y Carmen de Atrato en Medellín
conflicto_territorial,C09,Cundinamarca,6823,0.06977514005555263,El dolor de la madre que busca el cuerpo de su hijo que se ahogó en playa de Cartagena
conflicto_territorial,C09,Córdoba,6451,0.3027521026054802,Córdoba y Antioquia buscan consolidar proyectos de inversión
conflicto_territorial,C09,Guainía,808,0.13445709888077387,‘La previsión es un factor clave ante la escasez de sangre en Colombia’
conflicto_territorial,C09,Guaviare,7457,0.8050180916679901,Nuevo grupo armado en Guaviare serían desertores de las disidencias del frente primero – Marandua Stereo 100.7 FM Noticias del Guaviare
conflicto_territorial,C09,Huila,835,0.41111959169830475,Las veces en las que ministros han tenido que aclarar anuncios del presidente Petro
conflicto_territorial,C09,La Guajira,903,0.05405987982029625,Comunidades wiwa en La Guajira tendrán reparación colectiva como víctimas del conflicto
conflicto_territorial,C09,Magdalena,7613,0.406904726905283,"Carlos Pinedo sería nuevo alcalde de Santa Marta, tras resolución judicial; esto sigue"
conflicto_territorial,C09,Meta,9248,0.6757506582613886,Indígenas recuperan territorio ancestral
conflicto_territorial,C09,Nariño,10270,0.44900823639135284,Principales interrogantes que dejan los ceses del fuego bilaterales sin el Eln
conflicto_territorial,C09,Norte de Santander,940,0.7035446742103353,Doce organizaciones adhirieron al paro indefinido declarado por los parameros – Corrillos
conflicto_territorial,C09,Putumayo,1066,0.8590521960278042,Estallido social en Los Pozos: expresión de años de reclamos desatendidos
conflicto_territorial,C09,Quindío,10448,0.5604237753733724,"En 2023, Teatro Azul realiza la XX Temporada de Teatro para la Vida con estudiantes de colegios públicos del Quindío"
conflicto_territorial,C09,Risaralda,10895,0.35803006350977534,Transformando historias cambiando vidas
conflicto_territorial,C09,San Andrés y Providencia,10995,0.6910524046530655,Cómo la 'histórica incomprensión' de Bogotá afectó a las islas de San Andrés
conflicto_territorial,C09,Santander,11055,0.4922814663016688,'Toda Colombia manifiesta su anhelo de cambio': Francia Márquez habla de las marchas
conflicto_territorial,C09,Sucre,11206,0.003961318383972125,JEP concedió libertad condicional al exgobernador de Sucre Salvador Arana
conflicto_territorial,C09,Tolima,1206,0.5258768305300006,'Me tienen amenzada': mujer denuncia que sus hermanos no la dejan ver a su papá
conflicto_territorial,C09,Valle del Cauca,11343,0.8288552528124568,Inició la “caravana humanitaria” pactada entre Gobierno y ELN:
conflicto_territorial,C09,Vaupés,11376,0.46620774139385457,La fractura cultural indígena
conflicto_territorial,C09,Vichada,11437,0.24503527322819776,"Adriana Sofía Colina, nueva soberana del Festival Internacional de la Triada Llanera en Campohermoso (Boyacá)"
conflicto_territorial,C10,Amazonas,1481,0.983952970613968,Presidente Petro escuchará fallo sobre Nicaragua en San Andrés: irá con cúpula militar
conflicto_territorial,C10,Antioquia,245,0.9851592445443469,¿Por qué el municipio de Argelia cambiará su nombre luego de 63 años?
conflicto_territorial,C10,Arauca,1809,0.9941645270985474,9 menores de edad habrían sido reclutados por el ELN en Arauca en el 2.023: Defensoría
conflicto_territorial,C10,Atlántico,2820,0.9832156323191531,¿Quién es el abogado de Nicolás Petro en caso de sanción por cuentas de campaña?
conflicto_territorial,C10,Bolívar,3135,0.9918824598564924,¡Atención! Bloqueos en carretera Troncal de Occidente
conflicto_territorial,C10,Boyacá,3542,0.993715610279076,Avanza la Zona de Reserva Campesina del Paraíso Escondido de Boyacá – Togüí
conflicto_territorial,C10,Caldas,3900,0.9086935349899447,Empocaldas entregó obras de mejoramiento de acueducto y alcantarillado en Belalcázar
conflicto_territorial,C10,Caquetá,4079,0.9898743818214901,'Las mesas de diálogo deben ayudar a que los alcaldes podamos volver': alcalde de Tibú
conflicto_territorial,C10,Casanare,519,0.9592945188934718,"‘La producción de petróleo genera impactos, por eso la comunidad debe estar informada’"
conflicto_territorial,C10,Cauca,4782,0.9971837690252823,"Brayan fue asesinado en El Bordo, sur del Cauca"
conflicto_territorial,C10,Cesar,5285,0.9951279648928284,Comisión de Paz del Senado pide al Eln y al 'Estado Mayor' pactar un cese del fuego
conflicto_territorial,C10,Chocó,749,0.9662999538828045,Elecciones amenazadas: voces de alcaldes desplazados de sus municipios
conflicto_territorial,C10,Cundinamarca,6862,0.9880292857486616,Consejo de Estado deja por fuera a Tulio Gómez de candidatura en el Valle
conflicto_territorial,C10,Córdoba,6323,0.9007442261663716,Padre e hija mueren ahogados en Puerto Libertador
conflicto_territorial,C10,Guainía,805,0.9432259837886229,¿Cómo funcionará el mecanismo de verificación en cese del fuego con el Eln?
conflicto_territorial,C10,Guaviare,7243,0.9698822499171172,Definen las 8 zonas para avanzar en los diálogos de la ‘paz total’; aún falta la fecha para el comienzo de las conversaciones
conflicto_territorial,C10,Huila,846,0.9951644807850478,Las Farc asesinan a niña de cuatro años
conflicto_territorial,C10,La Guajira,902,0.9462097748253491,El año pasado la “violencia política” le costó la vida a 108 indígenas
conflicto_territorial,C10,Magdalena,8313,0.9410313208485911,47 personas han sido asesinadas durante el 2023 en Zona Bananera
conflicto_territorial,C10,Meta,9042,0.990546040141239,Más de 71 mil hectáreas restituidas a campesinos e indígenas del Meta y Guaviare
conflicto_territorial,C10,Nariño,10260,0.9894556029047347,'Solo lleva a confundir': general (r) Zapateiro criticó cese al fuego bilateral
conflicto_territorial,C10,Norte de Santander,931,0.9854068873854467,"Lucha contra el crimen: no es el indio, es la estrategia, el modelo y la tribu – Corrillos"
conflicto_territorial,C10,Putumayo,955,0.9958263006671506,"Cuiracuas, los indígenas siona que usan la cartografía para cuidar su territorio"
conflicto_territorial,C10,Quindío,10376,0.9738471585373502,El municipio de Córdoba completa seis años sin homicidios
conflicto_territorial,C10,Risaralda,10750,0.9918036403567245,Reportero de EL TIEMPO y otros periodistas quedaron en medio de un hostigamiento
conflicto_territorial,C10,San Andrés y Providencia,10956,0.9918965653730174,Las posibilidades que tiene Colombia ante fallo de La Haya por conflicto con Nicaragua
conflicto_territorial,C10,Santander,11138,0.9926304470071059,Lugares para resignificar y ponerle fin a la indiferencia – Corrillos
conflicto_territorial,C10,Sucre,11206,0.9924439807624688,JEP concedió libertad condicional al exgobernador de Sucre Salvador Arana
conflicto_territorial,C10,Tolima,1240,0.9862494157629303,El horror del conflicto en Tolima que comienza a develar caso de la JEP
conflicto_territorial,C10,Valle del Cauca,11262,0.9936906749122502,Calima – El Darién está en peligro
conflicto_territorial,C10,Vaupés,11371,0.9955995942100877,¿Caos en los bonos de carbono forestales? II
conflicto_territorial,C10,Vichada,11400,0.9507226223986424,Habitantes de Casuarito advierten un paro en la inspección. Dicen que hay compromisos incumplidos
conflicto_territorial,C11,Amazonas,1481,0.9782966011200628,Presidente Petro escuchará fallo sobre Nicaragua en San Andrés: irá con cúpula militar
conflicto_territorial,C11,Antioquia,93,0.9120199489131064,"Estos son todos los candidatos a la Gobernación de Antioquia, conozca su pasado y presente político"
conflicto_territorial,C11,Arauca,1843,0.9904239180275741,"Afectación por artefactos explosivos en 2022, la más alta en seis años: CICR"
conflicto_territorial,C11,Atlántico,2589,0.7744379389524843,Cancilleres de la Otán se reúnen en Oslo para evaluar ingreso de Ucrania a la Alianza
conflicto_territorial,C11,Bolívar,3148,0.9809188020557187,Entre estos diez nombres está el heredero de la silla de Vicente Blel
conflicto_territorial,C11,Boyacá,3465,0.8995006418202904,"24 de julio, natalicio Simón Bolívar, Libertador y padre de la patria"
conflicto_territorial,C11,Caldas,3708,0.6467215891666938,La Agencia Nacional de Tierras alerta por riesgo de estafas en La Dorada
conflicto_territorial,C11,Caquetá,4079,0.9844141870229983,'Las mesas de diálogo deben ayudar a que los alcaldes podamos volver': alcalde de Tibú
conflicto_territorial,C11,Casanare,582,0.9033918906973217,Álvaro Uribe tras atentado a militares: 'La seguridad es determinante para la paz'
conflicto_territorial,C11,Cauca,4223,0.997330789822591,Criminales sí estarían pidiendo carnet para ingresar a Bolívar Cauca
conflicto_territorial,C11,Cesar,5285,0.9976854193420668,Comisión de Paz del Senado pide al Eln y al 'Estado Mayor' pactar un cese del fuego
conflicto_territorial,C11,Chocó,749,0.9648686384201901,Elecciones amenazadas: voces de alcaldes desplazados de sus municipios
conflicto_territorial,C11,Cundinamarca,7056,0.9517666816198861,Los días de terror y guerra que en el Sumapaz no quieren revivir
conflicto_territorial,C11,Córdoba,6752,0.9718825168010075,36 mil familias fueron víctima de desplazamiento forzado en el 2022
conflicto_territorial,C11,Guainía,805,0.964325210918683,¿Cómo funcionará el mecanismo de verificación en cese del fuego con el Eln?
conflicto_territorial,C11,Guaviare,7278,0.8959968475946009,"Pedro Arenas, integra delegación para iniciar diálogos con el EMC de las Farc – Marandua Stereo 100.7 FM Noticias del Guaviare"
conflicto_territorial,C11,Huila,846,0.9965324461268427,Las Farc asesinan a niña de cuatro años
conflicto_territorial,C11,La Guajira,902,0.9465780966904398,El año pasado la “violencia política” le costó la vida a 108 indígenas
conflicto_territorial,C11,Magdalena,8313,0.9417153060134789,47 personas han sido asesinadas durante el 2023 en Zona Bananera
conflicto_territorial,C11,Meta,9608,0.9476021489622806,Orinoquia será el gran salto en el desarrollo vial del Meta
conflicto_territorial,C11,Nariño,10260,0.9942342134490034,'Solo lleva a confundir': general (r) Zapateiro criticó cese al fuego bilateral
conflicto_territorial,C11,Norte de Santander,930,0.9840497606617215,«Debe establecerse una férrea unidad entre la sociedad civil y la Fuerza Pública» – Corrillos
conflicto_territorial,C11,Putumayo,986,0.981627100408438,Encuentran siete cuerpos en descomposición tras combates entre disidencias de las Farc
conflicto_territorial,C11,Quindío,10376,0.9766960336379688,El municipio de Córdoba completa seis años sin homicidios
conflicto_territorial,C11,Risaralda,10750,0.9771788148092923,Reportero de EL TIEMPO y otros periodistas quedaron en medio de un hostigamiento
conflicto_territorial,C11,San Andrés y Providencia,10955,0.9598125793810458,"¿Colombia, en riesgo de volver a perder mar con Nicaragua? Abecé fallo de este jueves"
conflicto_territorial,C11,Santander,11021,0.8871651992170593,La historia del bloque ‘para’ que ‘arrasó’ con Norte de Santander
conflicto_territorial,C11,Sucre,11206,0.9543040306654581,JEP concedió libertad condicional al exgobernador de Sucre Salvador Arana
conflicto_territorial,C11,Tolima,1240,0.996114822473788,El horror del conflicto en Tolima que comienza a develar caso de la JEP
conflicto_territorial,C11,Valle del Cauca,11262,0.9942583784077753,Calima – El Darién está en peligro
conflicto_territorial,C11,Vaupés,11356,0.8707971581714877,Disidencias de las Farc en Guaviare anuncian que suspenden ataques a la fuerza pública
conflicto_territorial,C11,Vichada,11389,0.8998629550755322,"Incautaron en Cumaribo más de 9 toneladas de estaño, avaluadas en unos $1.000 millones"
conflicto_territorial,C12,Amazonas,1481,0.9843665354186658,Presidente Petro escuchará fallo sobre Nicaragua en San Andrés: irá con cúpula militar
conflicto_territorial,C12,Antioquia,93,0.9906130824952498,"Estos son todos los candidatos a la Gobernación de Antioquia, conozca su pasado y presente político"
conflicto_territorial,C12,Arauca,1691,0.9333222396349349,“La paz total también es posible si los grupos armados ilegales renuncian a combatir entre ellos mismos”
conflicto_territorial,C12,Atlántico,2820,0.9759982567852681,¿Quién es el abogado de Nicolás Petro en caso de sanción por cuentas de campaña?
conflicto_territorial,C12,Bolívar,3262,0.9721742178550837,“Lo hecho por Blel y por Dau hay que reformarlo”: Zaith Adechine
conflicto_territorial,C12,Boyacá,3542,0.9941416030224566,Avanza la Zona de Reserva Campesina del Paraíso Escondido de Boyacá – Togüí
conflicto_territorial,C12,Caldas,3943,0.8080475001145607,La sede Magdalena de la Universidad de Caldas ya cuenta con un Vicerrector
conflicto_territorial,C12,Caquetá,4079,0.9927794968035811,'Las mesas de diálogo deben ayudar a que los alcaldes podamos volver': alcalde de Tibú
conflicto_territorial,C12,Casanare,519,0.9171010926141361,"‘La producción de petróleo genera impactos, por eso la comunidad debe estar informada’"
conflicto_territorial,C12,Cauca,4223,0.9094998382620316,Criminales sí estarían pidiendo carnet para ingresar a Bolívar Cauca
conflicto_territorial,C12,Cesar,5579,0.9941667918859499,"Por amenazas, personero de El Copey, Cesar, abandonó el territorio"
conflicto_territorial,C12,Chocó,749,0.9665201179742421,Elecciones amenazadas: voces de alcaldes desplazados de sus municipios
conflicto_territorial,C12,Cundinamarca,6862,0.9872875639977334,Consejo de Estado deja por fuera a Tulio Gómez de candidatura en el Valle
conflicto_territorial,C12,Córdoba,6269,0.8966440315041287,Tribunal Anula Preacuerdo con Padre de Alejandro Lyons
conflicto_territorial,C12,Guainía,805,0.9695892760780045,¿Cómo funcionará el mecanismo de verificación en cese del fuego con el Eln?
conflicto_territorial,C12,Guaviare,7278,0.8939432914567931,"Pedro Arenas, integra delegación para iniciar diálogos con el EMC de las Farc – Marandua Stereo 100.7 FM Noticias del Guaviare"
conflicto_territorial,C12,Huila,846,0.9966431992478288,Las Farc asesinan a niña de cuatro años
conflicto_territorial,C12,La Guajira,902,0.9461255207419185,El año pasado la “violencia política” le costó la vida a 108 indígenas
conflicto_territorial,C12,Magdalena,7794,0.9848204556896255,Renuncia de Caicedo agita la política del Magdalena
conflicto_territorial,C12,Meta,9024,0.9803188001660228,Más de 71.000 hectáreas restituidas por URT Meta
conflicto_territorial,C12,Nariño,10260,0.9898279693026268,'Solo lleva a confundir': general (r) Zapateiro criticó cese al fuego bilateral
conflicto_territorial,C12,Norte de Santander,930,0.9886013258406293,«Debe establecerse una férrea unidad entre la sociedad civil y la Fuerza Pública» – Corrillos
conflicto_territorial,C12,Putumayo,955,0.9958299003175757,"Cuiracuas, los indígenas siona que usan la cartografía para cuidar su territorio"
conflicto_territorial,C12,Quindío,10416,0.9571995495925926,Mafias se dividen el Quindío para vender ‘drogas’
conflicto_territorial,C12,Risaralda,10750,0.9219667417934712,Reportero de EL TIEMPO y otros periodistas quedaron en medio de un hostigamiento
conflicto_territorial,C12,San Andrés y Providencia,10956,0.9964766982138646,Las posibilidades que tiene Colombia ante fallo de La Haya por conflicto con Nicaragua
conflicto_territorial,C12,Santander,11080,0.977258471729778,Rodolfo Hernández: ¿por qué su candidatura está en vilo tras el fallo de la Corte?
conflicto_territorial,C12,Sucre,11223,0.9862601660066969,Barguil rindió indagatoria ante la Corte Suprema
conflicto_territorial,C12,Tolima,1240,0.9761616428031715,El horror del conflicto en Tolima que comienza a develar caso de la JEP
conflicto_territorial,C12,Valle del Cauca,11262,0.9942138579932798,Calima – El Darién está en peligro
conflicto_territorial,C12,Vaupés,11371,0.9949108349368866,¿Caos en los bonos de carbono forestales? II
conflicto_territorial,C12,Vichada,11389,0.9010632016062254,"Incautaron en Cumaribo más de 9 toneladas de estaño, avaluadas en unos $1.000 millones"
conflicto_territorial,C13,Amazonas,1481,0.984204215784146,Presidente Petro escuchará fallo sobre Nicaragua en San Andrés: irá con cúpula militar
conflicto_territorial,C13,Antioquia,93,0.9883557409960095,"Estos son todos los candidatos a la Gobernación de Antioquia, conozca su pasado y presente político"
conflicto_territorial,C13,Arauca,1806,0.9914895643706866,‘Arauca le habla a Colombia’. Gobernador dijo que ese proceso debe ir acompañado de inversión social
conflicto_territorial,C13,Atlántico,2820,0.9417304782844883,¿Quién es el abogado de Nicolás Petro en caso de sanción por cuentas de campaña?
conflicto_territorial,C13,Bolívar,3135,0.9776570709885807,¡Atención! Bloqueos en carretera Troncal de Occidente
conflicto_territorial,C13,Boyacá,3542,0.9942426452258643,Avanza la Zona de Reserva Campesina del Paraíso Escondido de Boyacá – Togüí
conflicto_territorial,C13,Caldas,3943,0.8277701064843017,La sede Magdalena de la Universidad de Caldas ya cuenta con un Vicerrector
conflicto_territorial,C13,Caquetá,4079,0.9927596162216237,'Las mesas de diálogo deben ayudar a que los alcaldes podamos volver': alcalde de Tibú
conflicto_territorial,C13,Casanare,519,0.9680169337899996,"‘La producción de petróleo genera impactos, por eso la comunidad debe estar informada’"
conflicto_territorial,C13,Cauca,4223,0.995215215796017,Criminales sí estarían pidiendo carnet para ingresar a Bolívar Cauca
conflicto_territorial,C13,Cesar,5173,0.9951848252895471,Así es la realidad de líderes ambientales amenazados en Colombia: relatos de sobrevivientes
conflicto_territorial,C13,Chocó,749,0.965937956148658,Elecciones amenazadas: voces de alcaldes desplazados de sus municipios
conflicto_territorial,C13,Cundinamarca,6862,0.9850632727344282,Consejo de Estado deja por fuera a Tulio Gómez de candidatura en el Valle
conflicto_territorial,C13,Córdoba,6269,0.8966742842407907,Tribunal Anula Preacuerdo con Padre de Alejandro Lyons
conflicto_territorial,C13,Guainía,805,0.9678503869676751,¿Cómo funcionará el mecanismo de verificación en cese del fuego con el Eln?
conflicto_territorial,C13,Guaviare,7243,0.9802406407405435,Definen las 8 zonas para avanzar en los diálogos de la ‘paz total’; aún falta la fecha para el comienzo de las conversaciones
conflicto_territorial,C13,Huila,846,0.9965153040574075,Las Farc asesinan a niña de cuatro años
conflicto_territorial,C13,La Guajira,902,0.9474450318724484,El año pasado la “violencia política” le costó la vida a 108 indígenas
conflicto_territorial,C13,Magdalena,7794,0.9780443457359174,Renuncia de Caicedo agita la política del Magdalena
conflicto_territorial,C13,Meta,9042,0.9937395865783499,Más de 71 mil hectáreas restituidas a campesinos e indígenas del Meta y Guaviare
conflicto_territorial,C13,Nariño,10260,0.980306859645399,'Solo lleva a confundir': general (r) Zapateiro criticó cese al fuego bilateral
conflicto_territorial,C13,Norte de Santander,913,0.9835021691503039,Invasiones y ataques sostenidos en el Cauca ¿quién responde? – Corrillos
conflicto_territorial,C13,Putumayo,955,0.9956387836492709,"Cuiracuas, los indígenas siona que usan la cartografía para cuidar su territorio"
conflicto_territorial,C13,Quindío,10416,0.9614072036104219,Mafias se dividen el Quindío para vender ‘drogas’
conflicto_territorial,C13,Risaralda,10798,0.8924208662036232,"'Ajustes de cuentas' e intolerancia, causas del aumento de los homicidios en Pereira"
conflicto_territorial,C13,San Andrés y Providencia,10956,0.9954197557033242,Las posibilidades que tiene Colombia ante fallo de La Haya por conflicto con Nicaragua
conflicto_territorial,C13,Santander,11080,0.9762242400184415,Rodolfo Hernández: ¿por qué su candidatura está en vilo tras el fallo de la Corte?
conflicto_territorial,C13,Sucre,11223,0.9617339699059888,Barguil rindió indagatoria ante la Corte Suprema
conflicto_territorial,C13,Tolima,1240,0.9852631928324973,El horror del conflicto en Tolima que comienza a develar caso de la JEP
conflicto_territorial,C13,Valle del Cauca,11262,0.9938075347739185,Calima – El Darién está en peligro
conflicto_territorial,C13,Vaupés,11371,0.9949712502450643,¿Caos en los bonos de carbono forestales? II
conflicto_territorial,C13,Vichada,11389,0.8862142961676868,"Incautaron en Cumaribo más de 9 toneladas de estaño, avaluadas en unos $1.000 millones"
conflicto_territorial,C14,Amazonas,1481,0.9827338055490885,Presidente Petro escuchará fallo sobre Nicaragua en San Andrés: irá con cúpula militar
conflicto_territorial,C14,Antioquia,245,0.9603892080016462,¿Por qué el municipio de Argelia cambiará su nombre luego de 63 años?
conflicto_territorial,C14,Arauca,1843,0.9875176519972222,"Afectación por artefactos explosivos en 2022, la más alta en seis años: CICR"
conflicto_territorial,C14,Atlántico,2954,0.9443353045956019,En Cartagena se dispara el robo de tierras: Procuraduría hizo audiencia pública
conflicto_territorial,C14,Bolívar,3262,0.9733085891648583,“Lo hecho por Blel y por Dau hay que reformarlo”: Zaith Adechine
conflicto_territorial,C14,Boyacá,3542,0.9896765672965457,Avanza la Zona de Reserva Campesina del Paraíso Escondido de Boyacá – Togüí
conflicto_territorial,C14,Caldas,3841,0.8292745773963095,Memorias de corrupción para tiempos electorales
conflicto_territorial,C14,Caquetá,4054,0.971808384728445,Del Yarí a Bogotá
conflicto_territorial,C14,Casanare,592,0.7857184999070204,Deslizamientos de la calzada mantienen cerrada la vía entre Sogamoso y Aguazul
conflicto_territorial,C14,Cauca,4223,0.9959218800128288,Criminales sí estarían pidiendo carnet para ingresar a Bolívar Cauca
conflicto_territorial,C14,Cesar,5579,0.992812699904023,"Por amenazas, personero de El Copey, Cesar, abandonó el territorio"
conflicto_territorial,C14,Chocó,755,0.9744522202876845,“El Chocó está todo incendiado”: Obispo de Istmina
conflicto_territorial,C14,Cundinamarca,7056,0.9239314496353944,Los días de terror y guerra que en el Sumapaz no quieren revivir
conflicto_territorial,C14,Córdoba,6269,0.8955572051318873,Tribunal Anula Preacuerdo con Padre de Alejandro Lyons
conflicto_territorial,C14,Guainía,805,0.7863195209572007,¿Cómo funcionará el mecanismo de verificación en cese del fuego con el Eln?
conflicto_territorial,C14,Guaviare,7269,0.8966753303829278,"Derechos Humanos y pueblos indígenas, temas tratados entre ONU y Defensoría – Marandua Stereo 100.7 FM Noticias del Guaviare"
conflicto_territorial,C14,Huila,846,0.9845388084543837,Las Farc asesinan a niña de cuatro años
conflicto_territorial,C14,La Guajira,902,0.9470723006934596,El año pasado la “violencia política” le costó la vida a 108 indígenas
conflicto_territorial,C14,Magdalena,8313,0.9389268701112181,47 personas han sido asesinadas durante el 2023 en Zona Bananera
conflicto_territorial,C14,Meta,9042,0.9874692522234475,Más de 71 mil hectáreas restituidas a campesinos e indígenas del Meta y Guaviare
conflicto_territorial,C14,Nariño,10260,0.9895440889849555,'Solo lleva a confundir': general (r) Zapateiro criticó cese al fuego bilateral
conflicto_territorial,C14,Norte de Santander,913,0.9688533412492895,Invasiones y ataques sostenidos en el Cauca ¿quién responde? – Corrillos
conflicto_territorial,C14,Putumayo,955,0.9939154134086021,"Cuiracuas, los indígenas siona que usan la cartografía para cuidar su territorio"
conflicto_territorial,C14,Quindío,10416,0.9615508930520387,Mafias se dividen el Quindío para vender ‘drogas’
conflicto_territorial,C14,Risaralda,10798,0.8929853946887537,"'Ajustes de cuentas' e intolerancia, causas del aumento de los homicidios en Pereira"
conflicto_territorial,C14,San Andrés y Providencia,10956,0.9923570452692821,Las posibilidades que tiene Colombia ante fallo de La Haya por conflicto con Nicaragua
conflicto_territorial,C14,Santander,11105,0.9740051108678758,El irracional miedo hacia la diversidad sexual en Santander – Corrillos
conflicto_territorial,C14,Sucre,11195,0.8344275341268037,"""Francia es así, no voy a dejar de ser lo que soy"": así respondió la vicepresidente a la pregunta si es brava o resentida"
conflicto_territorial,C14,Tolima,1240,0.9293594505322667,El horror del conflicto en Tolima que comienza a develar caso de la JEP
conflicto_territorial,C14,Valle del Cauca,11262,0.993059262741958,Calima – El Darién está en peligro
conflicto_territorial,C14,Vaupés,11371,0.9170075679210735,¿Caos en los bonos de carbono forestales? II
conflicto_territorial,C14,Vichada,11434,0.6942306350399202,"Con pancarta, Farc anuncia su presencia en Vichada"
conflicto_territorial,C15,Amazonas,1481,0.9843679243875049,Presidente Petro escuchará fallo sobre Nicaragua en San Andrés: irá con cúpula militar
conflicto_territorial,C15,Antioquia,93,0.9852537389545989,"Estos son todos los candidatos a la Gobernación de Antioquia, conozca su pasado y presente político"
conflicto_territorial,C15,Arauca,1843,0.9923642229263825,"Afectación por artefactos explosivos en 2022, la más alta en seis años: CICR"
conflicto_territorial,C15,Atlántico,2954,0.9465802613049767,En Cartagena se dispara el robo de tierras: Procuraduría hizo audiencia pública
conflicto_territorial,C15,Bolívar,3135,0.9911509857737545,¡Atención! Bloqueos en carretera Troncal de Occidente
conflicto_territorial,C15,Boyacá,3542,0.9943042496462243,Avanza la Zona de Reserva Campesina del Paraíso Escondido de Boyacá – Togüí
conflicto_territorial,C15,Caldas,3777,0.8594462267320536,Caldas ya cuenta con un borrador de la política pública de paz territorial
conflicto_territorial,C15,Caquetá,4054,0.9711460339713732,Del Yarí a Bogotá
conflicto_territorial,C15,Casanare,519,0.9228445786498671,"‘La producción de petróleo genera impactos, por eso la comunidad debe estar informada’"
conflicto_territorial,C15,Cauca,4223,0.9883289096913818,Criminales sí estarían pidiendo carnet para ingresar a Bolívar Cauca
conflicto_territorial,C15,Cesar,5285,0.9961770472088666,Comisión de Paz del Senado pide al Eln y al 'Estado Mayor' pactar un cese del fuego
conflicto_territorial,C15,Chocó,749,0.9634262821557302,Elecciones amenazadas: voces de alcaldes desplazados de sus municipios
conflicto_territorial,C15,Cundinamarca,6862,0.9846522378291301,Consejo de Estado deja por fuera a Tulio Gómez de candidatura en el Valle
conflicto_territorial,C15,Córdoba,6752,0.9748128821274513,36 mil familias fueron víctima de desplazamiento forzado en el 2022
conflicto_territorial,C15,Guainía,805,0.9473032829304417,¿Cómo funcionará el mecanismo de verificación en cese del fuego con el Eln?
conflicto_territorial,C15,Guaviare,7269,0.913580554027761,"Derechos Humanos y pueblos indígenas, temas tratados entre ONU y Defensoría – Marandua Stereo 100.7 FM Noticias del Guaviare"
conflicto_territorial,C15,Huila,846,0.9964654745950915,Las Farc asesinan a niña de cuatro años
conflicto_territorial,C15,La Guajira,902,0.9460635371686915,El año pasado la “violencia política” le costó la vida a 108 indígenas
conflicto_territorial,C15,Magdalena,8313,0.9391429454869027,47 personas han sido asesinadas durante el 2023 en Zona Bananera
conflicto_territorial,C15,Meta,9042,0.9848376895411014,Más de 71 mil hectáreas restituidas a campesinos e indígenas del Meta y Guaviare
conflicto_territorial,C15,Nariño,10260,0.9860536356252698,'Solo lleva a confundir': general (r) Zapateiro criticó cese al fuego bilateral
conflicto_territorial,C15,Norte de Santander,913,0.979642699794613,Invasiones y ataques sostenidos en el Cauca ¿quién responde? – Corrillos
conflicto_territorial,C15,Putumayo,955,0.9944447920588811,"Cuiracuas, los indígenas siona que usan la cartografía para cuidar su territorio"
conflicto_territorial,C15,Quindío,10416,0.9639251902510396,Mafias se dividen el Quindío para vender ‘drogas’
conflicto_territorial,C15,Risaralda,10750,0.9333271778683933,Reportero de EL TIEMPO y otros periodistas quedaron en medio de un hostigamiento
conflicto_territorial,C15,San Andrés y Providencia,10956,0.9968981690400714,Las posibilidades que tiene Colombia ante fallo de La Haya por conflicto con Nicaragua
conflicto_territorial,C15,Santander,11080,0.962482720631148,Rodolfo Hernández: ¿por qué su candidatura está en vilo tras el fallo de la Corte?
conflicto_territorial,C15,Sucre,11195,0.8177334572028664,"""Francia es así, no voy a dejar de ser lo que soy"": así respondió la vicepresidente a la pregunta si es brava o resentida"
conflicto_territorial,C15,Tolima,1240,0.9348619614128638,El horror del conflicto en Tolima que comienza a develar caso de la JEP
conflicto_territorial,C15,Valle del Cauca,11262,0.9937631215415172,Calima – El Darién está en peligro
conflicto_territorial,C15,Vaupés,11362,0.9917095804007686,Reportan casi 70 intentos de suicidio en departamento de Vaupés
conflicto_territorial,C15,Vichada,11434,0.7350993619650633,"Con pancarta, Farc anuncia su presencia en Vichada"
conflicto_territorial,C16,Amazonas,1481,0.9842874546837603,Presidente Petro escuchará fallo sobre Nicaragua en San Andrés: irá con cúpula militar
conflicto_territorial,C16,Antioquia,245,0.9851491422884504,¿Por qué el municipio de Argelia cambiará su nombre luego de 63 años?
conflicto_territorial,C16,Arauca,1806,0.9924286349803926,‘Arauca le habla a Colombia’. Gobernador dijo que ese proceso debe ir acompañado de inversión social
conflicto_territorial,C16,Atlántico,1923,0.8572244145273907,Villa Campestre: moradores se niegan a que se lea sus contadores de energía
conflicto_territorial,C16,Bolívar,3135,0.9913390826581202,¡Atención! Bloqueos en carretera Troncal de Occidente
conflicto_territorial,C16,Boyacá,3542,0.9941441503927125,Avanza la Zona de Reserva Campesina del Paraíso Escondido de Boyacá – Togüí
conflicto_territorial,C16,Caldas,3777,0.9195014072854931,Caldas ya cuenta con un borrador de la política pública de paz territorial
conflicto_territorial,C16,Caquetá,4054,0.9718048037367353,Del Yarí a Bogotá
conflicto_territorial,C16,Casanare,519,0.9672963968133133,"‘La producción de petróleo genera impactos, por eso la comunidad debe estar informada’"
conflicto_territorial,C16,Cauca,4223,0.9868746143113867,Criminales sí estarían pidiendo carnet para ingresar a Bolívar Cauca
conflicto_territorial,C16,Cesar,5285,0.9978310099793217,Comisión de Paz del Senado pide al Eln y al 'Estado Mayor' pactar un cese del fuego
conflicto_territorial,C16,Chocó,749,0.9652300277948543,Elecciones amenazadas: voces de alcaldes desplazados de sus municipios
conflicto_territorial,C16,Cundinamarca,6862,0.9812600945100101,Consejo de Estado deja por fuera a Tulio Gómez de candidatura en el Valle
conflicto_territorial,C16,Córdoba,6752,0.9761794969280616,36 mil familias fueron víctima de desplazamiento forzado en el 2022
conflicto_territorial,C16,Guainía,805,0.9606368326166577,¿Cómo funcionará el mecanismo de verificación en cese del fuego con el Eln?
conflicto_territorial,C16,Guaviare,7278,0.8971805100597241,"Pedro Arenas, integra delegación para iniciar diálogos con el EMC de las Farc – Marandua Stereo 100.7 FM Noticias del Guaviare"
conflicto_territorial,C16,Huila,846,0.9967454454363512,Las Farc asesinan a niña de cuatro años
conflicto_territorial,C16,La Guajira,902,0.9459050717836385,El año pasado la “violencia política” le costó la vida a 108 indígenas
conflicto_territorial,C16,Magdalena,7794,0.9769702545959253,Renuncia de Caicedo agita la política del Magdalena
conflicto_territorial,C16,Meta,9024,0.9712218697043354,Más de 71.000 hectáreas restituidas por URT Meta
conflicto_territorial,C16,Nariño,10260,0.9926863300739293,'Solo lleva a confundir': general (r) Zapateiro criticó cese al fuego bilateral
conflicto_territorial,C16,Norte de Santander,928,0.9357450316503685,Ocad Paz: aprobados 55 proyectos por más de $163 mil millones para financiar por regalías – Corrillos
conflicto_territorial,C16,Putumayo,955,0.9916038893173952,"Cuiracuas, los indígenas siona que usan la cartografía para cuidar su territorio"
conflicto_territorial,C16,Quindío,10416,0.9640617017284581,Mafias se dividen el Quindío para vender ‘drogas’
conflicto_territorial,C16,Risaralda,10798,0.8946439304137235,"'Ajustes de cuentas' e intolerancia, causas del aumento de los homicidios en Pereira"
conflicto_territorial,C16,San Andrés y Providencia,10956,0.9967912071673508,Las posibilidades que tiene Colombia ante fallo de La Haya por conflicto con Nicaragua
conflicto_territorial,C16,Santander,11080,0.9667249419237675,Rodolfo Hernández: ¿por qué su candidatura está en vilo tras el fallo de la Corte?
conflicto_territorial,C16,Sucre,11223,0.9769375376341806,Barguil rindió indagatoria ante la Corte Suprema
conflicto_territorial,C16,Tolima,1240,0.9680792656003212,El horror del conflicto en Tolima que comienza a develar caso de la JEP
conflicto_territorial,C16,Valle del Cauca,11262,0.9891890496541937,Calima – El Darién está en peligro
conflicto_territorial,C16,Vaupés,11362,0.9930951918866695,Reportan casi 70 intentos de suicidio en departamento de Vaupés
conflicto_territorial,C16,Vichada,11426,0.6987110001746316,Medida provisional exige a la EPS Mallamas a prestar servicio de salud eficiente y oportuno en Cumaribo
conflicto_territorial,C17,Amazonas,1481,0.9842621207422166,Presidente Petro escuchará fallo sobre Nicaragua en San Andrés: irá con cúpula militar
conflicto_territorial,C17,Antioquia,245,0.9838989605644545,¿Por qué el municipio de Argelia cambiará su nombre luego de 63 años?
conflicto_territorial,C17,Arauca,1806,0.9977039865743559,‘Arauca le habla a Colombia’. Gobernador dijo que ese proceso debe ir acompañado de inversión social
conflicto_territorial,C17,Atlántico,2954,0.9395707736102711,En Cartagena se dispara el robo de tierras: Procuraduría hizo audiencia pública
conflicto_territorial,C17,Bolívar,3135,0.99161172224818,¡Atención! Bloqueos en carretera Troncal de Occidente
conflicto_territorial,C17,Boyacá,3542,0.9941902316002663,Avanza la Zona de Reserva Campesina del Paraíso Escondido de Boyacá – Togüí
conflicto_territorial,C17,Caldas,3777,0.9576285067655129,Caldas ya cuenta con un borrador de la política pública de paz territorial
conflicto_territorial,C17,Caquetá,4054,0.9724385749638359,Del Yarí a Bogotá
conflicto_territorial,C17,Casanare,519,0.9712414509310912,"‘La producción de petróleo genera impactos, por eso la comunidad debe estar informada’"
conflicto_territorial,C17,Cauca,4223,0.9956397087269869,Criminales sí estarían pidiendo carnet para ingresar a Bolívar Cauca
conflicto_territorial,C17,Cesar,5285,0.9963688068941329,Comisión de Paz del Senado pide al Eln y al 'Estado Mayor' pactar un cese del fuego
conflicto_territorial,C17,Chocó,749,0.9621210050617378,Elecciones amenazadas: voces de alcaldes desplazados de sus municipios
conflicto_territorial,C17,Cundinamarca,7149,0.9962005664732805,Dos ejemplos de elegir bien
conflicto_territorial,C17,Córdoba,6102,0.910814568235108,Reiteran llamado al Estado a brindar soluciones a población desplazada del Manso
conflicto_territorial,C17,Guainía,805,0.9765188307033374,¿Cómo funcionará el mecanismo de verificación en cese del fuego con el Eln?
conflicto_territorial,C17,Guaviare,7269,0.9918695851046497,"Derechos Humanos y pueblos indígenas, temas tratados entre ONU y Defensoría – Marandua Stereo 100.7 FM Noticias del Guaviare"
conflicto_territorial,C17,Huila,846,0.9966582288793404,Las Farc asesinan a niña de cuatro años
conflicto_territorial,C17,La Guajira,902,0.946923643593833,El año pasado la “violencia política” le costó la vida a 108 indígenas
conflicto_territorial,C17,Magdalena,7896,0.9441586569971288,"Ecofest Karaya, la iniciativa que arrancó para preservar medio ambiente en Santa Marta"
conflicto_territorial,C17,Meta,9042,0.9932499355842268,Más de 71 mil hectáreas restituidas a campesinos e indígenas del Meta y Guaviare
conflicto_territorial,C17,Nariño,10260,0.9913547856323485,'Solo lleva a confundir': general (r) Zapateiro criticó cese al fuego bilateral
conflicto_territorial,C17,Norte de Santander,930,0.9847769692343901,«Debe establecerse una férrea unidad entre la sociedad civil y la Fuerza Pública» – Corrillos
conflicto_territorial,C17,Putumayo,955,0.9900387806205955,"Cuiracuas, los indígenas siona que usan la cartografía para cuidar su territorio"
conflicto_territorial,C17,Quindío,10375,0.9743366414648078,"Lo peor del Quindío es la corrupción: Jorge Iván Toro, candidato a la Asamblea"
conflicto_territorial,C17,Risaralda,10750,0.9883642565645395,Reportero de EL TIEMPO y otros periodistas quedaron en medio de un hostigamiento
conflicto_territorial,C17,San Andrés y Providencia,10956,0.9965514775376952,Las posibilidades que tiene Colombia ante fallo de La Haya por conflicto con Nicaragua
conflicto_territorial,C17,Santander,11080,0.965622415452683,Rodolfo Hernández: ¿por qué su candidatura está en vilo tras el fallo de la Corte?
conflicto_territorial,C17,Sucre,11195,0.8636741162559528,"""Francia es así, no voy a dejar de ser lo que soy"": así respondió la vicepresidente a la pregunta si es brava o resentida"
conflicto_territorial,C17,Tolima,1240,0.9907313722957652,El horror del conflicto en Tolima que comienza a develar caso de la JEP
conflicto_territorial,C17,Valle del Cauca,11318,0.9773608952464297,"Paola Arenas, la profesional, la política, la líder"
conflicto_territorial,C17,Vaupés,11371,0.996037577321215,¿Caos en los bonos de carbono forestales? II
conflicto_territorial,C17,Vichada,11400,0.9552168687849106,Habitantes de Casuarito advierten un paro en la inspección. Dicen que hay compromisos incumplidos
conflicto_territorial,C18,Amazonas,1380,0.9896562008688091,¿Un referendo para que departamentos tengan autonomía fiscal? Gobernador electo explica
conflicto_territorial,C18,Antioquia,245,0.9857209206058655,¿Por qué el municipio de Argelia cambiará su nombre luego de 63 años?
conflicto_territorial,C18,Arauca,1806,0.9955200559498598,‘Arauca le habla a Colombia’. Gobernador dijo que ese proceso debe ir acompañado de inversión social
conflicto_territorial,C18,Atlántico,2569,0.9800384413550173,"Comunidad bloquea vía La Cordialidad, en Atlántico, por servicio de agua potable"
conflicto_territorial,C18,Bolívar,3135,0.9901291536747987,¡Atención! Bloqueos en carretera Troncal de Occidente
conflicto_territorial,C18,Boyacá,3542,0.9943583585135117,Avanza la Zona de Reserva Campesina del Paraíso Escondido de Boyacá – Togüí
conflicto_territorial,C18,Caldas,3777,0.9799542842233985,Caldas ya cuenta con un borrador de la política pública de paz territorial
conflicto_territorial,C18,Caquetá,4079,0.992476182218126,'Las mesas de diálogo deben ayudar a que los alcaldes podamos volver': alcalde de Tibú
conflicto_territorial,C18,Casanare,519,0.9682456938405812,"‘La producción de petróleo genera impactos, por eso la comunidad debe estar informada’"
conflicto_territorial,C18,Cauca,4223,0.9964432250837016,Criminales sí estarían pidiendo carnet para ingresar a Bolívar Cauca
conflicto_territorial,C18,Cesar,5579,0.9951431398316258,"Por amenazas, personero de El Copey, Cesar, abandonó el territorio"
conflicto_territorial,C18,Chocó,676,0.9800415570408019,¿Para dónde va el Chocó?
conflicto_territorial,C18,Cundinamarca,7149,0.9956035322677887,Dos ejemplos de elegir bien
conflicto_territorial,C18,Córdoba,6269,0.8964751201293704,Tribunal Anula Preacuerdo con Padre de Alejandro Lyons
conflicto_territorial,C18,Guainía,805,0.8913285142774583,¿Cómo funcionará el mecanismo de verificación en cese del fuego con el Eln?
conflicto_territorial,C18,Guaviare,7243,0.9970592328756728,Definen las 8 zonas para avanzar en los diálogos de la ‘paz total’; aún falta la fecha para el comienzo de las conversaciones
conflicto_territorial,C18,Huila,846,0.996574839055359,Las Farc asesinan a niña de cuatro años
conflicto_territorial,C18,La Guajira,898,0.9493608209654378,Comunidades wayús en La Guajira sufren por la escasez de agua a pesar de decisiones judiciales
conflicto_territorial,C18,Magdalena,8313,0.9387949163254333,47 personas han sido asesinadas durante el 2023 en Zona Bananera
conflicto_territorial,C18,Meta,9042,0.9948344799395434,Más de 71 mil hectáreas restituidas a campesinos e indígenas del Meta y Guaviare
conflicto_territorial,C18,Nariño,10260,0.9921483188121635,'Solo lleva a confundir': general (r) Zapateiro criticó cese al fuego bilateral
conflicto_territorial,C18,Norte de Santander,913,0.9833523024391363,Invasiones y ataques sostenidos en el Cauca ¿quién responde? – Corrillos
conflicto_territorial,C18,Putumayo,955,0.995584097054119,"Cuiracuas, los indígenas siona que usan la cartografía para cuidar su territorio"
conflicto_territorial,C18,Quindío,10376,0.9784195634991163,El municipio de Córdoba completa seis años sin homicidios
conflicto_territorial,C18,Risaralda,10750,0.9916997624026717,Reportero de EL TIEMPO y otros periodistas quedaron en medio de un hostigamiento
conflicto_territorial,C18,San Andrés y Providencia,10956,0.9963842459584554,Las posibilidades que tiene Colombia ante fallo de La Haya por conflicto con Nicaragua
conflicto_territorial,C18,Santander,11138,0.9914992968291195,Lugares para resignificar y ponerle fin a la indiferencia – Corrillos
conflicto_territorial,C18,Sucre,11195,0.9201516235920891,"""Francia es así, no voy a dejar de ser lo que soy"": así respondió la vicepresidente a la pregunta si es brava o resentida"
conflicto_territorial,C18,Tolima,1240,0.9957419960566657,El horror del conflicto en Tolima que comienza a develar caso de la JEP
conflicto_territorial,C18,Valle del Cauca,11262,0.9940397947865734,Calima – El Darién está en peligro
conflicto_territorial,C18,Vaupés,11371,0.9955000958033512,¿Caos en los bonos de carbono forestales? II
conflicto_territorial,C18,Vichada,11389,0.9022073309973485,"Incautaron en Cumaribo más de 9 toneladas de estaño, avaluadas en unos $1.000 millones"
conflicto_territorial,C19,Amazonas,1481,0.9798829215122911,Presidente Petro escuchará fallo sobre Nicaragua en San Andrés: irá con cúpula militar
conflicto_territorial,C19,Antioquia,245,0.9837508336059057,¿Por qué el municipio de Argelia cambiará su nombre luego de 63 años?
conflicto_territorial,C19,Arauca,1889,0.9648577132519137,Organizaciones se articulan en la región del Catatumbo y el departamento de Arauca con el proyecto “A tu lado”
conflicto_territorial,C19,Atlántico,2569,0.9790332242886061,"Comunidad bloquea vía La Cordialidad, en Atlántico, por servicio de agua potable"
conflicto_territorial,C19,Bolívar,3135,0.9888600618905894,¡Atención! Bloqueos en carretera Troncal de Occidente
conflicto_territorial,C19,Boyacá,3542,0.9930151444049387,Avanza la Zona de Reserva Campesina del Paraíso Escondido de Boyacá – Togüí
conflicto_territorial,C19,Caldas,3841,0.8471049454719022,Memorias de corrupción para tiempos electorales
conflicto_territorial,C19,Caquetá,4054,0.9692280695551797,Del Yarí a Bogotá
conflicto_territorial,C19,Casanare,519,0.9675670416968555,"‘La producción de petróleo genera impactos, por eso la comunidad debe estar informada’"
conflicto_territorial,C19,Cauca,4223,0.9938332394209209,Criminales sí estarían pidiendo carnet para ingresar a Bolívar Cauca
conflicto_territorial,C19,Cesar,5579,0.9943295570767677,"Por amenazas, personero de El Copey, Cesar, abandonó el territorio"
conflicto_territorial,C19,Chocó,755,0.974501359366013,“El Chocó está todo incendiado”: Obispo de Istmina
conflicto_territorial,C19,Cundinamarca,7149,0.9640320137110591,Dos ejemplos de elegir bien
conflicto_territorial,C19,Córdoba,6102,0.9063031667835945,Reiteran llamado al Estado a brindar soluciones a población desplazada del Manso
conflicto_territorial,C19,Guainía,805,0.9508709679706528,¿Cómo funcionará el mecanismo de verificación en cese del fuego con el Eln?
conflicto_territorial,C19,Guaviare,7269,0.9949482918298013,"Derechos Humanos y pueblos indígenas, temas tratados entre ONU y Defensoría – Marandua Stereo 100.7 FM Noticias del Guaviare"
conflicto_territorial,C19,Huila,846,0.996472909675024,Las Farc asesinan a niña de cuatro años
conflicto_territorial,C19,La Guajira,902,0.9469469783599314,El año pasado la “violencia política” le costó la vida a 108 indígenas
conflicto_territorial,C19,Magdalena,8313,0.9411238302868963,47 personas han sido asesinadas durante el 2023 en Zona Bananera
conflicto_territorial,C19,Meta,9042,0.9936662473164956,Más de 71 mil hectáreas restituidas a campesinos e indígenas del Meta y Guaviare
conflicto_territorial,C19,Nariño,10260,0.9903394814113823,'Solo lleva a confundir': general (r) Zapateiro criticó cese al fuego bilateral
conflicto_territorial,C19,Norte de Santander,913,0.938642343997144,Invasiones y ataques sostenidos en el Cauca ¿quién responde? – Corrillos
conflicto_territorial,C19,Putumayo,955,0.9913099115684538,"Cuiracuas, los indígenas siona que usan la cartografía para cuidar su territorio"
conflicto_territorial,C19,Quindío,10375,0.9697233801170768,"Lo peor del Quindío es la corrupción: Jorge Iván Toro, candidato a la Asamblea"
conflicto_territorial,C19,Risaralda,10798,0.8914154867322477,"'Ajustes de cuentas' e intolerancia, causas del aumento de los homicidios en Pereira"
conflicto_territorial,C19,San Andrés y Providencia,10956,0.9921522661335876,Las posibilidades que tiene Colombia ante fallo de La Haya por conflicto con Nicaragua
conflicto_territorial,C19,Santander,11126,0.9829551950076241,Santander: naturalización de la violencia contra la mujer y la niñez – Corrillos
conflicto_territorial,C19,Sucre,11216,0.9770028162678567,Linero cuestionó pronunciamiento del papa sobre el presbiterado femenino
conflicto_territorial,C19,Tolima,1240,0.9660758201515484,El horror del conflicto en Tolima que comienza a develar caso de la JEP
conflicto_territorial,C19,Valle del Cauca,11262,0.9912600085675238,Calima – El Darién está en peligro
conflicto_territorial,C19,Vaupés,11371,0.9953595347161448,¿Caos en los bonos de carbono forestales? II
conflicto_territorial,C19,Vichada,11400,0.952335902684807,Habitantes de Casuarito advierten un paro en la inspección. Dicen que hay compromisos incumplidos
conflicto_territorial,C20,Amazonas,1481,0.9814627899538174,Presidente Petro escuchará fallo sobre Nicaragua en San Andrés: irá con cúpula militar
conflicto_territorial,C20,Antioquia,245,0.9778754040120551,¿Por qué el municipio de Argelia cambiará su nombre luego de 63 años?
conflicto_territorial,C20,Arauca,1691,0.9331184843489846,“La paz total también es posible si los grupos armados ilegales renuncian a combatir entre ellos mismos”
conflicto_territorial,C20,Atlántico,2184,0.9843413305653105,Sujetos irrumpen en retiro espiritual y roban pertenencias de sacerdotes en Atlántico
conflicto_territorial,C20,Bolívar,3135,0.9713592321775634,¡Atención! Bloqueos en carretera Troncal de Occidente
conflicto_territorial,C20,Boyacá,3465,0.8976284783838165,"24 de julio, natalicio Simón Bolívar, Libertador y padre de la patria"
conflicto_territorial,C20,Caldas,3841,0.7948251947196612,Memorias de corrupción para tiempos electorales
conflicto_territorial,C20,Caquetá,4079,0.9460168701768571,'Las mesas de diálogo deben ayudar a que los alcaldes podamos volver': alcalde de Tibú
conflicto_territorial,C20,Casanare,582,0.9034672238015977,Álvaro Uribe tras atentado a militares: 'La seguridad es determinante para la paz'
conflicto_territorial,C20,Cauca,4619,0.9848909215856166,Que se defiendan como puedan
conflicto_territorial,C20,Cesar,5375,0.9784087756193282,Un menor muerto y dos heridos deja ataque sicarial en El Copey (Cesar)
conflicto_territorial,C20,Chocó,749,0.9648353603181231,Elecciones amenazadas: voces de alcaldes desplazados de sus municipios
conflicto_territorial,C20,Cundinamarca,7056,0.9493829939346644,Los días de terror y guerra que en el Sumapaz no quieren revivir
conflicto_territorial,C20,Córdoba,5934,0.7744270822075529,Representante Saray Robayo acompañó campaña de limpieza de playas en los Córdobas
conflicto_territorial,C20,Guainía,805,0.3223763129351254,¿Cómo funcionará el mecanismo de verificación en cese del fuego con el Eln?
conflicto_territorial,C20,Guaviare,7269,0.9209252037868624,"Derechos Humanos y pueblos indígenas, temas tratados entre ONU y Defensoría – Marandua Stereo 100.7 FM Noticias del Guaviare"
conflicto_territorial,C20,Huila,846,0.9917535822921089,Las Farc asesinan a niña de cuatro años
conflicto_territorial,C20,La Guajira,902,0.8216768862078758,El año pasado la “violencia política” le costó la vida a 108 indígenas
conflicto_territorial,C20,Magdalena,8313,0.9406372029320444,47 personas han sido asesinadas durante el 2023 en Zona Bananera
conflicto_territorial,C20,Meta,9024,0.973546082682838,Más de 71.000 hectáreas restituidas por URT Meta
conflicto_territorial,C20,Nariño,10260,0.9787904096006048,'Solo lleva a confundir': general (r) Zapateiro criticó cese al fuego bilateral
conflicto_territorial,C20,Norte de Santander,913,0.9747523398498261,Invasiones y ataques sostenidos en el Cauca ¿quién responde? – Corrillos
conflicto_territorial,C20,Putumayo,986,0.9802594629217103,Encuentran siete cuerpos en descomposición tras combates entre disidencias de las Farc
conflicto_territorial,C20,Quindío,10416,0.9596981698908439,Mafias se dividen el Quindío para vender ‘drogas’
conflicto_territorial,C20,Risaralda,10750,0.9892898183206806,Reportero de EL TIEMPO y otros periodistas quedaron en medio de un hostigamiento
conflicto_territorial,C20,San Andrés y Providencia,10949,0.9740760227587328,¿Y qué hacer ahora con la victoria?
conflicto_territorial,C20,Santander,11080,0.975730286461536,Rodolfo Hernández: ¿por qué su candidatura está en vilo tras el fallo de la Corte?
conflicto_territorial,C20,Sucre,11187,0.80624925728443,Asesinan a exjugador de equipo de fútbol de salón en Sincelejo
conflicto_territorial,C20,Tolima,1206,0.9058115981453282,'Me tienen amenzada': mujer denuncia que sus hermanos no la dejan ver a su papá
conflicto_territorial,C20,Valle del Cauca,11262,0.9917978501102921,Calima – El Darién está en peligro
conflicto_territorial,C20,Vaupés,11371,0.9253143219378851,¿Caos en los bonos de carbono forestales? II
conflicto_territorial,C20,Vichada,11389,0.8634782662759668,"Incautaron en Cumaribo más de 9 toneladas de estaño, avaluadas en unos $1.000 millones"
conflicto_territorial,C21,Amazonas,1494,0.7788941670184888,Así será la gran cumbre por la Amazonia en Leticia a la que asistirán Petro y Lula
conflicto_territorial,C21,Antioquia,344,0.8352128220889669,"Como en ‘Los reyes del mundo’, Gobierno encontró dos fincas para víctimas del Bajo Cauca invadidas por mineros ilegales"
conflicto_territorial,C21,Arauca,1889,0.8772446971113259,Organizaciones se articulan en la región del Catatumbo y el departamento de Arauca con el proyecto “A tu lado”
conflicto_territorial,C21,Atlántico,2184,0.9708757202458056,Sujetos irrumpen en retiro espiritual y roban pertenencias de sacerdotes en Atlántico
conflicto_territorial,C21,Bolívar,3135,0.953700691046792,¡Atención! Bloqueos en carretera Troncal de Occidente
conflicto_territorial,C21,Boyacá,3465,0.8914075741467712,"24 de julio, natalicio Simón Bolívar, Libertador y padre de la patria"
conflicto_territorial,C21,Caldas,3841,0.7951090089726727,Memorias de corrupción para tiempos electorales
conflicto_territorial,C21,Caquetá,4079,0.9750580889958147,'Las mesas de diálogo deben ayudar a que los alcaldes podamos volver': alcalde de Tibú
conflicto_territorial,C21,Casanare,582,0.8877008311990241,Álvaro Uribe tras atentado a militares: 'La seguridad es determinante para la paz'
conflicto_territorial,C21,Cauca,4636,0.9684350061899493,Un muerto en guerra de pandillas en Puerto Tejada Cauca
conflicto_territorial,C21,Cesar,5687,0.9726577181496763,"Tierra, participación y paz"
conflicto_territorial,C21,Chocó,779,0.8583602975036053,Dignidad de las mujeres víctimas de violencia sexual en el conflicto armado
conflicto_territorial,C21,Cundinamarca,6831,0.9718785474996098,"Páramo de Guacheneque, así trabajan por su restauración y conservación"
conflicto_territorial,C21,Córdoba,5934,0.7772126085820167,Representante Saray Robayo acompañó campaña de limpieza de playas en los Córdobas
conflicto_territorial,C21,Guainía,804,0.4053906600839744,Tres de cada cuatro niños en Colombia consumen alimentos de paquete
conflicto_territorial,C21,Guaviare,7464,0.8420787670509583,Comerciantes piden acciones frente a hurtos de menores indígenas Jiw – Marandua Stereo 100.7 FM Noticias del Guaviare
conflicto_territorial,C21,Huila,812,0.9037988432345225,Ex concejal y conocido ganadero fue asesinado en su finca del municipio de Huila
conflicto_territorial,C21,La Guajira,897,0.7450588498514193,Secuestro de los padres de Luis Díaz: entre la arrogancia del Eln y la debilidad del gobierno nacional
conflicto_territorial,C21,Magdalena,8313,0.887876035773916,47 personas han sido asesinadas durante el 2023 en Zona Bananera
conflicto_territorial,C21,Meta,9024,0.9350735781680956,Más de 71.000 hectáreas restituidas por URT Meta
conflicto_territorial,C21,Nariño,10010,0.865456623789686,Dolor afro: sicarios asesinaron a lideresa en su casa en vereda de Tumaco
conflicto_territorial,C21,Norte de Santander,913,0.981492232461425,Invasiones y ataques sostenidos en el Cauca ¿quién responde? – Corrillos
conflicto_territorial,C21,Putumayo,949,0.9703714170399557,Duro reclamo de congresista de Curules de Paz al Gobierno por asesinato de líder social
conflicto_territorial,C21,Quindío,10376,0.9677621721068228,El municipio de Córdoba completa seis años sin homicidios
conflicto_territorial,C21,Risaralda,10750,0.9861276550755792,Reportero de EL TIEMPO y otros periodistas quedaron en medio de un hostigamiento
conflicto_territorial,C21,San Andrés y Providencia,10979,0.658767034165339,Así fue como una mujer embarazada y un niño fueron abandonados por traficantes de migrantes en un cayo.
conflicto_territorial,C21,Santander,11080,0.9300462046573617,Rodolfo Hernández: ¿por qué su candidatura está en vilo tras el fallo de la Corte?
conflicto_territorial,C21,Sucre,11209,0.8254637766854629,Masacre: Asesinaron a tres hombres en un estadero
conflicto_territorial,C21,Tolima,1240,0.8301976943042453,El horror del conflicto en Tolima que comienza a develar caso de la JEP
conflicto_territorial,C21,Valle del Cauca,11262,0.9928178133998752,Calima – El Darién está en peligro
conflicto_territorial,C21,Vaupés,11375,0.7261158670258662,El nuevo arzobispo de Villavicencio condenó los abusos dentro de la iglesia
conflicto_territorial,C21,Vichada,11398,0.7668763836050818,Asesinato de Ayendi Piña Hinojosa en Puerto Carreño. Esto sabemos
conflicto_territorial,C21b,Amazonas,1494,0.7788941670184888,Así será la gran cumbre por la Amazonia en Leticia a la que asistirán Petro y Lula
conflicto_territorial,C21b,Antioquia,344,0.8352128220889669,"Como en ‘Los reyes del mundo’, Gobierno encontró dos fincas para víctimas del Bajo Cauca invadidas por mineros ilegales"
conflicto_territorial,C21b,Arauca,1889,0.8772446971113259,Organizaciones se articulan en la región del Catatumbo y el departamento de Arauca con el proyecto “A tu lado”
conflicto_territorial,C21b,Atlántico,2184,0.9708757202458056,Sujetos irrumpen en retiro espiritual y roban pertenencias de sacerdotes en Atlántico
conflicto_territorial,C21b,Bolívar,3135,0.953700691046792,¡Atención! Bloqueos en carretera Troncal de Occidente
conflicto_territorial,C21b,Boyacá,3465,0.8914075741467712,"24 de julio, natalicio Simón Bolívar, Libertador y padre de la patria"
conflicto_territorial,C21b,Caldas,3841,0.7951090089726727,Memorias de corrupción para tiempos electorales
conflicto_territorial,C21b,Caquetá,4079,0.9750580889958147,'Las mesas de diálogo deben ayudar a que los alcaldes podamos volver': alcalde de Tibú
conflicto_territorial,C21b,Casanare,582,0.8877008311990241,Álvaro Uribe tras atentado a militares: 'La seguridad es determinante para la paz'
conflicto_territorial,C21b,Cauca,4636,0.9684350061899493,Un muerto en guerra de pandillas en Puerto Tejada Cauca
conflicto_territorial,C21b,Cesar,5687,0.9726577181496763,"Tierra, participación y paz"
conflicto_territorial,C21b,Chocó,779,0.8583602975036053,Dignidad de las mujeres víctimas de violencia sexual en el conflicto armado
conflicto_territorial,C21b,Cundinamarca,6831,0.9718785474996098,"Páramo de Guacheneque, así trabajan por su restauración y conservación"
conflicto_territorial,C21b,Córdoba,5934,0.7772126085820167,Representante Saray Robayo acompañó campaña de limpieza de playas en los Córdobas
conflicto_territorial,C21b,Guainía,804,0.4053906600839744,Tres de cada cuatro niños en Colombia consumen alimentos de paquete
conflicto_territorial,C21b,Guaviare,7464,0.8420787670509583,Comerciantes piden acciones frente a hurtos de menores indígenas Jiw – Marandua Stereo 100.7 FM Noticias del Guaviare
conflicto_territorial,C21b,Huila,812,0.9037988432345225,Ex concejal y conocido ganadero fue asesinado en su finca del municipio de Huila
conflicto_territorial,C21b,La Guajira,897,0.7450588498514193,Secuestro de los padres de Luis Díaz: entre la arrogancia del Eln y la debilidad del gobierno nacional
conflicto_territorial,C21b,Magdalena,8313,0.887876035773916,47 personas han sido asesinadas durante el 2023 en Zona Bananera
conflicto_territorial,C21b,Meta,9024,0.9350735781680956,Más de 71.000 hectáreas restituidas por URT Meta
conflicto_territorial,C21b,Nariño,10010,0.865456623789686,Dolor afro: sicarios asesinaron a lideresa en su casa en vereda de Tumaco
conflicto_territorial,C21b,Norte de Santander,913,0.981492232461425,Invasiones y ataques sostenidos en el Cauca ¿quién responde? – Corrillos
conflicto_territorial,C21b,Putumayo,949,0.9703714170399557,Duro reclamo de congresista de Curules de Paz al Gobierno por asesinato de líder social
conflicto_territorial,C21b,Quindío,10376,0.9677621721068228,El municipio de Córdoba completa seis años sin homicidios
conflicto_territorial,C21b,Risaralda,10750,0.9861276550755792,Reportero de EL TIEMPO y otros periodistas quedaron en medio de un hostigamiento
conflicto_territorial,C21b,San Andrés y Providencia,10979,0.658767034165339,Así fue como una mujer embarazada y un niño fueron abandonados por traficantes de migrantes en un cayo.
conflicto_territorial,C21b,Santander,11080,0.9300462046573617,Rodolfo Hernández: ¿por qué su candidatura está en vilo tras el fallo de la Corte?
conflicto_territorial,C21b,Sucre,11209,0.8254637766854629,Masacre: Asesinaron a tres hombres en un estadero
conflicto_territorial,C21b,Tolima,1240,0.8301976943042453,El horror del conflicto en Tolima que comienza a develar caso de la JEP
conflicto_territorial,C21b,Valle del Cauca,11262,0.9928178133998752,Calima – El Darién está en peligro
conflicto_territorial,C21b,Vaupés,11375,0.7261158670258662,El nuevo arzobispo de Villavicencio condenó los abusos dentro de la iglesia
conflicto_territorial,C21b,Vichada,11398,0.7668763836050818,Asesinato de Ayendi Piña Hinojosa en Puerto Carreño. Esto sabemos
conflicto_territorial,C22,Amazonas,1481,0.981511483480127,Presidente Petro escuchará fallo sobre Nicaragua en San Andrés: irá con cúpula militar
conflicto_territorial,C22,Antioquia,245,0.9834369336621508,¿Por qué el municipio de Argelia cambiará su nombre luego de 63 años?
conflicto_territorial,C22,Arauca,1889,0.9655872637725778,Organizaciones se articulan en la región del Catatumbo y el departamento de Arauca con el proyecto “A tu lado”
conflicto_territorial,C22,Atlántico,2309,0.9299097135360187,Los esfuerzos de Irlanda por preservar y extender su biodiversidad
conflicto_territorial,C22,Bolívar,3262,0.8912011560041201,“Lo hecho por Blel y por Dau hay que reformarlo”: Zaith Adechine
conflicto_territorial,C22,Boyacá,3465,0.8987282226830683,"24 de julio, natalicio Simón Bolívar, Libertador y padre de la patria"
conflicto_territorial,C22,Caldas,3841,0.8050584391695433,Memorias de corrupción para tiempos electorales
conflicto_territorial,C22,Caquetá,4054,0.9649793710327177,Del Yarí a Bogotá
conflicto_territorial,C22,Casanare,582,0.9033269500855448,Álvaro Uribe tras atentado a militares: 'La seguridad es determinante para la paz'
conflicto_territorial,C22,Cauca,4376,0.9631470615264359,"Comunidad de El Plateado, sur del Cauca, afectada por fuertes controles del Ejército"
conflicto_territorial,C22,Cesar,5687,0.9245221770860419,"Tierra, participación y paz"
conflicto_territorial,C22,Chocó,749,0.9577702157909718,Elecciones amenazadas: voces de alcaldes desplazados de sus municipios
conflicto_territorial,C22,Cundinamarca,7056,0.9434954090207794,Los días de terror y guerra que en el Sumapaz no quieren revivir
conflicto_territorial,C22,Córdoba,6201,0.8970800376598762,Defensoría del Pueblo recibe declaraciones sobre desaparición forzada
conflicto_territorial,C22,Guainía,805,0.1862178322604054,¿Cómo funcionará el mecanismo de verificación en cese del fuego con el Eln?
conflicto_territorial,C22,Guaviare,7464,0.8328006246824913,Comerciantes piden acciones frente a hurtos de menores indígenas Jiw – Marandua Stereo 100.7 FM Noticias del Guaviare
conflicto_territorial,C22,Huila,846,0.96643173848151,Las Farc asesinan a niña de cuatro años
conflicto_territorial,C22,La Guajira,897,0.7621613875885753,Secuestro de los padres de Luis Díaz: entre la arrogancia del Eln y la debilidad del gobierno nacional
conflicto_territorial,C22,Magdalena,8313,0.843611204600843,47 personas han sido asesinadas durante el 2023 en Zona Bananera
conflicto_territorial,C22,Meta,9024,0.9716285855669365,Más de 71.000 hectáreas restituidas por URT Meta
conflicto_territorial,C22,Nariño,10260,0.949978654148068,'Solo lleva a confundir': general (r) Zapateiro criticó cese al fuego bilateral
conflicto_territorial,C22,Norte de Santander,913,0.9477629680827213,Invasiones y ataques sostenidos en el Cauca ¿quién responde? – Corrillos
conflicto_territorial,C22,Putumayo,986,0.9781080647457875,Encuentran siete cuerpos en descomposición tras combates entre disidencias de las Farc
conflicto_territorial,C22,Quindío,10416,0.9499483105717373,Mafias se dividen el Quindío para vender ‘drogas’
conflicto_territorial,C22,Risaralda,10750,0.9073207584480663,Reportero de EL TIEMPO y otros periodistas quedaron en medio de un hostigamiento
conflicto_territorial,C22,San Andrés y Providencia,10955,0.9597298286775398,"¿Colombia, en riesgo de volver a perder mar con Nicaragua? Abecé fallo de este jueves"
conflicto_territorial,C22,Santander,11080,0.9716584182700395,Rodolfo Hernández: ¿por qué su candidatura está en vilo tras el fallo de la Corte?
conflicto_territorial,C22,Sucre,11187,0.7997617611916479,Asesinan a exjugador de equipo de fútbol de salón en Sincelejo
conflicto_territorial,C22,Tolima,1240,0.9496676033521715,El horror del conflicto en Tolima que comienza a develar caso de la JEP
conflicto_territorial,C22,Valle del Cauca,11262,0.9873490614492778,Calima – El Darién está en peligro
conflicto_territorial,C22,Vaupés,11371,0.8231357805514363,¿Caos en los bonos de carbono forestales? II
conflicto_territorial,C22,Vichada,11421,0.7340093052947544,Autosecuestro en Puerto Carreño fue descubierto en tiempo récord por las fuerzas militares y de policía
conflicto_territorial,C23,Amazonas,1481,0.9841939818811305,Presidente Petro escuchará fallo sobre Nicaragua en San Andrés: irá con cúpula militar
conflicto_territorial,C23,Antioquia,245,0.9827109306689871,¿Por qué el municipio de Argelia cambiará su nombre luego de 63 años?
conflicto_territorial,C23,Arauca,1809,0.9925897249511625,9 menores de edad habrían sido reclutados por el ELN en Arauca en el 2.023: Defensoría
conflicto_territorial,C23,Atlántico,2184,0.9901665180876028,Sujetos irrumpen en retiro espiritual y roban pertenencias de sacerdotes en Atlántico
conflicto_territorial,C23,Bolívar,3135,0.9896080721277211,¡Atención! Bloqueos en carretera Troncal de Occidente
conflicto_territorial,C23,Boyacá,3542,0.9936110335202617,Avanza la Zona de Reserva Campesina del Paraíso Escondido de Boyacá – Togüí
conflicto_territorial,C23,Caldas,3777,0.916199808773551,Caldas ya cuenta con un borrador de la política pública de paz territorial
conflicto_territorial,C23,Caquetá,4052,0.9877964668128263,"La vasectomía, un método anticonceptivo que toma fuerza en Medellín"
conflicto_territorial,C23,Casanare,519,0.9660582086404853,"‘La producción de petróleo genera impactos, por eso la comunidad debe estar informada’"
conflicto_territorial,C23,Cauca,4619,0.9859120317203991,Que se defiendan como puedan
conflicto_territorial,C23,Cesar,5579,0.9946064303363147,"Por amenazas, personero de El Copey, Cesar, abandonó el territorio"
conflicto_territorial,C23,Chocó,749,0.9642376925953726,Elecciones amenazadas: voces de alcaldes desplazados de sus municipios
conflicto_territorial,C23,Cundinamarca,7149,0.992624157374194,Dos ejemplos de elegir bien
conflicto_territorial,C23,Córdoba,6269,0.8934019520545009,Tribunal Anula Preacuerdo con Padre de Alejandro Lyons
conflicto_territorial,C23,Guainía,805,0.9550847110040078,¿Cómo funcionará el mecanismo de verificación en cese del fuego con el Eln?
conflicto_territorial,C23,Guaviare,7269,0.9663808250165804,"Derechos Humanos y pueblos indígenas, temas tratados entre ONU y Defensoría – Marandua Stereo 100.7 FM Noticias del Guaviare"
conflicto_territorial,C23,Huila,846,0.996110504330121,Las Farc asesinan a niña de cuatro años
conflicto_territorial,C23,La Guajira,902,0.9397246001668355,El año pasado la “violencia política” le costó la vida a 108 indígenas
conflicto_territorial,C23,Magdalena,7794,0.9781480261900387,Renuncia de Caicedo agita la política del Magdalena
conflicto_territorial,C23,Meta,9042,0.9915333249122688,Más de 71 mil hectáreas restituidas a campesinos e indígenas del Meta y Guaviare
conflicto_territorial,C23,Nariño,10260,0.9932368887454545,'Solo lleva a confundir': general (r) Zapateiro criticó cese al fuego bilateral
conflicto_territorial,C23,Norte de Santander,930,0.9929198179810862,«Debe establecerse una férrea unidad entre la sociedad civil y la Fuerza Pública» – Corrillos
conflicto_territorial,C23,Putumayo,955,0.99341803764846,"Cuiracuas, los indígenas siona que usan la cartografía para cuidar su territorio"
conflicto_territorial,C23,Quindío,10416,0.9629705730706928,Mafias se dividen el Quindío para vender ‘drogas’
conflicto_territorial,C23,Risaralda,10750,0.989264022188368,Reportero de EL TIEMPO y otros periodistas quedaron en medio de un hostigamiento
conflicto_territorial,C23,San Andrés y Providencia,10956,0.996549282682271,Las posibilidades que tiene Colombia ante fallo de La Haya por conflicto con Nicaragua
conflicto_territorial,C23,Santander,11126,0.9815305817359167,Santander: naturalización de la violencia contra la mujer y la niñez – Corrillos
conflicto_territorial,C23,Sucre,11216,0.9848750895433334,Linero cuestionó pronunciamiento del papa sobre el presbiterado femenino
conflicto_territorial,C23,Tolima,1240,0.9623690543816645,El horror del conflicto en Tolima que comienza a develar caso de la JEP
conflicto_territorial,C23,Valle del Cauca,11262,0.9932391966313039,Calima – El Darién está en peligro
conflicto_territorial,C23,Vaupés,11371,0.9943124967179046,¿Caos en los bonos de carbono forestales? II
conflicto_territorial,C23,Vichada,11400,0.9249750887751532,Habitantes de Casuarito advierten un paro en la inspección. Dicen que hay compromisos incumplidos
conflicto_territorial,C24,Amazonas,1481,0.9840760556903314,Presidente Petro escuchará fallo sobre Nicaragua en San Andrés: irá con cúpula militar
conflicto_territorial,C24,Antioquia,245,0.9685839343946927,¿Por qué el municipio de Argelia cambiará su nombre luego de 63 años?
conflicto_territorial,C24,Arauca,1691,0.9523632243094899,“La paz total también es posible si los grupos armados ilegales renuncian a combatir entre ellos mismos”
conflicto_territorial,C24,Atlántico,2569,0.9632228029230909,"Comunidad bloquea vía La Cordialidad, en Atlántico, por servicio de agua potable"
conflicto_territorial,C24,Bolívar,3135,0.988146153428884,¡Atención! Bloqueos en carretera Troncal de Occidente
conflicto_territorial,C24,Boyacá,3542,0.9929300102330578,Avanza la Zona de Reserva Campesina del Paraíso Escondido de Boyacá – Togüí
conflicto_territorial,C24,Caldas,3884,0.7468443012545013,En Norcasia destruyeron maquinaria avaluada en 500 millones dedicada a la minería ilegal
conflicto_territorial,C24,Caquetá,4052,0.9833337264574756,"La vasectomía, un método anticonceptivo que toma fuerza en Medellín"
conflicto_territorial,C24,Casanare,519,0.9379346535948134,"‘La producción de petróleo genera impactos, por eso la comunidad debe estar informada’"
conflicto_territorial,C24,Cauca,4636,0.9813246254177815,Un muerto en guerra de pandillas en Puerto Tejada Cauca
conflicto_territorial,C24,Cesar,5375,0.9833520980419065,Un menor muerto y dos heridos deja ataque sicarial en El Copey (Cesar)
conflicto_territorial,C24,Chocó,749,0.9625896996466927,Elecciones amenazadas: voces de alcaldes desplazados de sus municipios
conflicto_territorial,C24,Cundinamarca,7149,0.9713839131751094,Dos ejemplos de elegir bien
conflicto_territorial,C24,Córdoba,6269,0.8881699276520418,Tribunal Anula Preacuerdo con Padre de Alejandro Lyons
conflicto_territorial,C24,Guainía,805,0.9191301717777391,¿Cómo funcionará el mecanismo de verificación en cese del fuego con el Eln?
conflicto_territorial,C24,Guaviare,7207,0.8289448422321838,“No puede haber espacios vedados para la Fuerza Pública”: Defensor del Pueblo – Marandua Stereo 100.7 FM Noticias del Guaviare
conflicto_territorial,C24,Huila,846,0.9910839692932436,Las Farc asesinan a niña de cuatro años
conflicto_territorial,C24,La Guajira,897,0.7593460379830952,Secuestro de los padres de Luis Díaz: entre la arrogancia del Eln y la debilidad del gobierno nacional
conflicto_territorial,C24,Magdalena,8313,0.9339916304379287,47 personas han sido asesinadas durante el 2023 en Zona Bananera
conflicto_territorial,C24,Meta,9042,0.9666671654901785,Más de 71 mil hectáreas restituidas a campesinos e indígenas del Meta y Guaviare
conflicto_territorial,C24,Nariño,10260,0.9911143681596848,'Solo lleva a confundir': general (r) Zapateiro criticó cese al fuego bilateral
conflicto_territorial,C24,Norte de Santander,930,0.9858752344228796,«Debe establecerse una férrea unidad entre la sociedad civil y la Fuerza Pública» – Corrillos
conflicto_territorial,C24,Putumayo,955,0.9910064109179075,"Cuiracuas, los indígenas siona que usan la cartografía para cuidar su territorio"
conflicto_territorial,C24,Quindío,10416,0.946256749178758,Mafias se dividen el Quindío para vender ‘drogas’
conflicto_territorial,C24,Risaralda,10750,0.9883710579695603,Reportero de EL TIEMPO y otros periodistas quedaron en medio de un hostigamiento
conflicto_territorial,C24,San Andrés y Providencia,10956,0.9962125556672369,Las posibilidades que tiene Colombia ante fallo de La Haya por conflicto con Nicaragua
conflicto_territorial,C24,Santander,11080,0.9724099443119238,Rodolfo Hernández: ¿por qué su candidatura está en vilo tras el fallo de la Corte?
conflicto_territorial,C24,Sucre,11216,0.9587210154197554,Linero cuestionó pronunciamiento del papa sobre el presbiterado femenino
conflicto_territorial,C24,Tolima,1228,0.9272633014502303,Imputan a exfuncionario del Senado salpicado en el escándalo de Mario Castaño
conflicto_territorial,C24,Valle del Cauca,11262,0.981865761862375,Calima – El Darién está en peligro
conflicto_territorial,C24,Vaupés,11371,0.9910772616879304,¿Caos en los bonos de carbono forestales? II
conflicto_territorial,C24,Vichada,11405,0.6903223991468629,Fuerzas Militares y de policía hallaron una caleta con 5 escopetas en zona rural de Cumaribo
conflicto_territorial,C25,Amazonas,1494,0.7726387694571244,Así será la gran cumbre por la Amazonia en Leticia a la que asistirán Petro y Lula
conflicto_territorial,C25,Antioquia,344,0.8083018544795076,"Como en ‘Los reyes del mundo’, Gobierno encontró dos fincas para víctimas del Bajo Cauca invadidas por mineros ilegales"
conflicto_territorial,C25,Arauca,1629,0.7387866406690021,Personerías de Arauca y Cubará rechaza el asesinato de la Sra. Tulia Carrillo en Tame
conflicto_territorial,C25,Atlántico,2309,0.9175532163676143,Los esfuerzos de Irlanda por preservar y extender su biodiversidad
conflicto_territorial,C25,Bolívar,3125,0.6774366667530745,Petro entregará tierras a 272 familias campesinas en El Carmen de Bolívar
conflicto_territorial,C25,Boyacá,3317,0.7963473170327818,‘Siervo sin tierra’ repitió función y enamoró a más de 800 espectadores
conflicto_territorial,C25,Caldas,3708,0.6278710039787623,La Agencia Nacional de Tierras alerta por riesgo de estafas en La Dorada
conflicto_territorial,C25,Caquetá,4079,0.7932646727045047,'Las mesas de diálogo deben ayudar a que los alcaldes podamos volver': alcalde de Tibú
conflicto_territorial,C25,Casanare,547,0.4490414346912988,Militares sobre 'falsos positivos': radiografía de la búsqueda de la verdad
conflicto_territorial,C25,Cauca,4647,0.7054863307159444,Corinteño fue hallado muerto en vía de Toribío
conflicto_territorial,C25,Cesar,5687,0.9610104151539781,"Tierra, participación y paz"
conflicto_territorial,C25,Chocó,677,0.7366488033198874,Habitantes del Pueblo de la Memoria Histórica sueñan con la titulación de sus tierras
conflicto_territorial,C25,Cundinamarca,6908,0.6311419169730832,"Minambiente frena obras en El Zuque, en Bogotá: nuevo rifirrafe Gobierno - Distrito"
conflicto_territorial,C25,Córdoba,5934,0.5662341854886388,Representante Saray Robayo acompañó campaña de limpieza de playas en los Córdobas
conflicto_territorial,C25,Guainía,808,0.13908894622520013,‘La previsión es un factor clave ante la escasez de sangre en Colombia’
conflicto_territorial,C25,Guaviare,7464,0.8145243591178739,Comerciantes piden acciones frente a hurtos de menores indígenas Jiw – Marandua Stereo 100.7 FM Noticias del Guaviare
conflicto_territorial,C25,Huila,831,0.701386911697442,Bloqueos
conflicto_territorial,C25,La Guajira,897,0.4162201973326577,Secuestro de los padres de Luis Díaz: entre la arrogancia del Eln y la debilidad del gobierno nacional
conflicto_territorial,C25,Magdalena,8016,0.2596963886211903,Soldado fue asesinado cuando defendía base militar en zona rural del Valle
conflicto_territorial,C25,Meta,9024,0.977488047125318,Más de 71.000 hectáreas restituidas por URT Meta
conflicto_territorial,C25,Nariño,9635,0.7050039244848849,Corte declara Estado de Cosas Inconstitucional por violencia contra líderes sociales
conflicto_territorial,C25,Norte de Santander,913,0.8656870640308248,Invasiones y ataques sostenidos en el Cauca ¿quién responde? – Corrillos
conflicto_territorial,C25,Putumayo,955,0.9733940336598577,"Cuiracuas, los indígenas siona que usan la cartografía para cuidar su territorio"
conflicto_territorial,C25,Quindío,10416,0.8006958080507318,Mafias se dividen el Quindío para vender ‘drogas’
conflicto_territorial,C25,Risaralda,10653,0.7519595829523235,Más de 2.000 indígenas sin agua en Risaralda por ola de calor y deslizamientos
conflicto_territorial,C25,San Andrés y Providencia,10941,0.22894889297089013,Trascendiendo el centralismo: reflexiones sobre la soberanía en el Archipiélago de San Andrés y Providencia
conflicto_territorial,C25,Santander,11128,0.7700388382289576,"En Suratá y Matanza, Santander, la URT iniciará procesos de restitución de tierras – Corrillos"
conflicto_territorial,C25,Sucre,11199,0.5880439572715196,Alcalde de la Unión Sucre le incumplió a los campesinos
conflicto_territorial,C25,Tolima,1239,0.2090083353718107,Encuentran anciana desmembrada en el Tolima: investigan asesinato por robo de pensión
conflicto_territorial,C25,Valle del Cauca,11262,0.9811985470876334,Calima – El Darién está en peligro
conflicto_territorial,C25,Vaupés,11375,0.7522438887588877,El nuevo arzobispo de Villavicencio condenó los abusos dentro de la iglesia
conflicto_territorial,C25,Vichada,11392,0.608491440170593,"Microrredes, alternativa para abastecer de energía a Puerto Carreño"
conflicto_territorial,C26,Amazonas,1494,0.7219462189963382,Así será la gran cumbre por la Amazonia en Leticia a la que asistirán Petro y Lula
conflicto_territorial,C26,Antioquia,214,0.6870624052000334,Exclusivo: el frente de las disidencias de las Farc y su comandante que quieren volverse del ELN para colarse en la paz total
conflicto_territorial,C26,Arauca,1629,0.8055383748182309,Personerías de Arauca y Cubará rechaza el asesinato de la Sra. Tulia Carrillo en Tame
conflicto_territorial,C26,Atlántico,2309,0.9277195234510051,Los esfuerzos de Irlanda por preservar y extender su biodiversidad
conflicto_territorial,C26,Bolívar,3135,0.8102275952317501,¡Atención! Bloqueos en carretera Troncal de Occidente
conflicto_territorial,C26,Boyacá,3465,0.8732391743910428,"24 de julio, natalicio Simón Bolívar, Libertador y padre de la patria"
conflicto_territorial,C26,Caldas,3943,0.3599332697513945,La sede Magdalena de la Universidad de Caldas ya cuenta con un Vicerrector
conflicto_territorial,C26,Caquetá,4180,0.8196830642240948,Dura historia del policía asesinado en Caguán: 'Le repetía que no trabajara más'
conflicto_territorial,C26,Casanare,584,0.5741446511157319,"Ataque con carro bomba a unidad militar de Tame, Arauca: esto es lo que se sabe"
conflicto_territorial,C26,Cauca,4647,0.7129087898117424,Corinteño fue hallado muerto en vía de Toribío
conflicto_territorial,C26,Cesar,5687,0.9141066065098628,"Tierra, participación y paz"
conflicto_territorial,C26,Chocó,677,0.8773792204003366,Habitantes del Pueblo de la Memoria Histórica sueñan con la titulación de sus tierras
conflicto_territorial,C26,Cundinamarca,6904,0.5828145744785942,Minambiente pidió frenar obras del Distrito en El Zuque: ¿por qué?
conflicto_territorial,C26,Córdoba,5934,0.7366677021397179,Representante Saray Robayo acompañó campaña de limpieza de playas en los Córdobas
conflicto_territorial,C26,Guainía,807,0.21080309702184652,Los diez artículos TIC que tiene el Plan Nacional de Desarrollo
conflicto_territorial,C26,Guaviare,7457,0.6513133307282079,Nuevo grupo armado en Guaviare serían desertores de las disidencias del frente primero – Marandua Stereo 100.7 FM Noticias del Guaviare
conflicto_territorial,C26,Huila,812,0.8805931323304482,Ex concejal y conocido ganadero fue asesinado en su finca del municipio de Huila
conflicto_territorial,C26,La Guajira,897,0.46538225237612185,Secuestro de los padres de Luis Díaz: entre la arrogancia del Eln y la debilidad del gobierno nacional
conflicto_territorial,C26,Magdalena,8313,0.8928795711498351,47 personas han sido asesinadas durante el 2023 en Zona Bananera
conflicto_territorial,C26,Meta,9024,0.9589040767138864,Más de 71.000 hectáreas restituidas por URT Meta
conflicto_territorial,C26,Nariño,9958,0.7053155834024952,Estos son los sitios donde hay explotación de Níquel en Colombia
conflicto_territorial,C26,Norte de Santander,940,0.7954711543686467,Doce organizaciones adhirieron al paro indefinido declarado por los parameros – Corrillos
conflicto_territorial,C26,Putumayo,949,0.945188616085855,Duro reclamo de congresista de Curules de Paz al Gobierno por asesinato de líder social
conflicto_territorial,C26,Quindío,10448,0.5897973560003918,"En 2023, Teatro Azul realiza la XX Temporada de Teatro para la Vida con estudiantes de colegios públicos del Quindío"
conflicto_territorial,C26,Risaralda,10684,0.44595754371694674,Indignante: comunidad indígena habría cazado a dos jaguares en el Chocó
conflicto_territorial,C26,San Andrés y Providencia,10965,0.6075925289591025,"En medio de polémicas por retrasos en las obras, Providencia reinauguró colegio público"
conflicto_territorial,C26,Santander,11080,0.7176896393547367,Rodolfo Hernández: ¿por qué su candidatura está en vilo tras el fallo de la Corte?
conflicto_territorial,C26,Sucre,11203,0.3166233449926393,"Monteriano fue ultimado de varios disparos en Galeras, Sucre"
conflicto_territorial,C26,Tolima,1240,0.9260751064939928,El horror del conflicto en Tolima que comienza a develar caso de la JEP
conflicto_territorial,C26,Valle del Cauca,11257,0.6035540350144185,Día Internacional por la Eliminación de las Violencias hacia las Mujeres
conflicto_territorial,C26,Vaupés,11368,0.417503664638109,Atención: las razones de accidente aéreo en la selva: cuatro niños siguen desaparecidos
conflicto_territorial,C26,Vichada,11404,0.4192231849987953,La Fundación Omacha denuncia cacería de toninas en el río Orinoco
conflicto_territorial,C27,Amazonas,1481,0.7780509189891955,Presidente Petro escuchará fallo sobre Nicaragua en San Andrés: irá con cúpula militar
conflicto_territorial,C27,Antioquia,368,0.9074153720509626,No prosperan investigaciones sobre corrupción en el Área metopolitana del Valle de Aburrá
conflicto_territorial,C27,Arauca,1844,0.8628692576371865,Arauca tendrá oficina territorial del INVIAS
conflicto_territorial,C27,Atlántico,2309,0.9212965160987405,Los esfuerzos de Irlanda por preservar y extender su biodiversidad
conflicto_territorial,C27,Bolívar,3135,0.9287587071396892,¡Atención! Bloqueos en carretera Troncal de Occidente
conflicto_territorial,C27,Boyacá,3542,0.9896681731295698,Avanza la Zona de Reserva Campesina del Paraíso Escondido de Boyacá – Togüí
conflicto_territorial,C27,Caldas,3708,0.6838820373498715,La Agencia Nacional de Tierras alerta por riesgo de estafas en La Dorada
conflicto_territorial,C27,Caquetá,4056,0.8296002011854482,En la paz total ‘hay que hacer un alto en el camino’: José Félix Lafaurie
conflicto_territorial,C27,Casanare,519,0.9009419755513479,"‘La producción de petróleo genera impactos, por eso la comunidad debe estar informada’"
conflicto_territorial,C27,Cauca,4636,0.9316667909182806,Un muerto en guerra de pandillas en Puerto Tejada Cauca
conflicto_territorial,C27,Cesar,5579,0.9920652354509328,"Por amenazas, personero de El Copey, Cesar, abandonó el territorio"
conflicto_territorial,C27,Chocó,749,0.9272787526352002,Elecciones amenazadas: voces de alcaldes desplazados de sus municipios
conflicto_territorial,C27,Cundinamarca,6862,0.9830430894750966,Consejo de Estado deja por fuera a Tulio Gómez de candidatura en el Valle
conflicto_territorial,C27,Córdoba,6269,0.8846004524299641,Tribunal Anula Preacuerdo con Padre de Alejandro Lyons
conflicto_territorial,C27,Guainía,804,0.28473021577189384,Tres de cada cuatro niños en Colombia consumen alimentos de paquete
conflicto_territorial,C27,Guaviare,7464,0.8427752194224107,Comerciantes piden acciones frente a hurtos de menores indígenas Jiw – Marandua Stereo 100.7 FM Noticias del Guaviare
conflicto_territorial,C27,Huila,812,0.9019396152169444,Ex concejal y conocido ganadero fue asesinado en su finca del municipio de Huila
conflicto_territorial,C27,La Guajira,904,0.29131501937417575,"Oneida Pinto, investigada por corrupción, apareció haciendo política en La Guajira"
conflicto_territorial,C27,Magdalena,8313,0.7297587896012592,47 personas han sido asesinadas durante el 2023 en Zona Bananera
conflicto_territorial,C27,Meta,9198,0.9344261737298419,‘Estamos muy lejos de convertirnos en Electricaribe’
conflicto_territorial,C27,Nariño,9751,0.7893982382764853,Fiscalía decomisó 15 bienes que serían de red dedicada a la extracción ilegal de oro
conflicto_territorial,C27,Norte de Santander,940,0.7982955378245469,Doce organizaciones adhirieron al paro indefinido declarado por los parameros – Corrillos
conflicto_territorial,C27,Putumayo,955,0.9855128804231403,"Cuiracuas, los indígenas siona que usan la cartografía para cuidar su territorio"
conflicto_territorial,C27,Quindío,10370,0.9162913687882577,Estos son los ocho candidatos que se disputan la Gobernación del Quindío
conflicto_territorial,C27,Risaralda,10750,0.967629142220841,Reportero de EL TIEMPO y otros periodistas quedaron en medio de un hostigamiento
conflicto_territorial,C27,San Andrés y Providencia,10955,0.9507062164200685,"¿Colombia, en riesgo de volver a perder mar con Nicaragua? Abecé fallo de este jueves"
conflicto_territorial,C27,Santander,11080,0.8712827246407172,Rodolfo Hernández: ¿por qué su candidatura está en vilo tras el fallo de la Corte?
conflicto_territorial,C27,Sucre,11187,0.7746458791005133,Asesinan a exjugador de equipo de fútbol de salón en Sincelejo
conflicto_territorial,C27,Tolima,1206,0.8779467671729809,'Me tienen amenzada': mujer denuncia que sus hermanos no la dejan ver a su papá
conflicto_territorial,C27,Valle del Cauca,11262,0.9922987825434338,Calima – El Darién está en peligro
conflicto_territorial,C27,Vaupés,11371,0.9907023210604355,¿Caos en los bonos de carbono forestales? II
conflicto_territorial,C27,Vichada,11406,0.6645870375851408,Un hombre capturado en Puerto Carreño por el delito de actos sexuales con menor de 14 años
conflicto_territorial,C28,Amazonas,1481,0.598100565568215,Presidente Petro escuchará fallo sobre Nicaragua en San Andrés: irá con cúpula militar
conflicto_territorial,C28,Antioquia,327,0.5478907250546811,La crisis de seguridad llevó a gigante chino a frenar sus operaciones en mina de Buriticá
conflicto_territorial,C28,Arauca,1629,0.8456927072992695,Personerías de Arauca y Cubará rechaza el asesinato de la Sra. Tulia Carrillo en Tame
conflicto_territorial,C28,Atlántico,1951,0.4389332604743625,Dejan en libertad a cantante vallenato señalado de apuñalar a mánager en Barranquilla
conflicto_territorial,C28,Bolívar,3230,0.6893544400753614,Capturan a presuntos miembros del ELN en medio de guerra con AGC
conflicto_territorial,C28,Boyacá,3317,0.6517167332705023,‘Siervo sin tierra’ repitió función y enamoró a más de 800 espectadores
conflicto_territorial,C28,Caldas,3708,0.4156381904281133,La Agencia Nacional de Tierras alerta por riesgo de estafas en La Dorada
conflicto_territorial,C28,Caquetá,3987,0.7821108325157753,"¿Quiénes son los ‘Comandos de Frontera’, grupo que tiene sitiado Putumayo y Caquetá?"
conflicto_territorial,C28,Casanare,634,0.6985970999938274,Casanare será pionero en implementar estrategia de Atención Primaria en Salud
conflicto_territorial,C28,Cauca,4376,0.9782367811884909,"Comunidad de El Plateado, sur del Cauca, afectada por fuertes controles del Ejército"
conflicto_territorial,C28,Cesar,5687,0.8643134256961353,"Tierra, participación y paz"
conflicto_territorial,C28,Chocó,656,0.878050445007127,Desplazados de Juradó y Carmen de Atrato en Medellín
conflicto_territorial,C28,Cundinamarca,7056,0.7932950316815816,Los días de terror y guerra que en el Sumapaz no quieren revivir
conflicto_territorial,C28,Córdoba,6658,0.7247518134861299,"Córdoba se favorecerá de programa para conciliar conflictos sobre uso, tenencia y propiedad de tierras"
conflicto_territorial,C28,Guainía,808,0.14091182457421028,‘La previsión es un factor clave ante la escasez de sangre en Colombia’
conflicto_territorial,C28,Guaviare,7457,0.8258955859535422,Nuevo grupo armado en Guaviare serían desertores de las disidencias del frente primero – Marandua Stereo 100.7 FM Noticias del Guaviare
conflicto_territorial,C28,Huila,872,0.7180848400260652,El video de los militares de desminado amenazados en Huila; fueron evacuados el viernes
conflicto_territorial,C28,La Guajira,903,0.09735908337779615,Comunidades wiwa en La Guajira tendrán reparación colectiva como víctimas del conflicto
conflicto_territorial,C28,Magdalena,8313,0.8645925632781493,47 personas han sido asesinadas durante el 2023 en Zona Bananera
conflicto_territorial,C28,Meta,9024,0.9546355080106593,Más de 71.000 hectáreas restituidas por URT Meta
conflicto_territorial,C28,Nariño,10270,0.6427250744054673,Principales interrogantes que dejan los ceses del fuego bilaterales sin el Eln
conflicto_territorial,C28,Norte de Santander,940,0.7960269172697084,Doce organizaciones adhirieron al paro indefinido declarado por los parameros – Corrillos
conflicto_territorial,C28,Putumayo,955,0.9875600239208185,"Cuiracuas, los indígenas siona que usan la cartografía para cuidar su territorio"
conflicto_territorial,C28,Quindío,10416,0.8896703792093325,Mafias se dividen el Quindío para vender ‘drogas’
conflicto_territorial,C28,Risaralda,10798,0.8239567823212675,"'Ajustes de cuentas' e intolerancia, causas del aumento de los homicidios en Pereira"
conflicto_territorial,C28,San Andrés y Providencia,10955,0.9325659137947608,"¿Colombia, en riesgo de volver a perder mar con Nicaragua? Abecé fallo de este jueves"
conflicto_territorial,C28,Santander,11021,0.8703210356776789,La historia del bloque ‘para’ que ‘arrasó’ con Norte de Santander
conflicto_territorial,C28,Sucre,11214,0.6687793218679265,Capturan a dos mujeres por vender rifas ilegales en Montería
conflicto_territorial,C28,Tolima,1206,0.8738430210269066,'Me tienen amenzada': mujer denuncia que sus hermanos no la dejan ver a su papá
conflicto_territorial,C28,Valle del Cauca,11262,0.9567206189241028,Calima – El Darién está en peligro
conflicto_territorial,C28,Vaupés,11375,0.7543650304442976,El nuevo arzobispo de Villavicencio condenó los abusos dentro de la iglesia
conflicto_territorial,C28,Vichada,11406,0.4621634149400769,Un hombre capturado en Puerto Carreño por el delito de actos sexuales con menor de 14 años
conflicto_territorial,C29,Amazonas,1481,0.9676417202693378,Presidente Petro escuchará fallo sobre Nicaragua en San Andrés: irá con cúpula militar
conflicto_territorial,C29,Antioquia,153,0.5219292663837751,Elecciones 2023 | Gamonales e inexpertos luchan por el control de las alcaldías en el Bajo Cauca
conflicto_territorial,C29,Arauca,1850,0.7388503729285552,Desmovilizados de las Farc en Meta dicen que fueron desplazados de su territorio
conflicto_territorial,C29,Atlántico,1951,0.7155531806299817,Dejan en libertad a cantante vallenato señalado de apuñalar a mánager en Barranquilla
conflicto_territorial,C29,Bolívar,3165,0.46176088265013043,¿En el barrio La Esperanza están regalando casas por votos?
conflicto_territorial,C29,Boyacá,3465,0.8725542315063195,"24 de julio, natalicio Simón Bolívar, Libertador y padre de la patria"
conflicto_territorial,C29,Caldas,3708,0.2015950199518248,La Agencia Nacional de Tierras alerta por riesgo de estafas en La Dorada
conflicto_territorial,C29,Caquetá,4195,0.7155980067774101,Estos son los golpes militares que han afectado a las estructuras del Eln
conflicto_territorial,C29,Casanare,510,0.6501784056767042,"Masacre en Casanare: asesinaron a tres migrantes venezolanos, entre ellos una mujer"
conflicto_territorial,C29,Cauca,4376,0.9291645701729017,"Comunidad de El Plateado, sur del Cauca, afectada por fuertes controles del Ejército"
conflicto_territorial,C29,Cesar,5579,0.930694257131214,"Por amenazas, personero de El Copey, Cesar, abandonó el territorio"
conflicto_territorial,C29,Chocó,656,0.8591150673430614,Desplazados de Juradó y Carmen de Atrato en Medellín
conflicto_territorial,C29,Cundinamarca,7056,0.9396623124366724,Los días de terror y guerra que en el Sumapaz no quieren revivir
conflicto_territorial,C29,Córdoba,6384,0.6503970298048349,"Darío Mendoza y Fabio Otero, dos candidatos a la Alcaldía de Tierralta que se suman al Nuevo Futuro"
conflicto_territorial,C29,Guainía,808,0.13781528478210953,‘La previsión es un factor clave ante la escasez de sangre en Colombia’
conflicto_territorial,C29,Guaviare,7207,0.7342924074524013,“No puede haber espacios vedados para la Fuerza Pública”: Defensor del Pueblo – Marandua Stereo 100.7 FM Noticias del Guaviare
conflicto_territorial,C29,Huila,864,0.5797817564562339,Habla novia de contralor del Huila que lo denunció por haberla golpeado
conflicto_territorial,C29,La Guajira,904,0.11608627523337652,"Oneida Pinto, investigada por corrupción, apareció haciendo política en La Guajira"
conflicto_territorial,C29,Magdalena,8876,0.6795656618096093,Magdalena: pareja de esposos se causó la muerte en enfrentamiento con cuchillo
conflicto_territorial,C29,Meta,9248,0.823519172370229,Indígenas recuperan territorio ancestral
conflicto_territorial,C29,Nariño,10066,0.5491867243297115,Nariño llegó 36 líderes sociales asesinados desde el año pasado
conflicto_territorial,C29,Norte de Santander,920,0.8109703351603813,Alcaldes gobiernan desde el exilio: por falta garantías salieron de sus territorios – Corrillos
conflicto_territorial,C29,Putumayo,986,0.9416535291732507,Encuentran siete cuerpos en descomposición tras combates entre disidencias de las Farc
conflicto_territorial,C29,Quindío,10448,0.5414344872047362,"En 2023, Teatro Azul realiza la XX Temporada de Teatro para la Vida con estudiantes de colegios públicos del Quindío"
conflicto_territorial,C29,Risaralda,10887,0.6865435297538358,Alcalde pediría militarizar a Dosquebradas por hechos de violencia
conflicto_territorial,C29,San Andrés y Providencia,10955,0.9582454271415134,"¿Colombia, en riesgo de volver a perder mar con Nicaragua? Abecé fallo de este jueves"
conflicto_territorial,C29,Santander,11128,0.6710408479452497,"En Suratá y Matanza, Santander, la URT iniciará procesos de restitución de tierras – Corrillos"
conflicto_territorial,C29,Sucre,11204,0.620493418083611,Suegro atacó a su yerno porqué este le fue a reclamar herencia
conflicto_territorial,C29,Tolima,1206,0.9178661806556782,'Me tienen amenzada': mujer denuncia que sus hermanos no la dejan ver a su papá
conflicto_territorial,C29,Valle del Cauca,11272,0.5683487580155004,Defensoría declaró Alerta Temprana Inminente
conflicto_territorial,C29,Vaupés,11375,0.7053561667182136,El nuevo arzobispo de Villavicencio condenó los abusos dentro de la iglesia
conflicto_territorial,C29,Vichada,11428,0.16806739120588507,Vichada fue priorizado en iniciativa que busca reducir el hambre y la pobreza rural en Colombia
conflicto_territorial,C30,Amazonas,1481,0.673520824267463,Presidente Petro escuchará fallo sobre Nicaragua en San Andrés: irá con cúpula militar
conflicto_territorial,C30,Antioquia,404,0.5494422071172412,"Momento Mori, la cinta del animero de Puerto Berrío, abrirá el Festival de cine de Cartagena"
conflicto_territorial,C30,Arauca,1843,0.8099552236452137,"Afectación por artefactos explosivos en 2022, la más alta en seis años: CICR"
conflicto_territorial,C30,Atlántico,1923,0.6456546976542925,Villa Campestre: moradores se niegan a que se lea sus contadores de energía
conflicto_territorial,C30,Bolívar,3125,0.6660994374294898,Petro entregará tierras a 272 familias campesinas en El Carmen de Bolívar
conflicto_territorial,C30,Boyacá,3542,0.8822292004883855,Avanza la Zona de Reserva Campesina del Paraíso Escondido de Boyacá – Togüí
conflicto_territorial,C30,Caldas,3936,0.47336867826234164,En Pácora buscan reabrir la central de beneficio y construir una nueva variante
conflicto_territorial,C30,Caquetá,4056,0.8200891450739181,En la paz total ‘hay que hacer un alto en el camino’: José Félix Lafaurie
conflicto_territorial,C30,Casanare,510,0.6602306505922569,"Masacre en Casanare: asesinaron a tres migrantes venezolanos, entre ellos una mujer"
conflicto_territorial,C30,Cauca,4223,0.9908530999305881,Criminales sí estarían pidiendo carnet para ingresar a Bolívar Cauca
conflicto_territorial,C30,Cesar,5687,0.9616925848697407,"Tierra, participación y paz"
conflicto_territorial,C30,Chocó,677,0.9305896510432569,Habitantes del Pueblo de la Memoria Histórica sueñan con la titulación de sus tierras
conflicto_territorial,C30,Cundinamarca,7056,0.9214872249576352,Los días de terror y guerra que en el Sumapaz no quieren revivir
conflicto_territorial,C30,Córdoba,6269,0.8445853583428607,Tribunal Anula Preacuerdo con Padre de Alejandro Lyons
conflicto_territorial,C30,Guainía,805,0.26556229274169996,¿Cómo funcionará el mecanismo de verificación en cese del fuego con el Eln?
conflicto_territorial,C30,Guaviare,7457,0.8280779047350096,Nuevo grupo armado en Guaviare serían desertores de las disidencias del frente primero – Marandua Stereo 100.7 FM Noticias del Guaviare
conflicto_territorial,C30,Huila,835,0.5246745291594397,Las veces en las que ministros han tenido que aclarar anuncios del presidente Petro
conflicto_territorial,C30,La Guajira,900,0.0920746502458547,Tren que lleva agua a comunidades de La Guajira lleva dos semanas bloqueado
conflicto_territorial,C30,Magdalena,8313,0.7067105897338859,47 personas han sido asesinadas durante el 2023 en Zona Bananera
conflicto_territorial,C30,Meta,9042,0.9754842394796636,Más de 71 mil hectáreas restituidas a campesinos e indígenas del Meta y Guaviare
conflicto_territorial,C30,Nariño,10066,0.7820417278507011,Nariño llegó 36 líderes sociales asesinados desde el año pasado
conflicto_territorial,C30,Norte de Santander,940,0.7703136600474199,Doce organizaciones adhirieron al paro indefinido declarado por los parameros – Corrillos
conflicto_territorial,C30,Putumayo,986,0.9798936666800605,Encuentran siete cuerpos en descomposición tras combates entre disidencias de las Farc
conflicto_territorial,C30,Quindío,10448,0.5488371735336876,"En 2023, Teatro Azul realiza la XX Temporada de Teatro para la Vida con estudiantes de colegios públicos del Quindío"
conflicto_territorial,C30,Risaralda,10887,0.8017814881105777,Alcalde pediría militarizar a Dosquebradas por hechos de violencia
conflicto_territorial,C30,San Andrés y Providencia,10955,0.9507963554619049,"¿Colombia, en riesgo de volver a perder mar con Nicaragua? Abecé fallo de este jueves"
conflicto_territorial,C30,Santander,11021,0.7985090831474178,La historia del bloque ‘para’ que ‘arrasó’ con Norte de Santander
conflicto_territorial,C30,Sucre,11199,0.48612685404284905,Alcalde de la Unión Sucre le incumplió a los campesinos
conflicto_territorial,C30,Tolima,1206,0.9090132974807401,'Me tienen amenzada': mujer denuncia que sus hermanos no la dejan ver a su papá
conflicto_territorial,C30,Valle del Cauca,11272,0.6157978732551488,Defensoría declaró Alerta Temprana Inminente
conflicto_territorial,C30,Vaupés,11371,0.9445440170116247,¿Caos en los bonos de carbono forestales? II
conflicto_territorial,C30,Vichada,11409,0.317492499376113,Corte Constitucional ordenó protección integral para la comunidad indígena Yajotja del Vichada
conflicto_territorial,C31,Amazonas,1420,0.3676180452169211,Un camino hacia la conservación de los bosques y selvas colombianas
conflicto_territorial,C31,Antioquia,320,0.2188961917713934,“La garganta mía es estrecha para tragar sapos”: Luis Fernando Suárez responde por qué no acepta invitación del Pacto de Indiana
conflicto_territorial,C31,Arauca,1665,0.7492259509627748,URT presentará demanda de derechos territoriales étnicos sobre 30.000 hectáreas del departamento de Arauca
conflicto_territorial,C31,Atlántico,2014,0.2543680188575236,Corte escuchó a las candidatas a la Fiscalía General: ¿qué viene ahora?
conflicto_territorial,C31,Bolívar,3125,0.49179466473762695,Petro entregará tierras a 272 familias campesinas en El Carmen de Bolívar
conflicto_territorial,C31,Boyacá,3542,0.9572407237641557,Avanza la Zona de Reserva Campesina del Paraíso Escondido de Boyacá – Togüí
conflicto_territorial,C31,Caldas,3738,0.26562594350136437,"En Manizales se realizará la Semana Nacional Cambio Climático, acciones por la vida – Caldas 2023"
conflicto_territorial,C31,Caquetá,4120,0.4548248742196993,OEA hace llamado a grupos armados a detener ataques y comprometerse con la paz total
conflicto_territorial,C31,Casanare,536,0.21541099766494698,'Una cosa es exigir resultados y otra promover delitos': Uribe sobre falsos positivos
conflicto_territorial,C31,Cauca,4223,0.5483903702834305,Criminales sí estarían pidiendo carnet para ingresar a Bolívar Cauca
conflicto_territorial,C31,Cesar,5094,0.5401595693443086,'Nos preocupa que no se hayan tomado acciones': Defensor sobre riesgos electorales
conflicto_territorial,C31,Chocó,677,0.936208770259788,Habitantes del Pueblo de la Memoria Histórica sueñan con la titulación de sus tierras
conflicto_territorial,C31,Cundinamarca,6862,0.49756477900593526,Consejo de Estado deja por fuera a Tulio Gómez de candidatura en el Valle
conflicto_territorial,C31,Córdoba,6207,0.5018027940298846,"Córdoba, primer departamento de la región Caribe que implementa justicia inclusiva"
conflicto_territorial,C31,Guainía,807,0.21169879790998047,Los diez artículos TIC que tiene el Plan Nacional de Desarrollo
conflicto_territorial,C31,Guaviare,7169,0.30104619032127866,Avanza pedagogía sobre el catastro multipropósito en el Guaviare – Marandua Stereo 100.7 FM Noticias del Guaviare
conflicto_territorial,C31,Huila,812,0.07224227649069594,Ex concejal y conocido ganadero fue asesinado en su finca del municipio de Huila
conflicto_territorial,C31,La Guajira,895,0.0,Con sistema de hélices busca extraer agua potable para abastecer a comunidades de La Guajira
conflicto_territorial,C31,Magdalena,7613,0.12635370953310898,"Carlos Pinedo sería nuevo alcalde de Santa Marta, tras resolución judicial; esto sigue"
conflicto_territorial,C31,Meta,9567,0.8720340451271383,"ANT adjudica predio con cultivo de 448 hectáreas a campesinos de Puerto Gaitán, Meta"
conflicto_territorial,C31,Nariño,9812,0.20567197237837834,'Convención Americana hace parte del bloque de constitucionalidad': Petro a Procuradora
conflicto_territorial,C31,Norte de Santander,940,0.6565177680096328,Doce organizaciones adhirieron al paro indefinido declarado por los parameros – Corrillos
conflicto_territorial,C31,Putumayo,955,0.9603411784197977,"Cuiracuas, los indígenas siona que usan la cartografía para cuidar su territorio"
conflicto_territorial,C31,Quindío,10448,0.3318968988272397,"En 2023, Teatro Azul realiza la XX Temporada de Teatro para la Vida con estudiantes de colegios públicos del Quindío"
conflicto_territorial,C31,Risaralda,10873,0.11563838431175136,"Kevin Castillo, el campeón de ciclismo que recogía café y le huyó a las drogas"
conflicto_territorial,C31,San Andrés y Providencia,10995,0.5431804240428004,Cómo la 'histórica incomprensión' de Bogotá afectó a las islas de San Andrés
conflicto_territorial,C31,Santander,11128,0.6134398779300547,"En Suratá y Matanza, Santander, la URT iniciará procesos de restitución de tierras – Corrillos"
conflicto_territorial,C31,Sucre,11214,0.05420358351519107,Capturan a dos mujeres por vender rifas ilegales en Montería
conflicto_territorial,C31,Tolima,1366,0.21424513325935735,Gobernador de Tolima propuso construir un aeropuerto internacional en Ibagué
conflicto_territorial,C31,Valle del Cauca,11272,0.3119675074946002,Defensoría declaró Alerta Temprana Inminente
conflicto_territorial,C31,Vaupés,11376,0.37251174449489355,La fractura cultural indígena
conflicto_territorial,C31,Vichada,11430,0.0060559002435399585,Vichada inicia esta semana con su Audiencia Pública del Plan Plurianual de Inversiones
conflicto_territorial,C32,Amazonas,1481,0.8927557788745215,Presidente Petro escuchará fallo sobre Nicaragua en San Andrés: irá con cúpula militar
conflicto_territorial,C32,Antioquia,153,0.5765571982024583,Elecciones 2023 | Gamonales e inexpertos luchan por el control de las alcaldías en el Bajo Cauca
conflicto_territorial,C32,Arauca,1843,0.8480324198386135,"Afectación por artefactos explosivos en 2022, la más alta en seis años: CICR"
conflicto_territorial,C32,Atlántico,1951,0.5899376083652137,Dejan en libertad a cantante vallenato señalado de apuñalar a mánager en Barranquilla
conflicto_territorial,C32,Bolívar,3230,0.7082771995171614,Capturan a presuntos miembros del ELN en medio de guerra con AGC
conflicto_territorial,C32,Boyacá,3542,0.9253176705415659,Avanza la Zona de Reserva Campesina del Paraíso Escondido de Boyacá – Togüí
conflicto_territorial,C32,Caldas,3708,0.505743483873396,La Agencia Nacional de Tierras alerta por riesgo de estafas en La Dorada
conflicto_territorial,C32,Caquetá,4056,0.8254482965563306,En la paz total ‘hay que hacer un alto en el camino’: José Félix Lafaurie
conflicto_territorial,C32,Casanare,510,0.657525580399096,"Masacre en Casanare: asesinaron a tres migrantes venezolanos, entre ellos una mujer"
conflicto_territorial,C32,Cauca,4376,0.9759355432814981,"Comunidad de El Plateado, sur del Cauca, afectada por fuertes controles del Ejército"
conflicto_territorial,C32,Cesar,5579,0.9659520083072184,"Por amenazas, personero de El Copey, Cesar, abandonó el territorio"
conflicto_territorial,C32,Chocó,677,0.931599232335655,Habitantes del Pueblo de la Memoria Histórica sueñan con la titulación de sus tierras
conflicto_territorial,C32,Cundinamarca,7056,0.9445245457892493,Los días de terror y guerra que en el Sumapaz no quieren revivir
conflicto_territorial,C32,Córdoba,6658,0.7740427227620481,"Córdoba se favorecerá de programa para conciliar conflictos sobre uso, tenencia y propiedad de tierras"
conflicto_territorial,C32,Guainía,805,0.1664242057739878,¿Cómo funcionará el mecanismo de verificación en cese del fuego con el Eln?
conflicto_territorial,C32,Guaviare,7457,0.8281645679883622,Nuevo grupo armado en Guaviare serían desertores de las disidencias del frente primero – Marandua Stereo 100.7 FM Noticias del Guaviare
conflicto_territorial,C32,Huila,820,0.7918937552389931,Denuncian que grupos armados en Cauca usan escuelas como escudos
conflicto_territorial,C32,La Guajira,900,0.15673665258466907,Tren que lleva agua a comunidades de La Guajira lleva dos semanas bloqueado
conflicto_territorial,C32,Magdalena,8313,0.7081736678185604,47 personas han sido asesinadas durante el 2023 en Zona Bananera
conflicto_territorial,C32,Meta,9042,0.9865391464735724,Más de 71 mil hectáreas restituidas a campesinos e indígenas del Meta y Guaviare
conflicto_territorial,C32,Nariño,10253,0.6496723450831103,"Disidencias 'Carlos Patiño', tras secuestro de dos militares en Cauca"
conflicto_territorial,C32,Norte de Santander,940,0.7906748577097069,Doce organizaciones adhirieron al paro indefinido declarado por los parameros – Corrillos
conflicto_territorial,C32,Putumayo,955,0.9941179530691051,"Cuiracuas, los indígenas siona que usan la cartografía para cuidar su territorio"
conflicto_territorial,C32,Quindío,10416,0.9274072826780072,Mafias se dividen el Quindío para vender ‘drogas’
conflicto_territorial,C32,Risaralda,10887,0.7993970745676893,Alcalde pediría militarizar a Dosquebradas por hechos de violencia
conflicto_territorial,C32,San Andrés y Providencia,10955,0.9570651626378942,"¿Colombia, en riesgo de volver a perder mar con Nicaragua? Abecé fallo de este jueves"
conflicto_territorial,C32,Santander,11128,0.8429192635480002,"En Suratá y Matanza, Santander, la URT iniciará procesos de restitución de tierras – Corrillos"
conflicto_territorial,C32,Sucre,11214,0.5486508342325122,Capturan a dos mujeres por vender rifas ilegales en Montería
conflicto_territorial,C32,Tolima,1206,0.9082168242413986,'Me tienen amenzada': mujer denuncia que sus hermanos no la dejan ver a su papá
conflicto_territorial,C32,Valle del Cauca,11262,0.9695596920599346,Calima – El Darién está en peligro
conflicto_territorial,C32,Vaupés,11371,0.9286645702302264,¿Caos en los bonos de carbono forestales? II
conflicto_territorial,C32,Vichada,11406,0.5128402564023571,Un hombre capturado en Puerto Carreño por el delito de actos sexuales con menor de 14 años
conflicto_territorial,C33,Amazonas,1409,0.3931769210339442,La historia no contada de cómo fue la búsqueda y hallazgo de los cuatro niños indígenas
conflicto_territorial,C33,Antioquia,482,0.26257093612255616,Negligencia con el cuidado del río le pasa cuenta de cobro a la ciudad
conflicto_territorial,C33,Arauca,1629,0.7482541753842142,Personerías de Arauca y Cubará rechaza el asesinato de la Sra. Tulia Carrillo en Tame
conflicto_territorial,C33,Atlántico,2711,0.24642234082307501,"En Turbaco no quieren tarifa diferencial, exigen al Gobierno que retire el peaje"
conflicto_territorial,C33,Bolívar,3125,0.5955227268194365,Petro entregará tierras a 272 familias campesinas en El Carmen de Bolívar
conflicto_territorial,C33,Boyacá,3429,0.4510568274945911,Represamiento del río Mueche pone en riesgo zonas ribereñas de seis municipios en Boyacá
conflicto_territorial,C33,Caldas,3708,0.26384274880129444,La Agencia Nacional de Tierras alerta por riesgo de estafas en La Dorada
conflicto_territorial,C33,Caquetá,4079,0.929977084312627,'Las mesas de diálogo deben ayudar a que los alcaldes podamos volver': alcalde de Tibú
conflicto_territorial,C33,Casanare,517,0.09463486445398539,Así avanza el proceso de liberación del padre de Luis Díaz en Barrancas (La Guajira)
conflicto_territorial,C33,Cauca,4260,0.2673310943539892,Don Chirimías
conflicto_territorial,C33,Cesar,4948,0.6724076426282571,Aberrante caso de militares que amarraron a un árbol y asesinaron a campesino en Cauca
conflicto_territorial,C33,Chocó,656,0.8713484883803778,Desplazados de Juradó y Carmen de Atrato en Medellín
conflicto_territorial,C33,Cundinamarca,7029,0.32921832202264867,Activan alerta por aumento de incendios forestales en Cundinamarca y la Sabana
conflicto_territorial,C33,Córdoba,6102,0.5316850795765656,Reiteran llamado al Estado a brindar soluciones a población desplazada del Manso
conflicto_territorial,C33,Guainía,808,0.060469634997830646,‘La previsión es un factor clave ante la escasez de sangre en Colombia’
conflicto_territorial,C33,Guaviare,7464,0.7442070456468094,Comerciantes piden acciones frente a hurtos de menores indígenas Jiw – Marandua Stereo 100.7 FM Noticias del Guaviare
conflicto_territorial,C33,Huila,820,0.8467956330460732,Denuncian que grupos armados en Cauca usan escuelas como escudos
conflicto_territorial,C33,La Guajira,903,0.009258781405116046,Comunidades wiwa en La Guajira tendrán reparación colectiva como víctimas del conflicto
conflicto_territorial,C33,Magdalena,7693,0.2508843798688306,Hombre golpeó a su padre con un garrote y lo dejó inconsciente
conflicto_territorial,C33,Meta,9024,0.8130578846392708,Más de 71.000 hectáreas restituidas por URT Meta
conflicto_territorial,C33,Nariño,9782,0.10642844690935183,Tutela en la Corte pone lupa a grietas del programa de sustitución de coca en Nariño
conflicto_territorial,C33,Norte de Santander,907,0.5675587176333963,Indepaz confirmó la masacre número 93 del año – Corrillos
conflicto_territorial,C33,Putumayo,949,0.9535902838360365,Duro reclamo de congresista de Curules de Paz al Gobierno por asesinato de líder social
conflicto_territorial,C33,Quindío,10448,0.47686818827174104,"En 2023, Teatro Azul realiza la XX Temporada de Teatro para la Vida con estudiantes de colegios públicos del Quindío"
conflicto_territorial,C33,Risaralda,10725,0.021885507435722706,Denunciamos contrato por 909 millones del exalcalde de Balboa y Fiscalía imputa dos contratistas
conflicto_territorial,C33,San Andrés y Providencia,10941,0.2732904666397448,Trascendiendo el centralismo: reflexiones sobre la soberanía en el Archipiélago de San Andrés y Providencia
conflicto_territorial,C33,Santander,11066,0.4590636265817859,"Presidente Petro responsabiliza a las disidencias por atentado en Buenos Aires, Cauca"
conflicto_territorial,C33,Sucre,11199,0.4282035173824564,Alcalde de la Unión Sucre le incumplió a los campesinos
conflicto_territorial,C33,Tolima,1206,0.37139589919428806,'Me tienen amenzada': mujer denuncia que sus hermanos no la dejan ver a su papá
conflicto_territorial,C33,Valle del Cauca,11262,0.9435943644504838,Calima – El Darién está en peligro
conflicto_territorial,C33,Vaupés,11375,0.6811451130343572,El nuevo arzobispo de Villavicencio condenó los abusos dentro de la iglesia
conflicto_territorial,C33,Vichada,11410,0.427142850801436,Incautan más de 500 mil dólares falsos que serían utilizados en actividades delictivas en Vichada y la Orinoquía
conflicto_territorial,C34,Amazonas,1494,0.7129933237731497,Así será la gran cumbre por la Amazonia en Leticia a la que asistirán Petro y Lula
conflicto_territorial,C34,Antioquia,11,0.6727343430242578,“Pusimos a Corantioquia en el corazón de los antioqueños”
conflicto_territorial,C34,Arauca,1629,0.8261072700911866,Personerías de Arauca y Cubará rechaza el asesinato de la Sra. Tulia Carrillo en Tame
conflicto_territorial,C34,Atlántico,2304,0.5593635606192386,"ONU reconoce esfuerzos para proteger a líderes sociales, pero lanza alerta por masacres"
conflicto_territorial,C34,Bolívar,3140,0.6237687701984955,Continúan las jornadas de atención a víctimas del conflicto armado en Bolívar
conflicto_territorial,C34,Boyacá,3317,0.7658802043428689,‘Siervo sin tierra’ repitió función y enamoró a más de 800 espectadores
conflicto_territorial,C34,Caldas,3943,0.5883711394193577,La sede Magdalena de la Universidad de Caldas ya cuenta con un Vicerrector
conflicto_territorial,C34,Caquetá,4017,0.8677090492451878,Partido Comunes cita a control político a Alto Comisionado y al ministro Velasco
conflicto_territorial,C34,Casanare,626,0.40778820169854874,Madre permitió que su pareja violara durante años a su hija menor de 14 años
conflicto_territorial,C34,Cauca,4260,0.8699021902898497,Don Chirimías
conflicto_territorial,C34,Cesar,5094,0.5707974100671878,'Nos preocupa que no se hayan tomado acciones': Defensor sobre riesgos electorales
conflicto_territorial,C34,Chocó,656,0.8582325531734315,Desplazados de Juradó y Carmen de Atrato en Medellín
conflicto_territorial,C34,Cundinamarca,6831,0.6941366612490859,"Páramo de Guacheneque, así trabajan por su restauración y conservación"
conflicto_territorial,C34,Córdoba,5934,0.766493733695073,Representante Saray Robayo acompañó campaña de limpieza de playas en los Córdobas
conflicto_territorial,C34,Guainía,807,0.5542722275493698,Los diez artículos TIC que tiene el Plan Nacional de Desarrollo
conflicto_territorial,C34,Guaviare,7464,0.7977427123235601,Comerciantes piden acciones frente a hurtos de menores indígenas Jiw – Marandua Stereo 100.7 FM Noticias del Guaviare
conflicto_territorial,C34,Huila,820,0.7822966061664027,Denuncian que grupos armados en Cauca usan escuelas como escudos
conflicto_territorial,C34,La Guajira,901,0.011686568173984108,Cerrejón ha entregado 27 millones litros de agua a comunidades de La Guajira
conflicto_territorial,C34,Magdalena,8313,0.8860748786264898,47 personas han sido asesinadas durante el 2023 en Zona Bananera
conflicto_territorial,C34,Meta,9610,0.7324592234286295,¡Macabro! Hombre asesinó a su mamá en San Martín
conflicto_territorial,C34,Nariño,9919,0.5466316893949034,Cayó poderoso arsenal de disidencias con el que se pretendía atacar a la Fuerza Pública
conflicto_territorial,C34,Norte de Santander,919,0.8241209607571667,Inadecuada implementación del Acuerdo de Paz disparó la deforestación
conflicto_territorial,C34,Putumayo,1035,0.8963305587062882,Volver a barajar
conflicto_territorial,C34,Quindío,10376,0.9433713142475133,El municipio de Córdoba completa seis años sin homicidios
conflicto_territorial,C34,Risaralda,10737,0.6126939995320053,Aumento de casos de malaria en Risaralda
conflicto_territorial,C34,San Andrés y Providencia,10985,0.5311149039041734,Armada de Colombia aporta al control de especies invasoras en el Mar Caribe
conflicto_territorial,C34,Santander,11127,0.47860889937820916,Alerta en Norte de Santander por atentado en el que murió precandidato al Concejo
conflicto_territorial,C34,Sucre,11187,0.7193017282678795,Asesinan a exjugador de equipo de fútbol de salón en Sincelejo
conflicto_territorial,C34,Tolima,1240,0.7562220346341609,El horror del conflicto en Tolima que comienza a develar caso de la JEP
conflicto_territorial,C34,Valle del Cauca,11262,0.9508506038359297,Calima – El Darién está en peligro
conflicto_territorial,C34,Vaupés,11375,0.7511580008976964,El nuevo arzobispo de Villavicencio condenó los abusos dentro de la iglesia
conflicto_territorial,C34,Vichada,11381,0.25603044714819323,La primaverensidad es joropo
resistencia_territorial,R01,Amazonas,1455,0.6648615151061761,Más de 136.000 toneladas de productos no han transitado por cierres en la vía al Llano
resistencia_territorial,R01,Antioquia,214,0.7672928357718241,Exclusivo: el frente de las disidencias de las Farc y su comandante que quieren volverse del ELN para colarse en la paz total
resistencia_territorial,R01,Arauca,1629,0.8589224849118038,Personerías de Arauca y Cubará rechaza el asesinato de la Sra. Tulia Carrillo en Tame
resistencia_territorial,R01,Atlántico,2569,0.9755871037349463,"Comunidad bloquea vía La Cordialidad, en Atlántico, por servicio de agua potable"
resistencia_territorial,R01,Bolívar,3135,0.9823671391736108,¡Atención! Bloqueos en carretera Troncal de Occidente
resistencia_territorial,R01,Boyacá,3542,0.9607298808564144,Avanza la Zona de Reserva Campesina del Paraíso Escondido de Boyacá – Togüí
resistencia_territorial,R01,Caldas,3728,0.4706920660300413,"Gobernación entregó diez viviendas en Aguadas, Chinchiná y Victoria"
resistencia_territorial,R01,Caquetá,4173,0.8779615976956135,Las imágenes del conmovedor homenaje a policía asesinado en Caquetá
resistencia_territorial,R01,Casanare,519,0.9615804404763468,"‘La producción de petróleo genera impactos, por eso la comunidad debe estar informada’"
resistencia_territorial,R01,Cauca,4649,0.6536528606648073,Asesinan a Jhon Jenner Hurtado guarda de seguridad en Miranda Cauca
resistencia_territorial,R01,Cesar,4953,0.5461167207483819,Envían a la cárcel a presuntos responsables del incendio de la Registraduría de Gamarra
resistencia_territorial,R01,Chocó,669,0.7384834154997058,"Jaūriperabu o la enfermedad del susto: así actuó el ERG en Chocó, Risaralda y Antioquia"
resistencia_territorial,R01,Cundinamarca,7044,0.8239096253481942,Las razones de la Anla para archivar licencia ambiental del Regiotram de Occidente
resistencia_territorial,R01,Córdoba,5984,0.802011084100805,"Por falencias en el PAE en algunas regiones, Defensor del Pueblo solicita medidas para su adecuada implementación"
resistencia_territorial,R01,Guainía,804,0.15645952864561552,Tres de cada cuatro niños en Colombia consumen alimentos de paquete
resistencia_territorial,R01,Guaviare,7319,0.788635223061065,Charras – Guaviare: Gobierno rechaza chantaje de grupos armados ilegales – Marandua Stereo 100.7 FM Noticias del Guaviare
resistencia_territorial,R01,Huila,874,0.7257195612105365,Golpe a la extracción ilegal de oro: capturan a siete personas en vereda de Huila
resistencia_territorial,R01,La Guajira,900,0.24390515773257837,Tren que lleva agua a comunidades de La Guajira lleva dos semanas bloqueado
resistencia_territorial,R01,Magdalena,8622,0.7200082458586998,Semana Santa: Conozca y lea el viacrucis de los migrantes
resistencia_territorial,R01,Meta,9563,0.7888068438920356,"Marcela Amaya, a juicio por presunta exigencia de dinero a un subalterno"
resistencia_territorial,R01,Nariño,10270,0.6395047826772645,Principales interrogantes que dejan los ceses del fuego bilaterales sin el Eln
resistencia_territorial,R01,Norte de Santander,940,0.7983336176647557,Doce organizaciones adhirieron al paro indefinido declarado por los parameros – Corrillos
resistencia_territorial,R01,Putumayo,1066,0.9234721861678842,Estallido social en Los Pozos: expresión de años de reclamos desatendidos
resistencia_territorial,R01,Quindío,10448,0.589348061229903,"En 2023, Teatro Azul realiza la XX Temporada de Teatro para la Vida con estudiantes de colegios públicos del Quindío"
resistencia_territorial,R01,Risaralda,10865,0.5429065090116869,Viva Air: situación de aerolínea afecta fuertemente turismo en el Eje Cafetero
resistencia_territorial,R01,San Andrés y Providencia,10993,0.7062942762151703,Marcha pacífica terminó en bloqueos y caos en aeropuerto de San Andrés
resistencia_territorial,R01,Santander,11125,0.7718291001627319,Atentado en Tibú: estos son los dos policías que murieron en el ataque con explosivos
resistencia_territorial,R01,Sucre,11214,0.6585590139171438,Capturan a dos mujeres por vender rifas ilegales en Montería
resistencia_territorial,R01,Tolima,1196,0.4767610153350767,Cortolima pide respetar la vida de jaguar avistado en el Bosque de Galilea
resistencia_territorial,R01,Valle del Cauca,11272,0.6199079809115843,Defensoría declaró Alerta Temprana Inminente
resistencia_territorial,R01,Vaupés,11375,0.7270438558317681,El nuevo arzobispo de Villavicencio condenó los abusos dentro de la iglesia
resistencia_territorial,R01,Vichada,11431,0.7273557013238703,Estado crítico en el suministro del agua potable en el casco urbano de Puerto Carreño. Conozca el plan de contingencia para abastecimiento del vital líquido
resistencia_territorial,R02,Amazonas,1548,0.928167527573953,Defensoría: en cese al fuego bilateral han sido asesinados 5 líderes sociales
resistencia_territorial,R02,Antioquia,245,0.9700186262350065,¿Por qué el municipio de Argelia cambiará su nombre luego de 63 años?
resistencia_territorial,R02,Arauca,1809,0.9768609341638647,9 menores de edad habrían sido reclutados por el ELN en Arauca en el 2.023: Defensoría
resistencia_territorial,R02,Atlántico,2569,0.9789291178361139,"Comunidad bloquea vía La Cordialidad, en Atlántico, por servicio de agua potable"
resistencia_territorial,R02,Bolívar,3135,0.9908072913772529,¡Atención! Bloqueos en carretera Troncal de Occidente
resistencia_territorial,R02,Boyacá,3542,0.991506561955636,Avanza la Zona de Reserva Campesina del Paraíso Escondido de Boyacá – Togüí
resistencia_territorial,R02,Caldas,3909,0.6224078482198593,Consultorio jurídico de la Universidad de Caldas tiene nuevo horario de atención al público
resistencia_territorial,R02,Caquetá,3969,0.9223223417614418,Los detalles de la reunión del presidente Petro con los 17 gobernadores 'lejanos'
resistencia_territorial,R02,Casanare,641,0.9723762413000151,Problemas en el territorio / Análisis de Ricardo Ávila
resistencia_territorial,R02,Cauca,4782,0.9976029638133198,"Brayan fue asesinado en El Bordo, sur del Cauca"
resistencia_territorial,R02,Cesar,5579,0.9932204497429552,"Por amenazas, personero de El Copey, Cesar, abandonó el territorio"
resistencia_territorial,R02,Chocó,749,0.9606262136153371,Elecciones amenazadas: voces de alcaldes desplazados de sus municipios
resistencia_territorial,R02,Cundinamarca,7056,0.8968189424467574,Los días de terror y guerra que en el Sumapaz no quieren revivir
resistencia_territorial,R02,Córdoba,6102,0.9200822514745897,Reiteran llamado al Estado a brindar soluciones a población desplazada del Manso
resistencia_territorial,R02,Guainía,804,0.3463354253033787,Tres de cada cuatro niños en Colombia consumen alimentos de paquete
resistencia_territorial,R02,Guaviare,7278,0.8953337542657624,"Pedro Arenas, integra delegación para iniciar diálogos con el EMC de las Farc – Marandua Stereo 100.7 FM Noticias del Guaviare"
resistencia_territorial,R02,Huila,846,0.9946988556648105,Las Farc asesinan a niña de cuatro años
resistencia_territorial,R02,La Guajira,903,0.8636566916195327,Comunidades wiwa en La Guajira tendrán reparación colectiva como víctimas del conflicto
resistencia_territorial,R02,Magdalena,8313,0.9205010514487544,47 personas han sido asesinadas durante el 2023 en Zona Bananera
resistencia_territorial,R02,Meta,9198,0.9170801683040524,‘Estamos muy lejos de convertirnos en Electricaribe’
resistencia_territorial,R02,Nariño,10260,0.9935630926631706,'Solo lleva a confundir': general (r) Zapateiro criticó cese al fuego bilateral
resistencia_territorial,R02,Norte de Santander,930,0.8319215758814875,«Debe establecerse una férrea unidad entre la sociedad civil y la Fuerza Pública» – Corrillos
resistencia_territorial,R02,Putumayo,949,0.9664313699808851,Duro reclamo de congresista de Curules de Paz al Gobierno por asesinato de líder social
resistencia_territorial,R02,Quindío,10416,0.9203647173352294,Mafias se dividen el Quindío para vender ‘drogas’
resistencia_territorial,R02,Risaralda,10887,0.8181701766648726,Alcalde pediría militarizar a Dosquebradas por hechos de violencia
resistencia_territorial,R02,San Andrés y Providencia,10993,0.9714531234209504,Marcha pacífica terminó en bloqueos y caos en aeropuerto de San Andrés
resistencia_territorial,R02,Santander,11105,0.9392694281156783,El irracional miedo hacia la diversidad sexual en Santander – Corrillos
resistencia_territorial,R02,Sucre,11206,0.9760982957901939,JEP concedió libertad condicional al exgobernador de Sucre Salvador Arana
resistencia_territorial,R02,Tolima,1305,0.840572679146951,El hombre que mató a su hijo en Melgar tenía ideación suicida
resistencia_territorial,R02,Valle del Cauca,11284,0.9515117153142187,"Presidente, hay que defender a los civiles"
resistencia_territorial,R02,Vaupés,11356,0.8547925488767827,Disidencias de las Farc en Guaviare anuncian que suspenden ataques a la fuerza pública
resistencia_territorial,R02,Vichada,11400,0.9472568689250733,Habitantes de Casuarito advierten un paro en la inspección. Dicen que hay compromisos incumplidos
resistencia_territorial,R03,Amazonas,1481,0.9442927708946496,Presidente Petro escuchará fallo sobre Nicaragua en San Andrés: irá con cúpula militar
resistencia_territorial,R03,Antioquia,145,0.9470848880730528,"Arriendos e inseguridad sacan a los comerciantes de El Poblado, ¿qué está pasando?"
resistencia_territorial,R03,Arauca,1809,0.9961211190594284,9 menores de edad habrían sido reclutados por el ELN en Arauca en el 2.023: Defensoría
resistencia_territorial,R03,Atlántico,2184,0.9836557287503808,Sujetos irrumpen en retiro espiritual y roban pertenencias de sacerdotes en Atlántico
resistencia_territorial,R03,Bolívar,3135,0.989826486609673,¡Atención! Bloqueos en carretera Troncal de Occidente
resistencia_territorial,R03,Boyacá,3542,0.9862434036346148,Avanza la Zona de Reserva Campesina del Paraíso Escondido de Boyacá – Togüí
resistencia_territorial,R03,Caldas,3751,0.9182463083282042,Nueve personas fueron capturadas en Chinchiná
resistencia_territorial,R03,Caquetá,4052,0.9865990442276041,"La vasectomía, un método anticonceptivo que toma fuerza en Medellín"
resistencia_territorial,R03,Casanare,641,0.9802341141424409,Problemas en el territorio / Análisis de Ricardo Ávila
resistencia_territorial,R03,Cauca,4782,0.9954044358043601,"Brayan fue asesinado en El Bordo, sur del Cauca"
resistencia_territorial,R03,Cesar,5579,0.9928008344479797,"Por amenazas, personero de El Copey, Cesar, abandonó el territorio"
resistencia_territorial,R03,Chocó,749,0.9636379063733248,Elecciones amenazadas: voces de alcaldes desplazados de sus municipios
resistencia_territorial,R03,Cundinamarca,6862,0.9868594754780711,Consejo de Estado deja por fuera a Tulio Gómez de candidatura en el Valle
resistencia_territorial,R03,Córdoba,6596,0.9202501487619248,"""Haber formado la Unicórdoba es un aporte transformador a la región y al país"": Jairo Torres Oviedo"
resistencia_territorial,R03,Guainía,805,0.763084008175042,¿Cómo funcionará el mecanismo de verificación en cese del fuego con el Eln?
resistencia_territorial,R03,Guaviare,7269,0.9911734876440793,"Derechos Humanos y pueblos indígenas, temas tratados entre ONU y Defensoría – Marandua Stereo 100.7 FM Noticias del Guaviare"
resistencia_territorial,R03,Huila,812,0.9438681794442353,Ex concejal y conocido ganadero fue asesinado en su finca del municipio de Huila
resistencia_territorial,R03,La Guajira,902,0.9324445198482642,El año pasado la “violencia política” le costó la vida a 108 indígenas
resistencia_territorial,R03,Magdalena,7896,0.9451625548937881,"Ecofest Karaya, la iniciativa que arrancó para preservar medio ambiente en Santa Marta"
resistencia_territorial,R03,Meta,9029,0.9773946588645368,Gobernadora electa del Meta se reunió con Petro y Bachelet
resistencia_territorial,R03,Nariño,10260,0.988320228721728,'Solo lleva a confundir': general (r) Zapateiro criticó cese al fuego bilateral
resistencia_territorial,R03,Norte de Santander,927,0.9906843103910487,“Negar reclutamiento de menores en el ELN es negar una realidad evidente”: Defensor del Pueblo – Corrillos
resistencia_territorial,R03,Putumayo,955,0.9939922230960285,"Cuiracuas, los indígenas siona que usan la cartografía para cuidar su territorio"
resistencia_territorial,R03,Quindío,10376,0.9798841033698047,El municipio de Córdoba completa seis años sin homicidios
resistencia_territorial,R03,Risaralda,10750,0.9916988488519931,Reportero de EL TIEMPO y otros periodistas quedaron en medio de un hostigamiento
resistencia_territorial,R03,San Andrés y Providencia,10993,0.9764460794861555,Marcha pacífica terminó en bloqueos y caos en aeropuerto de San Andrés
resistencia_territorial,R03,Santander,11138,0.9917984925435465,Lugares para resignificar y ponerle fin a la indiferencia – Corrillos
resistencia_territorial,R03,Sucre,11206,0.9843199338391682,JEP concedió libertad condicional al exgobernador de Sucre Salvador Arana
resistencia_territorial,R03,Tolima,1109,0.9790843042583262,¿Por qué capturaron a senador Ciro Ramírez? Caso tiene que ver con red de Mario Castaño
resistencia_territorial,R03,Valle del Cauca,11262,0.9795087434929779,Calima – El Darién está en peligro
resistencia_territorial,R03,Vaupés,11345,0.9142120304784622,Cuarta División del Ejército le cumplió el sueño de Navidad a 15 niños y niñas
resistencia_territorial,R03,Vichada,11400,0.9515193796998009,Habitantes de Casuarito advierten un paro en la inspección. Dicen que hay compromisos incumplidos
resistencia_territorial,R04,Amazonas,1481,0.9823033097601032,Presidente Petro escuchará fallo sobre Nicaragua en San Andrés: irá con cúpula militar
resistencia_territorial,R04,Antioquia,245,0.9845188176172354,¿Por qué el municipio de Argelia cambiará su nombre luego de 63 años?
resistencia_territorial,R04,Arauca,1809,0.983407086534732,9 menores de edad habrían sido reclutados por el ELN en Arauca en el 2.023: Defensoría
resistencia_territorial,R04,Atlántico,2184,0.9881062808750842,Sujetos irrumpen en retiro espiritual y roban pertenencias de sacerdotes en Atlántico
resistencia_territorial,R04,Bolívar,3135,0.9845544542886205,¡Atención! Bloqueos en carretera Troncal de Occidente
resistencia_territorial,R04,Boyacá,3390,0.957095991789205,Morris se le metió a la sede de Rodrigo Rojas y provocó escándalo
resistencia_territorial,R04,Caldas,3900,0.911839459183504,Empocaldas entregó obras de mejoramiento de acueducto y alcantarillado en Belalcázar
resistencia_territorial,R04,Caquetá,4079,0.9596963787398165,'Las mesas de diálogo deben ayudar a que los alcaldes podamos volver': alcalde de Tibú
resistencia_territorial,R04,Casanare,569,0.9730557621762896,Puente 'Los Grillos': Mintransporte admite opción de que no tenga póliza de seguros
resistencia_territorial,R04,Cauca,4782,0.9840627641510845,"Brayan fue asesinado en El Bordo, sur del Cauca"
resistencia_territorial,R04,Cesar,5579,0.9926114103365212,"Por amenazas, personero de El Copey, Cesar, abandonó el territorio"
resistencia_territorial,R04,Chocó,749,0.965266463950317,Elecciones amenazadas: voces de alcaldes desplazados de sus municipios
resistencia_territorial,R04,Cundinamarca,7111,0.9807003063470429,"Sin electricidad quedaron habitantes de 9 municipios de Cundinamarca, ¿qué responde Enel?"
resistencia_territorial,R04,Córdoba,6323,0.8862236163288664,Padre e hija mueren ahogados en Puerto Libertador
resistencia_territorial,R04,Guainía,804,0.4949645662132455,Tres de cada cuatro niños en Colombia consumen alimentos de paquete
resistencia_territorial,R04,Guaviare,7335,0.9065878468264315,Encuentran nuevas pistas de menores desaparecidos en Caquetá y Guaviare – Marandua Stereo 100.7 FM Noticias del Guaviare
resistencia_territorial,R04,Huila,846,0.9548238239765219,Las Farc asesinan a niña de cuatro años
resistencia_territorial,R04,La Guajira,897,0.7408196988926743,Secuestro de los padres de Luis Díaz: entre la arrogancia del Eln y la debilidad del gobierno nacional
resistencia_territorial,R04,Magdalena,8313,0.9240960043496015,47 personas han sido asesinadas durante el 2023 en Zona Bananera
resistencia_territorial,R04,Meta,9236,0.966381861157255,Capturan a exdirectora de Cormacarena por caso de corrupción
resistencia_territorial,R04,Nariño,9721,0.9500574539986444,Informe: Bogotá cae 16 puestos en su desempeño en salud / Estas serían las razones
resistencia_territorial,R04,Norte de Santander,931,0.964816613154759,"Lucha contra el crimen: no es el indio, es la estrategia, el modelo y la tribu – Corrillos"
resistencia_territorial,R04,Putumayo,1091,0.984927048665291,Drama de familia caleña varada en Terminal de Pasto por derrumbe
resistencia_territorial,R04,Quindío,10376,0.9632767314701131,El municipio de Córdoba completa seis años sin homicidios
resistencia_territorial,R04,Risaralda,10750,0.9885073664589645,Reportero de EL TIEMPO y otros periodistas quedaron en medio de un hostigamiento
resistencia_territorial,R04,San Andrés y Providencia,10993,0.9788326759714381,Marcha pacífica terminó en bloqueos y caos en aeropuerto de San Andrés
resistencia_territorial,R04,Santander,11138,0.9855591967546474,Lugares para resignificar y ponerle fin a la indiferencia – Corrillos
resistencia_territorial,R04,Sucre,11206,0.9894595284810428,JEP concedió libertad condicional al exgobernador de Sucre Salvador Arana
resistencia_territorial,R04,Tolima,1155,0.9764106624624755,Vía Bogotá- Girardot: habilitan paso en la 'Nariz del Diablo' tras deslizamiento
resistencia_territorial,R04,Valle del Cauca,11262,0.9860973310035641,Calima – El Darién está en peligro
resistencia_territorial,R04,Vaupés,11364,0.8983380786307633,La digitalización de la justicia en clave de brecha digital
resistencia_territorial,R04,Vichada,11389,0.9017742715007582,"Incautaron en Cumaribo más de 9 toneladas de estaño, avaluadas en unos $1.000 millones"
resistencia_territorial,R05,Amazonas,1385,0.3438226911603165,Gaseosas: ¿qué efectos tienen estas bebidas en el cuerpo humano? Aquí le contamos
resistencia_territorial,R05,Antioquia,79,0.5769558195456959,“Hay intenciones de orquestar una toma hostil en el Metro para darle un manejo politiquero”: Aníbal Gaviria
resistencia_territorial,R05,Arauca,1629,0.8545734249864628,Personerías de Arauca y Cubará rechaza el asesinato de la Sra. Tulia Carrillo en Tame
resistencia_territorial,R05,Atlántico,2569,0.8610309688034324,"Comunidad bloquea vía La Cordialidad, en Atlántico, por servicio de agua potable"
resistencia_territorial,R05,Bolívar,3135,0.9833623152761505,¡Atención! Bloqueos en carretera Troncal de Occidente
resistencia_territorial,R05,Boyacá,3480,0.8618754912077977,Alcaldes de Valderrama piden cita con el Gobernador de Boyacá
resistencia_territorial,R05,Caldas,3735,0.19729308235657225,Policía capturó a cuatro personas por tala indiscriminada de árboles en Caldas
resistencia_territorial,R05,Caquetá,4142,0.8937193152885378,"En Colombia, ir a la escuela es un desafío de supervivencia"
resistencia_territorial,R05,Casanare,641,0.6112100478722555,Problemas en el territorio / Análisis de Ricardo Ávila
resistencia_territorial,R05,Cauca,4376,0.9761996288361866,"Comunidad de El Plateado, sur del Cauca, afectada por fuertes controles del Ejército"
resistencia_territorial,R05,Cesar,4875,0.557228963530833,La película colombiana 'Un varón' busca espacios de exhibición en Estados Unidos
resistencia_territorial,R05,Chocó,656,0.7219648074973838,Desplazados de Juradó y Carmen de Atrato en Medellín
resistencia_territorial,R05,Cundinamarca,7056,0.8035704678632777,Los días de terror y guerra que en el Sumapaz no quieren revivir
resistencia_territorial,R05,Córdoba,5945,0.5802288505728729,Capturados por violencia contra servidor público
resistencia_territorial,R05,Guainía,803,0.0,A los que sí y a los que no les afectaría el proyecto del impuesto predial
resistencia_territorial,R05,Guaviare,7202,0.8394651820185639,Pacto Histórico será veedor de la inversión de recursos por nuevas Administraciones – Marandua Stereo 100.7 FM Noticias del Guaviare
resistencia_territorial,R05,Huila,812,0.8811258538818817,Ex concejal y conocido ganadero fue asesinado en su finca del municipio de Huila
resistencia_territorial,R05,La Guajira,902,0.21253796434158279,El año pasado la “violencia política” le costó la vida a 108 indígenas
resistencia_territorial,R05,Magdalena,8969,0.7818344984602099,Derrumbe de muro de contención en sur de Bolívar tiene en riesgo a 100 viviendas
resistencia_territorial,R05,Meta,9610,0.6791305235562553,¡Macabro! Hombre asesinó a su mamá en San Martín
resistencia_territorial,R05,Nariño,10253,0.5157124136573324,"Disidencias 'Carlos Patiño', tras secuestro de dos militares en Cauca"
resistencia_territorial,R05,Norte de Santander,940,0.7390462162010059,Doce organizaciones adhirieron al paro indefinido declarado por los parameros – Corrillos
resistencia_territorial,R05,Putumayo,1066,0.919989249107888,Estallido social en Los Pozos: expresión de años de reclamos desatendidos
resistencia_territorial,R05,Quindío,10491,0.7077600991047255,"Este miércoles, ex miembros de la fuerza pública realizarían protestas en el Quindío"
resistencia_territorial,R05,Risaralda,10587,0.5727944100213587,Fatal agresión: hombre atacó con machete a su expareja y sus tres hijos en Risaralda
resistencia_territorial,R05,San Andrés y Providencia,10995,0.7300727502910282,Cómo la 'histórica incomprensión' de Bogotá afectó a las islas de San Andrés
resistencia_territorial,R05,Santander,11105,0.9661417640792065,El irracional miedo hacia la diversidad sexual en Santander – Corrillos
resistencia_territorial,R05,Sucre,11209,0.8298931932295532,Masacre: Asesinaron a tres hombres en un estadero
resistencia_territorial,R05,Tolima,1364,0.7044357152566951,Tolima: hombre habría abusado sexualmente de sus hijas menores de edad
resistencia_territorial,R05,Valle del Cauca,11326,0.6666839068169335,Acciones legales contra involucrados en video de presunto soborno en Cali
resistencia_territorial,R05,Vaupés,11375,0.11871114026376506,El nuevo arzobispo de Villavicencio condenó los abusos dentro de la iglesia
resistencia_territorial,R05,Vichada,11434,0.7088698276296609,"Con pancarta, Farc anuncia su presencia en Vichada"
resistencia_territorial,R06,Amazonas,1481,0.9825752209749185,Presidente Petro escuchará fallo sobre Nicaragua en San Andrés: irá con cúpula militar
resistencia_territorial,R06,Antioquia,245,0.9825939998917079,¿Por qué el municipio de Argelia cambiará su nombre luego de 63 años?
resistencia_territorial,R06,Arauca,1809,0.9943079892828842,9 menores de edad habrían sido reclutados por el ELN en Arauca en el 2.023: Defensoría
resistencia_territorial,R06,Atlántico,2184,0.9824487631647537,Sujetos irrumpen en retiro espiritual y roban pertenencias de sacerdotes en Atlántico
resistencia_territorial,R06,Bolívar,3135,0.9917787496209841,¡Atención! Bloqueos en carretera Troncal de Occidente
resistencia_territorial,R06,Boyacá,3542,0.9920908445475722,Avanza la Zona de Reserva Campesina del Paraíso Escondido de Boyacá – Togüí
resistencia_territorial,R06,Caldas,3900,0.892052590192623,Empocaldas entregó obras de mejoramiento de acueducto y alcantarillado en Belalcázar
resistencia_territorial,R06,Caquetá,4054,0.9712178138206742,Del Yarí a Bogotá
resistencia_territorial,R06,Casanare,641,0.9886752385071659,Problemas en el territorio / Análisis de Ricardo Ávila
resistencia_territorial,R06,Cauca,4782,0.9940532281436225,"Brayan fue asesinado en El Bordo, sur del Cauca"
resistencia_territorial,R06,Cesar,5579,0.9942439988006169,"Por amenazas, personero de El Copey, Cesar, abandonó el territorio"
resistencia_territorial,R06,Chocó,755,0.9751246671817327,“El Chocó está todo incendiado”: Obispo de Istmina
resistencia_territorial,R06,Cundinamarca,6862,0.98654163408505,Consejo de Estado deja por fuera a Tulio Gómez de candidatura en el Valle
resistencia_territorial,R06,Córdoba,6102,0.9241668834368555,Reiteran llamado al Estado a brindar soluciones a población desplazada del Manso
resistencia_territorial,R06,Guainía,807,0.764817362873769,Los diez artículos TIC que tiene el Plan Nacional de Desarrollo
resistencia_territorial,R06,Guaviare,7269,0.91903984843919,"Derechos Humanos y pueblos indígenas, temas tratados entre ONU y Defensoría – Marandua Stereo 100.7 FM Noticias del Guaviare"
resistencia_territorial,R06,Huila,846,0.9961103056541519,Las Farc asesinan a niña de cuatro años
resistencia_territorial,R06,La Guajira,902,0.9361511777288133,El año pasado la “violencia política” le costó la vida a 108 indígenas
resistencia_territorial,R06,Magdalena,7896,0.9448706214728705,"Ecofest Karaya, la iniciativa que arrancó para preservar medio ambiente en Santa Marta"
resistencia_territorial,R06,Meta,9236,0.957537502968543,Capturan a exdirectora de Cormacarena por caso de corrupción
resistencia_territorial,R06,Nariño,10260,0.9923919832387449,'Solo lleva a confundir': general (r) Zapateiro criticó cese al fuego bilateral
resistencia_territorial,R06,Norte de Santander,927,0.9599505818334144,“Negar reclutamiento de menores en el ELN es negar una realidad evidente”: Defensor del Pueblo – Corrillos
resistencia_territorial,R06,Putumayo,955,0.9946477533383532,"Cuiracuas, los indígenas siona que usan la cartografía para cuidar su territorio"
resistencia_territorial,R06,Quindío,10376,0.9741242692956533,El municipio de Córdoba completa seis años sin homicidios
resistencia_territorial,R06,Risaralda,10750,0.9348360383830949,Reportero de EL TIEMPO y otros periodistas quedaron en medio de un hostigamiento
resistencia_territorial,R06,San Andrés y Providencia,10993,0.9792282298334576,Marcha pacífica terminó en bloqueos y caos en aeropuerto de San Andrés
resistencia_territorial,R06,Santander,11138,0.9930793440884563,Lugares para resignificar y ponerle fin a la indiferencia – Corrillos
resistencia_territorial,R06,Sucre,11216,0.9236619570961053,Linero cuestionó pronunciamiento del papa sobre el presbiterado femenino
resistencia_territorial,R06,Tolima,1228,0.9253327462323323,Imputan a exfuncionario del Senado salpicado en el escándalo de Mario Castaño
resistencia_territorial,R06,Valle del Cauca,11262,0.9879267680836127,Calima – El Darién está en peligro
resistencia_territorial,R06,Vaupés,11362,0.9930651553906611,Reportan casi 70 intentos de suicidio en departamento de Vaupés
resistencia_territorial,R06,Vichada,11400,0.9562264747108878,Habitantes de Casuarito advierten un paro en la inspección. Dicen que hay compromisos incumplidos
resistencia_territorial,R07,Amazonas,1455,0.656513702123414,Más de 136.000 toneladas de productos no han transitado por cierres en la vía al Llano
resistencia_territorial,R07,Antioquia,67,0.7156774555695116,"Abren una sala de quimioterapia en Caucasia, la primera en el Bajo Cauca"
resistencia_territorial,R07,Arauca,1629,0.857778104185762,Personerías de Arauca y Cubará rechaza el asesinato de la Sra. Tulia Carrillo en Tame
resistencia_territorial,R07,Atlántico,2569,0.8794756769742399,"Comunidad bloquea vía La Cordialidad, en Atlántico, por servicio de agua potable"
resistencia_territorial,R07,Bolívar,3242,0.6843133918699216,Gustavo Bolívar sobre la paz total de Petro: “Esto es un mierdero”
resistencia_territorial,R07,Boyacá,3480,0.9240320384477473,Alcaldes de Valderrama piden cita con el Gobernador de Boyacá
resistencia_territorial,R07,Caldas,3864,0.297189520553539,Ejército ayuda a familias de Norcasia afectadas por las lluvias
resistencia_territorial,R07,Caquetá,4180,0.794160080882251,Dura historia del policía asesinado en Caguán: 'Le repetía que no trabajara más'
resistencia_territorial,R07,Casanare,582,0.8853166442802902,Álvaro Uribe tras atentado a militares: 'La seguridad es determinante para la paz'
resistencia_territorial,R07,Cauca,4376,0.761555949028611,"Comunidad de El Plateado, sur del Cauca, afectada por fuertes controles del Ejército"
resistencia_territorial,R07,Cesar,4953,0.6658894067004923,Envían a la cárcel a presuntos responsables del incendio de la Registraduría de Gamarra
resistencia_territorial,R07,Chocó,749,0.8393154902422116,Elecciones amenazadas: voces de alcaldes desplazados de sus municipios
resistencia_territorial,R07,Cundinamarca,7144,0.6551106442671971,Cundinamarca: estragos en Pacho a causa de las fuertes lluvias
resistencia_territorial,R07,Córdoba,5974,0.7537119037524639,Comunidad de Lorica levanta bloqueo
resistencia_territorial,R07,Guainía,804,0.42897096651026867,Tres de cada cuatro niños en Colombia consumen alimentos de paquete
resistencia_territorial,R07,Guaviare,7207,0.7669913319851951,“No puede haber espacios vedados para la Fuerza Pública”: Defensor del Pueblo – Marandua Stereo 100.7 FM Noticias del Guaviare
resistencia_territorial,R07,Huila,831,0.8619691965077204,Bloqueos
resistencia_territorial,R07,La Guajira,904,0.3086702712147089,"Oneida Pinto, investigada por corrupción, apareció haciendo política en La Guajira"
resistencia_territorial,R07,Magdalena,8187,0.6640799963320372,Abren convocatoria para el programa '150 Obras Menores para el Cambio’ en el Magdalena
resistencia_territorial,R07,Meta,9563,0.6589038078374047,"Marcela Amaya, a juicio por presunta exigencia de dinero a un subalterno"
resistencia_territorial,R07,Nariño,9876,0.7315732300473597,Alerta en Argelia y Nariño:circula panfleto de Clan del Oriente que amenaza a comunidad
resistencia_territorial,R07,Norte de Santander,940,0.7791592560418307,Doce organizaciones adhirieron al paro indefinido declarado por los parameros – Corrillos
resistencia_territorial,R07,Putumayo,1066,0.919922489032703,Estallido social en Los Pozos: expresión de años de reclamos desatendidos
resistencia_territorial,R07,Quindío,10491,0.7084535710083208,"Este miércoles, ex miembros de la fuerza pública realizarían protestas en el Quindío"
resistencia_territorial,R07,Risaralda,10587,0.5430930227974019,Fatal agresión: hombre atacó con machete a su expareja y sus tres hijos en Risaralda
resistencia_territorial,R07,San Andrés y Providencia,10993,0.9736893750607523,Marcha pacífica terminó en bloqueos y caos en aeropuerto de San Andrés
resistencia_territorial,R07,Santander,11126,0.7941421792245809,Santander: naturalización de la violencia contra la mujer y la niñez – Corrillos
resistencia_territorial,R07,Sucre,11206,0.9892555325591573,JEP concedió libertad condicional al exgobernador de Sucre Salvador Arana
resistencia_territorial,R07,Tolima,1206,0.8152800995077983,'Me tienen amenzada': mujer denuncia que sus hermanos no la dejan ver a su papá
resistencia_territorial,R07,Valle del Cauca,11326,0.7672884517036325,Acciones legales contra involucrados en video de presunto soborno en Cali
resistencia_territorial,R07,Vaupés,11375,0.5401489790756672,El nuevo arzobispo de Villavicencio condenó los abusos dentro de la iglesia
resistencia_territorial,R07,Vichada,11407,0.6013038544595359,Paro en Puerto Gaitán (Meta) afecta movilidad hacia el departamento de Vichada
resistencia_territorial,R08,Amazonas,1385,0.7588741132531082,Gaseosas: ¿qué efectos tienen estas bebidas en el cuerpo humano? Aquí le contamos
resistencia_territorial,R08,Antioquia,344,0.8027862957897008,"Como en ‘Los reyes del mundo’, Gobierno encontró dos fincas para víctimas del Bajo Cauca invadidas por mineros ilegales"
resistencia_territorial,R08,Arauca,1629,0.8473246173329257,Personerías de Arauca y Cubará rechaza el asesinato de la Sra. Tulia Carrillo en Tame
resistencia_territorial,R08,Atlántico,2569,0.9552185106814917,"Comunidad bloquea vía La Cordialidad, en Atlántico, por servicio de agua potable"
resistencia_territorial,R08,Bolívar,3074,0.784091787807321,¡Atento! Oficina de Pasaportes no tendrá atención del 8 al 10 de noviembre
resistencia_territorial,R08,Boyacá,3480,0.8857273712311347,Alcaldes de Valderrama piden cita con el Gobernador de Boyacá
resistencia_territorial,R08,Caldas,3735,0.16971781518812773,Policía capturó a cuatro personas por tala indiscriminada de árboles en Caldas
resistencia_territorial,R08,Caquetá,4180,0.8161055321608685,Dura historia del policía asesinado en Caguán: 'Le repetía que no trabajara más'
resistencia_territorial,R08,Casanare,584,0.6163568756675489,"Ataque con carro bomba a unidad militar de Tame, Arauca: esto es lo que se sabe"
resistencia_territorial,R08,Cauca,4733,0.6475736248622243,“El paro no puede continuar”
resistencia_territorial,R08,Cesar,5579,0.8726993021452538,"Por amenazas, personero de El Copey, Cesar, abandonó el territorio"
resistencia_territorial,R08,Chocó,749,0.9088128737584154,Elecciones amenazadas: voces de alcaldes desplazados de sus municipios
resistencia_territorial,R08,Cundinamarca,7044,0.7470391096408063,Las razones de la Anla para archivar licencia ambiental del Regiotram de Occidente
resistencia_territorial,R08,Córdoba,5974,0.3956477450549326,Comunidad de Lorica levanta bloqueo
resistencia_territorial,R08,Guainía,806,0.0039973614992407855,Protocolos del cese del fuego entre el Gobierno y el Eln: así funcionarán
resistencia_territorial,R08,Guaviare,7186,0.6347934784273828,Campesinos en el Guaviare denuncian que son estigmatizados por la Fuerza Pública – Marandua Stereo 100.7 FM Noticias del Guaviare
resistencia_territorial,R08,Huila,812,0.934988641100111,Ex concejal y conocido ganadero fue asesinado en su finca del municipio de Huila
resistencia_territorial,R08,La Guajira,904,0.43837605454522044,"Oneida Pinto, investigada por corrupción, apareció haciendo política en La Guajira"
resistencia_territorial,R08,Magdalena,7533,0.5929349104090647,Doble crimen en Aracataca estaría relacionado con un 'ajuste de cuentas'
resistencia_territorial,R08,Meta,9610,0.6678180096685999,¡Macabro! Hombre asesinó a su mamá en San Martín
resistencia_territorial,R08,Nariño,10270,0.6185654006140322,Principales interrogantes que dejan los ceses del fuego bilaterales sin el Eln
resistencia_territorial,R08,Norte de Santander,940,0.7045675075217761,Doce organizaciones adhirieron al paro indefinido declarado por los parameros – Corrillos
resistencia_territorial,R08,Putumayo,968,0.8886582552389818,"Por temas de orden público, se podrían suspender elecciones en Ricaurte, Nariño"
resistencia_territorial,R08,Quindío,10335,0.6267335875665169,Ernesto Amézquita quiere ser el Defensor del Quindío en la gobernación
resistencia_territorial,R08,Risaralda,10770,0.592932765776258,Alcaldía de Pereira activa plan de contingencia por llegada de 116 indígenas emberas
resistencia_territorial,R08,San Andrés y Providencia,10993,0.9773903510547781,Marcha pacífica terminó en bloqueos y caos en aeropuerto de San Andrés
resistencia_territorial,R08,Santander,11125,0.790509149045555,Atentado en Tibú: estos son los dos policías que murieron en el ataque con explosivos
resistencia_territorial,R08,Sucre,11215,0.6446408594032889,Niño de ocho años fue agredido por dos compañeras en un colegio
resistencia_territorial,R08,Tolima,1206,0.8840245418646461,'Me tienen amenzada': mujer denuncia que sus hermanos no la dejan ver a su papá
resistencia_territorial,R08,Valle del Cauca,11262,0.854775490578299,Calima – El Darién está en peligro
resistencia_territorial,R08,Vaupés,11357,0.9862214574996733,CNE ha anulado inscripción de casi un millón de cédulas para votar: ¿está la suya?
resistencia_territorial,R08,Vichada,11384,0.6032375929698452,Gobernación de Vichada busca participantes para feria gastronómica en Festival del Corrío Llanero
resistencia_territorial,R09,Amazonas,1455,0.6611620330490043,Más de 136.000 toneladas de productos no han transitado por cierres en la vía al Llano
resistencia_territorial,R09,Antioquia,344,0.7961517631287867,"Como en ‘Los reyes del mundo’, Gobierno encontró dos fincas para víctimas del Bajo Cauca invadidas por mineros ilegales"
resistencia_territorial,R09,Arauca,1739,0.8695951490317019,Margarita Cabello revela que el ministro Velásquez no ha ido a ninguno de sus llamados
resistencia_territorial,R09,Atlántico,2689,0.8940505776981325,Otra liberal se rebela a Gaviria: Olga González apoyará reforma de la salud
resistencia_territorial,R09,Bolívar,3148,0.8603619651586198,Entre estos diez nombres está el heredero de la silla de Vicente Blel
resistencia_territorial,R09,Boyacá,3480,0.9261420565347753,Alcaldes de Valderrama piden cita con el Gobernador de Boyacá
resistencia_territorial,R09,Caldas,3724,0.3684008050028677,Problemas del contratista retrasan los proyectos viales en Riosucio y Florencia
resistencia_territorial,R09,Caquetá,4180,0.8155325204851953,Dura historia del policía asesinado en Caguán: 'Le repetía que no trabajara más'
resistencia_territorial,R09,Casanare,582,0.8719698520422746,Álvaro Uribe tras atentado a militares: 'La seguridad es determinante para la paz'
resistencia_territorial,R09,Cauca,4401,0.7908793542962916,Por qué indígenas están molestos con Petro: Así intentaron entrar a Casa de Nariño y Semana
resistencia_territorial,R09,Cesar,5609,0.7061176148209763,En libertad ganadero Heriberto Urbina
resistencia_territorial,R09,Chocó,749,0.953878925672144,Elecciones amenazadas: voces de alcaldes desplazados de sus municipios
resistencia_territorial,R09,Cundinamarca,7144,0.6901970369815592,Cundinamarca: estragos en Pacho a causa de las fuertes lluvias
resistencia_territorial,R09,Córdoba,5974,0.7493221389996435,Comunidad de Lorica levanta bloqueo
resistencia_territorial,R09,Guainía,805,0.3517969535636406,¿Cómo funcionará el mecanismo de verificación en cese del fuego con el Eln?
resistencia_territorial,R09,Guaviare,7389,0.7767354083702585,Retos y oportunidades para el Guaviare en la defensa del medio ambiente – Marandua Stereo 100.7 FM Noticias del Guaviare
resistencia_territorial,R09,Huila,820,0.8637354371239363,Denuncian que grupos armados en Cauca usan escuelas como escudos
resistencia_territorial,R09,La Guajira,904,0.6633891766205511,"Oneida Pinto, investigada por corrupción, apareció haciendo política en La Guajira"
resistencia_territorial,R09,Magdalena,8969,0.6944711832541849,Derrumbe de muro de contención en sur de Bolívar tiene en riesgo a 100 viviendas
resistencia_territorial,R09,Meta,9610,0.6844529585961552,¡Macabro! Hombre asesinó a su mamá en San Martín
resistencia_territorial,R09,Nariño,9876,0.790211463262306,Alerta en Argelia y Nariño:circula panfleto de Clan del Oriente que amenaza a comunidad
resistencia_territorial,R09,Norte de Santander,940,0.7955556845612509,Doce organizaciones adhirieron al paro indefinido declarado por los parameros – Corrillos
resistencia_territorial,R09,Putumayo,1066,0.9136778934722867,Estallido social en Los Pozos: expresión de años de reclamos desatendidos
resistencia_territorial,R09,Quindío,10491,0.7096564254871547,"Este miércoles, ex miembros de la fuerza pública realizarían protestas en el Quindío"
resistencia_territorial,R09,Risaralda,10587,0.5954990580809549,Fatal agresión: hombre atacó con machete a su expareja y sus tres hijos en Risaralda
resistencia_territorial,R09,San Andrés y Providencia,10993,0.9296269071459483,Marcha pacífica terminó en bloqueos y caos en aeropuerto de San Andrés
resistencia_territorial,R09,Santander,11125,0.7746042065926924,Atentado en Tibú: estos son los dos policías que murieron en el ataque con explosivos
resistencia_territorial,R09,Sucre,11206,0.9748451082862926,JEP concedió libertad condicional al exgobernador de Sucre Salvador Arana
resistencia_territorial,R09,Tolima,1206,0.8536633721407697,'Me tienen amenzada': mujer denuncia que sus hermanos no la dejan ver a su papá
resistencia_territorial,R09,Valle del Cauca,11326,0.7195179950595186,Acciones legales contra involucrados en video de presunto soborno en Cali
resistencia_territorial,R09,Vaupés,11369,0.5160631480712287,El Federalismo no es una vaga Ilusión. ¿Quiénes les hacen trampa a las regiones?
resistencia_territorial,R09,Vichada,11400,0.9169278152360083,Habitantes de Casuarito advierten un paro en la inspección. Dicen que hay compromisos incumplidos
resistencia_territorial,R10,Amazonas,1481,0.9744829413687361,Presidente Petro escuchará fallo sobre Nicaragua en San Andrés: irá con cúpula militar
resistencia_territorial,R10,Antioquia,245,0.9601938347645999,¿Por qué el municipio de Argelia cambiará su nombre luego de 63 años?
resistencia_territorial,R10,Arauca,1809,0.9893649142657734,9 menores de edad habrían sido reclutados por el ELN en Arauca en el 2.023: Defensoría
resistencia_territorial,R10,Atlántico,2184,0.987357781700497,Sujetos irrumpen en retiro espiritual y roban pertenencias de sacerdotes en Atlántico
resistencia_territorial,R10,Bolívar,3135,0.9891448006140096,¡Atención! Bloqueos en carretera Troncal de Occidente
resistencia_territorial,R10,Boyacá,3542,0.9237603915517215,Avanza la Zona de Reserva Campesina del Paraíso Escondido de Boyacá – Togüí
resistencia_territorial,R10,Caldas,3707,0.8111201238495718,El Centro de Infraestructura de Caldas analiza lo que sería la nueva concesión de la Autopista del Café
resistencia_territorial,R10,Caquetá,4142,0.8937177653877793,"En Colombia, ir a la escuela es un desafío de supervivencia"
resistencia_territorial,R10,Casanare,582,0.8915336624615832,Álvaro Uribe tras atentado a militares: 'La seguridad es determinante para la paz'
resistencia_territorial,R10,Cauca,4782,0.9883640453300486,"Brayan fue asesinado en El Bordo, sur del Cauca"
resistencia_territorial,R10,Cesar,5579,0.9925902964147956,"Por amenazas, personero de El Copey, Cesar, abandonó el territorio"
resistencia_territorial,R10,Chocó,749,0.9591939446961744,Elecciones amenazadas: voces de alcaldes desplazados de sus municipios
resistencia_territorial,R10,Cundinamarca,6862,0.9761867226251236,Consejo de Estado deja por fuera a Tulio Gómez de candidatura en el Valle
resistencia_territorial,R10,Córdoba,6632,0.8460688569530086,"Esposa del exsenador, Musa Besaile, aspirará a la Gobernación"
resistencia_territorial,R10,Guainía,804,0.5032321413177843,Tres de cada cuatro niños en Colombia consumen alimentos de paquete
resistencia_territorial,R10,Guaviare,7246,0.9037334156625653,Alerta temprana por riesgo en municipios en las próximas elecciones regionales – Marandua Stereo 100.7 FM Noticias del Guaviare
resistencia_territorial,R10,Huila,846,0.9948451327049831,Las Farc asesinan a niña de cuatro años
resistencia_territorial,R10,La Guajira,902,0.8559816048527449,El año pasado la “violencia política” le costó la vida a 108 indígenas
resistencia_territorial,R10,Magdalena,8220,0.8778625762066017,Estrategia ‘Espacios Seguros’ llegó al municipio de Ariguaní
resistencia_territorial,R10,Meta,9029,0.9526609900633266,Gobernadora electa del Meta se reunió con Petro y Bachelet
resistencia_territorial,R10,Nariño,10260,0.9574398929363728,'Solo lleva a confundir': general (r) Zapateiro criticó cese al fuego bilateral
resistencia_territorial,R10,Norte de Santander,930,0.9457008679883319,«Debe establecerse una férrea unidad entre la sociedad civil y la Fuerza Pública» – Corrillos
resistencia_territorial,R10,Putumayo,949,0.96186901869358,Duro reclamo de congresista de Curules de Paz al Gobierno por asesinato de líder social
resistencia_territorial,R10,Quindío,10376,0.9617601885828754,El municipio de Córdoba completa seis años sin homicidios
resistencia_territorial,R10,Risaralda,10750,0.9314621118220584,Reportero de EL TIEMPO y otros periodistas quedaron en medio de un hostigamiento
resistencia_territorial,R10,San Andrés y Providencia,10955,0.9595015359357719,"¿Colombia, en riesgo de volver a perder mar con Nicaragua? Abecé fallo de este jueves"
resistencia_territorial,R10,Santander,11105,0.8794698798586296,El irracional miedo hacia la diversidad sexual en Santander – Corrillos
resistencia_territorial,R10,Sucre,11206,0.9458266905805072,JEP concedió libertad condicional al exgobernador de Sucre Salvador Arana
resistencia_territorial,R10,Tolima,1206,0.8756210505773889,'Me tienen amenzada': mujer denuncia que sus hermanos no la dejan ver a su papá
resistencia_territorial,R10,Valle del Cauca,11262,0.9648560025812969,Calima – El Darién está en peligro
resistencia_territorial,R10,Vaupés,11357,0.898072897944278,CNE ha anulado inscripción de casi un millón de cédulas para votar: ¿está la suya?
resistencia_territorial,R10,Vichada,11400,0.8832214019064472,Habitantes de Casuarito advierten un paro en la inspección. Dicen que hay compromisos incumplidos
resistencia_territorial,R11,Amazonas,1583,0.7882473721573381,El Premio Cafam
resistencia_territorial,R11,Antioquia,11,0.9153967571636141,“Pusimos a Corantioquia en el corazón de los antioqueños”
resistencia_territorial,R11,Arauca,1629,0.8664141397026508,Personerías de Arauca y Cubará rechaza el asesinato de la Sra. Tulia Carrillo en Tame
resistencia_territorial,R11,Atlántico,2569,0.9707823279421813,"Comunidad bloquea vía La Cordialidad, en Atlántico, por servicio de agua potable"
resistencia_territorial,R11,Bolívar,3263,0.9613438855345459,El vínculo entre caso Aquarela e irregularidades en la Localidad 3
resistencia_territorial,R11,Boyacá,3480,0.9221949091624297,Alcaldes de Valderrama piden cita con el Gobernador de Boyacá
resistencia_territorial,R11,Caldas,3900,0.892189470910996,Empocaldas entregó obras de mejoramiento de acueducto y alcantarillado en Belalcázar
resistencia_territorial,R11,Caquetá,4173,0.8789114300487388,Las imágenes del conmovedor homenaje a policía asesinado en Caquetá
resistencia_territorial,R11,Casanare,519,0.9577747785476408,"‘La producción de petróleo genera impactos, por eso la comunidad debe estar informada’"
resistencia_territorial,R11,Cauca,4782,0.9887525230531122,"Brayan fue asesinado en El Bordo, sur del Cauca"
resistencia_territorial,R11,Cesar,5579,0.9826589537688478,"Por amenazas, personero de El Copey, Cesar, abandonó el territorio"
resistencia_territorial,R11,Chocó,749,0.9101188436566725,Elecciones amenazadas: voces de alcaldes desplazados de sus municipios
resistencia_territorial,R11,Cundinamarca,6862,0.9650087372522752,Consejo de Estado deja por fuera a Tulio Gómez de candidatura en el Valle
resistencia_territorial,R11,Córdoba,6323,0.8874689655459381,Padre e hija mueren ahogados en Puerto Libertador
resistencia_territorial,R11,Guainía,804,0.46023737352139693,Tres de cada cuatro niños en Colombia consumen alimentos de paquete
resistencia_territorial,R11,Guaviare,7456,0.8419361200457065,Procuraduría visitó etnopabellón y asentamiento Nukak en Aguabonita – Marandua Stereo 100.7 FM Noticias del Guaviare
resistencia_territorial,R11,Huila,812,0.933026609897488,Ex concejal y conocido ganadero fue asesinado en su finca del municipio de Huila
resistencia_territorial,R11,La Guajira,897,0.7372872284444821,Secuestro de los padres de Luis Díaz: entre la arrogancia del Eln y la debilidad del gobierno nacional
resistencia_territorial,R11,Magdalena,7896,0.9390720616842688,"Ecofest Karaya, la iniciativa que arrancó para preservar medio ambiente en Santa Marta"
resistencia_territorial,R11,Meta,9198,0.9216213531799607,‘Estamos muy lejos de convertirnos en Electricaribe’
resistencia_territorial,R11,Nariño,10260,0.9457371839746368,'Solo lleva a confundir': general (r) Zapateiro criticó cese al fuego bilateral
resistencia_territorial,R11,Norte de Santander,918,0.8091677298811272,Secuestraron a ganadero en Norte de Santander – Corrillos
resistencia_territorial,R11,Putumayo,1066,0.9234162873974154,Estallido social en Los Pozos: expresión de años de reclamos desatendidos
resistencia_territorial,R11,Quindío,10335,0.6588472509012996,Ernesto Amézquita quiere ser el Defensor del Quindío en la gobernación
resistencia_territorial,R11,Risaralda,10591,0.742137396858963,Tres adolescentes habrían asesinado a un compañero de clase porque les debía un dinero
resistencia_territorial,R11,San Andrés y Providencia,10993,0.9469302043371056,Marcha pacífica terminó en bloqueos y caos en aeropuerto de San Andrés
resistencia_territorial,R11,Santander,11126,0.926596419455632,Santander: naturalización de la violencia contra la mujer y la niñez – Corrillos
resistencia_territorial,R11,Sucre,11209,0.8890800101476344,Masacre: Asesinaron a tres hombres en un estadero
resistencia_territorial,R11,Tolima,1228,0.9184758028814148,Imputan a exfuncionario del Senado salpicado en el escándalo de Mario Castaño
resistencia_territorial,R11,Valle del Cauca,11258,0.6783270853845912,Foro para reflexionar en torno a la violencia contra la mujer
resistencia_territorial,R11,Vaupés,11351,0.7508861764821341,El coronel de la Policía que estuvo 10 años secuestrado por Farc y ahora sería general
resistencia_territorial,R11,Vichada,11400,0.8905179924331869,Habitantes de Casuarito advierten un paro en la inspección. Dicen que hay compromisos incumplidos
resistencia_territorial,R12,Amazonas,1619,0.3536487180551955,El medioambiente 2023
resistencia_territorial,R12,Antioquia,79,0.4702537094291256,“Hay intenciones de orquestar una toma hostil en el Metro para darle un manejo politiquero”: Aníbal Gaviria
resistencia_territorial,R12,Arauca,1629,0.8490533116226783,Personerías de Arauca y Cubará rechaza el asesinato de la Sra. Tulia Carrillo en Tame
resistencia_territorial,R12,Atlántico,2593,0.5946158301082487,Comunidad mantiene protesta tras nuevo plazo de suspensión de cobro en Papiros
resistencia_territorial,R12,Bolívar,3176,0.7006855334497767,Se reactivaría cobro del peaje de Turbaco: conozca quiénes deberían pagar
resistencia_territorial,R12,Boyacá,3480,0.7268267970854172,Alcaldes de Valderrama piden cita con el Gobernador de Boyacá
resistencia_territorial,R12,Caldas,3936,0.18536204392391342,En Pácora buscan reabrir la central de beneficio y construir una nueva variante
resistencia_territorial,R12,Caquetá,4088,0.6778953034377502,Las empresas que han abandonado proyectos por bloqueos y temas de seguridad
resistencia_territorial,R12,Casanare,584,0.5270994425530593,"Ataque con carro bomba a unidad militar de Tame, Arauca: esto es lo que se sabe"
resistencia_territorial,R12,Cauca,4566,0.6936518710275263,Argumentan que Villa Rica debe reclamar derechos al agua
resistencia_territorial,R12,Cesar,5634,0.48058962153059803,Liberan a conductor de la concesión Río Grande secuestrado en el sur del Cesar
resistencia_territorial,R12,Chocó,714,0.26438420556759573,De Memoria. Algunos recuerdos sueltos sobre los orígenes de la Ley 70 de 1993
resistencia_territorial,R12,Cundinamarca,7066,0.769975018237841,Minería a cielo abierto en Tabio: esto dice la CAR sobre el proyecto
resistencia_territorial,R12,Córdoba,6378,0.48212514585851174,Defensoría del Pueblo presentó acción popular para proteger derechos de comunidades en La Mojana
resistencia_territorial,R12,Guainía,808,0.060348599877835474,‘La previsión es un factor clave ante la escasez de sangre en Colombia’
resistencia_territorial,R12,Guaviare,7202,0.5964313922055918,Pacto Histórico será veedor de la inversión de recursos por nuevas Administraciones – Marandua Stereo 100.7 FM Noticias del Guaviare
resistencia_territorial,R12,Huila,864,0.5421352995104339,Habla novia de contralor del Huila que lo denunció por haberla golpeado
resistencia_territorial,R12,La Guajira,904,0.10188983177467846,"Oneida Pinto, investigada por corrupción, apareció haciendo política en La Guajira"
resistencia_territorial,R12,Magdalena,7533,0.4851660675429494,Doble crimen en Aracataca estaría relacionado con un 'ajuste de cuentas'
resistencia_territorial,R12,Meta,9566,0.5110563844771456,"""Es un cuento chimbo"": gobernador del Meta sobre argumentos del paro en P. Gaitán"
resistencia_territorial,R12,Nariño,10183,0.31863798592702575,En Pasto rechazan aplazamiento de clases
resistencia_territorial,R12,Norte de Santander,938,0.5509257493109726,"Mujer entuteló porque el recibo del agua llegaba puntual, pero el servicio no – Corrillos"
resistencia_territorial,R12,Putumayo,1066,0.9020666033174285,Estallido social en Los Pozos: expresión de años de reclamos desatendidos
resistencia_territorial,R12,Quindío,10448,0.41625169840452475,"En 2023, Teatro Azul realiza la XX Temporada de Teatro para la Vida con estudiantes de colegios públicos del Quindío"
resistencia_territorial,R12,Risaralda,10842,0.3343780202205647,El drama de pereirana con raro tipo de cáncer; aseguran que la EPS no la atiende
resistencia_territorial,R12,San Andrés y Providencia,10950,0.7007924584218982,La reacción de todos los expresidentes de Colombia sobre el fallo de La Haya
resistencia_territorial,R12,Santander,11182,0.7186970121642161,Aparece un tercer panfleto amenazando a líderes de Santander por bloquear vías
resistencia_territorial,R12,Sucre,11206,0.14677089846994748,JEP concedió libertad condicional al exgobernador de Sucre Salvador Arana
resistencia_territorial,R12,Tolima,1167,0.09869410554993746,¿Lo pueden echar del trabajo en Colombia por decir groserías? Esto dice la Corte
resistencia_territorial,R12,Valle del Cauca,11320,0.5187490636584626,Valle de 4o en ingresos operacionales
resistencia_territorial,R12,Vaupés,11358,0.3931070444561712,'Estamos en un momento inédito para la educación': Mineducación Aurora Vergara
resistencia_territorial,R12,Vichada,11407,0.5178236776254819,Paro en Puerto Gaitán (Meta) afecta movilidad hacia el departamento de Vichada
resistencia_territorial,R13,Amazonas,1481,0.9587031945061492,Presidente Petro escuchará fallo sobre Nicaragua en San Andrés: irá con cúpula militar
resistencia_territorial,R13,Antioquia,245,0.9770522380283867,¿Por qué el municipio de Argelia cambiará su nombre luego de 63 años?
resistencia_territorial,R13,Arauca,1806,0.9944450189275628,‘Arauca le habla a Colombia’. Gobernador dijo que ese proceso debe ir acompañado de inversión social
resistencia_territorial,R13,Atlántico,2184,0.99118913178193,Sujetos irrumpen en retiro espiritual y roban pertenencias de sacerdotes en Atlántico
resistencia_territorial,R13,Bolívar,3135,0.9912248227016114,¡Atención! Bloqueos en carretera Troncal de Occidente
resistencia_territorial,R13,Boyacá,3390,0.9902945882814301,Morris se le metió a la sede de Rodrigo Rojas y provocó escándalo
resistencia_territorial,R13,Caldas,3744,0.8076767516426847,Gobernación entregó viviendas a nueve familias de Caldas
resistencia_territorial,R13,Caquetá,4052,0.9710439042191495,"La vasectomía, un método anticonceptivo que toma fuerza en Medellín"
resistencia_territorial,R13,Casanare,641,0.9870522891623095,Problemas en el territorio / Análisis de Ricardo Ávila
resistencia_territorial,R13,Cauca,4782,0.9964583292336946,"Brayan fue asesinado en El Bordo, sur del Cauca"
resistencia_territorial,R13,Cesar,5579,0.9946426473135904,"Por amenazas, personero de El Copey, Cesar, abandonó el territorio"
resistencia_territorial,R13,Chocó,755,0.9796183286318587,“El Chocó está todo incendiado”: Obispo de Istmina
resistencia_territorial,R13,Cundinamarca,6790,0.9505857942446382,Los detalles detrás de la pancarta alusiva a disidencias de las Farc cerca de La Calera
resistencia_territorial,R13,Córdoba,6323,0.8931622934756571,Padre e hija mueren ahogados en Puerto Libertador
resistencia_territorial,R13,Guainía,804,0.4169928149861514,Tres de cada cuatro niños en Colombia consumen alimentos de paquete
resistencia_territorial,R13,Guaviare,7363,0.9664681454102039,"Indígenas de Colombia, una conexión ancestral con la madre tierra"
resistencia_territorial,R13,Huila,812,0.9425300131094205,Ex concejal y conocido ganadero fue asesinado en su finca del municipio de Huila
resistencia_territorial,R13,La Guajira,902,0.9257880667479546,El año pasado la “violencia política” le costó la vida a 108 indígenas
resistencia_territorial,R13,Magdalena,7794,0.9630255492945378,Renuncia de Caicedo agita la política del Magdalena
resistencia_territorial,R13,Meta,9029,0.9634548390178079,Gobernadora electa del Meta se reunió con Petro y Bachelet
resistencia_territorial,R13,Nariño,10260,0.9910547948137904,'Solo lleva a confundir': general (r) Zapateiro criticó cese al fuego bilateral
resistencia_territorial,R13,Norte de Santander,927,0.994355965634205,“Negar reclutamiento de menores en el ELN es negar una realidad evidente”: Defensor del Pueblo – Corrillos
resistencia_territorial,R13,Putumayo,1091,0.9857581303844809,Drama de familia caleña varada en Terminal de Pasto por derrumbe
resistencia_territorial,R13,Quindío,10416,0.9477308938432857,Mafias se dividen el Quindío para vender ‘drogas’
resistencia_territorial,R13,Risaralda,10750,0.9551919781478161,Reportero de EL TIEMPO y otros periodistas quedaron en medio de un hostigamiento
resistencia_territorial,R13,San Andrés y Providencia,10993,0.9784049587134197,Marcha pacífica terminó en bloqueos y caos en aeropuerto de San Andrés
resistencia_territorial,R13,Santander,11138,0.9925425882455897,Lugares para resignificar y ponerle fin a la indiferencia – Corrillos
resistencia_territorial,R13,Sucre,11206,0.9821735313568244,JEP concedió libertad condicional al exgobernador de Sucre Salvador Arana
resistencia_territorial,R13,Tolima,1206,0.9060317411414116,'Me tienen amenzada': mujer denuncia que sus hermanos no la dejan ver a su papá
resistencia_territorial,R13,Valle del Cauca,11262,0.9939119527999087,Calima – El Darién está en peligro
resistencia_territorial,R13,Vaupés,11362,0.9795603407286582,Reportan casi 70 intentos de suicidio en departamento de Vaupés
resistencia_territorial,R13,Vichada,11400,0.9508111159459071,Habitantes de Casuarito advierten un paro en la inspección. Dicen que hay compromisos incumplidos
resistencia_territorial,R14,Amazonas,1481,0.9725289140757615,Presidente Petro escuchará fallo sobre Nicaragua en San Andrés: irá con cúpula militar
resistencia_territorial,R14,Antioquia,101,0.9661471895676235,Las aves de Hidroituango: conocerlas para cuidarlas
resistencia_territorial,R14,Arauca,1809,0.9928848465626502,9 menores de edad habrían sido reclutados por el ELN en Arauca en el 2.023: Defensoría
resistencia_territorial,R14,Atlántico,2569,0.9772795710350014,"Comunidad bloquea vía La Cordialidad, en Atlántico, por servicio de agua potable"
resistencia_territorial,R14,Bolívar,3135,0.9875660812577425,¡Atención! Bloqueos en carretera Troncal de Occidente
resistencia_territorial,R14,Boyacá,3542,0.9918178966720119,Avanza la Zona de Reserva Campesina del Paraíso Escondido de Boyacá – Togüí
resistencia_territorial,R14,Caldas,3900,0.9062786393386408,Empocaldas entregó obras de mejoramiento de acueducto y alcantarillado en Belalcázar
resistencia_territorial,R14,Caquetá,4054,0.9700419816668104,Del Yarí a Bogotá
resistencia_territorial,R14,Casanare,519,0.9607004889677951,"‘La producción de petróleo genera impactos, por eso la comunidad debe estar informada’"
resistencia_territorial,R14,Cauca,4223,0.9967826197171884,Criminales sí estarían pidiendo carnet para ingresar a Bolívar Cauca
resistencia_territorial,R14,Cesar,5579,0.9931182851973216,"Por amenazas, personero de El Copey, Cesar, abandonó el territorio"
resistencia_territorial,R14,Chocó,755,0.974457132205001,“El Chocó está todo incendiado”: Obispo de Istmina
resistencia_territorial,R14,Cundinamarca,6790,0.9659263207943357,Los detalles detrás de la pancarta alusiva a disidencias de las Farc cerca de La Calera
resistencia_territorial,R14,Córdoba,6102,0.9355801795445078,Reiteran llamado al Estado a brindar soluciones a población desplazada del Manso
resistencia_territorial,R14,Guainía,807,0.8510164674633194,Los diez artículos TIC que tiene el Plan Nacional de Desarrollo
resistencia_territorial,R14,Guaviare,7363,0.9646244690437297,"Indígenas de Colombia, una conexión ancestral con la madre tierra"
resistencia_territorial,R14,Huila,846,0.9947201412282028,Las Farc asesinan a niña de cuatro años
resistencia_territorial,R14,La Guajira,902,0.9449354973079999,El año pasado la “violencia política” le costó la vida a 108 indígenas
resistencia_territorial,R14,Magdalena,7794,0.9658277978575537,Renuncia de Caicedo agita la política del Magdalena
resistencia_territorial,R14,Meta,9042,0.9871983229717554,Más de 71 mil hectáreas restituidas a campesinos e indígenas del Meta y Guaviare
resistencia_territorial,R14,Nariño,10066,0.9465644787240467,Nariño llegó 36 líderes sociales asesinados desde el año pasado
resistencia_territorial,R14,Norte de Santander,930,0.9889318972476734,«Debe establecerse una férrea unidad entre la sociedad civil y la Fuerza Pública» – Corrillos
resistencia_territorial,R14,Putumayo,955,0.9948647221434735,"Cuiracuas, los indígenas siona que usan la cartografía para cuidar su territorio"
resistencia_territorial,R14,Quindío,10376,0.980943644369414,El municipio de Córdoba completa seis años sin homicidios
resistencia_territorial,R14,Risaralda,10750,0.9876480845396259,Reportero de EL TIEMPO y otros periodistas quedaron en medio de un hostigamiento
resistencia_territorial,R14,San Andrés y Providencia,10955,0.9513506369100304,"¿Colombia, en riesgo de volver a perder mar con Nicaragua? Abecé fallo de este jueves"
resistencia_territorial,R14,Santander,11105,0.9895898172547168,El irracional miedo hacia la diversidad sexual en Santander – Corrillos
resistencia_territorial,R14,Sucre,11206,0.992584812039486,JEP concedió libertad condicional al exgobernador de Sucre Salvador Arana
resistencia_territorial,R14,Tolima,1109,0.9879042848626645,¿Por qué capturaron a senador Ciro Ramírez? Caso tiene que ver con red de Mario Castaño
resistencia_territorial,R14,Valle del Cauca,11262,0.9903972540894979,Calima – El Darién está en peligro
resistencia_territorial,R14,Vaupés,11362,0.9783704916755394,Reportan casi 70 intentos de suicidio en departamento de Vaupés
resistencia_territorial,R14,Vichada,11400,0.9172813871937044,Habitantes de Casuarito advierten un paro en la inspección. Dicen que hay compromisos incumplidos
resistencia_territorial,R15,Amazonas,1485,0.5437437714629473,Siete años para salvar la Amazonía
resistencia_territorial,R15,Antioquia,482,0.789394849518504,Negligencia con el cuidado del río le pasa cuenta de cobro a la ciudad
resistencia_territorial,R15,Arauca,1629,0.8642082440469171,Personerías de Arauca y Cubará rechaza el asesinato de la Sra. Tulia Carrillo en Tame
resistencia_territorial,R15,Atlántico,1923,0.7914192312264313,Villa Campestre: moradores se niegan a que se lea sus contadores de energía
resistencia_territorial,R15,Bolívar,3135,0.8673266051370325,¡Atención! Bloqueos en carretera Troncal de Occidente
resistencia_territorial,R15,Boyacá,3542,0.9072303880536262,Avanza la Zona de Reserva Campesina del Paraíso Escondido de Boyacá – Togüí
resistencia_territorial,R15,Caldas,3943,0.7372577786344998,La sede Magdalena de la Universidad de Caldas ya cuenta con un Vicerrector
resistencia_territorial,R15,Caquetá,4142,0.8835488112238445,"En Colombia, ir a la escuela es un desafío de supervivencia"
resistencia_territorial,R15,Casanare,519,0.8746506041250325,"‘La producción de petróleo genera impactos, por eso la comunidad debe estar informada’"
resistencia_territorial,R15,Cauca,4376,0.9705425863959085,"Comunidad de El Plateado, sur del Cauca, afectada por fuertes controles del Ejército"
resistencia_territorial,R15,Cesar,4875,0.67232256295891,La película colombiana 'Un varón' busca espacios de exhibición en Estados Unidos
resistencia_territorial,R15,Chocó,749,0.9008881751748553,Elecciones amenazadas: voces de alcaldes desplazados de sus municipios
resistencia_territorial,R15,Cundinamarca,7056,0.8380259060075881,Los días de terror y guerra que en el Sumapaz no quieren revivir
resistencia_territorial,R15,Córdoba,5984,0.8268257072189589,"Por falencias en el PAE en algunas regiones, Defensor del Pueblo solicita medidas para su adecuada implementación"
resistencia_territorial,R15,Guainía,804,0.30939196776161937,Tres de cada cuatro niños en Colombia consumen alimentos de paquete
resistencia_territorial,R15,Guaviare,7303,0.7443408921075253,Baquiano atacado por un caimán se recupera satisfactoriamente – Marandua Stereo 100.7 FM Noticias del Guaviare
resistencia_territorial,R15,Huila,820,0.8747266826441242,Denuncian que grupos armados en Cauca usan escuelas como escudos
resistencia_territorial,R15,La Guajira,904,0.0816678486432505,"Oneida Pinto, investigada por corrupción, apareció haciendo política en La Guajira"
resistencia_territorial,R15,Magdalena,7948,0.6136687483631419,Patricia Caicedo habló de los retos que abordaría de cara a los 500 años en Santa Marta
resistencia_territorial,R15,Meta,9344,0.6265071736843679,Comunidad LGTBIQ+ marchará mañana en Villavicencio
resistencia_territorial,R15,Nariño,10253,0.7738253023948344,"Disidencias 'Carlos Patiño', tras secuestro de dos militares en Cauca"
resistencia_territorial,R15,Norte de Santander,940,0.7920414243342639,Doce organizaciones adhirieron al paro indefinido declarado por los parameros – Corrillos
resistencia_territorial,R15,Putumayo,1066,0.9158276107683647,Estallido social en Los Pozos: expresión de años de reclamos desatendidos
resistencia_territorial,R15,Quindío,10335,0.6406623414997287,Ernesto Amézquita quiere ser el Defensor del Quindío en la gobernación
resistencia_territorial,R15,Risaralda,10895,0.6782476163484619,Transformando historias cambiando vidas
resistencia_territorial,R15,San Andrés y Providencia,10924,0.7479151311632909,Nicolás Gallardo logró la mayor votación de la historia en San Andrés y será gobernador
resistencia_territorial,R15,Santander,11105,0.9741188279200823,El irracional miedo hacia la diversidad sexual en Santander – Corrillos
resistencia_territorial,R15,Sucre,11206,0.8792374179018368,JEP concedió libertad condicional al exgobernador de Sucre Salvador Arana
resistencia_territorial,R15,Tolima,1206,0.7526778750742629,'Me tienen amenzada': mujer denuncia que sus hermanos no la dejan ver a su papá
resistencia_territorial,R15,Valle del Cauca,11272,0.6130664631797432,Defensoría declaró Alerta Temprana Inminente
resistencia_territorial,R15,Vaupés,11374,0.4063017974984794,El camino para conectar el 85 % de Colombia
resistencia_territorial,R15,Vichada,11422,0.6845446093838615,El Grupo Aéreo del Oriente conmemoró su vigésimo séptimo aniversario
resistencia_territorial,R16,Amazonas,1481,0.9624067175304714,Presidente Petro escuchará fallo sobre Nicaragua en San Andrés: irá con cúpula militar
resistencia_territorial,R16,Antioquia,245,0.9805507448121417,¿Por qué el municipio de Argelia cambiará su nombre luego de 63 años?
resistencia_territorial,R16,Arauca,1809,0.9612912107498799,9 menores de edad habrían sido reclutados por el ELN en Arauca en el 2.023: Defensoría
resistencia_territorial,R16,Atlántico,2689,0.9250243133860919,Otra liberal se rebela a Gaviria: Olga González apoyará reforma de la salud
resistencia_territorial,R16,Bolívar,3154,0.927083924422652,Estos son los diez candidatos a la Gobernación de Bolívar
resistencia_territorial,R16,Boyacá,3390,0.9906050251455826,Morris se le metió a la sede de Rodrigo Rojas y provocó escándalo
resistencia_territorial,R16,Caldas,3900,0.9078454088634247,Empocaldas entregó obras de mejoramiento de acueducto y alcantarillado en Belalcázar
resistencia_territorial,R16,Caquetá,4017,0.941421497620633,Partido Comunes cita a control político a Alto Comisionado y al ministro Velasco
resistencia_territorial,R16,Casanare,582,0.8857098267340878,Álvaro Uribe tras atentado a militares: 'La seguridad es determinante para la paz'
resistencia_territorial,R16,Cauca,4782,0.9981498043839041,"Brayan fue asesinado en El Bordo, sur del Cauca"
resistencia_territorial,R16,Cesar,5579,0.9895005300117818,"Por amenazas, personero de El Copey, Cesar, abandonó el territorio"
resistencia_territorial,R16,Chocó,749,0.9598445470359026,Elecciones amenazadas: voces de alcaldes desplazados de sus municipios
resistencia_territorial,R16,Cundinamarca,6862,0.9835395956540188,Consejo de Estado deja por fuera a Tulio Gómez de candidatura en el Valle
resistencia_territorial,R16,Córdoba,6323,0.8910317349763011,Padre e hija mueren ahogados en Puerto Libertador
resistencia_territorial,R16,Guainía,804,0.49157963147222683,Tres de cada cuatro niños en Colombia consumen alimentos de paquete
resistencia_territorial,R16,Guaviare,7363,0.94728643173942,"Indígenas de Colombia, una conexión ancestral con la madre tierra"
resistencia_territorial,R16,Huila,846,0.9833988227930074,Las Farc asesinan a niña de cuatro años
resistencia_territorial,R16,La Guajira,898,0.9471896417723391,Comunidades wayús en La Guajira sufren por la escasez de agua a pesar de decisiones judiciales
resistencia_territorial,R16,Magdalena,7794,0.9680412787352571,Renuncia de Caicedo agita la política del Magdalena
resistencia_territorial,R16,Meta,9309,0.9369226808847707,Inició la contienda por la Gobernación del Meta
resistencia_territorial,R16,Nariño,10260,0.9908498894655235,'Solo lleva a confundir': general (r) Zapateiro criticó cese al fuego bilateral
resistencia_territorial,R16,Norte de Santander,928,0.8800314094662911,Ocad Paz: aprobados 55 proyectos por más de $163 mil millones para financiar por regalías – Corrillos
resistencia_territorial,R16,Putumayo,955,0.9919072131575436,"Cuiracuas, los indígenas siona que usan la cartografía para cuidar su territorio"
resistencia_territorial,R16,Quindío,10416,0.947722922348357,Mafias se dividen el Quindío para vender ‘drogas’
resistencia_territorial,R16,Risaralda,10591,0.8076811677672397,Tres adolescentes habrían asesinado a un compañero de clase porque les debía un dinero
resistencia_territorial,R16,San Andrés y Providencia,10955,0.9603039720158723,"¿Colombia, en riesgo de volver a perder mar con Nicaragua? Abecé fallo de este jueves"
resistencia_territorial,R16,Santander,11080,0.9515153456319068,Rodolfo Hernández: ¿por qué su candidatura está en vilo tras el fallo de la Corte?
resistencia_territorial,R16,Sucre,11206,0.99463392503424,JEP concedió libertad condicional al exgobernador de Sucre Salvador Arana
resistencia_territorial,R16,Tolima,1109,0.9912139894809324,¿Por qué capturaron a senador Ciro Ramírez? Caso tiene que ver con red de Mario Castaño
resistencia_territorial,R16,Valle del Cauca,11262,0.975894438021593,Calima – El Darién está en peligro
resistencia_territorial,R16,Vaupés,11356,0.8685705258574277,Disidencias de las Farc en Guaviare anuncian que suspenden ataques a la fuerza pública
resistencia_territorial,R16,Vichada,11402,0.8428822238001548,Qué tanto ha avanzado Puerto Carreño en los últimos tres años. Esto opinan lideres comunales y concejales
resistencia_territorial,R17,Amazonas,1527,0.9131585752836137,"Comunidades de zona de cordillera de Caquetá, en riesgo de desplazamiento por llegada de 'Iván Mordisco'"
resistencia_territorial,R17,Antioquia,153,0.8472032582896882,Elecciones 2023 | Gamonales e inexpertos luchan por el control de las alcaldías en el Bajo Cauca
resistencia_territorial,R17,Arauca,1629,0.8668666071460951,Personerías de Arauca y Cubará rechaza el asesinato de la Sra. Tulia Carrillo en Tame
resistencia_territorial,R17,Atlántico,2569,0.9788210249770067,"Comunidad bloquea vía La Cordialidad, en Atlántico, por servicio de agua potable"
resistencia_territorial,R17,Bolívar,3135,0.9882008278668841,¡Atención! Bloqueos en carretera Troncal de Occidente
resistencia_territorial,R17,Boyacá,3542,0.9735297787656003,Avanza la Zona de Reserva Campesina del Paraíso Escondido de Boyacá – Togüí
resistencia_territorial,R17,Caldas,3936,0.5207119992011999,En Pácora buscan reabrir la central de beneficio y construir una nueva variante
resistencia_territorial,R17,Caquetá,4142,0.8780073257796128,"En Colombia, ir a la escuela es un desafío de supervivencia"
resistencia_territorial,R17,Casanare,582,0.8951659716257045,Álvaro Uribe tras atentado a militares: 'La seguridad es determinante para la paz'
resistencia_territorial,R17,Cauca,4782,0.9954505517427895,"Brayan fue asesinado en El Bordo, sur del Cauca"
resistencia_territorial,R17,Cesar,5018,0.9885190185489553,En Gamarra (Cesar) repetirán elecciones tras triunfo de voto en blanco y tragedia
resistencia_territorial,R17,Chocó,749,0.9620769080233978,Elecciones amenazadas: voces de alcaldes desplazados de sus municipios
resistencia_territorial,R17,Cundinamarca,7056,0.9481014196160723,Los días de terror y guerra que en el Sumapaz no quieren revivir
resistencia_territorial,R17,Córdoba,6323,0.8686184269826032,Padre e hija mueren ahogados en Puerto Libertador
resistencia_territorial,R17,Guainía,804,0.4975584194426229,Tres de cada cuatro niños en Colombia consumen alimentos de paquete
resistencia_territorial,R17,Guaviare,7278,0.8821013846658193,"Pedro Arenas, integra delegación para iniciar diálogos con el EMC de las Farc – Marandua Stereo 100.7 FM Noticias del Guaviare"
resistencia_territorial,R17,Huila,846,0.9907575887915296,Las Farc asesinan a niña de cuatro años
resistencia_territorial,R17,La Guajira,903,0.7580690126225447,Comunidades wiwa en La Guajira tendrán reparación colectiva como víctimas del conflicto
resistencia_territorial,R17,Magdalena,7794,0.963675857102477,Renuncia de Caicedo agita la política del Magdalena
resistencia_territorial,R17,Meta,9236,0.9321036725241729,Capturan a exdirectora de Cormacarena por caso de corrupción
resistencia_territorial,R17,Nariño,10260,0.9848295976596481,'Solo lleva a confundir': general (r) Zapateiro criticó cese al fuego bilateral
resistencia_territorial,R17,Norte de Santander,940,0.7776072877019554,Doce organizaciones adhirieron al paro indefinido declarado por los parameros – Corrillos
resistencia_territorial,R17,Putumayo,1066,0.9223365290289192,Estallido social en Los Pozos: expresión de años de reclamos desatendidos
resistencia_territorial,R17,Quindío,10375,0.8656120567000182,"Lo peor del Quindío es la corrupción: Jorge Iván Toro, candidato a la Asamblea"
resistencia_territorial,R17,Risaralda,10587,0.6014160186284566,Fatal agresión: hombre atacó con machete a su expareja y sus tres hijos en Risaralda
resistencia_territorial,R17,San Andrés y Providencia,10993,0.9697626081440384,Marcha pacífica terminó en bloqueos y caos en aeropuerto de San Andrés
resistencia_territorial,R17,Santander,11105,0.9858066639127283,El irracional miedo hacia la diversidad sexual en Santander – Corrillos
resistencia_territorial,R17,Sucre,11206,0.9770427357553247,JEP concedió libertad condicional al exgobernador de Sucre Salvador Arana
resistencia_territorial,R17,Tolima,1206,0.9031787624575843,'Me tienen amenzada': mujer denuncia que sus hermanos no la dejan ver a su papá
resistencia_territorial,R17,Valle del Cauca,11268,0.808773023331575,Cali y el Valle eligen a sus mandatarios
resistencia_territorial,R17,Vaupés,11375,0.76068983734064,El nuevo arzobispo de Villavicencio condenó los abusos dentro de la iglesia
resistencia_territorial,R17,Vichada,11434,0.7409441423138444,"Con pancarta, Farc anuncia su presencia en Vichada"
resistencia_territorial,R18,Amazonas,1481,0.9833943173613232,Presidente Petro escuchará fallo sobre Nicaragua en San Andrés: irá con cúpula militar
resistencia_territorial,R18,Antioquia,245,0.9827099563040178,¿Por qué el municipio de Argelia cambiará su nombre luego de 63 años?
resistencia_territorial,R18,Arauca,1809,0.9952428597455987,9 menores de edad habrían sido reclutados por el ELN en Arauca en el 2.023: Defensoría
resistencia_territorial,R18,Atlántico,2184,0.9903047704393453,Sujetos irrumpen en retiro espiritual y roban pertenencias de sacerdotes en Atlántico
resistencia_territorial,R18,Bolívar,3135,0.9864017694008729,¡Atención! Bloqueos en carretera Troncal de Occidente
resistencia_territorial,R18,Boyacá,3542,0.9914342019019615,Avanza la Zona de Reserva Campesina del Paraíso Escondido de Boyacá – Togüí
resistencia_territorial,R18,Caldas,3920,0.9382541566884507,En 12 municipios realizarán capacitaciones en primeros auxilios
resistencia_territorial,R18,Caquetá,4054,0.970034483627687,Del Yarí a Bogotá
resistencia_territorial,R18,Casanare,641,0.9827849459987441,Problemas en el territorio / Análisis de Ricardo Ávila
resistencia_territorial,R18,Cauca,4782,0.9960316751115348,"Brayan fue asesinado en El Bordo, sur del Cauca"
resistencia_territorial,R18,Cesar,5579,0.9938622965885674,"Por amenazas, personero de El Copey, Cesar, abandonó el territorio"
resistencia_territorial,R18,Chocó,755,0.9787906841304227,“El Chocó está todo incendiado”: Obispo de Istmina
resistencia_territorial,R18,Cundinamarca,6862,0.9826366134382243,Consejo de Estado deja por fuera a Tulio Gómez de candidatura en el Valle
resistencia_territorial,R18,Córdoba,6596,0.9488419113274521,"""Haber formado la Unicórdoba es un aporte transformador a la región y al país"": Jairo Torres Oviedo"
resistencia_territorial,R18,Guainía,805,0.8488970573276581,¿Cómo funcionará el mecanismo de verificación en cese del fuego con el Eln?
resistencia_territorial,R18,Guaviare,7269,0.9920745399311122,"Derechos Humanos y pueblos indígenas, temas tratados entre ONU y Defensoría – Marandua Stereo 100.7 FM Noticias del Guaviare"
resistencia_territorial,R18,Huila,846,0.9958341047931755,Las Farc asesinan a niña de cuatro años
resistencia_territorial,R18,La Guajira,902,0.9439017596709766,El año pasado la “violencia política” le costó la vida a 108 indígenas
resistencia_territorial,R18,Magdalena,7673,0.9522183593132935,Río Piedras se creció este jueves a la altura de Calabazo
resistencia_territorial,R18,Meta,9042,0.9875265316727239,Más de 71 mil hectáreas restituidas a campesinos e indígenas del Meta y Guaviare
resistencia_territorial,R18,Nariño,10260,0.9917978881604267,'Solo lleva a confundir': general (r) Zapateiro criticó cese al fuego bilateral
resistencia_territorial,R18,Norte de Santander,930,0.9934312751058089,«Debe establecerse una férrea unidad entre la sociedad civil y la Fuerza Pública» – Corrillos
resistencia_territorial,R18,Putumayo,955,0.99331203023973,"Cuiracuas, los indígenas siona que usan la cartografía para cuidar su territorio"
resistencia_territorial,R18,Quindío,10376,0.981089947416131,El municipio de Córdoba completa seis años sin homicidios
resistencia_territorial,R18,Risaralda,10750,0.9912004931360309,Reportero de EL TIEMPO y otros periodistas quedaron en medio de un hostigamiento
resistencia_territorial,R18,San Andrés y Providencia,10949,0.980473832484501,¿Y qué hacer ahora con la victoria?
resistencia_territorial,R18,Santander,11138,0.9918448338146721,Lugares para resignificar y ponerle fin a la indiferencia – Corrillos
resistencia_territorial,R18,Sucre,11206,0.9931655317479471,JEP concedió libertad condicional al exgobernador de Sucre Salvador Arana
resistencia_territorial,R18,Tolima,1240,0.9850707421325473,El horror del conflicto en Tolima que comienza a develar caso de la JEP
resistencia_territorial,R18,Valle del Cauca,11294,0.9943297708245175,Elecciones bajo amenaza
resistencia_territorial,R18,Vaupés,11350,0.9931778849842197,La vicepresidenta Francia Márquez anunció el sistema para medir la violencia de género
resistencia_territorial,R18,Vichada,11400,0.9263927269613026,Habitantes de Casuarito advierten un paro en la inspección. Dicen que hay compromisos incumplidos
resistencia_territorial,R19,Amazonas,1481,0.9834706141340637,Presidente Petro escuchará fallo sobre Nicaragua en San Andrés: irá con cúpula militar
resistencia_territorial,R19,Antioquia,93,0.9879757605834328,"Estos son todos los candidatos a la Gobernación de Antioquia, conozca su pasado y presente político"
resistencia_territorial,R19,Arauca,1809,0.9970293224080014,9 menores de edad habrían sido reclutados por el ELN en Arauca en el 2.023: Defensoría
resistencia_territorial,R19,Atlántico,2184,0.9915604706955714,Sujetos irrumpen en retiro espiritual y roban pertenencias de sacerdotes en Atlántico
resistencia_territorial,R19,Bolívar,3135,0.9915439606729318,¡Atención! Bloqueos en carretera Troncal de Occidente
resistencia_territorial,R19,Boyacá,3542,0.9920447066024526,Avanza la Zona de Reserva Campesina del Paraíso Escondido de Boyacá – Togüí
resistencia_territorial,R19,Caldas,3920,0.9590429611261964,En 12 municipios realizarán capacitaciones en primeros auxilios
resistencia_territorial,R19,Caquetá,4052,0.9887040102855165,"La vasectomía, un método anticonceptivo que toma fuerza en Medellín"
resistencia_territorial,R19,Casanare,641,0.9869205996505868,Problemas en el territorio / Análisis de Ricardo Ávila
resistencia_territorial,R19,Cauca,4782,0.9968153184108534,"Brayan fue asesinado en El Bordo, sur del Cauca"
resistencia_territorial,R19,Cesar,5579,0.994878174633591,"Por amenazas, personero de El Copey, Cesar, abandonó el territorio"
resistencia_territorial,R19,Chocó,755,0.9808037722818768,“El Chocó está todo incendiado”: Obispo de Istmina
resistencia_territorial,R19,Cundinamarca,7149,0.9953501217984447,Dos ejemplos de elegir bien
resistencia_territorial,R19,Córdoba,6596,0.9444707248473798,"""Haber formado la Unicórdoba es un aporte transformador a la región y al país"": Jairo Torres Oviedo"
resistencia_territorial,R19,Guainía,803,0.9678933348369892,A los que sí y a los que no les afectaría el proyecto del impuesto predial
resistencia_territorial,R19,Guaviare,7269,0.9952395506567809,"Derechos Humanos y pueblos indígenas, temas tratados entre ONU y Defensoría – Marandua Stereo 100.7 FM Noticias del Guaviare"
resistencia_territorial,R19,Huila,846,0.9961469825931807,Las Farc asesinan a niña de cuatro años
resistencia_territorial,R19,La Guajira,902,0.9469646567087229,El año pasado la “violencia política” le costó la vida a 108 indígenas
resistencia_territorial,R19,Magdalena,7794,0.9798851284569703,Renuncia de Caicedo agita la política del Magdalena
resistencia_territorial,R19,Meta,9042,0.9850105266215641,Más de 71 mil hectáreas restituidas a campesinos e indígenas del Meta y Guaviare
resistencia_territorial,R19,Nariño,10260,0.9933895011911654,'Solo lleva a confundir': general (r) Zapateiro criticó cese al fuego bilateral
resistencia_territorial,R19,Norte de Santander,930,0.9937177802439586,«Debe establecerse una férrea unidad entre la sociedad civil y la Fuerza Pública» – Corrillos
resistencia_territorial,R19,Putumayo,955,0.9955103905623578,"Cuiracuas, los indígenas siona que usan la cartografía para cuidar su territorio"
resistencia_territorial,R19,Quindío,10480,0.9860475969866886,"Del 16 al 17 de marzo, el Quindío será sede del encuentro de gobernadores"
resistencia_territorial,R19,Risaralda,10750,0.9916144491199387,Reportero de EL TIEMPO y otros periodistas quedaron en medio de un hostigamiento
resistencia_territorial,R19,San Andrés y Providencia,10993,0.9788965884680536,Marcha pacífica terminó en bloqueos y caos en aeropuerto de San Andrés
resistencia_territorial,R19,Santander,11138,0.9941748495842327,Lugares para resignificar y ponerle fin a la indiferencia – Corrillos
resistencia_territorial,R19,Sucre,11206,0.9933921930765376,JEP concedió libertad condicional al exgobernador de Sucre Salvador Arana
resistencia_territorial,R19,Tolima,1240,0.9942997575423824,El horror del conflicto en Tolima que comienza a develar caso de la JEP
resistencia_territorial,R19,Valle del Cauca,11294,0.9946714930263747,Elecciones bajo amenaza
resistencia_territorial,R19,Vaupés,11350,0.9920023408788672,La vicepresidenta Francia Márquez anunció el sistema para medir la violencia de género
resistencia_territorial,R19,Vichada,11420,0.9762067212971302,"Durante 2022, nueve niños menores de 5 años murieron por desnutrición en Vichada"
resistencia_territorial,R20,Amazonas,1527,0.9218082878323534,"Comunidades de zona de cordillera de Caquetá, en riesgo de desplazamiento por llegada de 'Iván Mordisco'"
resistencia_territorial,R20,Antioquia,245,0.9454962095316325,¿Por qué el municipio de Argelia cambiará su nombre luego de 63 años?
resistencia_territorial,R20,Arauca,1809,0.9852855137488814,9 menores de edad habrían sido reclutados por el ELN en Arauca en el 2.023: Defensoría
resistencia_territorial,R20,Atlántico,2569,0.9803008204422701,"Comunidad bloquea vía La Cordialidad, en Atlántico, por servicio de agua potable"
resistencia_territorial,R20,Bolívar,3262,0.9686474850473579,“Lo hecho por Blel y por Dau hay que reformarlo”: Zaith Adechine
resistencia_territorial,R20,Boyacá,3542,0.9845418570085596,Avanza la Zona de Reserva Campesina del Paraíso Escondido de Boyacá – Togüí
resistencia_territorial,R20,Caldas,3744,0.8162108376560835,Gobernación entregó viviendas a nueve familias de Caldas
resistencia_territorial,R20,Caquetá,4054,0.930554633751829,Del Yarí a Bogotá
resistencia_territorial,R20,Casanare,519,0.9663362529914629,"‘La producción de petróleo genera impactos, por eso la comunidad debe estar informada’"
resistencia_territorial,R20,Cauca,4782,0.9962210243202233,"Brayan fue asesinado en El Bordo, sur del Cauca"
resistencia_territorial,R20,Cesar,5579,0.9892962568895505,"Por amenazas, personero de El Copey, Cesar, abandonó el territorio"
resistencia_territorial,R20,Chocó,755,0.9644468504778068,“El Chocó está todo incendiado”: Obispo de Istmina
resistencia_territorial,R20,Cundinamarca,6790,0.9503893018596681,Los detalles detrás de la pancarta alusiva a disidencias de las Farc cerca de La Calera
resistencia_territorial,R20,Córdoba,6102,0.9183190558390895,Reiteran llamado al Estado a brindar soluciones a población desplazada del Manso
resistencia_territorial,R20,Guainía,804,0.498186888477939,Tres de cada cuatro niños en Colombia consumen alimentos de paquete
resistencia_territorial,R20,Guaviare,7363,0.939997578667281,"Indígenas de Colombia, una conexión ancestral con la madre tierra"
resistencia_territorial,R20,Huila,846,0.9958658289520781,Las Farc asesinan a niña de cuatro años
resistencia_territorial,R20,La Guajira,902,0.9305906434506892,El año pasado la “violencia política” le costó la vida a 108 indígenas
resistencia_territorial,R20,Magdalena,8313,0.9379978169501637,47 personas han sido asesinadas durante el 2023 en Zona Bananera
resistencia_territorial,R20,Meta,9024,0.8962823299221063,Más de 71.000 hectáreas restituidas por URT Meta
resistencia_territorial,R20,Nariño,10260,0.9043180035654043,'Solo lleva a confundir': general (r) Zapateiro criticó cese al fuego bilateral
resistencia_territorial,R20,Norte de Santander,930,0.9406961722462113,«Debe establecerse una férrea unidad entre la sociedad civil y la Fuerza Pública» – Corrillos
resistencia_territorial,R20,Putumayo,955,0.9892592054147828,"Cuiracuas, los indígenas siona que usan la cartografía para cuidar su territorio"
resistencia_territorial,R20,Quindío,10465,0.9618043031260739,Representamos a todas las víctimas del conflicto armado que no tienen voz ni voto
resistencia_territorial,R20,Risaralda,10798,0.8493330273988117,"'Ajustes de cuentas' e intolerancia, causas del aumento de los homicidios en Pereira"
resistencia_territorial,R20,San Andrés y Providencia,10993,0.9790477888613652,Marcha pacífica terminó en bloqueos y caos en aeropuerto de San Andrés
resistencia_territorial,R20,Santander,11105,0.9835680969863201,El irracional miedo hacia la diversidad sexual en Santander – Corrillos
resistencia_territorial,R20,Sucre,11206,0.9921742935528114,JEP concedió libertad condicional al exgobernador de Sucre Salvador Arana
resistencia_territorial,R20,Tolima,1206,0.8985467412403594,'Me tienen amenzada': mujer denuncia que sus hermanos no la dejan ver a su papá
resistencia_territorial,R20,Valle del Cauca,11262,0.9835843542441801,Calima – El Darién está en peligro
resistencia_territorial,R20,Vaupés,11362,0.9409921971031452,Reportan casi 70 intentos de suicidio en departamento de Vaupés
resistencia_territorial,R20,Vichada,11400,0.9508848048954136,Habitantes de Casuarito advierten un paro en la inspección. Dicen que hay compromisos incumplidos
resistencia_territorial,R21,Amazonas,1527,0.9123164126480214,"Comunidades de zona de cordillera de Caquetá, en riesgo de desplazamiento por llegada de 'Iván Mordisco'"
resistencia_territorial,R21,Antioquia,482,0.7980913815296644,Negligencia con el cuidado del río le pasa cuenta de cobro a la ciudad
resistencia_territorial,R21,Arauca,1809,0.9869205827363621,9 menores de edad habrían sido reclutados por el ELN en Arauca en el 2.023: Defensoría
resistencia_territorial,R21,Atlántico,2569,0.9798014140450657,"Comunidad bloquea vía La Cordialidad, en Atlántico, por servicio de agua potable"
resistencia_territorial,R21,Bolívar,3135,0.9911133169319434,¡Atención! Bloqueos en carretera Troncal de Occidente
resistencia_territorial,R21,Boyacá,3542,0.9758819767290097,Avanza la Zona de Reserva Campesina del Paraíso Escondido de Boyacá – Togüí
resistencia_territorial,R21,Caldas,3744,0.7719725309152209,Gobernación entregó viviendas a nueve familias de Caldas
resistencia_territorial,R21,Caquetá,4142,0.9024240421480032,"En Colombia, ir a la escuela es un desafío de supervivencia"
resistencia_territorial,R21,Casanare,519,0.9583373245600004,"‘La producción de petróleo genera impactos, por eso la comunidad debe estar informada’"
resistencia_territorial,R21,Cauca,4782,0.9938691735670822,"Brayan fue asesinado en El Bordo, sur del Cauca"
resistencia_territorial,R21,Cesar,5579,0.9916313372490991,"Por amenazas, personero de El Copey, Cesar, abandonó el territorio"
resistencia_territorial,R21,Chocó,755,0.9696674934260031,“El Chocó está todo incendiado”: Obispo de Istmina
resistencia_territorial,R21,Cundinamarca,6790,0.9686276116781468,Los detalles detrás de la pancarta alusiva a disidencias de las Farc cerca de La Calera
resistencia_territorial,R21,Córdoba,6102,0.8850597933942494,Reiteran llamado al Estado a brindar soluciones a población desplazada del Manso
resistencia_territorial,R21,Guainía,807,0.15225793325580966,Los diez artículos TIC que tiene el Plan Nacional de Desarrollo
resistencia_territorial,R21,Guaviare,7202,0.8483820833612425,Pacto Histórico será veedor de la inversión de recursos por nuevas Administraciones – Marandua Stereo 100.7 FM Noticias del Guaviare
resistencia_territorial,R21,Huila,846,0.996039194614649,Las Farc asesinan a niña de cuatro años
resistencia_territorial,R21,La Guajira,902,0.9383658816078014,El año pasado la “violencia política” le costó la vida a 108 indígenas
resistencia_territorial,R21,Magdalena,8313,0.895773174514932,47 personas han sido asesinadas durante el 2023 en Zona Bananera
resistencia_territorial,R21,Meta,9238,0.8516612467993875,'Los gobiernos deben aumentar los presupuestos para atender la salud mental'
resistencia_territorial,R21,Nariño,10260,0.9647064266196994,'Solo lleva a confundir': general (r) Zapateiro criticó cese al fuego bilateral
resistencia_territorial,R21,Norte de Santander,920,0.9137610346480859,Alcaldes gobiernan desde el exilio: por falta garantías salieron de sus territorios – Corrillos
resistencia_territorial,R21,Putumayo,963,0.9385644681222998,Alcaldesa electa de Jamundí pondrá drones y más policías para frenar a los violentos
resistencia_territorial,R21,Quindío,10465,0.9385671339883477,Representamos a todas las víctimas del conflicto armado que no tienen voz ni voto
resistencia_territorial,R21,Risaralda,10589,0.7733049779921248,Defensoría lanzó alerta por aumento de migrantes irregulares: San Andrés-Centroamérica
resistencia_territorial,R21,San Andrés y Providencia,10993,0.9738490700371967,Marcha pacífica terminó en bloqueos y caos en aeropuerto de San Andrés
resistencia_territorial,R21,Santander,11105,0.9900169470538267,El irracional miedo hacia la diversidad sexual en Santander – Corrillos
resistencia_territorial,R21,Sucre,11209,0.8975982541603088,Masacre: Asesinaron a tres hombres en un estadero
resistencia_territorial,R21,Tolima,1364,0.7188961121471485,Tolima: hombre habría abusado sexualmente de sus hijas menores de edad
resistencia_territorial,R21,Valle del Cauca,11259,0.79639707538224,Disminuye violencia de género en el Valle
resistencia_territorial,R21,Vaupés,11362,0.9905404847529637,Reportan casi 70 intentos de suicidio en departamento de Vaupés
resistencia_territorial,R21,Vichada,11400,0.9516074630982734,Habitantes de Casuarito advierten un paro en la inspección. Dicen que hay compromisos incumplidos
resistencia_territorial,R22,Amazonas,1527,0.864731132609037,"Comunidades de zona de cordillera de Caquetá, en riesgo de desplazamiento por llegada de 'Iván Mordisco'"
resistencia_territorial,R22,Antioquia,11,0.92594423405034,“Pusimos a Corantioquia en el corazón de los antioqueños”
resistencia_territorial,R22,Arauca,1809,0.965493645404722,9 menores de edad habrían sido reclutados por el ELN en Arauca en el 2.023: Defensoría
resistencia_territorial,R22,Atlántico,2184,0.9847336608086917,Sujetos irrumpen en retiro espiritual y roban pertenencias de sacerdotes en Atlántico
resistencia_territorial,R22,Bolívar,3148,0.9754607434473954,Entre estos diez nombres está el heredero de la silla de Vicente Blel
resistencia_territorial,R22,Boyacá,3477,0.9679214896638958,Historias de nueve comunidades que cuidan el agua en la Región Central
resistencia_territorial,R22,Caldas,3751,0.8707345084950585,Nueve personas fueron capturadas en Chinchiná
resistencia_territorial,R22,Caquetá,4142,0.9024279145188067,"En Colombia, ir a la escuela es un desafío de supervivencia"
resistencia_territorial,R22,Casanare,519,0.8611377840372044,"‘La producción de petróleo genera impactos, por eso la comunidad debe estar informada’"
resistencia_territorial,R22,Cauca,4383,0.9832830473125038,“Esperamos que las fuerzas militares copen el territorio”
resistencia_territorial,R22,Cesar,5173,0.9402637738628336,Así es la realidad de líderes ambientales amenazados en Colombia: relatos de sobrevivientes
resistencia_territorial,R22,Chocó,749,0.9598603528983581,Elecciones amenazadas: voces de alcaldes desplazados de sus municipios
resistencia_territorial,R22,Cundinamarca,6894,0.8905843835199521,Cundinamarca firma el primer pacto saludable para prevenir enfermedades
resistencia_territorial,R22,Córdoba,5984,0.875101730682705,"Por falencias en el PAE en algunas regiones, Defensor del Pueblo solicita medidas para su adecuada implementación"
resistencia_territorial,R22,Guainía,804,0.504501199581923,Tres de cada cuatro niños en Colombia consumen alimentos de paquete
resistencia_territorial,R22,Guaviare,7363,0.9099495055235601,"Indígenas de Colombia, una conexión ancestral con la madre tierra"
resistencia_territorial,R22,Huila,846,0.990093839440386,Las Farc asesinan a niña de cuatro años
resistencia_territorial,R22,La Guajira,902,0.942887922235121,El año pasado la “violencia política” le costó la vida a 108 indígenas
resistencia_territorial,R22,Magdalena,8220,0.9070262820454932,Estrategia ‘Espacios Seguros’ llegó al municipio de Ariguaní
resistencia_territorial,R22,Meta,9029,0.9790052464268904,Gobernadora electa del Meta se reunió con Petro y Bachelet
resistencia_territorial,R22,Nariño,10260,0.8880257702149277,'Solo lleva a confundir': general (r) Zapateiro criticó cese al fuego bilateral
resistencia_territorial,R22,Norte de Santander,930,0.9131919479909204,«Debe establecerse una férrea unidad entre la sociedad civil y la Fuerza Pública» – Corrillos
resistencia_territorial,R22,Putumayo,967,0.9389259590707095,Petro cuestiona a oposición por 'construir ambiente de miedo' con fines electorales
resistencia_territorial,R22,Quindío,10376,0.9790642783024177,El municipio de Córdoba completa seis años sin homicidios
resistencia_territorial,R22,Risaralda,10798,0.8005246470007673,"'Ajustes de cuentas' e intolerancia, causas del aumento de los homicidios en Pereira"
resistencia_territorial,R22,San Andrés y Providencia,10937,0.9180395741337849,Alumnos de doctorado en Ciencias del Mar fueron clave en defensa marítima ante La Haya
resistencia_territorial,R22,Santander,11105,0.990724913174689,El irracional miedo hacia la diversidad sexual en Santander – Corrillos
resistencia_territorial,R22,Sucre,11206,0.9422047061887101,JEP concedió libertad condicional al exgobernador de Sucre Salvador Arana
resistencia_territorial,R22,Tolima,1206,0.8401665312411434,'Me tienen amenzada': mujer denuncia que sus hermanos no la dejan ver a su papá
resistencia_territorial,R22,Valle del Cauca,11318,0.9752815419172467,"Paola Arenas, la profesional, la política, la líder"
resistencia_territorial,R22,Vaupés,11345,0.7850779341030769,Cuarta División del Ejército le cumplió el sueño de Navidad a 15 niños y niñas
resistencia_territorial,R22,Vichada,11398,0.8668779700335737,Asesinato de Ayendi Piña Hinojosa en Puerto Carreño. Esto sabemos
resistencia_territorial,R23,Amazonas,1485,0.4398474551813916,Siete años para salvar la Amazonía
resistencia_territorial,R23,Antioquia,79,0.6209972950669426,“Hay intenciones de orquestar una toma hostil en el Metro para darle un manejo politiquero”: Aníbal Gaviria
resistencia_territorial,R23,Arauca,1629,0.8539662481971219,Personerías de Arauca y Cubará rechaza el asesinato de la Sra. Tulia Carrillo en Tame
resistencia_territorial,R23,Atlántico,2569,0.8749825491402604,"Comunidad bloquea vía La Cordialidad, en Atlántico, por servicio de agua potable"
resistencia_territorial,R23,Bolívar,3135,0.9845405803992316,¡Atención! Bloqueos en carretera Troncal de Occidente
resistencia_territorial,R23,Boyacá,3480,0.8723812190319994,Alcaldes de Valderrama piden cita con el Gobernador de Boyacá
resistencia_territorial,R23,Caldas,3735,0.19837040419424645,Policía capturó a cuatro personas por tala indiscriminada de árboles en Caldas
resistencia_territorial,R23,Caquetá,4142,0.888937468500327,"En Colombia, ir a la escuela es un desafío de supervivencia"
resistencia_territorial,R23,Casanare,567,0.6081578828297513,Puente 'Los Grillos: ¿Quién fue el responsable de su construcción?
resistencia_territorial,R23,Cauca,4376,0.9781990475459001,"Comunidad de El Plateado, sur del Cauca, afectada por fuertes controles del Ejército"
resistencia_territorial,R23,Cesar,4875,0.6709115565896779,La película colombiana 'Un varón' busca espacios de exhibición en Estados Unidos
resistencia_territorial,R23,Chocó,749,0.9416710905490252,Elecciones amenazadas: voces de alcaldes desplazados de sus municipios
resistencia_territorial,R23,Cundinamarca,7056,0.840181253989839,Los días de terror y guerra que en el Sumapaz no quieren revivir
resistencia_territorial,R23,Córdoba,5945,0.5854613580024196,Capturados por violencia contra servidor público
resistencia_territorial,R23,Guainía,803,0.0,A los que sí y a los que no les afectaría el proyecto del impuesto predial
resistencia_territorial,R23,Guaviare,7202,0.8394598734976496,Pacto Histórico será veedor de la inversión de recursos por nuevas Administraciones – Marandua Stereo 100.7 FM Noticias del Guaviare
resistencia_territorial,R23,Huila,846,0.9419436669293337,Las Farc asesinan a niña de cuatro años
resistencia_territorial,R23,La Guajira,904,0.38997300475602237,"Oneida Pinto, investigada por corrupción, apareció haciendo política en La Guajira"
resistencia_territorial,R23,Magdalena,8969,0.7845538213161882,Derrumbe de muro de contención en sur de Bolívar tiene en riesgo a 100 viviendas
resistencia_territorial,R23,Meta,9610,0.6889343153195748,¡Macabro! Hombre asesinó a su mamá en San Martín
resistencia_territorial,R23,Nariño,10270,0.5383882895554049,Principales interrogantes que dejan los ceses del fuego bilaterales sin el Eln
resistencia_territorial,R23,Norte de Santander,940,0.6555017084194044,Doce organizaciones adhirieron al paro indefinido declarado por los parameros – Corrillos
resistencia_territorial,R23,Putumayo,1066,0.9186961629769096,Estallido social en Los Pozos: expresión de años de reclamos desatendidos
resistencia_territorial,R23,Quindío,10465,0.7221519023269749,Representamos a todas las víctimas del conflicto armado que no tienen voz ni voto
resistencia_territorial,R23,Risaralda,10587,0.5964082484293018,Fatal agresión: hombre atacó con machete a su expareja y sus tres hijos en Risaralda
resistencia_territorial,R23,San Andrés y Providencia,10995,0.7305479058242934,Cómo la 'histórica incomprensión' de Bogotá afectó a las islas de San Andrés
resistencia_territorial,R23,Santander,11105,0.9864927630147892,El irracional miedo hacia la diversidad sexual en Santander – Corrillos
resistencia_territorial,R23,Sucre,11209,0.8334802035867498,Masacre: Asesinaron a tres hombres en un estadero
resistencia_territorial,R23,Tolima,1206,0.7717651536531355,'Me tienen amenzada': mujer denuncia que sus hermanos no la dejan ver a su papá
resistencia_territorial,R23,Valle del Cauca,11326,0.7626651068431068,Acciones legales contra involucrados en video de presunto soborno en Cali
resistencia_territorial,R23,Vaupés,11375,0.2461845248729972,El nuevo arzobispo de Villavicencio condenó los abusos dentro de la iglesia
resistencia_territorial,R23,Vichada,11434,0.7174654058120898,"Con pancarta, Farc anuncia su presencia en Vichada"
resistencia_territorial,R24,Amazonas,1455,0.4451847863605295,Más de 136.000 toneladas de productos no han transitado por cierres en la vía al Llano
resistencia_territorial,R24,Antioquia,214,0.7095266077099499,Exclusivo: el frente de las disidencias de las Farc y su comandante que quieren volverse del ELN para colarse en la paz total
resistencia_territorial,R24,Arauca,1629,0.8629447569803143,Personerías de Arauca y Cubará rechaza el asesinato de la Sra. Tulia Carrillo en Tame
resistencia_territorial,R24,Atlántico,2569,0.8937196866353536,"Comunidad bloquea vía La Cordialidad, en Atlántico, por servicio de agua potable"
resistencia_territorial,R24,Bolívar,3135,0.9277336427699991,¡Atención! Bloqueos en carretera Troncal de Occidente
resistencia_territorial,R24,Boyacá,3480,0.9010842132579644,Alcaldes de Valderrama piden cita con el Gobernador de Boyacá
resistencia_territorial,R24,Caldas,3735,0.19969880632192927,Policía capturó a cuatro personas por tala indiscriminada de árboles en Caldas
resistencia_territorial,R24,Caquetá,4142,0.9017077216889745,"En Colombia, ir a la escuela es un desafío de supervivencia"
resistencia_territorial,R24,Casanare,567,0.5792483368685136,Puente 'Los Grillos: ¿Quién fue el responsable de su construcción?
resistencia_territorial,R24,Cauca,4376,0.9785355635742189,"Comunidad de El Plateado, sur del Cauca, afectada por fuertes controles del Ejército"
resistencia_territorial,R24,Cesar,4875,0.6783740960215822,La película colombiana 'Un varón' busca espacios de exhibición en Estados Unidos
resistencia_territorial,R24,Chocó,749,0.9168346325146044,Elecciones amenazadas: voces de alcaldes desplazados de sus municipios
resistencia_territorial,R24,Cundinamarca,7056,0.8771701966323431,Los días de terror y guerra que en el Sumapaz no quieren revivir
resistencia_territorial,R24,Córdoba,6384,0.6999014592721287,"Darío Mendoza y Fabio Otero, dos candidatos a la Alcaldía de Tierralta que se suman al Nuevo Futuro"
resistencia_territorial,R24,Guainía,804,0.04240898028009671,Tres de cada cuatro niños en Colombia consumen alimentos de paquete
resistencia_territorial,R24,Guaviare,7202,0.8532675058428616,Pacto Histórico será veedor de la inversión de recursos por nuevas Administraciones – Marandua Stereo 100.7 FM Noticias del Guaviare
resistencia_territorial,R24,Huila,846,0.9634428206488806,Las Farc asesinan a niña de cuatro años
resistencia_territorial,R24,La Guajira,902,0.5684992139843207,El año pasado la “violencia política” le costó la vida a 108 indígenas
resistencia_territorial,R24,Magdalena,8969,0.7803642499809733,Derrumbe de muro de contención en sur de Bolívar tiene en riesgo a 100 viviendas
resistencia_territorial,R24,Meta,9344,0.6594230733081217,Comunidad LGTBIQ+ marchará mañana en Villavicencio
resistencia_territorial,R24,Nariño,9876,0.7280814196305507,Alerta en Argelia y Nariño:circula panfleto de Clan del Oriente que amenaza a comunidad
resistencia_territorial,R24,Norte de Santander,940,0.7778842732577447,Doce organizaciones adhirieron al paro indefinido declarado por los parameros – Corrillos
resistencia_territorial,R24,Putumayo,1066,0.9204924872142445,Estallido social en Los Pozos: expresión de años de reclamos desatendidos
resistencia_territorial,R24,Quindío,10465,0.8132937560447343,Representamos a todas las víctimas del conflicto armado que no tienen voz ni voto
resistencia_territorial,R24,Risaralda,10587,0.5994105275531587,Fatal agresión: hombre atacó con machete a su expareja y sus tres hijos en Risaralda
resistencia_territorial,R24,San Andrés y Providencia,10995,0.7307901969585435,Cómo la 'histórica incomprensión' de Bogotá afectó a las islas de San Andrés
resistencia_territorial,R24,Santander,11105,0.9833106166633635,El irracional miedo hacia la diversidad sexual en Santander – Corrillos
resistencia_territorial,R24,Sucre,11209,0.8224870586265025,Masacre: Asesinaron a tres hombres en un estadero
resistencia_territorial,R24,Tolima,1364,0.7142172589800118,Tolima: hombre habría abusado sexualmente de sus hijas menores de edad
resistencia_territorial,R24,Valle del Cauca,11326,0.7869842599548165,Acciones legales contra involucrados en video de presunto soborno en Cali
resistencia_territorial,R24,Vaupés,11375,0.5640634703127857,El nuevo arzobispo de Villavicencio condenó los abusos dentro de la iglesia
resistencia_territorial,R24,Vichada,11434,0.7077945170534127,"Con pancarta, Farc anuncia su presencia en Vichada"
resistencia_territorial,R25,Amazonas,1455,0.5267614323227165,Más de 136.000 toneladas de productos no han transitado por cierres en la vía al Llano
resistencia_territorial,R25,Antioquia,214,0.6631972802076885,Exclusivo: el frente de las disidencias de las Farc y su comandante que quieren volverse del ELN para colarse en la paz total
resistencia_territorial,R25,Arauca,1629,0.8647221344502656,Personerías de Arauca y Cubará rechaza el asesinato de la Sra. Tulia Carrillo en Tame
resistencia_territorial,R25,Atlántico,2569,0.9567672692307382,"Comunidad bloquea vía La Cordialidad, en Atlántico, por servicio de agua potable"
resistencia_territorial,R25,Bolívar,3135,0.9893672412674798,¡Atención! Bloqueos en carretera Troncal de Occidente
resistencia_territorial,R25,Boyacá,3480,0.9014374717196084,Alcaldes de Valderrama piden cita con el Gobernador de Boyacá
resistencia_territorial,R25,Caldas,3738,0.2555128056690418,"En Manizales se realizará la Semana Nacional Cambio Climático, acciones por la vida – Caldas 2023"
resistencia_territorial,R25,Caquetá,4142,0.9009493506559912,"En Colombia, ir a la escuela es un desafío de supervivencia"
resistencia_territorial,R25,Casanare,567,0.5551031735905918,Puente 'Los Grillos: ¿Quién fue el responsable de su construcción?
resistencia_territorial,R25,Cauca,4376,0.9771559165240415,"Comunidad de El Plateado, sur del Cauca, afectada por fuertes controles del Ejército"
resistencia_territorial,R25,Cesar,4875,0.6720852920483685,La película colombiana 'Un varón' busca espacios de exhibición en Estados Unidos
resistencia_territorial,R25,Chocó,749,0.87372715106102,Elecciones amenazadas: voces de alcaldes desplazados de sus municipios
resistencia_territorial,R25,Cundinamarca,7056,0.661177944459125,Los días de terror y guerra que en el Sumapaz no quieren revivir
resistencia_territorial,R25,Córdoba,6415,0.6028385172994171,Córdoba ya es una realidad
resistencia_territorial,R25,Guainía,804,0.25796276744611407,Tres de cada cuatro niños en Colombia consumen alimentos de paquete
resistencia_territorial,R25,Guaviare,7202,0.848774364221997,Pacto Histórico será veedor de la inversión de recursos por nuevas Administraciones – Marandua Stereo 100.7 FM Noticias del Guaviare
resistencia_territorial,R25,Huila,846,0.9762616766465374,Las Farc asesinan a niña de cuatro años
resistencia_territorial,R25,La Guajira,904,0.5458450372424462,"Oneida Pinto, investigada por corrupción, apareció haciendo política en La Guajira"
resistencia_territorial,R25,Magdalena,8969,0.7812931510626115,Derrumbe de muro de contención en sur de Bolívar tiene en riesgo a 100 viviendas
resistencia_territorial,R25,Meta,9610,0.7253051898149249,¡Macabro! Hombre asesinó a su mamá en San Martín
resistencia_territorial,R25,Nariño,10253,0.7586717952822197,"Disidencias 'Carlos Patiño', tras secuestro de dos militares en Cauca"
resistencia_territorial,R25,Norte de Santander,940,0.7776796214923593,Doce organizaciones adhirieron al paro indefinido declarado por los parameros – Corrillos
resistencia_territorial,R25,Putumayo,1066,0.9179971684819263,Estallido social en Los Pozos: expresión de años de reclamos desatendidos
resistencia_territorial,R25,Quindío,10465,0.8769846248958179,Representamos a todas las víctimas del conflicto armado que no tienen voz ni voto
resistencia_territorial,R25,Risaralda,10587,0.5970014015677088,Fatal agresión: hombre atacó con machete a su expareja y sus tres hijos en Risaralda
resistencia_territorial,R25,San Andrés y Providencia,10995,0.7305259438976072,Cómo la 'histórica incomprensión' de Bogotá afectó a las islas de San Andrés
resistencia_territorial,R25,Santander,11105,0.9856699068660739,El irracional miedo hacia la diversidad sexual en Santander – Corrillos
resistencia_territorial,R25,Sucre,11209,0.8918256479888508,Masacre: Asesinaron a tres hombres en un estadero
resistencia_territorial,R25,Tolima,1364,0.7178942772962779,Tolima: hombre habría abusado sexualmente de sus hijas menores de edad
resistencia_territorial,R25,Valle del Cauca,11326,0.789439892100727,Acciones legales contra involucrados en video de presunto soborno en Cali
resistencia_territorial,R25,Vaupés,11375,0.20954783732223328,El nuevo arzobispo de Villavicencio condenó los abusos dentro de la iglesia
resistencia_territorial,R25,Vichada,11434,0.7217200989447256,"Con pancarta, Farc anuncia su presencia en Vichada"
resistencia_territorial,R26,Amazonas,1455,0.5671354676924271,Más de 136.000 toneladas de productos no han transitado por cierres en la vía al Llano
resistencia_territorial,R26,Antioquia,79,0.6130727994854892,“Hay intenciones de orquestar una toma hostil en el Metro para darle un manejo politiquero”: Aníbal Gaviria
resistencia_territorial,R26,Arauca,1629,0.8587202874424966,Personerías de Arauca y Cubará rechaza el asesinato de la Sra. Tulia Carrillo en Tame
resistencia_territorial,R26,Atlántico,2593,0.523499474450645,Comunidad mantiene protesta tras nuevo plazo de suspensión de cobro en Papiros
resistencia_territorial,R26,Bolívar,3135,0.8682909969498723,¡Atención! Bloqueos en carretera Troncal de Occidente
resistencia_territorial,R26,Boyacá,3480,0.906212181733896,Alcaldes de Valderrama piden cita con el Gobernador de Boyacá
resistencia_territorial,R26,Caldas,3735,0.19958459145315885,Policía capturó a cuatro personas por tala indiscriminada de árboles en Caldas
resistencia_territorial,R26,Caquetá,4142,0.8810730849729451,"En Colombia, ir a la escuela es un desafío de supervivencia"
resistencia_territorial,R26,Casanare,519,0.8429513160539932,"‘La producción de petróleo genera impactos, por eso la comunidad debe estar informada’"
resistencia_territorial,R26,Cauca,4376,0.949558970144199,"Comunidad de El Plateado, sur del Cauca, afectada por fuertes controles del Ejército"
resistencia_territorial,R26,Cesar,4953,0.6315011013759271,Envían a la cárcel a presuntos responsables del incendio de la Registraduría de Gamarra
resistencia_territorial,R26,Chocó,656,0.822149374203783,Desplazados de Juradó y Carmen de Atrato en Medellín
resistencia_territorial,R26,Cundinamarca,7056,0.5861638594317343,Los días de terror y guerra que en el Sumapaz no quieren revivir
resistencia_territorial,R26,Córdoba,6481,0.5718500987811408,Capturado individuo en Tierralta por abuso sexual a menor
resistencia_territorial,R26,Guainía,808,0.12764228896563357,‘La previsión es un factor clave ante la escasez de sangre en Colombia’
resistencia_territorial,R26,Guaviare,7202,0.8526867179739683,Pacto Histórico será veedor de la inversión de recursos por nuevas Administraciones – Marandua Stereo 100.7 FM Noticias del Guaviare
resistencia_territorial,R26,Huila,812,0.9305768271577443,Ex concejal y conocido ganadero fue asesinado en su finca del municipio de Huila
resistencia_territorial,R26,La Guajira,904,0.476718334555985,"Oneida Pinto, investigada por corrupción, apareció haciendo política en La Guajira"
resistencia_territorial,R26,Magdalena,8969,0.6661335653038379,Derrumbe de muro de contención en sur de Bolívar tiene en riesgo a 100 viviendas
resistencia_territorial,R26,Meta,9344,0.6516914044828778,Comunidad LGTBIQ+ marchará mañana en Villavicencio
resistencia_territorial,R26,Nariño,10253,0.7205169635968068,"Disidencias 'Carlos Patiño', tras secuestro de dos militares en Cauca"
resistencia_territorial,R26,Norte de Santander,940,0.7435182772591845,Doce organizaciones adhirieron al paro indefinido declarado por los parameros – Corrillos
resistencia_territorial,R26,Putumayo,1066,0.9186355257089611,Estallido social en Los Pozos: expresión de años de reclamos desatendidos
resistencia_territorial,R26,Quindío,10465,0.9046273782476462,Representamos a todas las víctimas del conflicto armado que no tienen voz ni voto
resistencia_territorial,R26,Risaralda,10587,0.5883858129042101,Fatal agresión: hombre atacó con machete a su expareja y sus tres hijos en Risaralda
resistencia_territorial,R26,San Andrés y Providencia,10995,0.7159996675103505,Cómo la 'histórica incomprensión' de Bogotá afectó a las islas de San Andrés
resistencia_territorial,R26,Santander,11105,0.9590513051286611,El irracional miedo hacia la diversidad sexual en Santander – Corrillos
resistencia_territorial,R26,Sucre,11187,0.8112019111830779,Asesinan a exjugador de equipo de fútbol de salón en Sincelejo
resistencia_territorial,R26,Tolima,1206,0.7503802488911973,'Me tienen amenzada': mujer denuncia que sus hermanos no la dejan ver a su papá
resistencia_territorial,R26,Valle del Cauca,11326,0.7878986554178349,Acciones legales contra involucrados en video de presunto soborno en Cali
resistencia_territorial,R26,Vaupés,11356,0.7434796620616236,Disidencias de las Farc en Guaviare anuncian que suspenden ataques a la fuerza pública
resistencia_territorial,R26,Vichada,11434,0.6068987875279879,"Con pancarta, Farc anuncia su presencia en Vichada"
resistencia_territorial,R27,Amazonas,1455,0.6390473852925433,Más de 136.000 toneladas de productos no han transitado por cierres en la vía al Llano
resistencia_territorial,R27,Antioquia,79,0.5633937869805368,“Hay intenciones de orquestar una toma hostil en el Metro para darle un manejo politiquero”: Aníbal Gaviria
resistencia_territorial,R27,Arauca,1629,0.8653111675917072,Personerías de Arauca y Cubará rechaza el asesinato de la Sra. Tulia Carrillo en Tame
resistencia_territorial,R27,Atlántico,2569,0.9779846163922794,"Comunidad bloquea vía La Cordialidad, en Atlántico, por servicio de agua potable"
resistencia_territorial,R27,Bolívar,3135,0.9893327283199065,¡Atención! Bloqueos en carretera Troncal de Occidente
resistencia_territorial,R27,Boyacá,3480,0.9273937666804558,Alcaldes de Valderrama piden cita con el Gobernador de Boyacá
resistencia_territorial,R27,Caldas,3735,0.044287777476370804,Policía capturó a cuatro personas por tala indiscriminada de árboles en Caldas
resistencia_territorial,R27,Caquetá,4056,0.8679783045143123,En la paz total ‘hay que hacer un alto en el camino’: José Félix Lafaurie
resistencia_territorial,R27,Casanare,567,0.7148949706245559,Puente 'Los Grillos: ¿Quién fue el responsable de su construcción?
resistencia_territorial,R27,Cauca,4782,0.9938021454549394,"Brayan fue asesinado en El Bordo, sur del Cauca"
resistencia_territorial,R27,Cesar,4953,0.6262687554933822,Envían a la cárcel a presuntos responsables del incendio de la Registraduría de Gamarra
resistencia_territorial,R27,Chocó,749,0.8868268345596081,Elecciones amenazadas: voces de alcaldes desplazados de sus municipios
resistencia_territorial,R27,Cundinamarca,7056,0.8628658054393419,Los días de terror y guerra que en el Sumapaz no quieren revivir
resistencia_territorial,R27,Córdoba,5974,0.7579071258306626,Comunidad de Lorica levanta bloqueo
resistencia_territorial,R27,Guainía,803,0.0,A los que sí y a los que no les afectaría el proyecto del impuesto predial
resistencia_territorial,R27,Guaviare,7202,0.8557571944473205,Pacto Histórico será veedor de la inversión de recursos por nuevas Administraciones – Marandua Stereo 100.7 FM Noticias del Guaviare
resistencia_territorial,R27,Huila,846,0.9841164744106615,Las Farc asesinan a niña de cuatro años
resistencia_territorial,R27,La Guajira,895,0.0,Con sistema de hélices busca extraer agua potable para abastecer a comunidades de La Guajira
resistencia_territorial,R27,Magdalena,8969,0.7740063015465557,Derrumbe de muro de contención en sur de Bolívar tiene en riesgo a 100 viviendas
resistencia_territorial,R27,Meta,9610,0.7361214224601947,¡Macabro! Hombre asesinó a su mamá en San Martín
resistencia_territorial,R27,Nariño,10253,0.8049141390018406,"Disidencias 'Carlos Patiño', tras secuestro de dos militares en Cauca"
resistencia_territorial,R27,Norte de Santander,907,0.6769578023022789,Indepaz confirmó la masacre número 93 del año – Corrillos
resistencia_territorial,R27,Putumayo,1066,0.9224615791132555,Estallido social en Los Pozos: expresión de años de reclamos desatendidos
resistencia_territorial,R27,Quindío,10491,0.7126555700071266,"Este miércoles, ex miembros de la fuerza pública realizarían protestas en el Quindío"
resistencia_territorial,R27,Risaralda,10587,0.5942280976461696,Fatal agresión: hombre atacó con machete a su expareja y sus tres hijos en Risaralda
resistencia_territorial,R27,San Andrés y Providencia,10993,0.9719332573591366,Marcha pacífica terminó en bloqueos y caos en aeropuerto de San Andrés
resistencia_territorial,R27,Santander,11125,0.7926313800305106,Atentado en Tibú: estos son los dos policías que murieron en el ataque con explosivos
resistencia_territorial,R27,Sucre,11209,0.8869900725644658,Masacre: Asesinaron a tres hombres en un estadero
resistencia_territorial,R27,Tolima,1364,0.7191222323091991,Tolima: hombre habría abusado sexualmente de sus hijas menores de edad
resistencia_territorial,R27,Valle del Cauca,11326,0.768913894979355,Acciones legales contra involucrados en video de presunto soborno en Cali
resistencia_territorial,R27,Vaupés,11375,0.616108397815852,El nuevo arzobispo de Villavicencio condenó los abusos dentro de la iglesia
resistencia_territorial,R27,Vichada,11434,0.7405225001253525,"Con pancarta, Farc anuncia su presencia en Vichada"
resistencia_territorial,R27b,Amazonas,1455,0.6390473852925433,Más de 136.000 toneladas de productos no han transitado por cierres en la vía al Llano
resistencia_territorial,R27b,Antioquia,79,0.5633937869805368,“Hay intenciones de orquestar una toma hostil en el Metro para darle un manejo politiquero”: Aníbal Gaviria
resistencia_territorial,R27b,Arauca,1629,0.8653111675917072,Personerías de Arauca y Cubará rechaza el asesinato de la Sra. Tulia Carrillo en Tame
resistencia_territorial,R27b,Atlántico,2569,0.9779846163922794,"Comunidad bloquea vía La Cordialidad, en Atlántico, por servicio de agua potable"
resistencia_territorial,R27b,Bolívar,3135,0.9893327283199065,¡Atención! Bloqueos en carretera Troncal de Occidente
resistencia_territorial,R27b,Boyacá,3480,0.9273937666804558,Alcaldes de Valderrama piden cita con el Gobernador de Boyacá
resistencia_territorial,R27b,Caldas,3735,0.044287777476370804,Policía capturó a cuatro personas por tala indiscriminada de árboles en Caldas
resistencia_territorial,R27b,Caquetá,4056,0.8679783045143123,En la paz total ‘hay que hacer un alto en el camino’: José Félix Lafaurie
resistencia_territorial,R27b,Casanare,567,0.7148949706245559,Puente 'Los Grillos: ¿Quién fue el responsable de su construcción?
resistencia_territorial,R27b,Cauca,4782,0.9938021454549394,"Brayan fue asesinado en El Bordo, sur del Cauca"
resistencia_territorial,R27b,Cesar,4953,0.6262687554933822,Envían a la cárcel a presuntos responsables del incendio de la Registraduría de Gamarra
resistencia_territorial,R27b,Chocó,749,0.8868268345596081,Elecciones amenazadas: voces de alcaldes desplazados de sus municipios
resistencia_territorial,R27b,Cundinamarca,7056,0.8628658054393419,Los días de terror y guerra que en el Sumapaz no quieren revivir
resistencia_territorial,R27b,Córdoba,5974,0.7579071258306626,Comunidad de Lorica levanta bloqueo
resistencia_territorial,R27b,Guainía,803,0.0,A los que sí y a los que no les afectaría el proyecto del impuesto predial
resistencia_territorial,R27b,Guaviare,7202,0.8557571944473205,Pacto Histórico será veedor de la inversión de recursos por nuevas Administraciones – Marandua Stereo 100.7 FM Noticias del Guaviare
resistencia_territorial,R27b,Huila,846,0.9841164744106615,Las Farc asesinan a niña de cuatro años
resistencia_territorial,R27b,La Guajira,895,0.0,Con sistema de hélices busca extraer agua potable para abastecer a comunidades de La Guajira
resistencia_territorial,R27b,Magdalena,8969,0.7740063015465557,Derrumbe de muro de contención en sur de Bolívar tiene en riesgo a 100 viviendas
resistencia_territorial,R27b,Meta,9610,0.7361214224601947,¡Macabro! Hombre asesinó a su mamá en San Martín
resistencia_territorial,R27b,Nariño,10253,0.8049141390018406,"Disidencias 'Carlos Patiño', tras secuestro de dos militares en Cauca"
resistencia_territorial,R27b,Norte de Santander,907,0.6769578023022789,Indepaz confirmó la masacre número 93 del año – Corrillos
resistencia_territorial,R27b,Putumayo,1066,0.9224615791132555,Estallido social en Los Pozos: expresión de años de reclamos desatendidos
resistencia_territorial,R27b,Quindío,10491,0.7126555700071266,"Este miércoles, ex miembros de la fuerza pública realizarían protestas en el Quindío"
resistencia_territorial,R27b,Risaralda,10587,0.5942280976461696,Fatal agresión: hombre atacó con machete a su expareja y sus tres hijos en Risaralda
resistencia_territorial,R27b,San Andrés y Providencia,10993,0.9719332573591366,Marcha pacífica terminó en bloqueos y caos en aeropuerto de San Andrés
resistencia_territorial,R27b,Santander,11125,0.7926313800305106,Atentado en Tibú: estos son los dos policías que murieron en el ataque con explosivos
resistencia_territorial,R27b,Sucre,11209,0.8869900725644658,Masacre: Asesinaron a tres hombres en un estadero
resistencia_territorial,R27b,Tolima,1364,0.7191222323091991,Tolima: hombre habría abusado sexualmente de sus hijas menores de edad
resistencia_territorial,R27b,Valle del Cauca,11326,0.768913894979355,Acciones legales contra involucrados en video de presunto soborno en Cali
resistencia_territorial,R27b,Vaupés,11375,0.616108397815852,El nuevo arzobispo de Villavicencio condenó los abusos dentro de la iglesia
resistencia_territorial,R27b,Vichada,11434,0.7405225001253525,"Con pancarta, Farc anuncia su presencia en Vichada"
resistencia_territorial,R28,Amazonas,1481,0.966067792480959,Presidente Petro escuchará fallo sobre Nicaragua en San Andrés: irá con cúpula militar
resistencia_territorial,R28,Antioquia,245,0.9691243765454214,¿Por qué el municipio de Argelia cambiará su nombre luego de 63 años?
resistencia_territorial,R28,Arauca,1739,0.9034701259302006,Margarita Cabello revela que el ministro Velásquez no ha ido a ninguno de sus llamados
resistencia_territorial,R28,Atlántico,2569,0.9757817245610442,"Comunidad bloquea vía La Cordialidad, en Atlántico, por servicio de agua potable"
resistencia_territorial,R28,Bolívar,3135,0.9814175817766265,¡Atención! Bloqueos en carretera Troncal de Occidente
resistencia_territorial,R28,Boyacá,3542,0.918503521487549,Avanza la Zona de Reserva Campesina del Paraíso Escondido de Boyacá – Togüí
resistencia_territorial,R28,Caldas,3884,0.6573049114886409,En Norcasia destruyeron maquinaria avaluada en 500 millones dedicada a la minería ilegal
resistencia_territorial,R28,Caquetá,3969,0.9251068795023376,Los detalles de la reunión del presidente Petro con los 17 gobernadores 'lejanos'
resistencia_territorial,R28,Casanare,582,0.9013237102783496,Álvaro Uribe tras atentado a militares: 'La seguridad es determinante para la paz'
resistencia_territorial,R28,Cauca,4782,0.9662561363087394,"Brayan fue asesinado en El Bordo, sur del Cauca"
resistencia_territorial,R28,Cesar,5579,0.9895457209920969,"Por amenazas, personero de El Copey, Cesar, abandonó el territorio"
resistencia_territorial,R28,Chocó,749,0.95356557742375,Elecciones amenazadas: voces de alcaldes desplazados de sus municipios
resistencia_territorial,R28,Cundinamarca,7020,0.8494683948258054,Hombre agredió a su pareja hasta causar su muerte en Cundinamarca
resistencia_territorial,R28,Córdoba,6658,0.7638622961870856,"Córdoba se favorecerá de programa para conciliar conflictos sobre uso, tenencia y propiedad de tierras"
resistencia_territorial,R28,Guainía,807,0.18071871441887197,Los diez artículos TIC que tiene el Plan Nacional de Desarrollo
resistencia_territorial,R28,Guaviare,7269,0.9020497957572626,"Derechos Humanos y pueblos indígenas, temas tratados entre ONU y Defensoría – Marandua Stereo 100.7 FM Noticias del Guaviare"
resistencia_territorial,R28,Huila,812,0.9336823703706448,Ex concejal y conocido ganadero fue asesinado en su finca del municipio de Huila
resistencia_territorial,R28,La Guajira,904,0.7138207517084137,"Oneida Pinto, investigada por corrupción, apareció haciendo política en La Guajira"
resistencia_territorial,R28,Magdalena,8863,0.871725757583749,"Tribunal admite realizar audiencia judicial en el metaverso, ¿cómo será?"
resistencia_territorial,R28,Meta,9236,0.9627133433060019,Capturan a exdirectora de Cormacarena por caso de corrupción
resistencia_territorial,R28,Nariño,10010,0.9378193178683208,Dolor afro: sicarios asesinaron a lideresa en su casa en vereda de Tumaco
resistencia_territorial,R28,Norte de Santander,918,0.7998976483351765,Secuestraron a ganadero en Norte de Santander – Corrillos
resistencia_territorial,R28,Putumayo,949,0.9690702851501273,Duro reclamo de congresista de Curules de Paz al Gobierno por asesinato de líder social
resistencia_territorial,R28,Quindío,10465,0.9124366917078496,Representamos a todas las víctimas del conflicto armado que no tienen voz ni voto
resistencia_territorial,R28,Risaralda,10798,0.8279804064959868,"'Ajustes de cuentas' e intolerancia, causas del aumento de los homicidios en Pereira"
resistencia_territorial,R28,San Andrés y Providencia,10993,0.9721152650217637,Marcha pacífica terminó en bloqueos y caos en aeropuerto de San Andrés
resistencia_territorial,R28,Santander,11126,0.9612273911746005,Santander: naturalización de la violencia contra la mujer y la niñez – Corrillos
resistencia_territorial,R28,Sucre,11205,0.8576339084192832,La JEP le concede la libertad al exgobernador de Sucre
resistencia_territorial,R28,Tolima,1206,0.8764030407322982,'Me tienen amenzada': mujer denuncia que sus hermanos no la dejan ver a su papá
resistencia_territorial,R28,Valle del Cauca,11262,0.9556267744337545,Calima – El Darién está en peligro
resistencia_territorial,R28,Vaupés,11374,0.7895219380369414,El camino para conectar el 85 % de Colombia
resistencia_territorial,R28,Vichada,11402,0.862747607526758,Qué tanto ha avanzado Puerto Carreño en los últimos tres años. Esto opinan lideres comunales y concejales
resistencia_territorial,R29,Amazonas,1581,0.42355940941801334,Video: encuentran una boa constrictor en una vivienda en el sur de Cali
resistencia_territorial,R29,Antioquia,303,0.36137246674086665,Gobierno y las bandas del Valle de Aburrá tienen voceros y alistan diálogo
resistencia_territorial,R29,Arauca,1629,0.8540610205458669,Personerías de Arauca y Cubará rechaza el asesinato de la Sra. Tulia Carrillo en Tame
resistencia_territorial,R29,Atlántico,2468,0.6798396193674998,Gobernadora y alcaldes del Atlántico se oponen a una nueva caseta de peaje
resistencia_territorial,R29,Bolívar,3176,0.7633031572212398,Se reactivaría cobro del peaje de Turbaco: conozca quiénes deberían pagar
resistencia_territorial,R29,Boyacá,3480,0.919292602967387,Alcaldes de Valderrama piden cita con el Gobernador de Boyacá
resistencia_territorial,R29,Caldas,3664,0.0,Casos de tuberculosis en Caldas superan las cifras del 2022
resistencia_territorial,R29,Caquetá,4180,0.8052072763890066,Dura historia del policía asesinado en Caguán: 'Le repetía que no trabajara más'
resistencia_territorial,R29,Casanare,510,0.6527798777034876,"Masacre en Casanare: asesinaron a tres migrantes venezolanos, entre ellos una mujer"
resistencia_territorial,R29,Cauca,4733,0.49005315860033843,“El paro no puede continuar”
resistencia_territorial,R29,Cesar,4939,0.4824814771727191,Realizaron plantón en rechazo a la muerte violenta de una nutria
resistencia_territorial,R29,Chocó,699,0.4745790893687505,Cuadro de Fernando Botero sobre la masacre de Bojayá
resistencia_territorial,R29,Cundinamarca,7066,0.8387531518835735,Minería a cielo abierto en Tabio: esto dice la CAR sobre el proyecto
resistencia_territorial,R29,Córdoba,5974,0.49770496280877846,Comunidad de Lorica levanta bloqueo
resistencia_territorial,R29,Guainía,803,0.0,A los que sí y a los que no les afectaría el proyecto del impuesto predial
resistencia_territorial,R29,Guaviare,7157,0.6846076297161966,Alcalde electo Willy Rodríguez anunció para el 29 de diciembre su posesión – Marandua Stereo 100.7 FM Noticias del Guaviare
resistencia_territorial,R29,Huila,893,0.37418809243104545,"Polémica: rectora en Huila prohíbe celulares, noviazgos, pelo pintado y más"
resistencia_territorial,R29,La Guajira,903,0.10766836600579324,Comunidades wiwa en La Guajira tendrán reparación colectiva como víctimas del conflicto
resistencia_territorial,R29,Magdalena,8969,0.36172887504537027,Derrumbe de muro de contención en sur de Bolívar tiene en riesgo a 100 viviendas
resistencia_territorial,R29,Meta,9566,0.5159214745908564,"""Es un cuento chimbo"": gobernador del Meta sobre argumentos del paro en P. Gaitán"
resistencia_territorial,R29,Nariño,9901,0.4837866884852607,"Las mil caras de 'Mordisco', jefe de las disidencias que asesinaron a 4 niños indígenas"
resistencia_territorial,R29,Norte de Santander,907,0.5916088485302665,Indepaz confirmó la masacre número 93 del año – Corrillos
resistencia_territorial,R29,Putumayo,1066,0.9147069255621417,Estallido social en Los Pozos: expresión de años de reclamos desatendidos
resistencia_territorial,R29,Quindío,10491,0.671349505503061,"Este miércoles, ex miembros de la fuerza pública realizarían protestas en el Quindío"
resistencia_territorial,R29,Risaralda,10587,0.5635962434635602,Fatal agresión: hombre atacó con machete a su expareja y sus tres hijos en Risaralda
resistencia_territorial,R29,San Andrés y Providencia,10943,0.4067921772233576,Petro propone dialogar con Ortega: ¿qué negociarán con Nicaragua? Estas son las claves
resistencia_territorial,R29,Santander,11182,0.7199286269912158,Aparece un tercer panfleto amenazando a líderes de Santander por bloquear vías
resistencia_territorial,R29,Sucre,11214,0.3293663746499185,Capturan a dos mujeres por vender rifas ilegales en Montería
resistencia_territorial,R29,Tolima,1206,0.8297626279537046,'Me tienen amenzada': mujer denuncia que sus hermanos no la dejan ver a su papá
resistencia_territorial,R29,Valle del Cauca,11320,0.5239027377005374,Valle de 4o en ingresos operacionales
resistencia_territorial,R29,Vaupés,11358,0.3121486682403718,'Estamos en un momento inédito para la educación': Mineducación Aurora Vergara
resistencia_territorial,R29,Vichada,11407,0.5948673868584741,Paro en Puerto Gaitán (Meta) afecta movilidad hacia el departamento de Vichada
resistencia_territorial,R30,Amazonas,1619,0.4214086284032119,El medioambiente 2023
resistencia_territorial,R30,Antioquia,79,0.5390470658968725,“Hay intenciones de orquestar una toma hostil en el Metro para darle un manejo politiquero”: Aníbal Gaviria
resistencia_territorial,R30,Arauca,1629,0.8564619707973734,Personerías de Arauca y Cubará rechaza el asesinato de la Sra. Tulia Carrillo en Tame
resistencia_territorial,R30,Atlántico,2593,0.42666102982334914,Comunidad mantiene protesta tras nuevo plazo de suspensión de cobro en Papiros
resistencia_territorial,R30,Bolívar,3176,0.8118737613914182,Se reactivaría cobro del peaje de Turbaco: conozca quiénes deberían pagar
resistencia_territorial,R30,Boyacá,3480,0.7610757187852153,Alcaldes de Valderrama piden cita con el Gobernador de Boyacá
resistencia_territorial,R30,Caldas,3936,0.04441284622952857,En Pácora buscan reabrir la central de beneficio y construir una nueva variante
resistencia_territorial,R30,Caquetá,4088,0.6791616950578883,Las empresas que han abandonado proyectos por bloqueos y temas de seguridad
resistencia_territorial,R30,Casanare,567,0.6766981810804328,Puente 'Los Grillos: ¿Quién fue el responsable de su construcción?
resistencia_territorial,R30,Cauca,4566,0.7002624935692429,Argumentan que Villa Rica debe reclamar derechos al agua
resistencia_territorial,R30,Cesar,5634,0.5199116614798368,Liberan a conductor de la concesión Río Grande secuestrado en el sur del Cesar
resistencia_territorial,R30,Chocó,714,0.478097196255665,De Memoria. Algunos recuerdos sueltos sobre los orígenes de la Ley 70 de 1993
resistencia_territorial,R30,Cundinamarca,7066,0.8195867752733376,Minería a cielo abierto en Tabio: esto dice la CAR sobre el proyecto
resistencia_territorial,R30,Córdoba,6378,0.4892663425275822,Defensoría del Pueblo presentó acción popular para proteger derechos de comunidades en La Mojana
resistencia_territorial,R30,Guainía,808,0.014039275555093766,‘La previsión es un factor clave ante la escasez de sangre en Colombia’
resistencia_territorial,R30,Guaviare,7202,0.7387728620284142,Pacto Histórico será veedor de la inversión de recursos por nuevas Administraciones – Marandua Stereo 100.7 FM Noticias del Guaviare
resistencia_territorial,R30,Huila,864,0.559160490196739,Habla novia de contralor del Huila que lo denunció por haberla golpeado
resistencia_territorial,R30,La Guajira,904,0.19195642026630827,"Oneida Pinto, investigada por corrupción, apareció haciendo política en La Guajira"
resistencia_territorial,R30,Magdalena,7533,0.3605677541984002,Doble crimen en Aracataca estaría relacionado con un 'ajuste de cuentas'
resistencia_territorial,R30,Meta,9566,0.5138002468772682,"""Es un cuento chimbo"": gobernador del Meta sobre argumentos del paro en P. Gaitán"
resistencia_territorial,R30,Nariño,10229,0.36898929672920733,No hay mal que por bien no venga
resistencia_territorial,R30,Norte de Santander,907,0.39530839649115807,Indepaz confirmó la masacre número 93 del año – Corrillos
resistencia_territorial,R30,Putumayo,1066,0.9028947512684747,Estallido social en Los Pozos: expresión de años de reclamos desatendidos
resistencia_territorial,R30,Quindío,10448,0.436752835620094,"En 2023, Teatro Azul realiza la XX Temporada de Teatro para la Vida con estudiantes de colegios públicos del Quindío"
resistencia_territorial,R30,Risaralda,10842,0.30251892291132304,El drama de pereirana con raro tipo de cáncer; aseguran que la EPS no la atiende
resistencia_territorial,R30,San Andrés y Providencia,10950,0.5513704312147831,La reacción de todos los expresidentes de Colombia sobre el fallo de La Haya
resistencia_territorial,R30,Santander,11182,0.7197331383527833,Aparece un tercer panfleto amenazando a líderes de Santander por bloquear vías
resistencia_territorial,R30,Sucre,11202,0.31556756411301434,iMás obras para La Gente! Mejoran movilidad con pavimentación en Los Laureles
resistencia_territorial,R30,Tolima,1261,0.19188973977665766,"‘Pese a cambio de ministros, la reforma de la salud es la misma’: Andrés Forero"
resistencia_territorial,R30,Valle del Cauca,11320,0.5204647292692279,Valle de 4o en ingresos operacionales
resistencia_territorial,R30,Vaupés,11374,0.31132235114304635,El camino para conectar el 85 % de Colombia
resistencia_territorial,R30,Vichada,11407,0.5730561221823061,Paro en Puerto Gaitán (Meta) afecta movilidad hacia el departamento de Vichada
resistencia_territorial,R31,Amazonas,1619,0.3418100445837131,El medioambiente 2023
resistencia_territorial,R31,Antioquia,79,0.5667805921703285,“Hay intenciones de orquestar una toma hostil en el Metro para darle un manejo politiquero”: Aníbal Gaviria
resistencia_territorial,R31,Arauca,1875,0.6555100733918808,"Cenit rechaza hechos ilegales perpetrados por terceros desconocidos en zona rural de Saravena, Arauca"
resistencia_territorial,R31,Atlántico,2593,0.35731957856967056,Comunidad mantiene protesta tras nuevo plazo de suspensión de cobro en Papiros
resistencia_territorial,R31,Bolívar,3176,0.6331648428661789,Se reactivaría cobro del peaje de Turbaco: conozca quiénes deberían pagar
resistencia_territorial,R31,Boyacá,3480,0.5863736867084799,Alcaldes de Valderrama piden cita con el Gobernador de Boyacá
resistencia_territorial,R31,Caldas,3667,0.07355140738335059,"JEP ordena el arresto del Gobernador de Caldas, Luis Carlos Velásquez"
resistencia_territorial,R31,Caquetá,4088,0.6171584519120948,Las empresas que han abandonado proyectos por bloqueos y temas de seguridad
resistencia_territorial,R31,Casanare,584,0.6107706399820283,"Ataque con carro bomba a unidad militar de Tame, Arauca: esto es lo que se sabe"
resistencia_territorial,R31,Cauca,4566,0.7367794314470416,Argumentan que Villa Rica debe reclamar derechos al agua
resistencia_territorial,R31,Cesar,5634,0.5329714683107047,Liberan a conductor de la concesión Río Grande secuestrado en el sur del Cesar
resistencia_territorial,R31,Chocó,714,0.2318859378547257,De Memoria. Algunos recuerdos sueltos sobre los orígenes de la Ley 70 de 1993
resistencia_territorial,R31,Cundinamarca,7066,0.7034864453379288,Minería a cielo abierto en Tabio: esto dice la CAR sobre el proyecto
resistencia_territorial,R31,Córdoba,6378,0.47302966500282545,Defensoría del Pueblo presentó acción popular para proteger derechos de comunidades en La Mojana
resistencia_territorial,R31,Guainía,808,0.11497336715795498,‘La previsión es un factor clave ante la escasez de sangre en Colombia’
resistencia_territorial,R31,Guaviare,7202,0.7274557577750441,Pacto Histórico será veedor de la inversión de recursos por nuevas Administraciones – Marandua Stereo 100.7 FM Noticias del Guaviare
resistencia_territorial,R31,Huila,864,0.4918785937522691,Habla novia de contralor del Huila que lo denunció por haberla golpeado
resistencia_territorial,R31,La Guajira,904,0.3132364466281436,"Oneida Pinto, investigada por corrupción, apareció haciendo política en La Guajira"
resistencia_territorial,R31,Magdalena,7533,0.5693178515098538,Doble crimen en Aracataca estaría relacionado con un 'ajuste de cuentas'
resistencia_territorial,R31,Meta,9566,0.5074668929515294,"""Es un cuento chimbo"": gobernador del Meta sobre argumentos del paro en P. Gaitán"
resistencia_territorial,R31,Nariño,9780,0.44619038881476336,Así es la cacería de la FAC de los narcovuelos que pasan por el mar Caribe
resistencia_territorial,R31,Norte de Santander,940,0.47647838136980736,Doce organizaciones adhirieron al paro indefinido declarado por los parameros – Corrillos
resistencia_territorial,R31,Putumayo,1066,0.8197122890072379,Estallido social en Los Pozos: expresión de años de reclamos desatendidos
resistencia_territorial,R31,Quindío,10448,0.4638752088510647,"En 2023, Teatro Azul realiza la XX Temporada de Teatro para la Vida con estudiantes de colegios públicos del Quindío"
resistencia_territorial,R31,Risaralda,10842,0.27021098740626487,El drama de pereirana con raro tipo de cáncer; aseguran que la EPS no la atiende
resistencia_territorial,R31,San Andrés y Providencia,10950,0.67644157435122,La reacción de todos los expresidentes de Colombia sobre el fallo de La Haya
resistencia_territorial,R31,Santander,11105,0.7670812169233758,El irracional miedo hacia la diversidad sexual en Santander – Corrillos
resistencia_territorial,R31,Sucre,11206,0.2676357039197305,JEP concedió libertad condicional al exgobernador de Sucre Salvador Arana
resistencia_territorial,R31,Tolima,1206,0.39557815349796666,'Me tienen amenzada': mujer denuncia que sus hermanos no la dejan ver a su papá
resistencia_territorial,R31,Valle del Cauca,11320,0.5235787118414312,Valle de 4o en ingresos operacionales
resistencia_territorial,R31,Vaupés,11358,0.4719485004966598,'Estamos en un momento inédito para la educación': Mineducación Aurora Vergara
resistencia_territorial,R31,Vichada,11407,0.5841880058813339,Paro en Puerto Gaitán (Meta) afecta movilidad hacia el departamento de Vichada
resistencia_territorial,R32,Amazonas,1455,0.6585181801189149,Más de 136.000 toneladas de productos no han transitado por cierres en la vía al Llano
resistencia_territorial,R32,Antioquia,11,0.7977468118306975,“Pusimos a Corantioquia en el corazón de los antioqueños”
resistencia_territorial,R32,Arauca,1629,0.8663950285205042,Personerías de Arauca y Cubará rechaza el asesinato de la Sra. Tulia Carrillo en Tame
resistencia_territorial,R32,Atlántico,2569,0.9788432986162002,"Comunidad bloquea vía La Cordialidad, en Atlántico, por servicio de agua potable"
resistencia_territorial,R32,Bolívar,3135,0.9901128792608176,¡Atención! Bloqueos en carretera Troncal de Occidente
resistencia_territorial,R32,Boyacá,3480,0.9263058180347491,Alcaldes de Valderrama piden cita con el Gobernador de Boyacá
resistencia_territorial,R32,Caldas,3818,0.4268234527520137,Invertirán 275 millones en el mejoramiento de las vías en San Diego (Samaná)
resistencia_territorial,R32,Caquetá,4142,0.898329534027286,"En Colombia, ir a la escuela es un desafío de supervivencia"
resistencia_territorial,R32,Casanare,641,0.9509012828956525,Problemas en el territorio / Análisis de Ricardo Ávila
resistencia_territorial,R32,Cauca,4376,0.9779130228272369,"Comunidad de El Plateado, sur del Cauca, afectada por fuertes controles del Ejército"
resistencia_territorial,R32,Cesar,5018,0.9700756902889429,En Gamarra (Cesar) repetirán elecciones tras triunfo de voto en blanco y tragedia
resistencia_territorial,R32,Chocó,749,0.9497162947622753,Elecciones amenazadas: voces de alcaldes desplazados de sus municipios
resistencia_territorial,R32,Cundinamarca,7056,0.8586069181613156,Los días de terror y guerra que en el Sumapaz no quieren revivir
resistencia_territorial,R32,Córdoba,5934,0.7718055892132244,Representante Saray Robayo acompañó campaña de limpieza de playas en los Córdobas
resistencia_territorial,R32,Guainía,804,0.5028175385388002,Tres de cada cuatro niños en Colombia consumen alimentos de paquete
resistencia_territorial,R32,Guaviare,7278,0.8782302569045741,"Pedro Arenas, integra delegación para iniciar diálogos con el EMC de las Farc – Marandua Stereo 100.7 FM Noticias del Guaviare"
resistencia_territorial,R32,Huila,846,0.9769422972788198,Las Farc asesinan a niña de cuatro años
resistencia_territorial,R32,La Guajira,904,0.612216674754318,"Oneida Pinto, investigada por corrupción, apareció haciendo política en La Guajira"
resistencia_territorial,R32,Magdalena,8313,0.9287767506673604,47 personas han sido asesinadas durante el 2023 en Zona Bananera
resistencia_territorial,R32,Meta,9610,0.734854632790014,¡Macabro! Hombre asesinó a su mamá en San Martín
resistencia_territorial,R32,Nariño,10260,0.8639473171945711,'Solo lleva a confundir': general (r) Zapateiro criticó cese al fuego bilateral
resistencia_territorial,R32,Norte de Santander,918,0.8027533048217842,Secuestraron a ganadero en Norte de Santander – Corrillos
resistencia_territorial,R32,Putumayo,1066,0.9213476458107336,Estallido social en Los Pozos: expresión de años de reclamos desatendidos
resistencia_territorial,R32,Quindío,10465,0.9467237568046016,Representamos a todas las víctimas del conflicto armado que no tienen voz ni voto
resistencia_territorial,R32,Risaralda,10790,0.6992189882176577,Mujeres del Eje Cafetero piden mayor participación en la 'paz total'
resistencia_territorial,R32,San Andrés y Providencia,10993,0.9770449925153417,Marcha pacífica terminó en bloqueos y caos en aeropuerto de San Andrés
resistencia_territorial,R32,Santander,11105,0.9886449231738741,El irracional miedo hacia la diversidad sexual en Santander – Corrillos
resistencia_territorial,R32,Sucre,11209,0.8960389950377536,Masacre: Asesinaron a tres hombres en un estadero
resistencia_territorial,R32,Tolima,1305,0.8366514193664424,El hombre que mató a su hijo en Melgar tenía ideación suicida
resistencia_territorial,R32,Valle del Cauca,11262,0.8436206733648386,Calima – El Darién está en peligro
resistencia_territorial,R32,Vaupés,11362,0.8693403101787971,Reportan casi 70 intentos de suicidio en departamento de Vaupés
resistencia_territorial,R32,Vichada,11400,0.9232979974305975,Habitantes de Casuarito advierten un paro en la inspección. Dicen que hay compromisos incumplidos
resistencia_territorial,R33,Amazonas,1527,0.7348933807812069,"Comunidades de zona de cordillera de Caquetá, en riesgo de desplazamiento por llegada de 'Iván Mordisco'"
resistencia_territorial,R33,Antioquia,115,0.7379921815165095,Antioquia corazón social y económico de Colombia
resistencia_territorial,R33,Arauca,1691,0.8577345200491379,“La paz total también es posible si los grupos armados ilegales renuncian a combatir entre ellos mismos”
resistencia_territorial,R33,Atlántico,2569,0.8998995672508366,"Comunidad bloquea vía La Cordialidad, en Atlántico, por servicio de agua potable"
resistencia_territorial,R33,Bolívar,3135,0.9777970266344687,¡Atención! Bloqueos en carretera Troncal de Occidente
resistencia_territorial,R33,Boyacá,3480,0.8826965688479035,Alcaldes de Valderrama piden cita con el Gobernador de Boyacá
resistencia_territorial,R33,Caldas,3744,0.742114356454525,Gobernación entregó viviendas a nueve familias de Caldas
resistencia_territorial,R33,Caquetá,4142,0.8767244072523086,"En Colombia, ir a la escuela es un desafío de supervivencia"
resistencia_territorial,R33,Casanare,519,0.9165038156124556,"‘La producción de petróleo genera impactos, por eso la comunidad debe estar informada’"
resistencia_territorial,R33,Cauca,4376,0.9663423679700432,"Comunidad de El Plateado, sur del Cauca, afectada por fuertes controles del Ejército"
resistencia_territorial,R33,Cesar,4875,0.641777738852333,La película colombiana 'Un varón' busca espacios de exhibición en Estados Unidos
resistencia_territorial,R33,Chocó,656,0.8753558285076163,Desplazados de Juradó y Carmen de Atrato en Medellín
resistencia_territorial,R33,Cundinamarca,6951,0.5852596021652272,Se abre licitación de proyecto para ampliar la red de ciclorrutas en Cundinamarca
resistencia_territorial,R33,Córdoba,6384,0.8392497072431535,"Darío Mendoza y Fabio Otero, dos candidatos a la Alcaldía de Tierralta que se suman al Nuevo Futuro"
resistencia_territorial,R33,Guainía,804,0.18860419229553638,Tres de cada cuatro niños en Colombia consumen alimentos de paquete
resistencia_territorial,R33,Guaviare,7278,0.8724375346271784,"Pedro Arenas, integra delegación para iniciar diálogos con el EMC de las Farc – Marandua Stereo 100.7 FM Noticias del Guaviare"
resistencia_territorial,R33,Huila,834,0.935930936633649,Rodrigo Lara Sánchez: 'hacemos campaña sin condiciones plenas de seguridad'
resistencia_territorial,R33,La Guajira,904,0.7037486677812734,"Oneida Pinto, investigada por corrupción, apareció haciendo política en La Guajira"
resistencia_territorial,R33,Magdalena,8220,0.8866110652361568,Estrategia ‘Espacios Seguros’ llegó al municipio de Ariguaní
resistencia_territorial,R33,Meta,9029,0.9406273228794082,Gobernadora electa del Meta se reunió con Petro y Bachelet
resistencia_territorial,R33,Nariño,10270,0.6408245645213378,Principales interrogantes que dejan los ceses del fuego bilaterales sin el Eln
resistencia_territorial,R33,Norte de Santander,940,0.7665231982459474,Doce organizaciones adhirieron al paro indefinido declarado por los parameros – Corrillos
resistencia_territorial,R33,Putumayo,1066,0.9109282192875767,Estallido social en Los Pozos: expresión de años de reclamos desatendidos
resistencia_territorial,R33,Quindío,10465,0.9504696722207645,Representamos a todas las víctimas del conflicto armado que no tienen voz ni voto
resistencia_territorial,R33,Risaralda,10895,0.7280287628487788,Transformando historias cambiando vidas
resistencia_territorial,R33,San Andrés y Providencia,10950,0.7733992214984478,La reacción de todos los expresidentes de Colombia sobre el fallo de La Haya
resistencia_territorial,R33,Santander,11105,0.988842222617482,El irracional miedo hacia la diversidad sexual en Santander – Corrillos
resistencia_territorial,R33,Sucre,11206,0.9514917462018331,JEP concedió libertad condicional al exgobernador de Sucre Salvador Arana
resistencia_territorial,R33,Tolima,1206,0.8741237991762492,'Me tienen amenzada': mujer denuncia que sus hermanos no la dejan ver a su papá
resistencia_territorial,R33,Valle del Cauca,11343,0.8431288708588615,Inició la “caravana humanitaria” pactada entre Gobierno y ELN:
resistencia_territorial,R33,Vaupés,11345,0.34195397470701444,Cuarta División del Ejército le cumplió el sueño de Navidad a 15 niños y niñas
resistencia_territorial,R33,Vichada,11383,0.6859149191692993,[Video] Armada de Colombia rescató a un extranjero en río Orinoco
resistencia_territorial,R34,Amazonas,1455,0.39276352163583444,Más de 136.000 toneladas de productos no han transitado por cierres en la vía al Llano
resistencia_territorial,R34,Antioquia,79,0.5190770562603229,“Hay intenciones de orquestar una toma hostil en el Metro para darle un manejo politiquero”: Aníbal Gaviria
resistencia_territorial,R34,Arauca,1850,0.8130676872984405,Desmovilizados de las Farc en Meta dicen que fueron desplazados de su territorio
resistencia_territorial,R34,Atlántico,2593,0.6402890041907576,Comunidad mantiene protesta tras nuevo plazo de suspensión de cobro en Papiros
resistencia_territorial,R34,Bolívar,3135,0.9849425703704324,¡Atención! Bloqueos en carretera Troncal de Occidente
resistencia_territorial,R34,Boyacá,3480,0.8441857675260894,Alcaldes de Valderrama piden cita con el Gobernador de Boyacá
resistencia_territorial,R34,Caldas,3735,0.19433143951393544,Policía capturó a cuatro personas por tala indiscriminada de árboles en Caldas
resistencia_territorial,R34,Caquetá,4142,0.8630123222429411,"En Colombia, ir a la escuela es un desafío de supervivencia"
resistencia_territorial,R34,Casanare,567,0.6744293589290572,Puente 'Los Grillos: ¿Quién fue el responsable de su construcción?
resistencia_territorial,R34,Cauca,4376,0.9739265957302227,"Comunidad de El Plateado, sur del Cauca, afectada por fuertes controles del Ejército"
resistencia_territorial,R34,Cesar,4939,0.48378900581975526,Realizaron plantón en rechazo a la muerte violenta de una nutria
resistencia_territorial,R34,Chocó,656,0.6634010788483385,Desplazados de Juradó y Carmen de Atrato en Medellín
resistencia_territorial,R34,Cundinamarca,7056,0.6969025261571281,Los días de terror y guerra que en el Sumapaz no quieren revivir
resistencia_territorial,R34,Córdoba,5945,0.5461814029316844,Capturados por violencia contra servidor público
resistencia_territorial,R34,Guainía,803,0.0,A los que sí y a los que no les afectaría el proyecto del impuesto predial
resistencia_territorial,R34,Guaviare,7207,0.8054597553090953,“No puede haber espacios vedados para la Fuerza Pública”: Defensor del Pueblo – Marandua Stereo 100.7 FM Noticias del Guaviare
resistencia_territorial,R34,Huila,820,0.8710073084950225,Denuncian que grupos armados en Cauca usan escuelas como escudos
resistencia_territorial,R34,La Guajira,903,0.0071972896450822055,Comunidades wiwa en La Guajira tendrán reparación colectiva como víctimas del conflicto
resistencia_territorial,R34,Magdalena,8969,0.7696400864269894,Derrumbe de muro de contención en sur de Bolívar tiene en riesgo a 100 viviendas
resistencia_territorial,R34,Meta,9344,0.6463528706571823,Comunidad LGTBIQ+ marchará mañana en Villavicencio
resistencia_territorial,R34,Nariño,10183,0.30534900172008717,En Pasto rechazan aplazamiento de clases
resistencia_territorial,R34,Norte de Santander,940,0.7207870779140634,Doce organizaciones adhirieron al paro indefinido declarado por los parameros – Corrillos
resistencia_territorial,R34,Putumayo,1066,0.917078919333029,Estallido social en Los Pozos: expresión de años de reclamos desatendidos
resistencia_territorial,R34,Quindío,10491,0.6978622106826103,"Este miércoles, ex miembros de la fuerza pública realizarían protestas en el Quindío"
resistencia_territorial,R34,Risaralda,10587,0.5745147757986289,Fatal agresión: hombre atacó con machete a su expareja y sus tres hijos en Risaralda
resistencia_territorial,R34,San Andrés y Providencia,10995,0.7290831423280214,Cómo la 'histórica incomprensión' de Bogotá afectó a las islas de San Andrés
resistencia_territorial,R34,Santander,11105,0.9151899574229048,El irracional miedo hacia la diversidad sexual en Santander – Corrillos
resistencia_territorial,R34,Sucre,11187,0.812370089300521,Asesinan a exjugador de equipo de fútbol de salón en Sincelejo
resistencia_territorial,R34,Tolima,1364,0.6870127037844465,Tolima: hombre habría abusado sexualmente de sus hijas menores de edad
resistencia_territorial,R34,Valle del Cauca,11320,0.46129242466828885,Valle de 4o en ingresos operacionales
resistencia_territorial,R34,Vaupés,11356,0.00936403033313253,Disidencias de las Farc en Guaviare anuncian que suspenden ataques a la fuerza pública
resistencia_territorial,R34,Vichada,11434,0.6600244180974356,"Con pancarta, Farc anuncia su presencia en Vichada"
resistencia_territorial,R35,Amazonas,1455,0.6170707569009445,Más de 136.000 toneladas de productos no han transitado por cierres en la vía al Llano
resistencia_territorial,R35,Antioquia,153,0.8284598426986445,Elecciones 2023 | Gamonales e inexpertos luchan por el control de las alcaldías en el Bajo Cauca
resistencia_territorial,R35,Arauca,1629,0.8655337741776127,Personerías de Arauca y Cubará rechaza el asesinato de la Sra. Tulia Carrillo en Tame
resistencia_territorial,R35,Atlántico,2569,0.9681547027989054,"Comunidad bloquea vía La Cordialidad, en Atlántico, por servicio de agua potable"
resistencia_territorial,R35,Bolívar,3135,0.9839428973875368,¡Atención! Bloqueos en carretera Troncal de Occidente
resistencia_territorial,R35,Boyacá,3480,0.9241319263245591,Alcaldes de Valderrama piden cita con el Gobernador de Boyacá
resistencia_territorial,R35,Caldas,3708,0.6769208926707303,La Agencia Nacional de Tierras alerta por riesgo de estafas en La Dorada
resistencia_territorial,R35,Caquetá,4142,0.8935113812402506,"En Colombia, ir a la escuela es un desafío de supervivencia"
resistencia_territorial,R35,Casanare,519,0.9428363347519118,"‘La producción de petróleo genera impactos, por eso la comunidad debe estar informada’"
resistencia_territorial,R35,Cauca,4376,0.9765650477125436,"Comunidad de El Plateado, sur del Cauca, afectada por fuertes controles del Ejército"
resistencia_territorial,R35,Cesar,5579,0.9731908439062346,"Por amenazas, personero de El Copey, Cesar, abandonó el territorio"
resistencia_territorial,R35,Chocó,749,0.9589339946790565,Elecciones amenazadas: voces de alcaldes desplazados de sus municipios
resistencia_territorial,R35,Cundinamarca,7066,0.8269093830821327,Minería a cielo abierto en Tabio: esto dice la CAR sobre el proyecto
resistencia_territorial,R35,Córdoba,5984,0.8793461714723796,"Por falencias en el PAE en algunas regiones, Defensor del Pueblo solicita medidas para su adecuada implementación"
resistencia_territorial,R35,Guainía,804,0.15190104886796424,Tres de cada cuatro niños en Colombia consumen alimentos de paquete
resistencia_territorial,R35,Guaviare,7202,0.8533800100989147,Pacto Histórico será veedor de la inversión de recursos por nuevas Administraciones – Marandua Stereo 100.7 FM Noticias del Guaviare
resistencia_territorial,R35,Huila,812,0.9428436428922062,Ex concejal y conocido ganadero fue asesinado en su finca del municipio de Huila
resistencia_territorial,R35,La Guajira,903,0.808351746696192,Comunidades wiwa en La Guajira tendrán reparación colectiva como víctimas del conflicto
resistencia_territorial,R35,Magdalena,8969,0.781139906433457,Derrumbe de muro de contención en sur de Bolívar tiene en riesgo a 100 viviendas
resistencia_territorial,R35,Meta,9198,0.8512097148963782,‘Estamos muy lejos de convertirnos en Electricaribe’
resistencia_territorial,R35,Nariño,9876,0.7520677870685506,Alerta en Argelia y Nariño:circula panfleto de Clan del Oriente que amenaza a comunidad
resistencia_territorial,R35,Norte de Santander,918,0.7926257736266041,Secuestraron a ganadero en Norte de Santander – Corrillos
resistencia_territorial,R35,Putumayo,955,0.9372248673864332,"Cuiracuas, los indígenas siona que usan la cartografía para cuidar su territorio"
resistencia_territorial,R35,Quindío,10406,0.8639543609863508,La butaca de los 5 colores. ¿Qué significa la simbología de Juan Miguel? | Opinión por: Finito
resistencia_territorial,R35,Risaralda,10895,0.7279245664961728,Transformando historias cambiando vidas
resistencia_territorial,R35,San Andrés y Providencia,10950,0.8044971864603874,La reacción de todos los expresidentes de Colombia sobre el fallo de La Haya
resistencia_territorial,R35,Santander,11105,0.9906016202929382,El irracional miedo hacia la diversidad sexual en Santander – Corrillos
resistencia_territorial,R35,Sucre,11206,0.9529312947012066,JEP concedió libertad condicional al exgobernador de Sucre Salvador Arana
resistencia_territorial,R35,Tolima,1206,0.9000119652977335,'Me tienen amenzada': mujer denuncia que sus hermanos no la dejan ver a su papá
resistencia_territorial,R35,Valle del Cauca,11268,0.8582251866457004,Cali y el Valle eligen a sus mandatarios
resistencia_territorial,R35,Vaupés,11359,0.6257063349303996,Foro EL TIEMPO y Universidad de los Andes: ¿Para dónde va la reforma de la educación?
resistencia_territorial,R35,Vichada,11427,0.8032485340726216,Incendio en el centro de Puerto Carreño generó angustia en la ciudadanía
