id,indicador,etiqueta_c,etiqueta_d,url,ref
e0000,amenaza_intimidacion,NO,NO,https://www.eltiempo.com/bogota/quetame-alud-de-tierra-alerta-a-habitantes-tras-tragedia-por-avalancha-video-788332,False
e0000,amenaza_lideres,NO,NO,https://www.eltiempo.com/bogota/quetame-alud-de-tierra-alerta-a-habitantes-tras-tragedia-por-avalancha-video-788332,False
e0000,danos_ambientales,NO,NO,https://www.eltiempo.com/bogota/quetame-alud-de-tierra-alerta-a-habitantes-tras-tragedia-por-avalancha-video-788332,False
e0000,protesta_social,NO,NO,https://www.eltiempo.com/bogota/quetame-alud-de-tierra-alerta-a-habitantes-tras-tragedia-por-avalancha-video-788332,False
e0000,reasentamiento,DUDOSO,DUDOSO,https://www.eltiempo.com/bogota/quetame-alud-de-tierra-alerta-a-habitantes-tras-tragedia-por-avalancha-video-788332,False
e0000,violacion_derechos_humanos,NO,NO,https://www.eltiempo.com/bogota/quetame-alud-de-tierra-alerta-a-habitantes-tras-tragedia-por-avalancha-video-788332,False
e0001,amenaza_intimidacion,SI,SI,https://www.eltiempo.com/bogota/hombre-con-machete-amenazo-con-abusar-a-joven-en-glamping-de-tobia-cundinamarca-797080,True
e0001,amenaza_lideres,NO,NO,https://www.eltiempo.com/bogota/hombre-con-machete-amenazo-con-abusar-a-joven-en-glamping-de-tobia-cundinamarca-797080,False
e0001,danos_ambientales,NO,NO,https://www.eltiempo.com/bogota/hombre-con-machete-amenazo-con-abusar-a-joven-en-glamping-de-tobia-cundinamarca-797080,False
e0001,protesta_social,NO,NO,https://www.eltiempo.com/bogota/hombre-con-machete-amenazo-con-abusar-a-joven-en-glamping-de-tobia-cundinamarca-797080,False
e0001,reasentamiento,NO,NO,https://www.eltiempo.com/bogota/hombre-con-machete-amenazo-con-abusar-a-joven-en-glamping-de-tobia-cundinamarca-797080,False
e0001,violacion_derechos_humanos,NO,NO,https://www.eltiempo.com/bogota/hombre-con-machete-amenazo-con-abusar-a-joven-en-glamping-de-tobia-cundinamarca-797080,False
e0002,amenaza_intimidacion,NO,NO,https://diariodelnorte.net/judiciales/autoridades-realizan-consejo-extraordinario-de-seguridad-para-reforzar-la-seguridad-y-el-orden-publico/,False
e0002,amenaza_lideres,NO,NO,https://diariodelnorte.net/judiciales/autoridades-realizan-consejo-extraordinario-de-seguridad-para-reforzar-la-seguridad-y-el-orden-publico/,False
e0002,danos_ambientales,NO,NO,https://diariodelnorte.net/judiciales/autoridades-realizan-consejo-extraordinario-de-seguridad-para-reforzar-la-seguridad-y-el-orden-publico/,False
e0002,protesta_social,NO,NO,https://diariodelnorte.net/judiciales/autoridades-realizan-consejo-extraordinario-de-seguridad-para-reforzar-la-seguridad-y-el-orden-publico/,False
e0002,reasentamiento,NO,NO,https://diariodelnorte.net/judiciales/autoridades-realizan-consejo-extraordinario-de-seguridad-para-reforzar-la-seguridad-y-el-orden-publico/,False
e0002,violacion_derechos_humanos,SI,SI,https://diariodelnorte.net/judiciales/autoridades-realizan-consejo-extraordinario-de-seguridad-para-reforzar-la-seguridad-y-el-orden-publico/,True
e0003,amenaza_intimidacion,NO,NO,https://diariodelnorte.net/judiciales/capturan-en-zona-rural-de-maicao-a-hombre-requerido-por-homicidio/,False
e0003,amenaza_lideres,NO,NO,https://diariodelnorte.net/judiciales/capturan-en-zona-rural-de-maicao-a-hombre-requerido-por-homicidio/,False
e0003,danos_ambientales,NO,NO,https://diariodelnorte.net/judiciales/capturan-en-zona-rural-de-maicao-a-hombre-requerido-por-homicidio/,False
e0003,protesta_social,NO,NO,https://diariodelnorte.net/judiciales/capturan-en-zona-rural-de-maicao-a-hombre-requerido-por-homicidio/,False
e0003,reasentamiento,NO,NO,https://diariodelnorte.net/judiciales/capturan-en-zona-rural-de-maicao-a-hombre-requerido-por-homicidio/,False
e0003,violacion_derechos_humanos,NO,NO,https://diariodelnorte.net/judiciales/capturan-en-zona-rural-de-maicao-a-hombre-requerido-por-homicidio/,False
e0004,amenaza_intimidacion,NO,NO,https://choco7dias.com/elizabeth-moreno-recibio-en-suiza-el-premio-nansen-de-refugiados/,False
e0004,amenaza_lideres,NO,NO,https://choco7dias.com/elizabeth-moreno-recibio-en-suiza-el-premio-nansen-de-refugiados/,False
e0004,danos_ambientales,NO,NO,https://choco7dias.com/elizabeth-moreno-recibio-en-suiza-el-premio-nansen-de-refugiados/,False
e0004,protesta_social,NO,NO,https://choco7dias.com/elizabeth-moreno-recibio-en-suiza-el-premio-nansen-de-refugiados/,False
e0004,reasentamiento,NO,NO,https://choco7dias.com/elizabeth-moreno-recibio-en-suiza-el-premio-nansen-de-refugiados/,False
e0004,violacion_derechos_humanos,NO,NO,https://choco7dias.com/elizabeth-moreno-recibio-en-suiza-el-premio-nansen-de-refugiados/,False
e0005,amenaza_intimidacion,SI,SI,https://www.eltiempo.com/colombia/barranquilla/otra-violenta-ola-de-extorsion-en-barranquilla-el-asesinato-de-dos-hombres-en-un-restaurante-de-la-manga-seria-por-no-pagar-la-renta-ilicita-3515086,True
e0005,amenaza_lideres,NO,NO,https://www.eltiempo.com/colombia/barranquilla/otra-violenta-ola-de-extorsion-en-barranquilla-el-asesinato-de-dos-hombres-en-un-restaurante-de-la-manga-seria-por-no-pagar-la-renta-ilicita-3515086,False
e0005,danos_ambientales,NO,NO,https://www.eltiempo.com/colombia/barranquilla/otra-violenta-ola-de-extorsion-en-barranquilla-el-asesinato-de-dos-hombres-en-un-restaurante-de-la-manga-seria-por-no-pagar-la-renta-ilicita-3515086,False
e0005,protesta_social,NO,NO,https://www.eltiempo.com/colombia/barranquilla/otra-violenta-ola-de-extorsion-en-barranquilla-el-asesinato-de-dos-hombres-en-un-restaurante-de-la-manga-seria-por-no-pagar-la-renta-ilicita-3515086,False
e0005,reasentamiento,NO,NO,https://www.eltiempo.com/colombia/barranquilla/otra-violenta-ola-de-extorsion-en-barranquilla-el-asesinato-de-dos-hombres-en-un-restaurante-de-la-manga-seria-por-no-pagar-la-renta-ilicita-3515086,False
e0005,violacion_derechos_humanos,NO,NO,https://www.eltiempo.com/colombia/barranquilla/otra-violenta-ola-de-extorsion-en-barranquilla-el-asesinato-de-dos-hombres-en-un-restaurante-de-la-manga-seria-por-no-pagar-la-renta-ilicita-3515086,False
e0006,amenaza_intimidacion,NO,NO,https://diariodelcauca.com.co/dignificar-la-mujer-en-el-territorio-caucano/,False
e0006,amenaza_lideres,NO,NO,https://diariodelcauca.com.co/dignificar-la-mujer-en-el-territorio-caucano/,False
e0006,danos_ambientales,NO,NO,https://diariodelcauca.com.co/dignificar-la-mujer-en-el-territorio-caucano/,False
e0006,protesta_social,NO,NO,https://diariodelcauca.com.co/dignificar-la-mujer-en-el-territorio-caucano/,False
e0006,reasentamiento,NO,NO,https://diariodelcauca.com.co/dignificar-la-mujer-en-el-territorio-caucano/,False
e0006,violacion_derechos_humanos,NO,NO,https://diariodelcauca.com.co/dignificar-la-mujer-en-el-territorio-caucano/,False
e0007,amenaza_intimidacion,NO,NO,https://www.elcolombiano.com/antioquia/bloqueos-en-la-via-medellin-llanos-de-cuiva-ruta-2510-para-pedir-desmonte-del-peaje-el-trapiche-FA22445514,False
e0007,amenaza_lideres,NO,NO,https://www.elcolombiano.com/antioquia/bloqueos-en-la-via-medellin-llanos-de-cuiva-ruta-2510-para-pedir-desmonte-del-peaje-el-trapiche-FA22445514,False
e0007,danos_ambientales,NO,NO,https://www.elcolombiano.com/antioquia/bloqueos-en-la-via-medellin-llanos-de-cuiva-ruta-2510-para-pedir-desmonte-del-peaje-el-trapiche-FA22445514,False
e0007,protesta_social,SI,SI,https://www.elcolombiano.com/antioquia/bloqueos-en-la-via-medellin-llanos-de-cuiva-ruta-2510-para-pedir-desmonte-del-peaje-el-trapiche-FA22445514,True
e0007,reasentamiento,NO,NO,https://www.elcolombiano.com/antioquia/bloqueos-en-la-via-medellin-llanos-de-cuiva-ruta-2510-para-pedir-desmonte-del-peaje-el-trapiche-FA22445514,False
e0007,violacion_derechos_humanos,NO,NO,https://www.elcolombiano.com/antioquia/bloqueos-en-la-via-medellin-llanos-de-cuiva-ruta-2510-para-pedir-desmonte-del-peaje-el-trapiche-FA22445514,False
e0008,amenaza_intimidacion,SI,SI,https://www.eltiempo.com/colombia/otras-ciudades/el-bendito-menor-estaria-detras-de-la-masacre-de-cinco-personas-en-maicao-anuncio-limpieza-social-en-video-de-hombres-armados-3523393,True
e0008,amenaza_lideres,NO,NO,https://www.eltiempo.com/colombia/otras-ciudades/el-bendito-menor-estaria-detras-de-la-masacre-de-cinco-personas-en-maicao-anuncio-limpieza-social-en-video-de-hombres-armados-3523393,False
e0008,danos_ambientales,NO,NO,https://www.eltiempo.com/colombia/otras-ciudades/el-bendito-menor-estaria-detras-de-la-masacre-de-cinco-personas-en-maicao-anuncio-limpieza-social-en-video-de-hombres-armados-3523393,False
e0008,protesta_social,NO,NO,https://www.eltiempo.com/colombia/otras-ciudades/el-bendito-menor-estaria-detras-de-la-masacre-de-cinco-personas-en-maicao-anuncio-limpieza-social-en-video-de-hombres-armados-3523393,False
e0008,reasentamiento,NO,NO,https://www.eltiempo.com/colombia/otras-ciudades/el-bendito-menor-estaria-detras-de-la-masacre-de-cinco-personas-en-maicao-anuncio-limpieza-social-en-video-de-hombres-armados-3523393,False
e0008,violacion_derechos_humanos,SI,SI,https://www.eltiempo.com/colombia/otras-ciudades/el-bendito-menor-estaria-detras-de-la-masacre-de-cinco-personas-en-maicao-anuncio-limpieza-social-en-video-de-hombres-armados-3523393,True
e0009,amenaza_intimidacion,NO,NO,https://diariodelnorte.net/judiciales/comunidades-wayuu-levantan-bloqueo-en-la-via-riohacha-maicao-tras-acordar-mesa-de-dialogo-por-atentado-en-alto-pino/,False
e0009,amenaza_lideres,NO,NO,https://diariodelnorte.net/judiciales/comunidades-wayuu-levantan-bloqueo-en-la-via-riohacha-maicao-tras-acordar-mesa-de-dialogo-por-atentado-en-alto-pino/,False
e0009,danos_ambientales,NO,NO,https://diariodelnorte.net/judiciales/comunidades-wayuu-levantan-bloqueo-en-la-via-riohacha-maicao-tras-acordar-mesa-de-dialogo-por-atentado-en-alto-pino/,False
e0009,protesta_social,SI,SI,https://diariodelnorte.net/judiciales/comunidades-wayuu-levantan-bloqueo-en-la-via-riohacha-maicao-tras-acordar-mesa-de-dialogo-por-atentado-en-alto-pino/,True
e0009,reasentamiento,NO,NO,https://diariodelnorte.net/judiciales/comunidades-wayuu-levantan-bloqueo-en-la-via-riohacha-maicao-tras-acordar-mesa-de-dialogo-por-atentado-en-alto-pino/,False
e0009,violacion_derechos_humanos,NO,NO,https://diariodelnorte.net/judiciales/comunidades-wayuu-levantan-bloqueo-en-la-via-riohacha-maicao-tras-acordar-mesa-de-dialogo-por-atentado-en-alto-pino/,False
e0010,amenaza_intimidacion,NO,NO,https://boyaca7dias.com.co/2026/04/24/capturan-a-presunto-responsable-de-millonario-hurto-en-zona-rural-de-combita/,False
e0010,amenaza_lideres,NO,NO,https://boyaca7dias.com.co/2026/04/24/capturan-a-presunto-responsable-de-millonario-hurto-en-zona-rural-de-combita/,False
e0010,danos_ambientales,NO,NO,https://boyaca7dias.com.co/2026/04/24/capturan-a-presunto-responsable-de-millonario-hurto-en-zona-rural-de-combita/,False
e0010,protesta_social,NO,NO,https://boyaca7dias.com.co/2026/04/24/capturan-a-presunto-responsable-de-millonario-hurto-en-zona-rural-de-combita/,False
e0010,reasentamiento,NO,NO,https://boyaca7dias.com.co/2026/04/24/capturan-a-presunto-responsable-de-millonario-hurto-en-zona-rural-de-combita/,False
e0010,violacion_derechos_humanos,NO,NO,https://boyaca7dias.com.co/2026/04/24/capturan-a-presunto-responsable-de-millonario-hurto-en-zona-rural-de-combita/,False
e0011,amenaza_intimidacion,NO,NO,https://diariodelcauca.com.co/grandes-proyectos-para-el-cauca/,False
e0011,amenaza_lideres,NO,NO,https://diariodelcauca.com.co/grandes-proyectos-para-el-cauca/,False
e0011,danos_ambientales,NO,NO,https://diariodelcauca.com.co/grandes-proyectos-para-el-cauca/,False
e0011,protesta_social,NO,NO,https://diariodelcauca.com.co/grandes-proyectos-para-el-cauca/,False
e0011,reasentamiento,DUDOSO,NO,https://diariodelcauca.com.co/grandes-proyectos-para-el-cauca/,False
e0011,violacion_derechos_humanos,NO,NO,https://diariodelcauca.com.co/grandes-proyectos-para-el-cauca/,False
e0012,amenaza_intimidacion,SI,NO,https://diariodelcauca.com.co/disidencias-de-las-farc-hostigaron-en-caldono/,False
e0012,amenaza_lideres,DUDOSO,DUDOSO,https://diariodelcauca.com.co/disidencias-de-las-farc-hostigaron-en-caldono/,False
e0012,danos_ambientales,NO,NO,https://diariodelcauca.com.co/disidencias-de-las-farc-hostigaron-en-caldono/,False
e0012,protesta_social,NO,NO,https://diariodelcauca.com.co/disidencias-de-las-farc-hostigaron-en-caldono/,False
e0012,reasentamiento,NO,NO,https://diariodelcauca.com.co/disidencias-de-las-farc-hostigaron-en-caldono/,False
e0012,violacion_derechos_humanos,SI,SI,https://diariodelcauca.com.co/disidencias-de-las-farc-hostigaron-en-caldono/,True
e0013,amenaza_intimidacion,SI,NO,https://diariodelnorte.net/judiciales/operativo-conjunto-en-maicao-deja-un-capturado-y-cuatro-armas-de-fuego-incautadas/,False
e0013,amenaza_lideres,NO,NO,https://diariodelnorte.net/judiciales/operativo-conjunto-en-maicao-deja-un-capturado-y-cuatro-armas-de-fuego-incautadas/,False
e0013,danos_ambientales,NO,NO,https://diariodelnorte.net/judiciales/operativo-conjunto-en-maicao-deja-un-capturado-y-cuatro-armas-de-fuego-incautadas/,False
e0013,protesta_social,NO,NO,https://diariodelnorte.net/judiciales/operativo-conjunto-en-maicao-deja-un-capturado-y-cuatro-armas-de-fuego-incautadas/,False
e0013,reasentamiento,NO,NO,https://diariodelnorte.net/judiciales/operativo-conjunto-en-maicao-deja-un-capturado-y-cuatro-armas-de-fuego-incautadas/,False
e0013,violacion_derechos_humanos,NO,NO,https://diariodelnorte.net/judiciales/operativo-conjunto-en-maicao-deja-un-capturado-y-cuatro-armas-de-fuego-incautadas/,False
e0014,amenaza_intimidacion,NO,NO,https://diariodelnorte.net/opinion/el-regreso-de-venezuela-al-mapa-guajiro/,False
e0014,amenaza_lideres,NO,NO,https://diariodelnorte.net/opinion/el-regreso-de-venezuela-al-mapa-guajiro/,False
e0014,danos_ambientales,NO,NO,https://diariodelnorte.net/opinion/el-regreso-de-venezuela-al-mapa-guajiro/,False
e0014,protesta_social,NO,NO,https://diariodelnorte.net/opinion/el-regreso-de-venezuela-al-mapa-guajiro/,False
e0014,reasentamiento,NO,NO,https://diariodelnorte.net/opinion/el-regreso-de-venezuela-al-mapa-guajiro/,False
e0014,violacion_derechos_humanos,NO,NO,https://diariodelnorte.net/opinion/el-regreso-de-venezuela-al-mapa-guajiro/,False
e0015,amenaza_intimidacion,NO,NO,https://elpilon.com.co/cesar-y-la-guajira/nace-una-nueva-fuerza-de-poder-en-la-guajira-katia-ospino-durante-evento-politico-en-maicao,False
e0015,amenaza_lideres,NO,NO,https://elpilon.com.co/cesar-y-la-guajira/nace-una-nueva-fuerza-de-poder-en-la-guajira-katia-ospino-durante-evento-politico-en-maicao,False
e0015,danos_ambientales,NO,NO,https://elpilon.com.co/cesar-y-la-guajira/nace-una-nueva-fuerza-de-poder-en-la-guajira-katia-ospino-durante-evento-politico-en-maicao,False
e0015,protesta_social,NO,NO,https://elpilon.com.co/cesar-y-la-guajira/nace-una-nueva-fuerza-de-poder-en-la-guajira-katia-ospino-durante-evento-politico-en-maicao,False
e0015,reasentamiento,NO,NO,https://elpilon.com.co/cesar-y-la-guajira/nace-una-nueva-fuerza-de-poder-en-la-guajira-katia-ospino-durante-evento-politico-en-maicao,False
e0015,violacion_derechos_humanos,NO,NO,https://elpilon.com.co/cesar-y-la-guajira/nace-una-nueva-fuerza-de-poder-en-la-guajira-katia-ospino-durante-evento-politico-en-maicao,False
e0016,amenaza_intimidacion,SI,SI,https://laguajirahoy.com/judiciales-2/alerta-de-secuestro-sacude-campana-politica-en-la-guajira.html,True
e0016,amenaza_lideres,NO,NO,https://laguajirahoy.com/judiciales-2/alerta-de-secuestro-sacude-campana-politica-en-la-guajira.html,False
e0016,danos_ambientales,NO,NO,https://laguajirahoy.com/judiciales-2/alerta-de-secuestro-sacude-campana-politica-en-la-guajira.html,False
e0016,protesta_social,NO,NO,https://laguajirahoy.com/judiciales-2/alerta-de-secuestro-sacude-campana-politica-en-la-guajira.html,False
e0016,reasentamiento,NO,NO,https://laguajirahoy.com/judiciales-2/alerta-de-secuestro-sacude-campana-politica-en-la-guajira.html,False
e0016,violacion_derechos_humanos,NO,NO,https://laguajirahoy.com/judiciales-2/alerta-de-secuestro-sacude-campana-politica-en-la-guajira.html,False
e0017,amenaza_intimidacion,NO,NO,https://diariodelcauca.com.co/stivens-ramirez-no-acato-medida-de-casa-por-carcel/,False
e0017,amenaza_lideres,NO,NO,https://diariodelcauca.com.co/stivens-ramirez-no-acato-medida-de-casa-por-carcel/,False
e0017,danos_ambientales,NO,NO,https://diariodelcauca.com.co/stivens-ramirez-no-acato-medida-de-casa-por-carcel/,False
e0017,protesta_social,NO,NO,https://diariodelcauca.com.co/stivens-ramirez-no-acato-medida-de-casa-por-carcel/,False
e0017,reasentamiento,NO,NO,https://diariodelcauca.com.co/stivens-ramirez-no-acato-medida-de-casa-por-carcel/,False
e0017,violacion_derechos_humanos,NO,NO,https://diariodelcauca.com.co/stivens-ramirez-no-acato-medida-de-casa-por-carcel/,False
e0018,amenaza_intimidacion,NO,NO,https://laguajirahoy.com/nacion/satena-gestiona-vuelos-diarios-entre-riohacha-y-barranquilla-tras-colapso-del-puente.html,False
e0018,amenaza_lideres,NO,NO,https://laguajirahoy.com/nacion/satena-gestiona-vuelos-diarios-entre-riohacha-y-barranquilla-tras-colapso-del-puente.html,False
e0018,danos_ambientales,NO,NO,https://laguajirahoy.com/nacion/satena-gestiona-vuelos-diarios-entre-riohacha-y-barranquilla-tras-colapso-del-puente.html,False
e0018,protesta_social,NO,NO,https://laguajirahoy.com/nacion/satena-gestiona-vuelos-diarios-entre-riohacha-y-barranquilla-tras-colapso-del-puente.html,False
e0018,reasentamiento,NO,NO,https://laguajirahoy.com/nacion/satena-gestiona-vuelos-diarios-entre-riohacha-y-barranquilla-tras-colapso-del-puente.html,False
e0018,violacion_derechos_humanos,NO,NO,https://laguajirahoy.com/nacion/satena-gestiona-vuelos-diarios-entre-riohacha-y-barranquilla-tras-colapso-del-puente.html,False
e0019,amenaza_intimidacion,NO,NO,https://choco7dias.com/elizabeth-moreno-barcopremio-nacional-de-derechos-humanos-2023/,False
e0019,amenaza_lideres,NO,NO,https://choco7dias.com/elizabeth-moreno-barcopremio-nacional-de-derechos-humanos-2023/,False
e0019,danos_ambientales,NO,NO,https://choco7dias.com/elizabeth-moreno-barcopremio-nacional-de-derechos-humanos-2023/,False
e0019,protesta_social,NO,NO,https://choco7dias.com/elizabeth-moreno-barcopremio-nacional-de-derechos-humanos-2023/,False
e0019,reasentamiento,NO,NO,https://choco7dias.com/elizabeth-moreno-barcopremio-nacional-de-derechos-humanos-2023/,False
e0019,violacion_derechos_humanos,DUDOSO,NO,https://choco7dias.com/elizabeth-moreno-barcopremio-nacional-de-derechos-humanos-2023/,False
e0020,amenaza_intimidacion,SI,DUDOSO,https://laguajirahoy.com/maicao/maicao-enfrenta-creciente-riesgo-por-expansion-de-grupos-armados.html,False
e0020,amenaza_lideres,SI,DUDOSO,https://laguajirahoy.com/maicao/maicao-enfrenta-creciente-riesgo-por-expansion-de-grupos-armados.html,False
e0020,danos_ambientales,NO,NO,https://laguajirahoy.com/maicao/maicao-enfrenta-creciente-riesgo-por-expansion-de-grupos-armados.html,False
e0020,protesta_social,NO,NO,https://laguajirahoy.com/maicao/maicao-enfrenta-creciente-riesgo-por-expansion-de-grupos-armados.html,False
e0020,reasentamiento,NO,NO,https://laguajirahoy.com/maicao/maicao-enfrenta-creciente-riesgo-por-expansion-de-grupos-armados.html,False
e0020,violacion_derechos_humanos,SI,DUDOSO,https://laguajirahoy.com/maicao/maicao-enfrenta-creciente-riesgo-por-expansion-de-grupos-armados.html,False
e0021,amenaza_intimidacion,SI,SI,https://diariodelcauca.com.co/ataques-en-el-norte-del-cauca/,True
e0021,amenaza_lideres,SI,SI,https://diariodelcauca.com.co/ataques-en-el-norte-del-cauca/,True
e0021,danos_ambientales,NO,NO,https://diariodelcauca.com.co/ataques-en-el-norte-del-cauca/,False
e0021,protesta_social,NO,NO,https://diariodelcauca.com.co/ataques-en-el-norte-del-cauca/,False
e0021,reasentamiento,NO,NO,https://diariodelcauca.com.co/ataques-en-el-norte-del-cauca/,False
e0021,violacion_derechos_humanos,SI,SI,https://diariodelcauca.com.co/ataques-en-el-norte-del-cauca/,True
e0022,amenaza_intimidacion,NO,NO,https://www.eltiempo.com/economia/sectores/crisis-de-agua-en-cajica-lo-que-hay-detras-del-problema-con-el-acueducto-775128,False
e0022,amenaza_lideres,NO,NO,https://www.eltiempo.com/economia/sectores/crisis-de-agua-en-cajica-lo-que-hay-detras-del-problema-con-el-acueducto-775128,False
e0022,danos_ambientales,NO,NO,https://www.eltiempo.com/economia/sectores/crisis-de-agua-en-cajica-lo-que-hay-detras-del-problema-con-el-acueducto-775128,False
e0022,protesta_social,SI,SI,https://www.eltiempo.com/economia/sectores/crisis-de-agua-en-cajica-lo-que-hay-detras-del-problema-con-el-acueducto-775128,True
e0022,reasentamiento,NO,NO,https://www.eltiempo.com/economia/sectores/crisis-de-agua-en-cajica-lo-que-hay-detras-del-problema-con-el-acueducto-775128,False
e0022,violacion_derechos_humanos,NO,NO,https://www.eltiempo.com/economia/sectores/crisis-de-agua-en-cajica-lo-que-hay-detras-del-problema-con-el-acueducto-775128,False
e0023,amenaza_intimidacion,NO,NO,https://laguajirahoy.com/maicao-3/tension-del-lado-venezolano-por-caso-judicial-afecta-comercio-binacional.html,False
e0023,amenaza_lideres,NO,NO,https://laguajirahoy.com/maicao-3/tension-del-lado-venezolano-por-caso-judicial-afecta-comercio-binacional.html,False
e0023,danos_ambientales,NO,NO,https://laguajirahoy.com/maicao-3/tension-del-lado-venezolano-por-caso-judicial-afecta-comercio-binacional.html,False
e0023,protesta_social,DUDOSO,DUDOSO,https://laguajirahoy.com/maicao-3/tension-del-lado-venezolano-por-caso-judicial-afecta-comercio-binacional.html,False
e0023,reasentamiento,NO,NO,https://laguajirahoy.com/maicao-3/tension-del-lado-venezolano-por-caso-judicial-afecta-comercio-binacional.html,False
e0023,violacion_derechos_humanos,NO,NO,https://laguajirahoy.com/maicao-3/tension-del-lado-venezolano-por-caso-judicial-afecta-comercio-binacional.html,False
e0024,amenaza_intimidacion,NO,NO,https://www.eltiempo.com/politica/elecciones-colombia-2026/resultados-presidenciales-2026-primera-vuelta/en-vivo-elecciones-presidenciales-2026-siga-la-jornada-de-votacion-en-oicata-boyaca-ultimas-noticias-3560006,False
e0024,amenaza_lideres,NO,NO,https://www.eltiempo.com/politica/elecciones-colombia-2026/resultados-presidenciales-2026-primera-vuelta/en-vivo-elecciones-presidenciales-2026-siga-la-jornada-de-votacion-en-oicata-boyaca-ultimas-noticias-3560006,False
e0024,danos_ambientales,NO,NO,https://www.eltiempo.com/politica/elecciones-colombia-2026/resultados-presidenciales-2026-primera-vuelta/en-vivo-elecciones-presidenciales-2026-siga-la-jornada-de-votacion-en-oicata-boyaca-ultimas-noticias-3560006,False
e0024,protesta_social,NO,NO,https://www.eltiempo.com/politica/elecciones-colombia-2026/resultados-presidenciales-2026-primera-vuelta/en-vivo-elecciones-presidenciales-2026-siga-la-jornada-de-votacion-en-oicata-boyaca-ultimas-noticias-3560006,False
e0024,reasentamiento,NO,NO,https://www.eltiempo.com/politica/elecciones-colombia-2026/resultados-presidenciales-2026-primera-vuelta/en-vivo-elecciones-presidenciales-2026-siga-la-jornada-de-votacion-en-oicata-boyaca-ultimas-noticias-3560006,False
e0024,violacion_derechos_humanos,NO,NO,https://www.eltiempo.com/politica/elecciones-colombia-2026/resultados-presidenciales-2026-primera-vuelta/en-vivo-elecciones-presidenciales-2026-siga-la-jornada-de-votacion-en-oicata-boyaca-ultimas-noticias-3560006,False
e0025,amenaza_intimidacion,NO,NO,https://www.elcolombiano.com/medellin/antioquia-tiene-nuevo-comandante-de-policia-FA20645909,False
e0025,amenaza_lideres,NO,NO,https://www.elcolombiano.com/medellin/antioquia-tiene-nuevo-comandante-de-policia-FA20645909,False
e0025,danos_ambientales,NO,NO,https://www.elcolombiano.com/medellin/antioquia-tiene-nuevo-comandante-de-policia-FA20645909,False
e0025,protesta_social,NO,NO,https://www.elcolombiano.com/medellin/antioquia-tiene-nuevo-comandante-de-policia-FA20645909,False
e0025,reasentamiento,NO,NO,https://www.elcolombiano.com/medellin/antioquia-tiene-nuevo-comandante-de-policia-FA20645909,False
e0025,violacion_derechos_humanos,NO,NO,https://www.elcolombiano.com/medellin/antioquia-tiene-nuevo-comandante-de-policia-FA20645909,False
e0026,amenaza_intimidacion,NO,NO,https://diariodelnorte.net/judiciales/levantan-bloqueo-en-la-via-riohacha-maicao-tras-acuerdos-con-comunidades-wayuu/,False
e0026,amenaza_lideres,NO,NO,https://diariodelnorte.net/judiciales/levantan-bloqueo-en-la-via-riohacha-maicao-tras-acuerdos-con-comunidades-wayuu/,False
e0026,danos_ambientales,NO,NO,https://diariodelnorte.net/judiciales/levantan-bloqueo-en-la-via-riohacha-maicao-tras-acuerdos-con-comunidades-wayuu/,False
e0026,protesta_social,SI,SI,https://diariodelnorte.net/judiciales/levantan-bloqueo-en-la-via-riohacha-maicao-tras-acuerdos-con-comunidades-wayuu/,True
e0026,reasentamiento,NO,NO,https://diariodelnorte.net/judiciales/levantan-bloqueo-en-la-via-riohacha-maicao-tras-acuerdos-con-comunidades-wayuu/,False
e0026,violacion_derechos_humanos,NO,NO,https://diariodelnorte.net/judiciales/levantan-bloqueo-en-la-via-riohacha-maicao-tras-acuerdos-con-comunidades-wayuu/,False
e0027,amenaza_intimidacion,SI,DUDOSO,https://diariodelcauca.com.co/cinco-integrantes-de-subestructura-de-las-disidencias-de-las-farc-se-entregaron-en-timbiqui-cauca/,False
e0027,amenaza_lideres,NO,NO,https://diariodelcauca.com.co/cinco-integrantes-de-subestructura-de-las-disidencias-de-las-farc-se-entregaron-en-timbiqui-cauca/,False
e0027,danos_ambientales,NO,NO,https://diariodelcauca.com.co/cinco-integrantes-de-subestructura-de-las-disidencias-de-las-farc-se-entregaron-en-timbiqui-cauca/,False
e0027,protesta_social,NO,NO,https://diariodelcauca.com.co/cinco-integrantes-de-subestructura-de-las-disidencias-de-las-farc-se-entregaron-en-timbiqui-cauca/,False
e0027,reasentamiento,NO,NO,https://diariodelcauca.com.co/cinco-integrantes-de-subestructura-de-las-disidencias-de-las-farc-se-entregaron-en-timbiqui-cauca/,False
e0027,violacion_derechos_humanos,NO,DUDOSO,https://diariodelcauca.com.co/cinco-integrantes-de-subestructura-de-las-disidencias-de-las-farc-se-entregaron-en-timbiqui-cauca/,False
e0028,amenaza_intimidacion,NO,NO,https://diariodelcauca.com.co/asesinado-jose-william-sanchez-poveda-por-un-francotirador/,False
e0028,amenaza_lideres,NO,NO,https://diariodelcauca.com.co/asesinado-jose-william-sanchez-poveda-por-un-francotirador/,False
e0028,danos_ambientales,NO,NO,https://diariodelcauca.com.co/asesinado-jose-william-sanchez-poveda-por-un-francotirador/,False
e0028,protesta_social,NO,NO,https://diariodelcauca.com.co/asesinado-jose-william-sanchez-poveda-por-un-francotirador/,False
e0028,reasentamiento,NO,NO,https://diariodelcauca.com.co/asesinado-jose-william-sanchez-poveda-por-un-francotirador/,False
e0028,violacion_derechos_humanos,DUDOSO,DUDOSO,https://diariodelcauca.com.co/asesinado-jose-william-sanchez-poveda-por-un-francotirador/,False
e0029,amenaza_intimidacion,NO,NO,https://boyaca7dias.com.co/2026/05/29/comunidad-protesta-en-el-peaje-de-tuta-y-exige-tarifa-cero-para-habitantes-de-cuatro-municipios/,False
e0029,amenaza_lideres,NO,NO,https://boyaca7dias.com.co/2026/05/29/comunidad-protesta-en-el-peaje-de-tuta-y-exige-tarifa-cero-para-habitantes-de-cuatro-municipios/,False
e0029,danos_ambientales,NO,NO,https://boyaca7dias.com.co/2026/05/29/comunidad-protesta-en-el-peaje-de-tuta-y-exige-tarifa-cero-para-habitantes-de-cuatro-municipios/,False
e0029,protesta_social,SI,SI,https://boyaca7dias.com.co/2026/05/29/comunidad-protesta-en-el-peaje-de-tuta-y-exige-tarifa-cero-para-habitantes-de-cuatro-municipios/,True
e0029,reasentamiento,NO,NO,https://boyaca7dias.com.co/2026/05/29/comunidad-protesta-en-el-peaje-de-tuta-y-exige-tarifa-cero-para-habitantes-de-cuatro-municipios/,False
e0029,violacion_derechos_humanos,NO,NO,https://boyaca7dias.com.co/2026/05/29/comunidad-protesta-en-el-peaje-de-tuta-y-exige-tarifa-cero-para-habitantes-de-cuatro-municipios/,False
e0030,amenaza_intimidacion,SI,NO,https://www.elcolombiano.com/antioquia/preocupacion-en-ituango-antioquia-por-reclutamiento-de-menores-JA21308551,False
e0030,amenaza_lideres,NO,NO,https://www.elcolombiano.com/antioquia/preocupacion-en-ituango-antioquia-por-reclutamiento-de-menores-JA21308551,False
e0030,danos_ambientales,NO,NO,https://www.elcolombiano.com/antioquia/preocupacion-en-ituango-antioquia-por-reclutamiento-de-menores-JA21308551,False
e0030,protesta_social,NO,NO,https://www.elcolombiano.com/antioquia/preocupacion-en-ituango-antioquia-por-reclutamiento-de-menores-JA21308551,False
e0030,reasentamiento,NO,NO,https://www.elcolombiano.com/antioquia/preocupacion-en-ituango-antioquia-por-reclutamiento-de-menores-JA21308551,False
e0030,violacion_derechos_humanos,SI,SI,https://www.elcolombiano.com/antioquia/preocupacion-en-ituango-antioquia-por-reclutamiento-de-menores-JA21308551,True
e0031,amenaza_intimidacion,SI,SI,https://laguajirahoy.com/judiciales-2/operativos-en-maicao-dejan-13-capturados-por-graves-delitos.html,True
e0031,amenaza_lideres,NO,NO,https://laguajirahoy.com/judiciales-2/operativos-en-maicao-dejan-13-capturados-por-graves-delitos.html,False
e0031,danos_ambientales,NO,NO,https://laguajirahoy.com/judiciales-2/operativos-en-maicao-dejan-13-capturados-por-graves-delitos.html,False
e0031,protesta_social,NO,NO,https://laguajirahoy.com/judiciales-2/operativos-en-maicao-dejan-13-capturados-por-graves-delitos.html,False
e0031,reasentamiento,NO,NO,https://laguajirahoy.com/judiciales-2/operativos-en-maicao-dejan-13-capturados-por-graves-delitos.html,False
e0031,violacion_derechos_humanos,NO,NO,https://laguajirahoy.com/judiciales-2/operativos-en-maicao-dejan-13-capturados-por-graves-delitos.html,False
e0032,amenaza_intimidacion,NO,NO,https://www.elcolombiano.com/antioquia/militares-antioquia-aceptaron-ante-la-jep-crimenes-de-guerra-y-lesa-humanidad-falsos-positivos-OH22709016,False
e0032,amenaza_lideres,NO,NO,https://www.elcolombiano.com/antioquia/militares-antioquia-aceptaron-ante-la-jep-crimenes-de-guerra-y-lesa-humanidad-falsos-positivos-OH22709016,False
e0032,danos_ambientales,NO,NO,https://www.elcolombiano.com/antioquia/militares-antioquia-aceptaron-ante-la-jep-crimenes-de-guerra-y-lesa-humanidad-falsos-positivos-OH22709016,False
e0032,protesta_social,NO,NO,https://www.elcolombiano.com/antioquia/militares-antioquia-aceptaron-ante-la-jep-crimenes-de-guerra-y-lesa-humanidad-falsos-positivos-OH22709016,False
e0032,reasentamiento,NO,NO,https://www.elcolombiano.com/antioquia/militares-antioquia-aceptaron-ante-la-jep-crimenes-de-guerra-y-lesa-humanidad-falsos-positivos-OH22709016,False
e0032,violacion_derechos_humanos,SI,SI,https://www.elcolombiano.com/antioquia/militares-antioquia-aceptaron-ante-la-jep-crimenes-de-guerra-y-lesa-humanidad-falsos-positivos-OH22709016,True
e0033,amenaza_intimidacion,NO,NO,https://diariodelcauca.com.co/salirle-al-paso-vivencias-de-las-mujeres-afros-en-el-conflicto-armado/,False
e0033,amenaza_lideres,NO,NO,https://diariodelcauca.com.co/salirle-al-paso-vivencias-de-las-mujeres-afros-en-el-conflicto-armado/,False
e0033,danos_ambientales,NO,NO,https://diariodelcauca.com.co/salirle-al-paso-vivencias-de-las-mujeres-afros-en-el-conflicto-armado/,False
e0033,protesta_social,NO,NO,https://diariodelcauca.com.co/salirle-al-paso-vivencias-de-las-mujeres-afros-en-el-conflicto-armado/,False
e0033,reasentamiento,NO,NO,https://diariodelcauca.com.co/salirle-al-paso-vivencias-de-las-mujeres-afros-en-el-conflicto-armado/,False
e0033,violacion_derechos_humanos,NO,NO,https://diariodelcauca.com.co/salirle-al-paso-vivencias-de-las-mujeres-afros-en-el-conflicto-armado/,False
e0034,amenaza_intimidacion,NO,NO,https://choco7dias.com/cargos-al-gobernador-del-choco-por-presuntas-irregularidades-en-ayudas-humanitarias/,False
e0034,amenaza_lideres,NO,NO,https://choco7dias.com/cargos-al-gobernador-del-choco-por-presuntas-irregularidades-en-ayudas-humanitarias/,False
e0034,danos_ambientales,NO,NO,https://choco7dias.com/cargos-al-gobernador-del-choco-por-presuntas-irregularidades-en-ayudas-humanitarias/,False
e0034,protesta_social,NO,NO,https://choco7dias.com/cargos-al-gobernador-del-choco-por-presuntas-irregularidades-en-ayudas-humanitarias/,False
e0034,reasentamiento,NO,NO,https://choco7dias.com/cargos-al-gobernador-del-choco-por-presuntas-irregularidades-en-ayudas-humanitarias/,False
e0034,violacion_derechos_humanos,NO,NO,https://choco7dias.com/cargos-al-gobernador-del-choco-por-presuntas-irregularidades-en-ayudas-humanitarias/,False
e0035,amenaza_intimidacion,NO,NO,https://diariodelcauca.com.co/el-campesino-caucano-se-encuentra-en-el-olvido/,False
e0035,amenaza_lideres,NO,NO,https://diariodelcauca.com.co/el-campesino-caucano-se-encuentra-en-el-olvido/,False
e0035,danos_ambientales,NO,NO,https://diariodelcauca.com.co/el-campesino-caucano-se-encuentra-en-el-olvido/,False
e0035,protesta_social,SI,SI,https://diariodelcauca.com.co/el-campesino-caucano-se-encuentra-en-el-olvido/,True
e0035,reasentamiento,NO,NO,https://diariodelcauca.com.co/el-campesino-caucano-se-encuentra-en-el-olvido/,False
e0035,violacion_derechos_humanos,NO,NO,https://diariodelcauca.com.co/el-campesino-caucano-se-encuentra-en-el-olvido/,False
e0036,amenaza_intimidacion,SI,DUDOSO,https://diariodelnorte.net/laguajira/defensoria-emite-alerta-por-expansion-de-las-acsn-y-escalada-del-riesgo-en-maicao/,False
e0036,amenaza_lideres,DUDOSO,NO,https://diariodelnorte.net/laguajira/defensoria-emite-alerta-por-expansion-de-las-acsn-y-escalada-del-riesgo-en-maicao/,False
e0036,danos_ambientales,NO,NO,https://diariodelnorte.net/laguajira/defensoria-emite-alerta-por-expansion-de-las-acsn-y-escalada-del-riesgo-en-maicao/,False
e0036,protesta_social,NO,NO,https://diariodelnorte.net/laguajira/defensoria-emite-alerta-por-expansion-de-las-acsn-y-escalada-del-riesgo-en-maicao/,False
e0036,reasentamiento,NO,NO,https://diariodelnorte.net/laguajira/defensoria-emite-alerta-por-expansion-de-las-acsn-y-escalada-del-riesgo-en-maicao/,False
e0036,violacion_derechos_humanos,SI,SI,https://diariodelnorte.net/laguajira/defensoria-emite-alerta-por-expansion-de-las-acsn-y-escalada-del-riesgo-en-maicao/,True
e0037,amenaza_intimidacion,NO,NO,https://choco7dias.com/dignidad-de-las-mujeres-victimas-de-violencia-sexual-en-el-conflicto-armado/,False
e0037,amenaza_lideres,NO,NO,https://choco7dias.com/dignidad-de-las-mujeres-victimas-de-violencia-sexual-en-el-conflicto-armado/,False
e0037,danos_ambientales,NO,NO,https://choco7dias.com/dignidad-de-las-mujeres-victimas-de-violencia-sexual-en-el-conflicto-armado/,False
e0037,protesta_social,NO,NO,https://choco7dias.com/dignidad-de-las-mujeres-victimas-de-violencia-sexual-en-el-conflicto-armado/,False
e0037,reasentamiento,NO,NO,https://choco7dias.com/dignidad-de-las-mujeres-victimas-de-violencia-sexual-en-el-conflicto-armado/,False
e0037,violacion_derechos_humanos,NO,NO,https://choco7dias.com/dignidad-de-las-mujeres-victimas-de-violencia-sexual-en-el-conflicto-armado/,False
e0038,amenaza_intimidacion,NO,NO,https://diariodelcauca.com.co/lanzamiento-laboratorio-de-paz/,False
e0038,amenaza_lideres,NO,NO,https://diariodelcauca.com.co/lanzamiento-laboratorio-de-paz/,False
e0038,danos_ambientales,NO,NO,https://diariodelcauca.com.co/lanzamiento-laboratorio-de-paz/,False
e0038,protesta_social,NO,NO,https://diariodelcauca.com.co/lanzamiento-laboratorio-de-paz/,False
e0038,reasentamiento,NO,NO,https://diariodelcauca.com.co/lanzamiento-laboratorio-de-paz/,False
e0038,violacion_derechos_humanos,NO,NO,https://diariodelcauca.com.co/lanzamiento-laboratorio-de-paz/,False
e0039,amenaza_intimidacion,NO,NO,https://diariodelnorte.net/judiciales/capturan-a-un-hombre-por-porte-ilegal-de-arma-de-fuego-durante-controles-policiales-en-uribia/,False
e0039,amenaza_lideres,NO,NO,https://diariodelnorte.net/judiciales/capturan-a-un-hombre-por-porte-ilegal-de-arma-de-fuego-durante-controles-policiales-en-uribia/,False
e0039,danos_ambientales,NO,NO,https://diariodelnorte.net/judiciales/capturan-a-un-hombre-por-porte-ilegal-de-arma-de-fuego-durante-controles-policiales-en-uribia/,False
e0039,protesta_social,NO,NO,https://diariodelnorte.net/judiciales/capturan-a-un-hombre-por-porte-ilegal-de-arma-de-fuego-durante-controles-policiales-en-uribia/,False
e0039,reasentamiento,NO,NO,https://diariodelnorte.net/judiciales/capturan-a-un-hombre-por-porte-ilegal-de-arma-de-fuego-durante-controles-policiales-en-uribia/,False
e0039,violacion_derechos_humanos,NO,NO,https://diariodelnorte.net/judiciales/capturan-a-un-hombre-por-porte-ilegal-de-arma-de-fuego-durante-controles-policiales-en-uribia/,False
e0040,amenaza_intimidacion,NO,NO,https://www.elcolombiano.com/antioquia/liberales-divididos-por-el-aval-de-eugenio-prieto-a-la-gobernacion-de-antioquia-IL22296781,False
e0040,amenaza_lideres,NO,NO,https://www.elcolombiano.com/antioquia/liberales-divididos-por-el-aval-de-eugenio-prieto-a-la-gobernacion-de-antioquia-IL22296781,False
e0040,danos_ambientales,NO,NO,https://www.elcolombiano.com/antioquia/liberales-divididos-por-el-aval-de-eugenio-prieto-a-la-gobernacion-de-antioquia-IL22296781,False
e0040,protesta_social,NO,NO,https://www.elcolombiano.com/antioquia/liberales-divididos-por-el-aval-de-eugenio-prieto-a-la-gobernacion-de-antioquia-IL22296781,False
e0040,reasentamiento,NO,NO,https://www.elcolombiano.com/antioquia/liberales-divididos-por-el-aval-de-eugenio-prieto-a-la-gobernacion-de-antioquia-IL22296781,False
e0040,violacion_derechos_humanos,NO,NO,https://www.elcolombiano.com/antioquia/liberales-divididos-por-el-aval-de-eugenio-prieto-a-la-gobernacion-de-antioquia-IL22296781,False
e0041,amenaza_intimidacion,NO,NO,https://laguajirahoy.com/maicao-3/maicao-empieza-a-recuperar-el-agua-tras-cinco-dias-sin-servicio.html,False
e0041,amenaza_lideres,NO,NO,https://laguajirahoy.com/maicao-3/maicao-empieza-a-recuperar-el-agua-tras-cinco-dias-sin-servicio.html,False
e0041,danos_ambientales,NO,NO,https://laguajirahoy.com/maicao-3/maicao-empieza-a-recuperar-el-agua-tras-cinco-dias-sin-servicio.html,False
e0041,protesta_social,SI,SI,https://laguajirahoy.com/maicao-3/maicao-empieza-a-recuperar-el-agua-tras-cinco-dias-sin-servicio.html,True
e0041,reasentamiento,NO,NO,https://laguajirahoy.com/maicao-3/maicao-empieza-a-recuperar-el-agua-tras-cinco-dias-sin-servicio.html,False
e0041,violacion_derechos_humanos,NO,NO,https://laguajirahoy.com/maicao-3/maicao-empieza-a-recuperar-el-agua-tras-cinco-dias-sin-servicio.html,False
e0042,amenaza_intimidacion,NO,NO,https://www.eltiempo.com/bogota/cundinamarca-hombre-agredio-a-su-pareja-hasta-causar-su-muerte-en-guayabal-de-siquima-782515,False
e0042,amenaza_lideres,NO,NO,https://www.eltiempo.com/bogota/cundinamarca-hombre-agredio-a-su-pareja-hasta-causar-su-muerte-en-guayabal-de-siquima-782515,False
e0042,danos_ambientales,NO,NO,https://www.eltiempo.com/bogota/cundinamarca-hombre-agredio-a-su-pareja-hasta-causar-su-muerte-en-guayabal-de-siquima-782515,False
e0042,protesta_social,NO,NO,https://www.eltiempo.com/bogota/cundinamarca-hombre-agredio-a-su-pareja-hasta-causar-su-muerte-en-guayabal-de-siquima-782515,False
e0042,reasentamiento,NO,NO,https://www.eltiempo.com/bogota/cundinamarca-hombre-agredio-a-su-pareja-hasta-causar-su-muerte-en-guayabal-de-siquima-782515,False
e0042,violacion_derechos_humanos,NO,NO,https://www.eltiempo.com/bogota/cundinamarca-hombre-agredio-a-su-pareja-hasta-causar-su-muerte-en-guayabal-de-siquima-782515,False
e0043,amenaza_intimidacion,NO,NO,https://laguajirahoy.com/riohacha/dirigentes-exigen-a-concesion-santa-marta-paraguachon-reparar-la-deteriorada-calle-15-de-riohacha.html,False
e0043,amenaza_lideres,NO,NO,https://laguajirahoy.com/riohacha/dirigentes-exigen-a-concesion-santa-marta-paraguachon-reparar-la-deteriorada-calle-15-de-riohacha.html,False
e0043,danos_ambientales,NO,NO,https://laguajirahoy.com/riohacha/dirigentes-exigen-a-concesion-santa-marta-paraguachon-reparar-la-deteriorada-calle-15-de-riohacha.html,False
e0043,protesta_social,NO,NO,https://laguajirahoy.com/riohacha/dirigentes-exigen-a-concesion-santa-marta-paraguachon-reparar-la-deteriorada-calle-15-de-riohacha.html,False
e0043,reasentamiento,NO,NO,https://laguajirahoy.com/riohacha/dirigentes-exigen-a-concesion-santa-marta-paraguachon-reparar-la-deteriorada-calle-15-de-riohacha.html,False
e0043,violacion_derechos_humanos,NO,NO,https://laguajirahoy.com/riohacha/dirigentes-exigen-a-concesion-santa-marta-paraguachon-reparar-la-deteriorada-calle-15-de-riohacha.html,False
e0044,amenaza_intimidacion,NO,NO,https://laguajirahoy.com/riohacha/cuatro-anos-despues-puentes-y-arte-publico-siguen-desaparecidos-en-riohacha.html,False
e0044,amenaza_lideres,NO,NO,https://laguajirahoy.com/riohacha/cuatro-anos-despues-puentes-y-arte-publico-siguen-desaparecidos-en-riohacha.html,False
e0044,danos_ambientales,NO,NO,https://laguajirahoy.com/riohacha/cuatro-anos-despues-puentes-y-arte-publico-siguen-desaparecidos-en-riohacha.html,False
e0044,protesta_social,NO,NO,https://laguajirahoy.com/riohacha/cuatro-anos-despues-puentes-y-arte-publico-siguen-desaparecidos-en-riohacha.html,False
e0044,reasentamiento,NO,NO,https://laguajirahoy.com/riohacha/cuatro-anos-despues-puentes-y-arte-publico-siguen-desaparecidos-en-riohacha.html,False
e0044,violacion_derechos_humanos,NO,NO,https://laguajirahoy.com/riohacha/cuatro-anos-despues-puentes-y-arte-publico-siguen-desaparecidos-en-riohacha.html,False
e0045,amenaza_intimidacion,NO,NO,https://www.elcolombiano.com/antioquia/camioneros-bloquearon-via-por-precios-del-peaje-el-trapiche-BG20156676,False
e0045,amenaza_lideres,NO,NO,https://www.elcolombiano.com/antioquia/camioneros-bloquearon-via-por-precios-del-peaje-el-trapiche-BG20156676,False
e0045,danos_ambientales,NO,NO,https://www.elcolombiano.com/antioquia/camioneros-bloquearon-via-por-precios-del-peaje-el-trapiche-BG20156676,False
e0045,protesta_social,SI,SI,https://www.elcolombiano.com/antioquia/camioneros-bloquearon-via-por-precios-del-peaje-el-trapiche-BG20156676,True
e0045,reasentamiento,NO,NO,https://www.elcolombiano.com/antioquia/camioneros-bloquearon-via-por-precios-del-peaje-el-trapiche-BG20156676,False
e0045,violacion_derechos_humanos,NO,NO,https://www.elcolombiano.com/antioquia/camioneros-bloquearon-via-por-precios-del-peaje-el-trapiche-BG20156676,False
e0046,amenaza_intimidacion,NO,NO,https://www.elcolombiano.com/cultura/beatriz-gonzalez-en-medellin-con-su-obra-grafica-NH22615118,False
e0046,amenaza_lideres,NO,NO,https://www.elcolombiano.com/cultura/beatriz-gonzalez-en-medellin-con-su-obra-grafica-NH22615118,False
e0046,danos_ambientales,NO,NO,https://www.elcolombiano.com/cultura/beatriz-gonzalez-en-medellin-con-su-obra-grafica-NH22615118,False
e0046,protesta_social,NO,NO,https://www.elcolombiano.com/cultura/beatriz-gonzalez-en-medellin-con-su-obra-grafica-NH22615118,False
e0046,reasentamiento,NO,NO,https://www.elcolombiano.com/cultura/beatriz-gonzalez-en-medellin-con-su-obra-grafica-NH22615118,False
e0046,violacion_derechos_humanos,NO,NO,https://www.elcolombiano.com/cultura/beatriz-gonzalez-en-medellin-con-su-obra-grafica-NH22615118,False
e0047,amenaza_intimidacion,NO,NO,https://diariodelcauca.com.co/cesar-en-agresiones-entre-criminales-es-clave-para-la-paz/,False
e0047,amenaza_lideres,NO,NO,https://diariodelcauca.com.co/cesar-en-agresiones-entre-criminales-es-clave-para-la-paz/,False
e0047,danos_ambientales,NO,NO,https://diariodelcauca.com.co/cesar-en-agresiones-entre-criminales-es-clave-para-la-paz/,False
e0047,protesta_social,NO,NO,https://diariodelcauca.com.co/cesar-en-agresiones-entre-criminales-es-clave-para-la-paz/,False
e0047,reasentamiento,NO,NO,https://diariodelcauca.com.co/cesar-en-agresiones-entre-criminales-es-clave-para-la-paz/,False
e0047,violacion_derechos_humanos,NO,NO,https://diariodelcauca.com.co/cesar-en-agresiones-entre-criminales-es-clave-para-la-paz/,False
e0048,amenaza_intimidacion,NO,NO,https://www.eltiempo.com/justicia/cortes/consejo-de-estado-condena-a-la-nacion-por-detencion-de-nancy-patricia-gutierrez-810696,False
e0048,amenaza_lideres,NO,NO,https://www.eltiempo.com/justicia/cortes/consejo-de-estado-condena-a-la-nacion-por-detencion-de-nancy-patricia-gutierrez-810696,False
e0048,danos_ambientales,NO,NO,https://www.eltiempo.com/justicia/cortes/consejo-de-estado-condena-a-la-nacion-por-detencion-de-nancy-patricia-gutierrez-810696,False
e0048,protesta_social,NO,NO,https://www.eltiempo.com/justicia/cortes/consejo-de-estado-condena-a-la-nacion-por-detencion-de-nancy-patricia-gutierrez-810696,False
e0048,reasentamiento,NO,NO,https://www.eltiempo.com/justicia/cortes/consejo-de-estado-condena-a-la-nacion-por-detencion-de-nancy-patricia-gutierrez-810696,False
e0048,violacion_derechos_humanos,NO,NO,https://www.eltiempo.com/justicia/cortes/consejo-de-estado-condena-a-la-nacion-por-detencion-de-nancy-patricia-gutierrez-810696,False
e0049,amenaza_intimidacion,NO,NO,https://www.eltiempo.com/justicia/investigacion/general-carlos-rodriguez-seguira-investigado-por-caso-luis-carlos-galan-736665,False
e0049,amenaza_lideres,NO,NO,https://www.eltiempo.com/justicia/investigacion/general-carlos-rodriguez-seguira-investigado-por-caso-luis-carlos-galan-736665,False
e0049,danos_ambientales,NO,NO,https://www.eltiempo.com/justicia/investigacion/general-carlos-rodriguez-seguira-investigado-por-caso-luis-carlos-galan-736665,False
e0049,protesta_social,NO,NO,https://www.eltiempo.com/justicia/investigacion/general-carlos-rodriguez-seguira-investigado-por-caso-luis-carlos-galan-736665,False
e0049,reasentamiento,NO,NO,https://www.eltiempo.com/justicia/investigacion/general-carlos-rodriguez-seguira-investigado-por-caso-luis-carlos-galan-736665,False
e0049,violacion_derechos_humanos,NO,NO,https://www.eltiempo.com/justicia/investigacion/general-carlos-rodriguez-seguira-investigado-por-caso-luis-carlos-galan-736665,False
e0050,amenaza_intimidacion,NO,NO,https://www.eltiempo.com/bogota/claudia-lopez-condena-atentado-al-peaje-boqueron-colombia-retrocede-al-terrorismo-834266,False
e0050,amenaza_lideres,NO,NO,https://www.eltiempo.com/bogota/claudia-lopez-condena-atentado-al-peaje-boqueron-colombia-retrocede-al-terrorismo-834266,False
e0050,danos_ambientales,NO,NO,https://www.eltiempo.com/bogota/claudia-lopez-condena-atentado-al-peaje-boqueron-colombia-retrocede-al-terrorismo-834266,False
e0050,protesta_social,NO,NO,https://www.eltiempo.com/bogota/claudia-lopez-condena-atentado-al-peaje-boqueron-colombia-retrocede-al-terrorismo-834266,False
e0050,reasentamiento,NO,NO,https://www.eltiempo.com/bogota/claudia-lopez-condena-atentado-al-peaje-boqueron-colombia-retrocede-al-terrorismo-834266,False
e0050,violacion_derechos_humanos,DUDOSO,DUDOSO,https://www.eltiempo.com/bogota/claudia-lopez-condena-atentado-al-peaje-boqueron-colombia-retrocede-al-terrorismo-834266,False
e0051,amenaza_intimidacion,NO,NO,https://laguajirahoy.com/nacion/gobierno-del-cambio-entrega-obras-educativas-y-comunitarias-en-la-guajira.html,False
e0051,amenaza_lideres,NO,NO,https://laguajirahoy.com/nacion/gobierno-del-cambio-entrega-obras-educativas-y-comunitarias-en-la-guajira.html,False
e0051,danos_ambientales,NO,NO,https://laguajirahoy.com/nacion/gobierno-del-cambio-entrega-obras-educativas-y-comunitarias-en-la-guajira.html,False
e0051,protesta_social,NO,NO,https://laguajirahoy.com/nacion/gobierno-del-cambio-entrega-obras-educativas-y-comunitarias-en-la-guajira.html,False
e0051,reasentamiento,NO,NO,https://laguajirahoy.com/nacion/gobierno-del-cambio-entrega-obras-educativas-y-comunitarias-en-la-guajira.html,False
e0051,violacion_derechos_humanos,NO,NO,https://laguajirahoy.com/nacion/gobierno-del-cambio-entrega-obras-educativas-y-comunitarias-en-la-guajira.html,False
e0052,amenaza_intimidacion,NO,NO,https://www.eltiempo.com/colombia/otras-ciudades/familia-y-bomberos-exigen-a-fiscalia-recapturar-al-tatuador-senalado-de-agredir-al-comandante-jairo-bolivar-sigue-en-uci-tras-brutal-golpiza-en-tunja-3572450,False
e0052,amenaza_lideres,NO,NO,https://www.eltiempo.com/colombia/otras-ciudades/familia-y-bomberos-exigen-a-fiscalia-recapturar-al-tatuador-senalado-de-agredir-al-comandante-jairo-bolivar-sigue-en-uci-tras-brutal-golpiza-en-tunja-3572450,False
e0052,danos_ambientales,NO,NO,https://www.eltiempo.com/colombia/otras-ciudades/familia-y-bomberos-exigen-a-fiscalia-recapturar-al-tatuador-senalado-de-agredir-al-comandante-jairo-bolivar-sigue-en-uci-tras-brutal-golpiza-en-tunja-3572450,False
e0052,protesta_social,DUDOSO,NO,https://www.eltiempo.com/colombia/otras-ciudades/familia-y-bomberos-exigen-a-fiscalia-recapturar-al-tatuador-senalado-de-agredir-al-comandante-jairo-bolivar-sigue-en-uci-tras-brutal-golpiza-en-tunja-3572450,False
e0052,reasentamiento,NO,NO,https://www.eltiempo.com/colombia/otras-ciudades/familia-y-bomberos-exigen-a-fiscalia-recapturar-al-tatuador-senalado-de-agredir-al-comandante-jairo-bolivar-sigue-en-uci-tras-brutal-golpiza-en-tunja-3572450,False
e0052,violacion_derechos_humanos,NO,NO,https://www.eltiempo.com/colombia/otras-ciudades/familia-y-bomberos-exigen-a-fiscalia-recapturar-al-tatuador-senalado-de-agredir-al-comandante-jairo-bolivar-sigue-en-uci-tras-brutal-golpiza-en-tunja-3572450,False
e0053,amenaza_intimidacion,NO,NO,https://choco7dias.com/desplazados-de-jurado-y-carmen-de-atrato-en-medellin/,False
e0053,amenaza_lideres,NO,NO,https://choco7dias.com/desplazados-de-jurado-y-carmen-de-atrato-en-medellin/,False
e0053,danos_ambientales,NO,NO,https://choco7dias.com/desplazados-de-jurado-y-carmen-de-atrato-en-medellin/,False
e0053,protesta_social,NO,NO,https://choco7dias.com/desplazados-de-jurado-y-carmen-de-atrato-en-medellin/,False
e0053,reasentamiento,NO,NO,https://choco7dias.com/desplazados-de-jurado-y-carmen-de-atrato-en-medellin/,False
e0053,violacion_derechos_humanos,DUDOSO,NO,https://choco7dias.com/desplazados-de-jurado-y-carmen-de-atrato-en-medellin/,False
e0054,amenaza_intimidacion,NO,NO,https://diariodelnorte.net/judiciales/comunidad-wayuu-bloquea-el-paso-vehicular-en-cuatro-vias-para-exigir-reposicion-de-transformador-averiado/,False
e0054,amenaza_lideres,NO,NO,https://diariodelnorte.net/judiciales/comunidad-wayuu-bloquea-el-paso-vehicular-en-cuatro-vias-para-exigir-reposicion-de-transformador-averiado/,False
e0054,danos_ambientales,NO,NO,https://diariodelnorte.net/judiciales/comunidad-wayuu-bloquea-el-paso-vehicular-en-cuatro-vias-para-exigir-reposicion-de-transformador-averiado/,False
e0054,protesta_social,SI,SI,https://diariodelnorte.net/judiciales/comunidad-wayuu-bloquea-el-paso-vehicular-en-cuatro-vias-para-exigir-reposicion-de-transformador-averiado/,True
e0054,reasentamiento,NO,NO,https://diariodelnorte.net/judiciales/comunidad-wayuu-bloquea-el-paso-vehicular-en-cuatro-vias-para-exigir-reposicion-de-transformador-averiado/,False
e0054,violacion_derechos_humanos,NO,NO,https://diariodelnorte.net/judiciales/comunidad-wayuu-bloquea-el-paso-vehicular-en-cuatro-vias-para-exigir-reposicion-de-transformador-averiado/,False
e0055,amenaza_intimidacion,SI,SI,https://choco7dias.com/gobernador-del-choco-no-hemos-tenido-respuesta-del-gobierno/,True
e0055,amenaza_lideres,NO,NO,https://choco7dias.com/gobernador-del-choco-no-hemos-tenido-respuesta-del-gobierno/,False
e0055,danos_ambientales,NO,NO,https://choco7dias.com/gobernador-del-choco-no-hemos-tenido-respuesta-del-gobierno/,False
e0055,protesta_social,NO,NO,https://choco7dias.com/gobernador-del-choco-no-hemos-tenido-respuesta-del-gobierno/,False
e0055,reasentamiento,NO,NO,https://choco7dias.com/gobernador-del-choco-no-hemos-tenido-respuesta-del-gobierno/,False
e0055,violacion_derechos_humanos,DUDOSO,NO,https://choco7dias.com/gobernador-del-choco-no-hemos-tenido-respuesta-del-gobierno/,False
e0056,amenaza_intimidacion,NO,NO,https://www.eltiempo.com/colombia/otras-ciudades/dormitorios-destruidos-y-zonas-militares-devastadas-asi-quedo-el-batallon-atacado-con-explosivos-en-la-guajira-que-dejo-doce-soldados-heridos-3558725,False
e0056,amenaza_lideres,NO,NO,https://www.eltiempo.com/colombia/otras-ciudades/dormitorios-destruidos-y-zonas-militares-devastadas-asi-quedo-el-batallon-atacado-con-explosivos-en-la-guajira-que-dejo-doce-soldados-heridos-3558725,False
e0056,danos_ambientales,NO,NO,https://www.eltiempo.com/colombia/otras-ciudades/dormitorios-destruidos-y-zonas-militares-devastadas-asi-quedo-el-batallon-atacado-con-explosivos-en-la-guajira-que-dejo-doce-soldados-heridos-3558725,False
e0056,protesta_social,NO,NO,https://www.eltiempo.com/colombia/otras-ciudades/dormitorios-destruidos-y-zonas-militares-devastadas-asi-quedo-el-batallon-atacado-con-explosivos-en-la-guajira-que-dejo-doce-soldados-heridos-3558725,False
e0056,reasentamiento,NO,NO,https://www.eltiempo.com/colombia/otras-ciudades/dormitorios-destruidos-y-zonas-militares-devastadas-asi-quedo-el-batallon-atacado-con-explosivos-en-la-guajira-que-dejo-doce-soldados-heridos-3558725,False
e0056,violacion_derechos_humanos,NO,NO,https://www.eltiempo.com/colombia/otras-ciudades/dormitorios-destruidos-y-zonas-militares-devastadas-asi-quedo-el-batallon-atacado-con-explosivos-en-la-guajira-que-dejo-doce-soldados-heridos-3558725,False
e0057,amenaza_intimidacion,DUDOSO,NO,https://www.elcolombiano.com/antioquia/presencia-grupo-armados-ilegales-en-colegios-de-antioquia-FD20322610,False
e0057,amenaza_lideres,NO,NO,https://www.elcolombiano.com/antioquia/presencia-grupo-armados-ilegales-en-colegios-de-antioquia-FD20322610,False
e0057,danos_ambientales,NO,NO,https://www.elcolombiano.com/antioquia/presencia-grupo-armados-ilegales-en-colegios-de-antioquia-FD20322610,False
e0057,protesta_social,NO,NO,https://www.elcolombiano.com/antioquia/presencia-grupo-armados-ilegales-en-colegios-de-antioquia-FD20322610,False
e0057,reasentamiento,NO,NO,https://www.elcolombiano.com/antioquia/presencia-grupo-armados-ilegales-en-colegios-de-antioquia-FD20322610,False
e0057,violacion_derechos_humanos,NO,DUDOSO,https://www.elcolombiano.com/antioquia/presencia-grupo-armados-ilegales-en-colegios-de-antioquia-FD20322610,False
e0058,amenaza_intimidacion,NO,NO,https://diariodelcauca.com.co/abren-participacion-a-mas-grupos-sociales-en-el-pdet-en-cauca/,False
e0058,amenaza_lideres,NO,NO,https://diariodelcauca.com.co/abren-participacion-a-mas-grupos-sociales-en-el-pdet-en-cauca/,False
e0058,danos_ambientales,NO,NO,https://diariodelcauca.com.co/abren-participacion-a-mas-grupos-sociales-en-el-pdet-en-cauca/,False
e0058,protesta_social,NO,NO,https://diariodelcauca.com.co/abren-participacion-a-mas-grupos-sociales-en-el-pdet-en-cauca/,False
e0058,reasentamiento,NO,NO,https://diariodelcauca.com.co/abren-participacion-a-mas-grupos-sociales-en-el-pdet-en-cauca/,False
e0058,violacion_derechos_humanos,NO,NO,https://diariodelcauca.com.co/abren-participacion-a-mas-grupos-sociales-en-el-pdet-en-cauca/,False
e0059,amenaza_intimidacion,NO,NO,https://boyaca7dias.com.co/2025/08/05/paros-en-boyaca-bloqueos-ley-seca-y-represamiento-de-alimentos-marcaron-el-primer-dia-de-la-jornada/,False
e0059,amenaza_lideres,NO,NO,https://boyaca7dias.com.co/2025/08/05/paros-en-boyaca-bloqueos-ley-seca-y-represamiento-de-alimentos-marcaron-el-primer-dia-de-la-jornada/,False
e0059,danos_ambientales,NO,NO,https://boyaca7dias.com.co/2025/08/05/paros-en-boyaca-bloqueos-ley-seca-y-represamiento-de-alimentos-marcaron-el-primer-dia-de-la-jornada/,False
e0059,protesta_social,SI,SI,https://boyaca7dias.com.co/2025/08/05/paros-en-boyaca-bloqueos-ley-seca-y-represamiento-de-alimentos-marcaron-el-primer-dia-de-la-jornada/,True
e0059,reasentamiento,NO,NO,https://boyaca7dias.com.co/2025/08/05/paros-en-boyaca-bloqueos-ley-seca-y-represamiento-de-alimentos-marcaron-el-primer-dia-de-la-jornada/,False
e0059,violacion_derechos_humanos,NO,NO,https://boyaca7dias.com.co/2025/08/05/paros-en-boyaca-bloqueos-ley-seca-y-represamiento-de-alimentos-marcaron-el-primer-dia-de-la-jornada/,False
e0060,amenaza_intimidacion,SI,SI,https://diariodelcauca.com.co/horror-en-toribio/,True
e0060,amenaza_lideres,SI,SI,https://diariodelcauca.com.co/horror-en-toribio/,True
e0060,danos_ambientales,NO,NO,https://diariodelcauca.com.co/horror-en-toribio/,False
e0060,protesta_social,NO,NO,https://diariodelcauca.com.co/horror-en-toribio/,False
e0060,reasentamiento,NO,NO,https://diariodelcauca.com.co/horror-en-toribio/,False
e0060,violacion_derechos_humanos,SI,SI,https://diariodelcauca.com.co/horror-en-toribio/,True
e0061,amenaza_intimidacion,NO,NO,https://www.eltiempo.com/justicia/investigacion/procuraduria-alerta-disturbios-en-varias-zonas-de-colombia-tras-cierre-de-elecciones-821099,False
e0061,amenaza_lideres,NO,NO,https://www.eltiempo.com/justicia/investigacion/procuraduria-alerta-disturbios-en-varias-zonas-de-colombia-tras-cierre-de-elecciones-821099,False
e0061,danos_ambientales,NO,NO,https://www.eltiempo.com/justicia/investigacion/procuraduria-alerta-disturbios-en-varias-zonas-de-colombia-tras-cierre-de-elecciones-821099,False
e0061,protesta_social,SI,SI,https://www.eltiempo.com/justicia/investigacion/procuraduria-alerta-disturbios-en-varias-zonas-de-colombia-tras-cierre-de-elecciones-821099,True
e0061,reasentamiento,NO,NO,https://www.eltiempo.com/justicia/investigacion/procuraduria-alerta-disturbios-en-varias-zonas-de-colombia-tras-cierre-de-elecciones-821099,False
e0061,violacion_derechos_humanos,NO,NO,https://www.eltiempo.com/justicia/investigacion/procuraduria-alerta-disturbios-en-varias-zonas-de-colombia-tras-cierre-de-elecciones-821099,False
e0062,amenaza_intimidacion,NO,NO,https://www.eltiempo.com/bogota/granizadas-en-bogota-como-solicitar-ayuda-y-apoyo-en-caso-inundaciones-731467,False
e0062,amenaza_lideres,NO,NO,https://www.eltiempo.com/bogota/granizadas-en-bogota-como-solicitar-ayuda-y-apoyo-en-caso-inundaciones-731467,False
e0062,danos_ambientales,NO,NO,https://www.eltiempo.com/bogota/granizadas-en-bogota-como-solicitar-ayuda-y-apoyo-en-caso-inundaciones-731467,False
e0062,protesta_social,NO,NO,https://www.eltiempo.com/bogota/granizadas-en-bogota-como-solicitar-ayuda-y-apoyo-en-caso-inundaciones-731467,False
e0062,reasentamiento,SI,SI,https://www.eltiempo.com/bogota/granizadas-en-bogota-como-solicitar-ayuda-y-apoyo-en-caso-inundaciones-731467,True
e0062,violacion_derechos_humanos,NO,NO,https://www.eltiempo.com/bogota/granizadas-en-bogota-como-solicitar-ayuda-y-apoyo-en-caso-inundaciones-731467,False
e0063,amenaza_intimidacion,NO,NO,https://www.elcolombiano.com/antioquia/entrevista-a-sergio-fajardo-exalcalde-de-medellin-y-exgobernador-de-antioquia-sobre-elecciones-2023-PO22686678,False
e0063,amenaza_lideres,NO,NO,https://www.elcolombiano.com/antioquia/entrevista-a-sergio-fajardo-exalcalde-de-medellin-y-exgobernador-de-antioquia-sobre-elecciones-2023-PO22686678,False
e0063,danos_ambientales,NO,NO,https://www.elcolombiano.com/antioquia/entrevista-a-sergio-fajardo-exalcalde-de-medellin-y-exgobernador-de-antioquia-sobre-elecciones-2023-PO22686678,False
e0063,protesta_social,NO,NO,https://www.elcolombiano.com/antioquia/entrevista-a-sergio-fajardo-exalcalde-de-medellin-y-exgobernador-de-antioquia-sobre-elecciones-2023-PO22686678,False
e0063,reasentamiento,NO,NO,https://www.elcolombiano.com/antioquia/entrevista-a-sergio-fajardo-exalcalde-de-medellin-y-exgobernador-de-antioquia-sobre-elecciones-2023-PO22686678,False
e0063,violacion_derechos_humanos,NO,NO,https://www.elcolombiano.com/antioquia/entrevista-a-sergio-fajardo-exalcalde-de-medellin-y-exgobernador-de-antioquia-sobre-elecciones-2023-PO22686678,False
e0064,amenaza_intimidacion,NO,NO,https://www.eltiempo.com/politica/gobierno/quetame-las-medidas-que-anuncio-gustavo-petro-tras-la-avalancha-789415,False
e0064,amenaza_lideres,NO,NO,https://www.eltiempo.com/politica/gobierno/quetame-las-medidas-que-anuncio-gustavo-petro-tras-la-avalancha-789415,False
e0064,danos_ambientales,NO,NO,https://www.eltiempo.com/politica/gobierno/quetame-las-medidas-que-anuncio-gustavo-petro-tras-la-avalancha-789415,False
e0064,protesta_social,NO,NO,https://www.eltiempo.com/politica/gobierno/quetame-las-medidas-que-anuncio-gustavo-petro-tras-la-avalancha-789415,False
e0064,reasentamiento,SI,SI,https://www.eltiempo.com/politica/gobierno/quetame-las-medidas-que-anuncio-gustavo-petro-tras-la-avalancha-789415,True
e0064,violacion_derechos_humanos,NO,NO,https://www.eltiempo.com/politica/gobierno/quetame-las-medidas-que-anuncio-gustavo-petro-tras-la-avalancha-789415,False
e0065,amenaza_intimidacion,NO,NO,https://diariodelnorte.net/judiciales/capturan-a-un-hombre-por-presunta-falsedad-documental-y-recuperan-moto-hurtada-en-la-guajira/,False
e0065,amenaza_lideres,NO,NO,https://diariodelnorte.net/judiciales/capturan-a-un-hombre-por-presunta-falsedad-documental-y-recuperan-moto-hurtada-en-la-guajira/,False
e0065,danos_ambientales,NO,NO,https://diariodelnorte.net/judiciales/capturan-a-un-hombre-por-presunta-falsedad-documental-y-recuperan-moto-hurtada-en-la-guajira/,False
e0065,protesta_social,NO,NO,https://diariodelnorte.net/judiciales/capturan-a-un-hombre-por-presunta-falsedad-documental-y-recuperan-moto-hurtada-en-la-guajira/,False
e0065,reasentamiento,NO,NO,https://diariodelnorte.net/judiciales/capturan-a-un-hombre-por-presunta-falsedad-documental-y-recuperan-moto-hurtada-en-la-guajira/,False
e0065,violacion_derechos_humanos,NO,NO,https://diariodelnorte.net/judiciales/capturan-a-un-hombre-por-presunta-falsedad-documental-y-recuperan-moto-hurtada-en-la-guajira/,False
e0066,amenaza_intimidacion,DUDOSO,DUDOSO,https://choco7dias.com/paro-armado-del-eln-impide-inscribir-cedulas-de-votantes-en-choco-moe/,False
e0066,amenaza_lideres,NO,NO,https://choco7dias.com/paro-armado-del-eln-impide-inscribir-cedulas-de-votantes-en-choco-moe/,False
e0066,danos_ambientales,NO,NO,https://choco7dias.com/paro-armado-del-eln-impide-inscribir-cedulas-de-votantes-en-choco-moe/,False
e0066,protesta_social,NO,NO,https://choco7dias.com/paro-armado-del-eln-impide-inscribir-cedulas-de-votantes-en-choco-moe/,False
e0066,reasentamiento,NO,NO,https://choco7dias.com/paro-armado-del-eln-impide-inscribir-cedulas-de-votantes-en-choco-moe/,False
e0066,violacion_derechos_humanos,NO,NO,https://choco7dias.com/paro-armado-del-eln-impide-inscribir-cedulas-de-votantes-en-choco-moe/,False
e0067,amenaza_intimidacion,NO,NO,https://choco7dias.com/el-san-juan-exige-pronta-instalacion-del-puente-sobre-el-rio-iro/,False
e0067,amenaza_lideres,NO,NO,https://choco7dias.com/el-san-juan-exige-pronta-instalacion-del-puente-sobre-el-rio-iro/,False
e0067,danos_ambientales,NO,NO,https://choco7dias.com/el-san-juan-exige-pronta-instalacion-del-puente-sobre-el-rio-iro/,False
e0067,protesta_social,SI,SI,https://choco7dias.com/el-san-juan-exige-pronta-instalacion-del-puente-sobre-el-rio-iro/,True
e0067,reasentamiento,NO,NO,https://choco7dias.com/el-san-juan-exige-pronta-instalacion-del-puente-sobre-el-rio-iro/,False
e0067,violacion_derechos_humanos,NO,NO,https://choco7dias.com/el-san-juan-exige-pronta-instalacion-del-puente-sobre-el-rio-iro/,False
e0068,amenaza_intimidacion,NO,NO,https://www.elcolombiano.com/antioquia/critica-situacion-de-inseguridad-en-bajo-cauca-y-nordeste-2023-JC20662380,False
e0068,amenaza_lideres,NO,NO,https://www.elcolombiano.com/antioquia/critica-situacion-de-inseguridad-en-bajo-cauca-y-nordeste-2023-JC20662380,False
e0068,danos_ambientales,DUDOSO,NO,https://www.elcolombiano.com/antioquia/critica-situacion-de-inseguridad-en-bajo-cauca-y-nordeste-2023-JC20662380,False
e0068,protesta_social,SI,SI,https://www.elcolombiano.com/antioquia/critica-situacion-de-inseguridad-en-bajo-cauca-y-nordeste-2023-JC20662380,True
e0068,reasentamiento,NO,NO,https://www.elcolombiano.com/antioquia/critica-situacion-de-inseguridad-en-bajo-cauca-y-nordeste-2023-JC20662380,False
e0068,violacion_derechos_humanos,NO,NO,https://www.elcolombiano.com/antioquia/critica-situacion-de-inseguridad-en-bajo-cauca-y-nordeste-2023-JC20662380,False
e0069,amenaza_intimidacion,NO,NO,https://diariodelnorte.net/judiciales/deportan-a-ciudadano-irani-que-ingreso-irregularmente-a-colombia-por-la-frontera-de-maicao-con-venezuela/,False
e0069,amenaza_lideres,NO,NO,https://diariodelnorte.net/judiciales/deportan-a-ciudadano-irani-que-ingreso-irregularmente-a-colombia-por-la-frontera-de-maicao-con-venezuela/,False
e0069,danos_ambientales,NO,NO,https://diariodelnorte.net/judiciales/deportan-a-ciudadano-irani-que-ingreso-irregularmente-a-colombia-por-la-frontera-de-maicao-con-venezuela/,False
e0069,protesta_social,NO,NO,https://diariodelnorte.net/judiciales/deportan-a-ciudadano-irani-que-ingreso-irregularmente-a-colombia-por-la-frontera-de-maicao-con-venezuela/,False
e0069,reasentamiento,NO,NO,https://diariodelnorte.net/judiciales/deportan-a-ciudadano-irani-que-ingreso-irregularmente-a-colombia-por-la-frontera-de-maicao-con-venezuela/,False
e0069,violacion_derechos_humanos,NO,NO,https://diariodelnorte.net/judiciales/deportan-a-ciudadano-irani-que-ingreso-irregularmente-a-colombia-por-la-frontera-de-maicao-con-venezuela/,False
e0070,amenaza_intimidacion,NO,NO,https://www.portafolio.co/mas-contenido/asi-se-vivio-la-trigesima-sexta-version-de-la-semana-por-la-paz-588848,False
e0070,amenaza_lideres,NO,NO,https://www.portafolio.co/mas-contenido/asi-se-vivio-la-trigesima-sexta-version-de-la-semana-por-la-paz-588848,False
e0070,danos_ambientales,NO,NO,https://www.portafolio.co/mas-contenido/asi-se-vivio-la-trigesima-sexta-version-de-la-semana-por-la-paz-588848,False
e0070,protesta_social,NO,NO,https://www.portafolio.co/mas-contenido/asi-se-vivio-la-trigesima-sexta-version-de-la-semana-por-la-paz-588848,False
e0070,reasentamiento,NO,NO,https://www.portafolio.co/mas-contenido/asi-se-vivio-la-trigesima-sexta-version-de-la-semana-por-la-paz-588848,False
e0070,violacion_derechos_humanos,NO,NO,https://www.portafolio.co/mas-contenido/asi-se-vivio-la-trigesima-sexta-version-de-la-semana-por-la-paz-588848,False
e0071,amenaza_intimidacion,NO,NO,https://diariodelcauca.com.co/atentado-en-cauca-director-de-la-policia-ofrecio-200-millones-de-pesos-por-informacion-de-alias-marlon-vasquez-presunto-responsable/,False
e0071,amenaza_lideres,NO,NO,https://diariodelcauca.com.co/atentado-en-cauca-director-de-la-policia-ofrecio-200-millones-de-pesos-por-informacion-de-alias-marlon-vasquez-presunto-responsable/,False
e0071,danos_ambientales,NO,NO,https://diariodelcauca.com.co/atentado-en-cauca-director-de-la-policia-ofrecio-200-millones-de-pesos-por-informacion-de-alias-marlon-vasquez-presunto-responsable/,False
e0071,protesta_social,NO,NO,https://diariodelcauca.com.co/atentado-en-cauca-director-de-la-policia-ofrecio-200-millones-de-pesos-por-informacion-de-alias-marlon-vasquez-presunto-responsable/,False
e0071,reasentamiento,NO,NO,https://diariodelcauca.com.co/atentado-en-cauca-director-de-la-policia-ofrecio-200-millones-de-pesos-por-informacion-de-alias-marlon-vasquez-presunto-responsable/,False
e0071,violacion_derechos_humanos,NO,NO,https://diariodelcauca.com.co/atentado-en-cauca-director-de-la-policia-ofrecio-200-millones-de-pesos-por-informacion-de-alias-marlon-vasquez-presunto-responsable/,False
e0072,amenaza_intimidacion,NO,NO,https://diariodelnorte.net/judiciales/capturan-en-paraguachon-a-hombre-requerido-por-delito-informatico/,False
e0072,amenaza_lideres,NO,NO,https://diariodelnorte.net/judiciales/capturan-en-paraguachon-a-hombre-requerido-por-delito-informatico/,False
e0072,danos_ambientales,NO,NO,https://diariodelnorte.net/judiciales/capturan-en-paraguachon-a-hombre-requerido-por-delito-informatico/,False
e0072,protesta_social,NO,NO,https://diariodelnorte.net/judiciales/capturan-en-paraguachon-a-hombre-requerido-por-delito-informatico/,False
e0072,reasentamiento,NO,NO,https://diariodelnorte.net/judiciales/capturan-en-paraguachon-a-hombre-requerido-por-delito-informatico/,False
e0072,violacion_derechos_humanos,NO,NO,https://diariodelnorte.net/judiciales/capturan-en-paraguachon-a-hombre-requerido-por-delito-informatico/,False
e0073,amenaza_intimidacion,SI,SI,https://diariodelcauca.com.co/caso-de-tierralta-plan-para-atacar-las-conversaciones-de-paz-estado-mayor/,True
e0073,amenaza_lideres,NO,NO,https://diariodelcauca.com.co/caso-de-tierralta-plan-para-atacar-las-conversaciones-de-paz-estado-mayor/,False
e0073,danos_ambientales,NO,NO,https://diariodelcauca.com.co/caso-de-tierralta-plan-para-atacar-las-conversaciones-de-paz-estado-mayor/,False
e0073,protesta_social,NO,NO,https://diariodelcauca.com.co/caso-de-tierralta-plan-para-atacar-las-conversaciones-de-paz-estado-mayor/,False
e0073,reasentamiento,NO,NO,https://diariodelcauca.com.co/caso-de-tierralta-plan-para-atacar-las-conversaciones-de-paz-estado-mayor/,False
e0073,violacion_derechos_humanos,SI,SI,https://diariodelcauca.com.co/caso-de-tierralta-plan-para-atacar-las-conversaciones-de-paz-estado-mayor/,True
e0074,amenaza_intimidacion,NO,NO,https://www.elcolombiano.com/colombia/miguel-polo-polo-defendio-a-candidato-a-concejo-medellin-sacado-de-la-udea-BH22254353,False
e0074,amenaza_lideres,DUDOSO,NO,https://www.elcolombiano.com/colombia/miguel-polo-polo-defendio-a-candidato-a-concejo-medellin-sacado-de-la-udea-BH22254353,False
e0074,danos_ambientales,NO,NO,https://www.elcolombiano.com/colombia/miguel-polo-polo-defendio-a-candidato-a-concejo-medellin-sacado-de-la-udea-BH22254353,False
e0074,protesta_social,NO,NO,https://www.elcolombiano.com/colombia/miguel-polo-polo-defendio-a-candidato-a-concejo-medellin-sacado-de-la-udea-BH22254353,False
e0074,reasentamiento,NO,NO,https://www.elcolombiano.com/colombia/miguel-polo-polo-defendio-a-candidato-a-concejo-medellin-sacado-de-la-udea-BH22254353,False
e0074,violacion_derechos_humanos,NO,NO,https://www.elcolombiano.com/colombia/miguel-polo-polo-defendio-a-candidato-a-concejo-medellin-sacado-de-la-udea-BH22254353,False
e0075,amenaza_intimidacion,SI,SI,https://www.eltiempo.com/bogota/picap-buscan-a-hombre-que-amenaza-a-pasajeras-en-bogota-744119,True
e0075,amenaza_lideres,NO,NO,https://www.eltiempo.com/bogota/picap-buscan-a-hombre-que-amenaza-a-pasajeras-en-bogota-744119,False
e0075,danos_ambientales,NO,NO,https://www.eltiempo.com/bogota/picap-buscan-a-hombre-que-amenaza-a-pasajeras-en-bogota-744119,False
e0075,protesta_social,NO,NO,https://www.eltiempo.com/bogota/picap-buscan-a-hombre-que-amenaza-a-pasajeras-en-bogota-744119,False
e0075,reasentamiento,NO,NO,https://www.eltiempo.com/bogota/picap-buscan-a-hombre-que-amenaza-a-pasajeras-en-bogota-744119,False
e0075,violacion_derechos_humanos,NO,NO,https://www.eltiempo.com/bogota/picap-buscan-a-hombre-que-amenaza-a-pasajeras-en-bogota-744119,False
e0076,amenaza_intimidacion,SI,NO,https://laguajirahoy.com/judiciales/lider-cafetero-victima-de-fleteo-en-estacion-de-servicio-de-fonseca.html,False
e0076,amenaza_lideres,NO,NO,https://laguajirahoy.com/judiciales/lider-cafetero-victima-de-fleteo-en-estacion-de-servicio-de-fonseca.html,False
e0076,danos_ambientales,NO,NO,https://laguajirahoy.com/judiciales/lider-cafetero-victima-de-fleteo-en-estacion-de-servicio-de-fonseca.html,False
e0076,protesta_social,NO,NO,https://laguajirahoy.com/judiciales/lider-cafetero-victima-de-fleteo-en-estacion-de-servicio-de-fonseca.html,False
e0076,reasentamiento,NO,NO,https://laguajirahoy.com/judiciales/lider-cafetero-victima-de-fleteo-en-estacion-de-servicio-de-fonseca.html,False
e0076,violacion_derechos_humanos,NO,NO,https://laguajirahoy.com/judiciales/lider-cafetero-victima-de-fleteo-en-estacion-de-servicio-de-fonseca.html,False
e0077,amenaza_intimidacion,NO,NO,https://www.eltiempo.com/bogota/el-hombre-que-recupero-humedal-convertido-en-basurero-735255,False
e0077,amenaza_lideres,NO,NO,https://www.eltiempo.com/bogota/el-hombre-que-recupero-humedal-convertido-en-basurero-735255,False
e0077,danos_ambientales,NO,NO,https://www.eltiempo.com/bogota/el-hombre-que-recupero-humedal-convertido-en-basurero-735255,False
e0077,protesta_social,NO,NO,https://www.eltiempo.com/bogota/el-hombre-que-recupero-humedal-convertido-en-basurero-735255,False
e0077,reasentamiento,NO,NO,https://www.eltiempo.com/bogota/el-hombre-que-recupero-humedal-convertido-en-basurero-735255,False
e0077,violacion_derechos_humanos,NO,NO,https://www.eltiempo.com/bogota/el-hombre-que-recupero-humedal-convertido-en-basurero-735255,False
e0078,amenaza_intimidacion,NO,NO,https://diariodelcauca.com.co/el-gobernador-no-aparece-por-ningun-lado-con-las-victimas/,False
e0078,amenaza_lideres,NO,NO,https://diariodelcauca.com.co/el-gobernador-no-aparece-por-ningun-lado-con-las-victimas/,False
e0078,danos_ambientales,NO,NO,https://diariodelcauca.com.co/el-gobernador-no-aparece-por-ningun-lado-con-las-victimas/,False
e0078,protesta_social,NO,NO,https://diariodelcauca.com.co/el-gobernador-no-aparece-por-ningun-lado-con-las-victimas/,False
e0078,reasentamiento,NO,NO,https://diariodelcauca.com.co/el-gobernador-no-aparece-por-ningun-lado-con-las-victimas/,False
e0078,violacion_derechos_humanos,DUDOSO,NO,https://diariodelcauca.com.co/el-gobernador-no-aparece-por-ningun-lado-con-las-victimas/,False
e0079,amenaza_intimidacion,NO,NO,https://www.elcolombiano.com/medellin/plantones-en-contra-de-violencia-en-paro-minero-antioquia-PC20773369,False
e0079,amenaza_lideres,NO,NO,https://www.elcolombiano.com/medellin/plantones-en-contra-de-violencia-en-paro-minero-antioquia-PC20773369,False
e0079,danos_ambientales,NO,NO,https://www.elcolombiano.com/medellin/plantones-en-contra-de-violencia-en-paro-minero-antioquia-PC20773369,False
e0079,protesta_social,SI,SI,https://www.elcolombiano.com/medellin/plantones-en-contra-de-violencia-en-paro-minero-antioquia-PC20773369,True
e0079,reasentamiento,NO,NO,https://www.elcolombiano.com/medellin/plantones-en-contra-de-violencia-en-paro-minero-antioquia-PC20773369,False
e0079,violacion_derechos_humanos,NO,NO,https://www.elcolombiano.com/medellin/plantones-en-contra-de-violencia-en-paro-minero-antioquia-PC20773369,False
e0080,amenaza_intimidacion,NO,NO,https://choco7dias.com/quibdo-es-el-municipio-con-mas-desplazados-en-medellin/,False
e0080,amenaza_lideres,NO,NO,https://choco7dias.com/quibdo-es-el-municipio-con-mas-desplazados-en-medellin/,False
e0080,danos_ambientales,NO,NO,https://choco7dias.com/quibdo-es-el-municipio-con-mas-desplazados-en-medellin/,False
e0080,protesta_social,NO,NO,https://choco7dias.com/quibdo-es-el-municipio-con-mas-desplazados-en-medellin/,False
e0080,reasentamiento,NO,NO,https://choco7dias.com/quibdo-es-el-municipio-con-mas-desplazados-en-medellin/,False
e0080,violacion_derechos_humanos,DUDOSO,NO,https://choco7dias.com/quibdo-es-el-municipio-con-mas-desplazados-en-medellin/,False
e0081,amenaza_intimidacion,SI,SI,https://diariodelnorte.net/editorial/quienes-secuestran/,True
e0081,amenaza_lideres,NO,NO,https://diariodelnorte.net/editorial/quienes-secuestran/,False
e0081,danos_ambientales,NO,NO,https://diariodelnorte.net/editorial/quienes-secuestran/,False
e0081,protesta_social,NO,NO,https://diariodelnorte.net/editorial/quienes-secuestran/,False
e0081,reasentamiento,NO,NO,https://diariodelnorte.net/editorial/quienes-secuestran/,False
e0081,violacion_derechos_humanos,NO,NO,https://diariodelnorte.net/editorial/quienes-secuestran/,False
e0082,amenaza_intimidacion,NO,NO,https://diariodelnorte.net/opinion/la-pista-y-la-migracion/,False
e0082,amenaza_lideres,NO,NO,https://diariodelnorte.net/opinion/la-pista-y-la-migracion/,False
e0082,danos_ambientales,NO,NO,https://diariodelnorte.net/opinion/la-pista-y-la-migracion/,False
e0082,protesta_social,DUDOSO,NO,https://diariodelnorte.net/opinion/la-pista-y-la-migracion/,False
e0082,reasentamiento,DUDOSO,NO,https://diariodelnorte.net/opinion/la-pista-y-la-migracion/,False
e0082,violacion_derechos_humanos,NO,NO,https://diariodelnorte.net/opinion/la-pista-y-la-migracion/,False
e0083,amenaza_intimidacion,NO,NO,https://diariodelcauca.com.co/guachene-pidio-presencia-de-la-defensoria-del-pueblo/,False
e0083,amenaza_lideres,NO,NO,https://diariodelcauca.com.co/guachene-pidio-presencia-de-la-defensoria-del-pueblo/,False
e0083,danos_ambientales,NO,NO,https://diariodelcauca.com.co/guachene-pidio-presencia-de-la-defensoria-del-pueblo/,False
e0083,protesta_social,NO,NO,https://diariodelcauca.com.co/guachene-pidio-presencia-de-la-defensoria-del-pueblo/,False
e0083,reasentamiento,NO,NO,https://diariodelcauca.com.co/guachene-pidio-presencia-de-la-defensoria-del-pueblo/,False
e0083,violacion_derechos_humanos,NO,NO,https://diariodelcauca.com.co/guachene-pidio-presencia-de-la-defensoria-del-pueblo/,False
e0084,amenaza_intimidacion,NO,NO,https://boyaca7dias.com.co/2026/04/09/bloqueos-en-boyaca-este-jueves-por-paro-nacional-en-rechazo-al-aumento-del-impuesto-predial-estos-son-los-puntos-confirmados/,False
e0084,amenaza_lideres,NO,NO,https://boyaca7dias.com.co/2026/04/09/bloqueos-en-boyaca-este-jueves-por-paro-nacional-en-rechazo-al-aumento-del-impuesto-predial-estos-son-los-puntos-confirmados/,False
e0084,danos_ambientales,NO,NO,https://boyaca7dias.com.co/2026/04/09/bloqueos-en-boyaca-este-jueves-por-paro-nacional-en-rechazo-al-aumento-del-impuesto-predial-estos-son-los-puntos-confirmados/,False
e0084,protesta_social,DUDOSO,NO,https://boyaca7dias.com.co/2026/04/09/bloqueos-en-boyaca-este-jueves-por-paro-nacional-en-rechazo-al-aumento-del-impuesto-predial-estos-son-los-puntos-confirmados/,False
e0084,reasentamiento,NO,NO,https://boyaca7dias.com.co/2026/04/09/bloqueos-en-boyaca-este-jueves-por-paro-nacional-en-rechazo-al-aumento-del-impuesto-predial-estos-son-los-puntos-confirmados/,False
e0084,violacion_derechos_humanos,NO,NO,https://boyaca7dias.com.co/2026/04/09/bloqueos-en-boyaca-este-jueves-por-paro-nacional-en-rechazo-al-aumento-del-impuesto-predial-estos-son-los-puntos-confirmados/,False
e0085,amenaza_intimidacion,DUDOSO,NO,https://www.elcolombiano.com/antioquia/autoridades-visitaron-a-puerto-lopez-y-hicieron-compromisos-FD20452214,False
e0085,amenaza_lideres,NO,NO,https://www.elcolombiano.com/antioquia/autoridades-visitaron-a-puerto-lopez-y-hicieron-compromisos-FD20452214,False
e0085,danos_ambientales,NO,NO,https://www.elcolombiano.com/antioquia/autoridades-visitaron-a-puerto-lopez-y-hicieron-compromisos-FD20452214,False
e0085,protesta_social,NO,NO,https://www.elcolombiano.com/antioquia/autoridades-visitaron-a-puerto-lopez-y-hicieron-compromisos-FD20452214,False
e0085,reasentamiento,NO,NO,https://www.elcolombiano.com/antioquia/autoridades-visitaron-a-puerto-lopez-y-hicieron-compromisos-FD20452214,False
e0085,violacion_derechos_humanos,NO,NO,https://www.elcolombiano.com/antioquia/autoridades-visitaron-a-puerto-lopez-y-hicieron-compromisos-FD20452214,False
e0086,amenaza_intimidacion,NO,NO,https://laguajirahoy.com/judiciales/cae-en-maicao-supuesto-integrante-de-red-criminal-dedicada-a-homicidios-y-fleteo.html,False
e0086,amenaza_lideres,NO,NO,https://laguajirahoy.com/judiciales/cae-en-maicao-supuesto-integrante-de-red-criminal-dedicada-a-homicidios-y-fleteo.html,False
e0086,danos_ambientales,NO,NO,https://laguajirahoy.com/judiciales/cae-en-maicao-supuesto-integrante-de-red-criminal-dedicada-a-homicidios-y-fleteo.html,False
e0086,protesta_social,NO,NO,https://laguajirahoy.com/judiciales/cae-en-maicao-supuesto-integrante-de-red-criminal-dedicada-a-homicidios-y-fleteo.html,False
e0086,reasentamiento,NO,NO,https://laguajirahoy.com/judiciales/cae-en-maicao-supuesto-integrante-de-red-criminal-dedicada-a-homicidios-y-fleteo.html,False
e0086,violacion_derechos_humanos,NO,NO,https://laguajirahoy.com/judiciales/cae-en-maicao-supuesto-integrante-de-red-criminal-dedicada-a-homicidios-y-fleteo.html,False
e0087,amenaza_intimidacion,NO,NO,https://www.eltiempo.com/politica/elecciones-colombia-2026/los-escenarios-de-las-elecciones-presidenciales-tras-encuesta-de-guarumo-y-ecoanalitica-que-lidera-cepeda-y-le-siguen-de-la-espriella-y-valencia-3543783,False
e0087,amenaza_lideres,NO,NO,https://www.eltiempo.com/politica/elecciones-colombia-2026/los-escenarios-de-las-elecciones-presidenciales-tras-encuesta-de-guarumo-y-ecoanalitica-que-lidera-cepeda-y-le-siguen-de-la-espriella-y-valencia-3543783,False
e0087,danos_ambientales,NO,NO,https://www.eltiempo.com/politica/elecciones-colombia-2026/los-escenarios-de-las-elecciones-presidenciales-tras-encuesta-de-guarumo-y-ecoanalitica-que-lidera-cepeda-y-le-siguen-de-la-espriella-y-valencia-3543783,False
e0087,protesta_social,NO,NO,https://www.eltiempo.com/politica/elecciones-colombia-2026/los-escenarios-de-las-elecciones-presidenciales-tras-encuesta-de-guarumo-y-ecoanalitica-que-lidera-cepeda-y-le-siguen-de-la-espriella-y-valencia-3543783,False
e0087,reasentamiento,NO,NO,https://www.eltiempo.com/politica/elecciones-colombia-2026/los-escenarios-de-las-elecciones-presidenciales-tras-encuesta-de-guarumo-y-ecoanalitica-que-lidera-cepeda-y-le-siguen-de-la-espriella-y-valencia-3543783,False
e0087,violacion_derechos_humanos,NO,NO,https://www.eltiempo.com/politica/elecciones-colombia-2026/los-escenarios-de-las-elecciones-presidenciales-tras-encuesta-de-guarumo-y-ecoanalitica-que-lidera-cepeda-y-le-siguen-de-la-espriella-y-valencia-3543783,False
e0088,amenaza_intimidacion,NO,NO,https://choco7dias.com/como-van-los-estudios-de-la-via-al-mar-animas-nuqui/,False
e0088,amenaza_lideres,NO,NO,https://choco7dias.com/como-van-los-estudios-de-la-via-al-mar-animas-nuqui/,False
e0088,danos_ambientales,NO,NO,https://choco7dias.com/como-van-los-estudios-de-la-via-al-mar-animas-nuqui/,False
e0088,protesta_social,NO,NO,https://choco7dias.com/como-van-los-estudios-de-la-via-al-mar-animas-nuqui/,False
e0088,reasentamiento,NO,NO,https://choco7dias.com/como-van-los-estudios-de-la-via-al-mar-animas-nuqui/,False
e0088,violacion_derechos_humanos,NO,NO,https://choco7dias.com/como-van-los-estudios-de-la-via-al-mar-animas-nuqui/,False
e0089,amenaza_intimidacion,SI,SI,https://choco7dias.com/ay-quibdo/,True
e0089,amenaza_lideres,DUDOSO,NO,https://choco7dias.com/ay-quibdo/,False
e0089,danos_ambientales,NO,NO,https://choco7dias.com/ay-quibdo/,False
e0089,protesta_social,NO,NO,https://choco7dias.com/ay-quibdo/,False
e0089,reasentamiento,NO,NO,https://choco7dias.com/ay-quibdo/,False
e0089,violacion_derechos_humanos,NO,NO,https://choco7dias.com/ay-quibdo/,False
e0090,amenaza_intimidacion,NO,NO,https://laguajirahoy.com/cultura/majayut-de-maicao-se-inscribe-en-el-xxx-festival-de-la-cultura-wayuu-en-uribia.html,False
e0090,amenaza_lideres,NO,NO,https://laguajirahoy.com/cultura/majayut-de-maicao-se-inscribe-en-el-xxx-festival-de-la-cultura-wayuu-en-uribia.html,False
e0090,danos_ambientales,NO,NO,https://laguajirahoy.com/cultura/majayut-de-maicao-se-inscribe-en-el-xxx-festival-de-la-cultura-wayuu-en-uribia.html,False
e0090,protesta_social,NO,NO,https://laguajirahoy.com/cultura/majayut-de-maicao-se-inscribe-en-el-xxx-festival-de-la-cultura-wayuu-en-uribia.html,False
e0090,reasentamiento,NO,NO,https://laguajirahoy.com/cultura/majayut-de-maicao-se-inscribe-en-el-xxx-festival-de-la-cultura-wayuu-en-uribia.html,False
e0090,violacion_derechos_humanos,NO,NO,https://laguajirahoy.com/cultura/majayut-de-maicao-se-inscribe-en-el-xxx-festival-de-la-cultura-wayuu-en-uribia.html,False
e0091,amenaza_intimidacion,NO,NO,https://diariodelcauca.com.co/viajando/,False
e0091,amenaza_lideres,NO,NO,https://diariodelcauca.com.co/viajando/,False
e0091,danos_ambientales,NO,NO,https://diariodelcauca.com.co/viajando/,False
e0091,protesta_social,NO,NO,https://diariodelcauca.com.co/viajando/,False
e0091,reasentamiento,NO,NO,https://diariodelcauca.com.co/viajando/,False
e0091,violacion_derechos_humanos,NO,NO,https://diariodelcauca.com.co/viajando/,False
e0092,amenaza_intimidacion,NO,NO,https://www.eltiempo.com/colombia/otras-ciudades/misterio-en-la-guajira-por-muerte-de-dos-empresarios-en-una-fiesta-de-cumpleanos-el-anfitrion-era-amigo-cercano-del-cantante-vallenato-martin-elias-3572007,False
e0092,amenaza_lideres,NO,NO,https://www.eltiempo.com/colombia/otras-ciudades/misterio-en-la-guajira-por-muerte-de-dos-empresarios-en-una-fiesta-de-cumpleanos-el-anfitrion-era-amigo-cercano-del-cantante-vallenato-martin-elias-3572007,False
e0092,danos_ambientales,NO,NO,https://www.eltiempo.com/colombia/otras-ciudades/misterio-en-la-guajira-por-muerte-de-dos-empresarios-en-una-fiesta-de-cumpleanos-el-anfitrion-era-amigo-cercano-del-cantante-vallenato-martin-elias-3572007,False
e0092,protesta_social,NO,NO,https://www.eltiempo.com/colombia/otras-ciudades/misterio-en-la-guajira-por-muerte-de-dos-empresarios-en-una-fiesta-de-cumpleanos-el-anfitrion-era-amigo-cercano-del-cantante-vallenato-martin-elias-3572007,False
e0092,reasentamiento,NO,NO,https://www.eltiempo.com/colombia/otras-ciudades/misterio-en-la-guajira-por-muerte-de-dos-empresarios-en-una-fiesta-de-cumpleanos-el-anfitrion-era-amigo-cercano-del-cantante-vallenato-martin-elias-3572007,False
e0092,violacion_derechos_humanos,NO,NO,https://www.eltiempo.com/colombia/otras-ciudades/misterio-en-la-guajira-por-muerte-de-dos-empresarios-en-una-fiesta-de-cumpleanos-el-anfitrion-era-amigo-cercano-del-cantante-vallenato-martin-elias-3572007,False
e0093,amenaza_intimidacion,NO,NO,https://laguajirahoy.com/la-guajira/educacion-vial-para-proteger-la-vida-en-corredores-escolares.html,False
e0093,amenaza_lideres,NO,NO,https://laguajirahoy.com/la-guajira/educacion-vial-para-proteger-la-vida-en-corredores-escolares.html,False
e0093,danos_ambientales,NO,NO,https://laguajirahoy.com/la-guajira/educacion-vial-para-proteger-la-vida-en-corredores-escolares.html,False
e0093,protesta_social,NO,NO,https://laguajirahoy.com/la-guajira/educacion-vial-para-proteger-la-vida-en-corredores-escolares.html,False
e0093,reasentamiento,NO,NO,https://laguajirahoy.com/la-guajira/educacion-vial-para-proteger-la-vida-en-corredores-escolares.html,False
e0093,violacion_derechos_humanos,NO,NO,https://laguajirahoy.com/la-guajira/educacion-vial-para-proteger-la-vida-en-corredores-escolares.html,False
e0094,amenaza_intimidacion,NO,NO,https://choco7dias.com/unguia-torneo-deportivo-como-actividad-reparadora/,False
e0094,amenaza_lideres,NO,NO,https://choco7dias.com/unguia-torneo-deportivo-como-actividad-reparadora/,False
e0094,danos_ambientales,NO,NO,https://choco7dias.com/unguia-torneo-deportivo-como-actividad-reparadora/,False
e0094,protesta_social,NO,NO,https://choco7dias.com/unguia-torneo-deportivo-como-actividad-reparadora/,False
e0094,reasentamiento,NO,NO,https://choco7dias.com/unguia-torneo-deportivo-como-actividad-reparadora/,False
e0094,violacion_derechos_humanos,NO,NO,https://choco7dias.com/unguia-torneo-deportivo-como-actividad-reparadora/,False
e0095,amenaza_intimidacion,NO,NO,https://www.eltiempo.com/colombia/otras-ciudades/que-pasara-con-el-municipio-de-quetame-despues-de-la-avalancha-que-arraso-el-naranjal-788973,False
e0095,amenaza_lideres,NO,NO,https://www.eltiempo.com/colombia/otras-ciudades/que-pasara-con-el-municipio-de-quetame-despues-de-la-avalancha-que-arraso-el-naranjal-788973,False
e0095,danos_ambientales,NO,DUDOSO,https://www.eltiempo.com/colombia/otras-ciudades/que-pasara-con-el-municipio-de-quetame-despues-de-la-avalancha-que-arraso-el-naranjal-788973,False
e0095,protesta_social,NO,NO,https://www.eltiempo.com/colombia/otras-ciudades/que-pasara-con-el-municipio-de-quetame-despues-de-la-avalancha-que-arraso-el-naranjal-788973,False
e0095,reasentamiento,SI,SI,https://www.eltiempo.com/colombia/otras-ciudades/que-pasara-con-el-municipio-de-quetame-despues-de-la-avalancha-que-arraso-el-naranjal-788973,True
e0095,violacion_derechos_humanos,NO,NO,https://www.eltiempo.com/colombia/otras-ciudades/que-pasara-con-el-municipio-de-quetame-despues-de-la-avalancha-que-arraso-el-naranjal-788973,False
e0096,amenaza_intimidacion,NO,NO,https://www.eltiempo.com/salud/ataques-contra-misiones-medicas-en-conflictos-armados-alcanzan-niveles-record-en-todo-el-mundo-en-colombia-se-usan-ambulancias-como-escudo-3526307,False
e0096,amenaza_lideres,NO,NO,https://www.eltiempo.com/salud/ataques-contra-misiones-medicas-en-conflictos-armados-alcanzan-niveles-record-en-todo-el-mundo-en-colombia-se-usan-ambulancias-como-escudo-3526307,False
e0096,danos_ambientales,NO,NO,https://www.eltiempo.com/salud/ataques-contra-misiones-medicas-en-conflictos-armados-alcanzan-niveles-record-en-todo-el-mundo-en-colombia-se-usan-ambulancias-como-escudo-3526307,False
e0096,protesta_social,NO,NO,https://www.eltiempo.com/salud/ataques-contra-misiones-medicas-en-conflictos-armados-alcanzan-niveles-record-en-todo-el-mundo-en-colombia-se-usan-ambulancias-como-escudo-3526307,False
e0096,reasentamiento,NO,NO,https://www.eltiempo.com/salud/ataques-contra-misiones-medicas-en-conflictos-armados-alcanzan-niveles-record-en-todo-el-mundo-en-colombia-se-usan-ambulancias-como-escudo-3526307,False
e0096,violacion_derechos_humanos,NO,NO,https://www.eltiempo.com/salud/ataques-contra-misiones-medicas-en-conflictos-armados-alcanzan-niveles-record-en-todo-el-mundo-en-colombia-se-usan-ambulancias-como-escudo-3526307,False
e0097,amenaza_intimidacion,NO,NO,https://www.eltiempo.com/economia/sectores/ani-adjudico-obras-publicas-de-los-corredores-ferreos-bogota-belencito-y-pacifico-por-mas-de-564-958-millones-3572794,False
e0097,amenaza_lideres,NO,NO,https://www.eltiempo.com/economia/sectores/ani-adjudico-obras-publicas-de-los-corredores-ferreos-bogota-belencito-y-pacifico-por-mas-de-564-958-millones-3572794,False
e0097,danos_ambientales,NO,NO,https://www.eltiempo.com/economia/sectores/ani-adjudico-obras-publicas-de-los-corredores-ferreos-bogota-belencito-y-pacifico-por-mas-de-564-958-millones-3572794,False
e0097,protesta_social,NO,NO,https://www.eltiempo.com/economia/sectores/ani-adjudico-obras-publicas-de-los-corredores-ferreos-bogota-belencito-y-pacifico-por-mas-de-564-958-millones-3572794,False
e0097,reasentamiento,NO,NO,https://www.eltiempo.com/economia/sectores/ani-adjudico-obras-publicas-de-los-corredores-ferreos-bogota-belencito-y-pacifico-por-mas-de-564-958-millones-3572794,False
e0097,violacion_derechos_humanos,NO,NO,https://www.eltiempo.com/economia/sectores/ani-adjudico-obras-publicas-de-los-corredores-ferreos-bogota-belencito-y-pacifico-por-mas-de-564-958-millones-3572794,False
e0098,amenaza_intimidacion,NO,DUDOSO,https://choco7dias.com/paro-armado-del-eln-impide-ayudas-humanitarias-en-novita/,False
e0098,amenaza_lideres,NO,NO,https://choco7dias.com/paro-armado-del-eln-impide-ayudas-humanitarias-en-novita/,False
e0098,danos_ambientales,NO,NO,https://choco7dias.com/paro-armado-del-eln-impide-ayudas-humanitarias-en-novita/,False
e0098,protesta_social,NO,NO,https://choco7dias.com/paro-armado-del-eln-impide-ayudas-humanitarias-en-novita/,False
e0098,reasentamiento,NO,NO,https://choco7dias.com/paro-armado-del-eln-impide-ayudas-humanitarias-en-novita/,False
e0098,violacion_derechos_humanos,SI,NO,https://choco7dias.com/paro-armado-del-eln-impide-ayudas-humanitarias-en-novita/,False
e0099,amenaza_intimidacion,NO,NO,https://www.eltiempo.com/bogota/cundinamarca-a-que-se-comprometio-la-gobernacion-con-guayabetal-799249,False
e0099,amenaza_lideres,NO,NO,https://www.eltiempo.com/bogota/cundinamarca-a-que-se-comprometio-la-gobernacion-con-guayabetal-799249,False
e0099,danos_ambientales,NO,NO,https://www.eltiempo.com/bogota/cundinamarca-a-que-se-comprometio-la-gobernacion-con-guayabetal-799249,False
e0099,protesta_social,SI,SI,https://www.eltiempo.com/bogota/cundinamarca-a-que-se-comprometio-la-gobernacion-con-guayabetal-799249,True
e0099,reasentamiento,NO,NO,https://www.eltiempo.com/bogota/cundinamarca-a-que-se-comprometio-la-gobernacion-con-guayabetal-799249,False
e0099,violacion_derechos_humanos,NO,NO,https://www.eltiempo.com/bogota/cundinamarca-a-que-se-comprometio-la-gobernacion-con-guayabetal-799249,False
e0100,amenaza_intimidacion,NO,NO,https://www.eltiempo.com/bogota/cundinamarca-mujer-fue-asesinada-con-arma-de-fuego-por-su-ex-pareja-en-viota-822503,False
e0100,amenaza_lideres,NO,NO,https://www.eltiempo.com/bogota/cundinamarca-mujer-fue-asesinada-con-arma-de-fuego-por-su-ex-pareja-en-viota-822503,False
e0100,danos_ambientales,NO,NO,https://www.eltiempo.com/bogota/cundinamarca-mujer-fue-asesinada-con-arma-de-fuego-por-su-ex-pareja-en-viota-822503,False
e0100,protesta_social,NO,NO,https://www.eltiempo.com/bogota/cundinamarca-mujer-fue-asesinada-con-arma-de-fuego-por-su-ex-pareja-en-viota-822503,False
e0100,reasentamiento,NO,NO,https://www.eltiempo.com/bogota/cundinamarca-mujer-fue-asesinada-con-arma-de-fuego-por-su-ex-pareja-en-viota-822503,False
e0100,violacion_derechos_humanos,NO,NO,https://www.eltiempo.com/bogota/cundinamarca-mujer-fue-asesinada-con-arma-de-fuego-por-su-ex-pareja-en-viota-822503,False
e0101,amenaza_intimidacion,NO,NO,https://diariodelcauca.com.co/los-clanes-mas-peligrosos-de-popayan-no-son-narcos-sino-politicos/,False
e0101,amenaza_lideres,NO,NO,https://diariodelcauca.com.co/los-clanes-mas-peligrosos-de-popayan-no-son-narcos-sino-politicos/,False
e0101,danos_ambientales,NO,NO,https://diariodelcauca.com.co/los-clanes-mas-peligrosos-de-popayan-no-son-narcos-sino-politicos/,False
e0101,protesta_social,NO,NO,https://diariodelcauca.com.co/los-clanes-mas-peligrosos-de-popayan-no-son-narcos-sino-politicos/,False
e0101,reasentamiento,NO,NO,https://diariodelcauca.com.co/los-clanes-mas-peligrosos-de-popayan-no-son-narcos-sino-politicos/,False
e0101,violacion_derechos_humanos,NO,NO,https://diariodelcauca.com.co/los-clanes-mas-peligrosos-de-popayan-no-son-narcos-sino-politicos/,False
e0102,amenaza_intimidacion,DUDOSO,NO,https://www.elcolombiano.com/colombia/elecciones-bajo-amenaza-violencia-tiene-en-jaque-1-de-cada-4-municipios-AH22528769,False
e0102,amenaza_lideres,DUDOSO,DUDOSO,https://www.elcolombiano.com/colombia/elecciones-bajo-amenaza-violencia-tiene-en-jaque-1-de-cada-4-municipios-AH22528769,False
e0102,danos_ambientales,NO,NO,https://www.elcolombiano.com/colombia/elecciones-bajo-amenaza-violencia-tiene-en-jaque-1-de-cada-4-municipios-AH22528769,False
e0102,protesta_social,NO,NO,https://www.elcolombiano.com/colombia/elecciones-bajo-amenaza-violencia-tiene-en-jaque-1-de-cada-4-municipios-AH22528769,False
e0102,reasentamiento,NO,NO,https://www.elcolombiano.com/colombia/elecciones-bajo-amenaza-violencia-tiene-en-jaque-1-de-cada-4-municipios-AH22528769,False
e0102,violacion_derechos_humanos,NO,NO,https://www.elcolombiano.com/colombia/elecciones-bajo-amenaza-violencia-tiene-en-jaque-1-de-cada-4-municipios-AH22528769,False
e0103,amenaza_intimidacion,NO,NO,https://diariodelcauca.com.co/predio-que-pertenecia-a-paramilitares-se-destinara-para-proyectos-productivos-en-buenos-aires/,False
e0103,amenaza_lideres,NO,NO,https://diariodelcauca.com.co/predio-que-pertenecia-a-paramilitares-se-destinara-para-proyectos-productivos-en-buenos-aires/,False
e0103,danos_ambientales,NO,NO,https://diariodelcauca.com.co/predio-que-pertenecia-a-paramilitares-se-destinara-para-proyectos-productivos-en-buenos-aires/,False
e0103,protesta_social,NO,NO,https://diariodelcauca.com.co/predio-que-pertenecia-a-paramilitares-se-destinara-para-proyectos-productivos-en-buenos-aires/,False
e0103,reasentamiento,NO,NO,https://diariodelcauca.com.co/predio-que-pertenecia-a-paramilitares-se-destinara-para-proyectos-productivos-en-buenos-aires/,False
e0103,violacion_derechos_humanos,NO,NO,https://diariodelcauca.com.co/predio-que-pertenecia-a-paramilitares-se-destinara-para-proyectos-productivos-en-buenos-aires/,False
e0104,amenaza_intimidacion,NO,NO,https://www.eltiempo.com/justicia/cortes/la-alerta-de-la-corte-constitucional-por-grupos-armados-que-frenan-controles-sobre-la-crisis-wayuu-en-la-guajira-3554617,False
e0104,amenaza_lideres,NO,NO,https://www.eltiempo.com/justicia/cortes/la-alerta-de-la-corte-constitucional-por-grupos-armados-que-frenan-controles-sobre-la-crisis-wayuu-en-la-guajira-3554617,False
e0104,danos_ambientales,NO,NO,https://www.eltiempo.com/justicia/cortes/la-alerta-de-la-corte-constitucional-por-grupos-armados-que-frenan-controles-sobre-la-crisis-wayuu-en-la-guajira-3554617,False
e0104,protesta_social,NO,NO,https://www.eltiempo.com/justicia/cortes/la-alerta-de-la-corte-constitucional-por-grupos-armados-que-frenan-controles-sobre-la-crisis-wayuu-en-la-guajira-3554617,False
e0104,reasentamiento,NO,NO,https://www.eltiempo.com/justicia/cortes/la-alerta-de-la-corte-constitucional-por-grupos-armados-que-frenan-controles-sobre-la-crisis-wayuu-en-la-guajira-3554617,False
e0104,violacion_derechos_humanos,NO,NO,https://www.eltiempo.com/justicia/cortes/la-alerta-de-la-corte-constitucional-por-grupos-armados-que-frenan-controles-sobre-la-crisis-wayuu-en-la-guajira-3554617,False
e0105,amenaza_intimidacion,NO,NO,https://diariodelcauca.com.co/human-right-watch-revelo-escalofriante-cifra-de-asesinatos-de-lideres-sociales-en-colombia/,False
e0105,amenaza_lideres,SI,SI,https://diariodelcauca.com.co/human-right-watch-revelo-escalofriante-cifra-de-asesinatos-de-lideres-sociales-en-colombia/,True
e0105,danos_ambientales,NO,NO,https://diariodelcauca.com.co/human-right-watch-revelo-escalofriante-cifra-de-asesinatos-de-lideres-sociales-en-colombia/,False
e0105,protesta_social,NO,NO,https://diariodelcauca.com.co/human-right-watch-revelo-escalofriante-cifra-de-asesinatos-de-lideres-sociales-en-colombia/,False
e0105,reasentamiento,NO,NO,https://diariodelcauca.com.co/human-right-watch-revelo-escalofriante-cifra-de-asesinatos-de-lideres-sociales-en-colombia/,False
e0105,violacion_derechos_humanos,SI,NO,https://diariodelcauca.com.co/human-right-watch-revelo-escalofriante-cifra-de-asesinatos-de-lideres-sociales-en-colombia/,False
e0106,amenaza_intimidacion,NO,NO,https://choco7dias.com/bloqueo-de-vias-del-choco-por-negativa-del-gobierno-nacional-a-financiar-la-educacion-indigena/,False
e0106,amenaza_lideres,NO,NO,https://choco7dias.com/bloqueo-de-vias-del-choco-por-negativa-del-gobierno-nacional-a-financiar-la-educacion-indigena/,False
e0106,danos_ambientales,NO,NO,https://choco7dias.com/bloqueo-de-vias-del-choco-por-negativa-del-gobierno-nacional-a-financiar-la-educacion-indigena/,False
e0106,protesta_social,NO,NO,https://choco7dias.com/bloqueo-de-vias-del-choco-por-negativa-del-gobierno-nacional-a-financiar-la-educacion-indigena/,False
e0106,reasentamiento,NO,NO,https://choco7dias.com/bloqueo-de-vias-del-choco-por-negativa-del-gobierno-nacional-a-financiar-la-educacion-indigena/,False
e0106,violacion_derechos_humanos,NO,NO,https://choco7dias.com/bloqueo-de-vias-del-choco-por-negativa-del-gobierno-nacional-a-financiar-la-educacion-indigena/,False
e0107,amenaza_intimidacion,NO,NO,https://www.elcolombiano.com/antioquia/las-chivas-estan-despareciendo-en-antioquia-MA21478127,False
e0107,amenaza_lideres,NO,NO,https://www.elcolombiano.com/antioquia/las-chivas-estan-despareciendo-en-antioquia-MA21478127,False
e0107,danos_ambientales,NO,NO,https://www.elcolombiano.com/antioquia/las-chivas-estan-despareciendo-en-antioquia-MA21478127,False
e0107,protesta_social,NO,NO,https://www.elcolombiano.com/antioquia/las-chivas-estan-despareciendo-en-antioquia-MA21478127,False
e0107,reasentamiento,NO,NO,https://www.elcolombiano.com/antioquia/las-chivas-estan-despareciendo-en-antioquia-MA21478127,False
e0107,violacion_derechos_humanos,NO,NO,https://www.elcolombiano.com/antioquia/las-chivas-estan-despareciendo-en-antioquia-MA21478127,False
e0108,amenaza_intimidacion,NO,NO,https://www.eltiempo.com/bogota/por-tragedia-en-sutatausa-mas-de-1-300-trabajadores-se-verian-afectados-750934,False
e0108,amenaza_lideres,NO,NO,https://www.eltiempo.com/bogota/por-tragedia-en-sutatausa-mas-de-1-300-trabajadores-se-verian-afectados-750934,False
e0108,danos_ambientales,NO,NO,https://www.eltiempo.com/bogota/por-tragedia-en-sutatausa-mas-de-1-300-trabajadores-se-verian-afectados-750934,False
e0108,protesta_social,NO,NO,https://www.eltiempo.com/bogota/por-tragedia-en-sutatausa-mas-de-1-300-trabajadores-se-verian-afectados-750934,False
e0108,reasentamiento,NO,NO,https://www.eltiempo.com/bogota/por-tragedia-en-sutatausa-mas-de-1-300-trabajadores-se-verian-afectados-750934,False
e0108,violacion_derechos_humanos,NO,NO,https://www.eltiempo.com/bogota/por-tragedia-en-sutatausa-mas-de-1-300-trabajadores-se-verian-afectados-750934,False
e0109,amenaza_intimidacion,NO,NO,https://boyaca7dias.com.co/2026/08/04/capturaron-a-tres-presuntos-integrantes-de-banda-dedicada-al-hurto-de-viviendas-en-boyaca/,False
e0109,amenaza_lideres,NO,NO,https://boyaca7dias.com.co/2026/08/04/capturaron-a-tres-presuntos-integrantes-de-banda-dedicada-al-hurto-de-viviendas-en-boyaca/,False
e0109,danos_ambientales,NO,NO,https://boyaca7dias.com.co/2026/08/04/capturaron-a-tres-presuntos-integrantes-de-banda-dedicada-al-hurto-de-viviendas-en-boyaca/,False
e0109,protesta_social,NO,NO,https://boyaca7dias.com.co/2026/08/04/capturaron-a-tres-presuntos-integrantes-de-banda-dedicada-al-hurto-de-viviendas-en-boyaca/,False
e0109,reasentamiento,NO,NO,https://boyaca7dias.com.co/2026/08/04/capturaron-a-tres-presuntos-integrantes-de-banda-dedicada-al-hurto-de-viviendas-en-boyaca/,False
e0109,violacion_derechos_humanos,NO,NO,https://boyaca7dias.com.co/2026/08/04/capturaron-a-tres-presuntos-integrantes-de-banda-dedicada-al-hurto-de-viviendas-en-boyaca/,False
e0110,amenaza_intimidacion,NO,NO,https://choco7dias.com/la-disputa-de-tierras-entre-indigenas-y-afro-en-el-dieciocho-que-amenaza-con-agravarse/,False
e0110,amenaza_lideres,NO,NO,https://choco7dias.com/la-disputa-de-tierras-entre-indigenas-y-afro-en-el-dieciocho-que-amenaza-con-agravarse/,False
e0110,danos_ambientales,NO,NO,https://choco7dias.com/la-disputa-de-tierras-entre-indigenas-y-afro-en-el-dieciocho-que-amenaza-con-agravarse/,False
e0110,protesta_social,NO,NO,https://choco7dias.com/la-disputa-de-tierras-entre-indigenas-y-afro-en-el-dieciocho-que-amenaza-con-agravarse/,False
e0110,reasentamiento,NO,NO,https://choco7dias.com/la-disputa-de-tierras-entre-indigenas-y-afro-en-el-dieciocho-que-amenaza-con-agravarse/,False
e0110,violacion_derechos_humanos,NO,NO,https://choco7dias.com/la-disputa-de-tierras-entre-indigenas-y-afro-en-el-dieciocho-que-amenaza-con-agravarse/,False
e0111,amenaza_intimidacion,SI,DUDOSO,https://www.elcolombiano.com/antioquia/nueva-asonada-en-antioquia-comunidad-saco-a-80-militares-de-briceno-por-orden-de-disidencias-farc-AJ23080404,False
e0111,amenaza_lideres,NO,NO,https://www.elcolombiano.com/antioquia/nueva-asonada-en-antioquia-comunidad-saco-a-80-militares-de-briceno-por-orden-de-disidencias-farc-AJ23080404,False
e0111,danos_ambientales,NO,NO,https://www.elcolombiano.com/antioquia/nueva-asonada-en-antioquia-comunidad-saco-a-80-militares-de-briceno-por-orden-de-disidencias-farc-AJ23080404,False
e0111,protesta_social,DUDOSO,DUDOSO,https://www.elcolombiano.com/antioquia/nueva-asonada-en-antioquia-comunidad-saco-a-80-militares-de-briceno-por-orden-de-disidencias-farc-AJ23080404,False
e0111,reasentamiento,NO,NO,https://www.elcolombiano.com/antioquia/nueva-asonada-en-antioquia-comunidad-saco-a-80-militares-de-briceno-por-orden-de-disidencias-farc-AJ23080404,False
e0111,violacion_derechos_humanos,NO,NO,https://www.elcolombiano.com/antioquia/nueva-asonada-en-antioquia-comunidad-saco-a-80-militares-de-briceno-por-orden-de-disidencias-farc-AJ23080404,False
e0112,amenaza_intimidacion,SI,SI,https://choco7dias.com/mas-de-28-000-desplazados-o-confinados-en-el-san-juan-en-2023/,True
e0112,amenaza_lideres,NO,NO,https://choco7dias.com/mas-de-28-000-desplazados-o-confinados-en-el-san-juan-en-2023/,False
e0112,danos_ambientales,NO,NO,https://choco7dias.com/mas-de-28-000-desplazados-o-confinados-en-el-san-juan-en-2023/,False
e0112,protesta_social,NO,NO,https://choco7dias.com/mas-de-28-000-desplazados-o-confinados-en-el-san-juan-en-2023/,False
e0112,reasentamiento,NO,NO,https://choco7dias.com/mas-de-28-000-desplazados-o-confinados-en-el-san-juan-en-2023/,False
e0112,violacion_derechos_humanos,SI,SI,https://choco7dias.com/mas-de-28-000-desplazados-o-confinados-en-el-san-juan-en-2023/,True
e0113,amenaza_intimidacion,SI,SI,https://www.eltiempo.com/bogota/conductores-de-camion-en-cundinamarca-amenazados-por-la-extorsion-756694,True
e0113,amenaza_lideres,NO,NO,https://www.eltiempo.com/bogota/conductores-de-camion-en-cundinamarca-amenazados-por-la-extorsion-756694,False
e0113,danos_ambientales,NO,NO,https://www.eltiempo.com/bogota/conductores-de-camion-en-cundinamarca-amenazados-por-la-extorsion-756694,False
e0113,protesta_social,NO,NO,https://www.eltiempo.com/bogota/conductores-de-camion-en-cundinamarca-amenazados-por-la-extorsion-756694,False
e0113,reasentamiento,NO,NO,https://www.eltiempo.com/bogota/conductores-de-camion-en-cundinamarca-amenazados-por-la-extorsion-756694,False
e0113,violacion_derechos_humanos,NO,NO,https://www.eltiempo.com/bogota/conductores-de-camion-en-cundinamarca-amenazados-por-la-extorsion-756694,False
e0114,amenaza_intimidacion,NO,NO,https://laguajirahoy.com/riohacha/huecos-en-la-calle-15-de-riohacha-ponen-en-riesgo-a-conductores-y-peatones.html,False
e0114,amenaza_lideres,NO,NO,https://laguajirahoy.com/riohacha/huecos-en-la-calle-15-de-riohacha-ponen-en-riesgo-a-conductores-y-peatones.html,False
e0114,danos_ambientales,NO,NO,https://laguajirahoy.com/riohacha/huecos-en-la-calle-15-de-riohacha-ponen-en-riesgo-a-conductores-y-peatones.html,False
e0114,protesta_social,NO,NO,https://laguajirahoy.com/riohacha/huecos-en-la-calle-15-de-riohacha-ponen-en-riesgo-a-conductores-y-peatones.html,False
e0114,reasentamiento,NO,NO,https://laguajirahoy.com/riohacha/huecos-en-la-calle-15-de-riohacha-ponen-en-riesgo-a-conductores-y-peatones.html,False
e0114,violacion_derechos_humanos,NO,NO,https://laguajirahoy.com/riohacha/huecos-en-la-calle-15-de-riohacha-ponen-en-riesgo-a-conductores-y-peatones.html,False
e0115,amenaza_intimidacion,NO,NO,https://www.eltiempo.com/justicia/conflicto-y-narcotrafico/el-eln-tiene-un-plan-de-saboteo-a-las-elecciones-investigador-de-campo-explica-las-razones-detras-del-atentado-al-batallon-de-riohacha-la-guajira-3558798,False
e0115,amenaza_lideres,NO,NO,https://www.eltiempo.com/justicia/conflicto-y-narcotrafico/el-eln-tiene-un-plan-de-saboteo-a-las-elecciones-investigador-de-campo-explica-las-razones-detras-del-atentado-al-batallon-de-riohacha-la-guajira-3558798,False
e0115,danos_ambientales,NO,NO,https://www.eltiempo.com/justicia/conflicto-y-narcotrafico/el-eln-tiene-un-plan-de-saboteo-a-las-elecciones-investigador-de-campo-explica-las-razones-detras-del-atentado-al-batallon-de-riohacha-la-guajira-3558798,False
e0115,protesta_social,NO,NO,https://www.eltiempo.com/justicia/conflicto-y-narcotrafico/el-eln-tiene-un-plan-de-saboteo-a-las-elecciones-investigador-de-campo-explica-las-razones-detras-del-atentado-al-batallon-de-riohacha-la-guajira-3558798,False
e0115,reasentamiento,NO,NO,https://www.eltiempo.com/justicia/conflicto-y-narcotrafico/el-eln-tiene-un-plan-de-saboteo-a-las-elecciones-investigador-de-campo-explica-las-razones-detras-del-atentado-al-batallon-de-riohacha-la-guajira-3558798,False
e0115,violacion_derechos_humanos,NO,NO,https://www.eltiempo.com/justicia/conflicto-y-narcotrafico/el-eln-tiene-un-plan-de-saboteo-a-las-elecciones-investigador-de-campo-explica-las-razones-detras-del-atentado-al-batallon-de-riohacha-la-guajira-3558798,False
e0116,amenaza_intimidacion,NO,NO,https://choco7dias.com/acia-acadesan-acaba-ocaba-y-ocopa-pcn-cococauca-y-acapa-memoria-de-jairo-velasquez-parte-2/,False
e0116,amenaza_lideres,NO,NO,https://choco7dias.com/acia-acadesan-acaba-ocaba-y-ocopa-pcn-cococauca-y-acapa-memoria-de-jairo-velasquez-parte-2/,False
e0116,danos_ambientales,DUDOSO,DUDOSO,https://choco7dias.com/acia-acadesan-acaba-ocaba-y-ocopa-pcn-cococauca-y-acapa-memoria-de-jairo-velasquez-parte-2/,False
e0116,protesta_social,NO,NO,https://choco7dias.com/acia-acadesan-acaba-ocaba-y-ocopa-pcn-cococauca-y-acapa-memoria-de-jairo-velasquez-parte-2/,False
e0116,reasentamiento,NO,NO,https://choco7dias.com/acia-acadesan-acaba-ocaba-y-ocopa-pcn-cococauca-y-acapa-memoria-de-jairo-velasquez-parte-2/,False
e0116,violacion_derechos_humanos,NO,NO,https://choco7dias.com/acia-acadesan-acaba-ocaba-y-ocopa-pcn-cococauca-y-acapa-memoria-de-jairo-velasquez-parte-2/,False
e0117,amenaza_intimidacion,NO,NO,https://diariodelcauca.com.co/cauca-ocupa-el-puesto-16-entre-las-tierras-mas-fertiles-del-pais/,False
e0117,amenaza_lideres,NO,NO,https://diariodelcauca.com.co/cauca-ocupa-el-puesto-16-entre-las-tierras-mas-fertiles-del-pais/,False
e0117,danos_ambientales,NO,NO,https://diariodelcauca.com.co/cauca-ocupa-el-puesto-16-entre-las-tierras-mas-fertiles-del-pais/,False
e0117,protesta_social,NO,NO,https://diariodelcauca.com.co/cauca-ocupa-el-puesto-16-entre-las-tierras-mas-fertiles-del-pais/,False
e0117,reasentamiento,NO,NO,https://diariodelcauca.com.co/cauca-ocupa-el-puesto-16-entre-las-tierras-mas-fertiles-del-pais/,False
e0117,violacion_derechos_humanos,NO,NO,https://diariodelcauca.com.co/cauca-ocupa-el-puesto-16-entre-las-tierras-mas-fertiles-del-pais/,False
e0118,amenaza_intimidacion,NO,NO,https://diariodelcauca.com.co/comite-del-mais-pidio-investigar-asesinato-de-excandidato/,False
e0118,amenaza_lideres,DUDOSO,NO,https://diariodelcauca.com.co/comite-del-mais-pidio-investigar-asesinato-de-excandidato/,False
e0118,danos_ambientales,NO,NO,https://diariodelcauca.com.co/comite-del-mais-pidio-investigar-asesinato-de-excandidato/,False
e0118,protesta_social,NO,NO,https://diariodelcauca.com.co/comite-del-mais-pidio-investigar-asesinato-de-excandidato/,False
e0118,reasentamiento,NO,NO,https://diariodelcauca.com.co/comite-del-mais-pidio-investigar-asesinato-de-excandidato/,False
e0118,violacion_derechos_humanos,NO,NO,https://diariodelcauca.com.co/comite-del-mais-pidio-investigar-asesinato-de-excandidato/,False
e0119,amenaza_intimidacion,NO,NO,https://www.eltiempo.com/contenido-comercial/universidad-de-cundinamarca-atraviesa-por-un-proceso-de-transformacion-802891,False
e0119,amenaza_lideres,NO,NO,https://www.eltiempo.com/contenido-comercial/universidad-de-cundinamarca-atraviesa-por-un-proceso-de-transformacion-802891,False
e0119,danos_ambientales,NO,NO,https://www.eltiempo.com/contenido-comercial/universidad-de-cundinamarca-atraviesa-por-un-proceso-de-transformacion-802891,False
e0119,protesta_social,NO,NO,https://www.eltiempo.com/contenido-comercial/universidad-de-cundinamarca-atraviesa-por-un-proceso-de-transformacion-802891,False
e0119,reasentamiento,NO,NO,https://www.eltiempo.com/contenido-comercial/universidad-de-cundinamarca-atraviesa-por-un-proceso-de-transformacion-802891,False
e0119,violacion_derechos_humanos,NO,NO,https://www.eltiempo.com/contenido-comercial/universidad-de-cundinamarca-atraviesa-por-un-proceso-de-transformacion-802891,False
e0120,amenaza_intimidacion,DUDOSO,DUDOSO,https://www.eltiempo.com/bogota/disidencias-en-sumapaz-a-solo-tres-dias-a-pie-de-llegar-a-cundinamarca-768179,False
e0120,amenaza_lideres,NO,NO,https://www.eltiempo.com/bogota/disidencias-en-sumapaz-a-solo-tres-dias-a-pie-de-llegar-a-cundinamarca-768179,False
e0120,danos_ambientales,NO,NO,https://www.eltiempo.com/bogota/disidencias-en-sumapaz-a-solo-tres-dias-a-pie-de-llegar-a-cundinamarca-768179,False
e0120,protesta_social,NO,NO,https://www.eltiempo.com/bogota/disidencias-en-sumapaz-a-solo-tres-dias-a-pie-de-llegar-a-cundinamarca-768179,False
e0120,reasentamiento,NO,NO,https://www.eltiempo.com/bogota/disidencias-en-sumapaz-a-solo-tres-dias-a-pie-de-llegar-a-cundinamarca-768179,False
e0120,violacion_derechos_humanos,DUDOSO,NO,https://www.eltiempo.com/bogota/disidencias-en-sumapaz-a-solo-tres-dias-a-pie-de-llegar-a-cundinamarca-768179,False
e0121,amenaza_intimidacion,NO,NO,https://choco7dias.com/por-irregularidades-en-la-utch-designan-inspector-in-situ-y-ordenan-constituir-una-fiducia-para-el-manejo-de-recursos/,False
e0121,amenaza_lideres,NO,NO,https://choco7dias.com/por-irregularidades-en-la-utch-designan-inspector-in-situ-y-ordenan-constituir-una-fiducia-para-el-manejo-de-recursos/,False
e0121,danos_ambientales,NO,NO,https://choco7dias.com/por-irregularidades-en-la-utch-designan-inspector-in-situ-y-ordenan-constituir-una-fiducia-para-el-manejo-de-recursos/,False
e0121,protesta_social,NO,NO,https://choco7dias.com/por-irregularidades-en-la-utch-designan-inspector-in-situ-y-ordenan-constituir-una-fiducia-para-el-manejo-de-recursos/,False
e0121,reasentamiento,NO,NO,https://choco7dias.com/por-irregularidades-en-la-utch-designan-inspector-in-situ-y-ordenan-constituir-una-fiducia-para-el-manejo-de-recursos/,False
e0121,violacion_derechos_humanos,NO,NO,https://choco7dias.com/por-irregularidades-en-la-utch-designan-inspector-in-situ-y-ordenan-constituir-una-fiducia-para-el-manejo-de-recursos/,False
e0122,amenaza_intimidacion,NO,NO,https://diariodelcauca.com.co/crc-inmovil-ante-ecocidio-al-occidente-payanes/,False
e0122,amenaza_lideres,NO,NO,https://diariodelcauca.com.co/crc-inmovil-ante-ecocidio-al-occidente-payanes/,False
e0122,danos_ambientales,SI,SI,https://diariodelcauca.com.co/crc-inmovil-ante-ecocidio-al-occidente-payanes/,True
e0122,protesta_social,NO,NO,https://diariodelcauca.com.co/crc-inmovil-ante-ecocidio-al-occidente-payanes/,False
e0122,reasentamiento,NO,NO,https://diariodelcauca.com.co/crc-inmovil-ante-ecocidio-al-occidente-payanes/,False
e0122,violacion_derechos_humanos,NO,NO,https://diariodelcauca.com.co/crc-inmovil-ante-ecocidio-al-occidente-payanes/,False
e0123,amenaza_intimidacion,NO,NO,https://diariodelnorte.net/judiciales/capturan-en-la-via-maicao-paraguachon-a-hombre-requerido-por-hurto-calificado-agravado/,False
e0123,amenaza_lideres,NO,NO,https://diariodelnorte.net/judiciales/capturan-en-la-via-maicao-paraguachon-a-hombre-requerido-por-hurto-calificado-agravado/,False
e0123,danos_ambientales,NO,NO,https://diariodelnorte.net/judiciales/capturan-en-la-via-maicao-paraguachon-a-hombre-requerido-por-hurto-calificado-agravado/,False
e0123,protesta_social,NO,NO,https://diariodelnorte.net/judiciales/capturan-en-la-via-maicao-paraguachon-a-hombre-requerido-por-hurto-calificado-agravado/,False
e0123,reasentamiento,NO,NO,https://diariodelnorte.net/judiciales/capturan-en-la-via-maicao-paraguachon-a-hombre-requerido-por-hurto-calificado-agravado/,False
e0123,violacion_derechos_humanos,NO,NO,https://diariodelnorte.net/judiciales/capturan-en-la-via-maicao-paraguachon-a-hombre-requerido-por-hurto-calificado-agravado/,False
e0124,amenaza_intimidacion,NO,NO,https://diariodelnorte.net/laguajira/la-guajira-enfrenta-creciente-crisis-por-manejo-de-residuos-solidos/,False
e0124,amenaza_lideres,NO,NO,https://diariodelnorte.net/laguajira/la-guajira-enfrenta-creciente-crisis-por-manejo-de-residuos-solidos/,False
e0124,danos_ambientales,SI,SI,https://diariodelnorte.net/laguajira/la-guajira-enfrenta-creciente-crisis-por-manejo-de-residuos-solidos/,True
e0124,protesta_social,NO,NO,https://diariodelnorte.net/laguajira/la-guajira-enfrenta-creciente-crisis-por-manejo-de-residuos-solidos/,False
e0124,reasentamiento,NO,NO,https://diariodelnorte.net/laguajira/la-guajira-enfrenta-creciente-crisis-por-manejo-de-residuos-solidos/,False
e0124,violacion_derechos_humanos,NO,NO,https://diariodelnorte.net/laguajira/la-guajira-enfrenta-creciente-crisis-por-manejo-de-residuos-solidos/,False
e0125,amenaza_intimidacion,NO,NO,https://choco7dias.com/la-chocoana-elizabeth-barco-gano-el-premio-nansen-para-los-refugiados/,False
e0125,amenaza_lideres,NO,NO,https://choco7dias.com/la-chocoana-elizabeth-barco-gano-el-premio-nansen-para-los-refugiados/,False
e0125,danos_ambientales,NO,NO,https://choco7dias.com/la-chocoana-elizabeth-barco-gano-el-premio-nansen-para-los-refugiados/,False
e0125,protesta_social,NO,NO,https://choco7dias.com/la-chocoana-elizabeth-barco-gano-el-premio-nansen-para-los-refugiados/,False
e0125,reasentamiento,NO,NO,https://choco7dias.com/la-chocoana-elizabeth-barco-gano-el-premio-nansen-para-los-refugiados/,False
e0125,violacion_derechos_humanos,DUDOSO,NO,https://choco7dias.com/la-chocoana-elizabeth-barco-gano-el-premio-nansen-para-los-refugiados/,False
e0126,amenaza_intimidacion,NO,NO,https://diariodelcauca.com.co/asi-van-la-marchas-del-27-septiembre-en-bogota-y-otras-partes-del-pais/,False
e0126,amenaza_lideres,NO,NO,https://diariodelcauca.com.co/asi-van-la-marchas-del-27-septiembre-en-bogota-y-otras-partes-del-pais/,False
e0126,danos_ambientales,NO,NO,https://diariodelcauca.com.co/asi-van-la-marchas-del-27-septiembre-en-bogota-y-otras-partes-del-pais/,False
e0126,protesta_social,SI,DUDOSO,https://diariodelcauca.com.co/asi-van-la-marchas-del-27-septiembre-en-bogota-y-otras-partes-del-pais/,False
e0126,reasentamiento,NO,NO,https://diariodelcauca.com.co/asi-van-la-marchas-del-27-septiembre-en-bogota-y-otras-partes-del-pais/,False
e0126,violacion_derechos_humanos,NO,NO,https://diariodelcauca.com.co/asi-van-la-marchas-del-27-septiembre-en-bogota-y-otras-partes-del-pais/,False
e0127,amenaza_intimidacion,DUDOSO,NO,https://diariodelnorte.net/editorial/todos-contra-la-violencia/,False
e0127,amenaza_lideres,NO,NO,https://diariodelnorte.net/editorial/todos-contra-la-violencia/,False
e0127,danos_ambientales,NO,NO,https://diariodelnorte.net/editorial/todos-contra-la-violencia/,False
e0127,protesta_social,NO,NO,https://diariodelnorte.net/editorial/todos-contra-la-violencia/,False
e0127,reasentamiento,NO,NO,https://diariodelnorte.net/editorial/todos-contra-la-violencia/,False
e0127,violacion_derechos_humanos,SI,NO,https://diariodelnorte.net/editorial/todos-contra-la-violencia/,False
e0128,amenaza_intimidacion,NO,NO,https://diariodelnorte.net/judiciales/comunidad-bloquea-la-via-maicao-paradero-por-falta-de-agua-potable-y-servicio-electrico/,False
e0128,amenaza_lideres,NO,NO,https://diariodelnorte.net/judiciales/comunidad-bloquea-la-via-maicao-paradero-por-falta-de-agua-potable-y-servicio-electrico/,False
e0128,danos_ambientales,NO,NO,https://diariodelnorte.net/judiciales/comunidad-bloquea-la-via-maicao-paradero-por-falta-de-agua-potable-y-servicio-electrico/,False
e0128,protesta_social,SI,SI,https://diariodelnorte.net/judiciales/comunidad-bloquea-la-via-maicao-paradero-por-falta-de-agua-potable-y-servicio-electrico/,True
e0128,reasentamiento,NO,NO,https://diariodelnorte.net/judiciales/comunidad-bloquea-la-via-maicao-paradero-por-falta-de-agua-potable-y-servicio-electrico/,False
e0128,violacion_derechos_humanos,NO,NO,https://diariodelnorte.net/judiciales/comunidad-bloquea-la-via-maicao-paradero-por-falta-de-agua-potable-y-servicio-electrico/,False
e0129,amenaza_intimidacion,NO,NO,https://www.elcolombiano.com/antioquia/elecciones-2023-luis-fernando-suarez-se-lanzo-a-la-gobernacion-de-antioquia-GD20233603,False
e0129,amenaza_lideres,NO,NO,https://www.elcolombiano.com/antioquia/elecciones-2023-luis-fernando-suarez-se-lanzo-a-la-gobernacion-de-antioquia-GD20233603,False
e0129,danos_ambientales,NO,NO,https://www.elcolombiano.com/antioquia/elecciones-2023-luis-fernando-suarez-se-lanzo-a-la-gobernacion-de-antioquia-GD20233603,False
e0129,protesta_social,NO,NO,https://www.elcolombiano.com/antioquia/elecciones-2023-luis-fernando-suarez-se-lanzo-a-la-gobernacion-de-antioquia-GD20233603,False
e0129,reasentamiento,NO,NO,https://www.elcolombiano.com/antioquia/elecciones-2023-luis-fernando-suarez-se-lanzo-a-la-gobernacion-de-antioquia-GD20233603,False
e0129,violacion_derechos_humanos,SI,SI,https://www.elcolombiano.com/antioquia/elecciones-2023-luis-fernando-suarez-se-lanzo-a-la-gobernacion-de-antioquia-GD20233603,True
e0130,amenaza_intimidacion,NO,NO,https://boyaca7dias.com.co/2026/02/21/biologa-de-la-uptc-gana-beca-colombia-biodiversa-por-crear-investigacion-que-estudiara-los-riesgos-sanitarios-en-el-rio-chicamocha/,False
e0130,amenaza_lideres,NO,NO,https://boyaca7dias.com.co/2026/02/21/biologa-de-la-uptc-gana-beca-colombia-biodiversa-por-crear-investigacion-que-estudiara-los-riesgos-sanitarios-en-el-rio-chicamocha/,False
e0130,danos_ambientales,NO,NO,https://boyaca7dias.com.co/2026/02/21/biologa-de-la-uptc-gana-beca-colombia-biodiversa-por-crear-investigacion-que-estudiara-los-riesgos-sanitarios-en-el-rio-chicamocha/,False
e0130,protesta_social,NO,NO,https://boyaca7dias.com.co/2026/02/21/biologa-de-la-uptc-gana-beca-colombia-biodiversa-por-crear-investigacion-que-estudiara-los-riesgos-sanitarios-en-el-rio-chicamocha/,False
e0130,reasentamiento,NO,NO,https://boyaca7dias.com.co/2026/02/21/biologa-de-la-uptc-gana-beca-colombia-biodiversa-por-crear-investigacion-que-estudiara-los-riesgos-sanitarios-en-el-rio-chicamocha/,False
e0130,violacion_derechos_humanos,NO,NO,https://boyaca7dias.com.co/2026/02/21/biologa-de-la-uptc-gana-beca-colombia-biodiversa-por-crear-investigacion-que-estudiara-los-riesgos-sanitarios-en-el-rio-chicamocha/,False
e0131,amenaza_intimidacion,SI,SI,https://www.eltiempo.com/bogota/cundinamarca-que-se-sabe-de-las-amenazas-contra-cinco-alcaldes-de-cundinamarca-782351,True
e0131,amenaza_lideres,NO,NO,https://www.eltiempo.com/bogota/cundinamarca-que-se-sabe-de-las-amenazas-contra-cinco-alcaldes-de-cundinamarca-782351,False
e0131,danos_ambientales,NO,NO,https://www.eltiempo.com/bogota/cundinamarca-que-se-sabe-de-las-amenazas-contra-cinco-alcaldes-de-cundinamarca-782351,False
e0131,protesta_social,NO,NO,https://www.eltiempo.com/bogota/cundinamarca-que-se-sabe-de-las-amenazas-contra-cinco-alcaldes-de-cundinamarca-782351,False
e0131,reasentamiento,NO,NO,https://www.eltiempo.com/bogota/cundinamarca-que-se-sabe-de-las-amenazas-contra-cinco-alcaldes-de-cundinamarca-782351,False
e0131,violacion_derechos_humanos,NO,NO,https://www.eltiempo.com/bogota/cundinamarca-que-se-sabe-de-las-amenazas-contra-cinco-alcaldes-de-cundinamarca-782351,False
e0132,amenaza_intimidacion,NO,NO,https://diariodelcauca.com.co/victimas-del-conflicto-2/,False
e0132,amenaza_lideres,NO,NO,https://diariodelcauca.com.co/victimas-del-conflicto-2/,False
e0132,danos_ambientales,NO,NO,https://diariodelcauca.com.co/victimas-del-conflicto-2/,False
e0132,protesta_social,NO,NO,https://diariodelcauca.com.co/victimas-del-conflicto-2/,False
e0132,reasentamiento,NO,NO,https://diariodelcauca.com.co/victimas-del-conflicto-2/,False
e0132,violacion_derechos_humanos,SI,DUDOSO,https://diariodelcauca.com.co/victimas-del-conflicto-2/,False
e0133,amenaza_intimidacion,SI,DUDOSO,https://diariodelcauca.com.co/un-grito-ignorado/,False
e0133,amenaza_lideres,SI,DUDOSO,https://diariodelcauca.com.co/un-grito-ignorado/,False
e0133,danos_ambientales,NO,NO,https://diariodelcauca.com.co/un-grito-ignorado/,False
e0133,protesta_social,NO,NO,https://diariodelcauca.com.co/un-grito-ignorado/,False
e0133,reasentamiento,NO,NO,https://diariodelcauca.com.co/un-grito-ignorado/,False
e0133,violacion_derechos_humanos,DUDOSO,NO,https://diariodelcauca.com.co/un-grito-ignorado/,False
e0134,amenaza_intimidacion,DUDOSO,DUDOSO,https://www.elcolombiano.com/medellin/riesgo-electoral-en-medellin-es-extremo-alerta-la-mision-de-observacion-electoral-moe-FA22660137,False
e0134,amenaza_lideres,NO,NO,https://www.elcolombiano.com/medellin/riesgo-electoral-en-medellin-es-extremo-alerta-la-mision-de-observacion-electoral-moe-FA22660137,False
e0134,danos_ambientales,NO,NO,https://www.elcolombiano.com/medellin/riesgo-electoral-en-medellin-es-extremo-alerta-la-mision-de-observacion-electoral-moe-FA22660137,False
e0134,protesta_social,NO,NO,https://www.elcolombiano.com/medellin/riesgo-electoral-en-medellin-es-extremo-alerta-la-mision-de-observacion-electoral-moe-FA22660137,False
e0134,reasentamiento,NO,NO,https://www.elcolombiano.com/medellin/riesgo-electoral-en-medellin-es-extremo-alerta-la-mision-de-observacion-electoral-moe-FA22660137,False
e0134,violacion_derechos_humanos,NO,NO,https://www.elcolombiano.com/medellin/riesgo-electoral-en-medellin-es-extremo-alerta-la-mision-de-observacion-electoral-moe-FA22660137,False
e0135,amenaza_intimidacion,SI,SI,https://www.elcolombiano.com/generacion/edicion-del-mes/la-persistencia-del-odio-NM21873538,True
e0135,amenaza_lideres,SI,SI,https://www.elcolombiano.com/generacion/edicion-del-mes/la-persistencia-del-odio-NM21873538,True
e0135,danos_ambientales,NO,NO,https://www.elcolombiano.com/generacion/edicion-del-mes/la-persistencia-del-odio-NM21873538,False
e0135,protesta_social,NO,NO,https://www.elcolombiano.com/generacion/edicion-del-mes/la-persistencia-del-odio-NM21873538,False
e0135,reasentamiento,NO,NO,https://www.elcolombiano.com/generacion/edicion-del-mes/la-persistencia-del-odio-NM21873538,False
e0135,violacion_derechos_humanos,DUDOSO,NO,https://www.elcolombiano.com/generacion/edicion-del-mes/la-persistencia-del-odio-NM21873538,False
e0136,amenaza_intimidacion,NO,NO,https://diariodelcauca.com.co/legalizaron-mas-de-600-hectareas-a-familias-campesinas-en-el-cauca/,False
e0136,amenaza_lideres,NO,NO,https://diariodelcauca.com.co/legalizaron-mas-de-600-hectareas-a-familias-campesinas-en-el-cauca/,False
e0136,danos_ambientales,NO,NO,https://diariodelcauca.com.co/legalizaron-mas-de-600-hectareas-a-familias-campesinas-en-el-cauca/,False
e0136,protesta_social,NO,NO,https://diariodelcauca.com.co/legalizaron-mas-de-600-hectareas-a-familias-campesinas-en-el-cauca/,False
e0136,reasentamiento,NO,NO,https://diariodelcauca.com.co/legalizaron-mas-de-600-hectareas-a-familias-campesinas-en-el-cauca/,False
e0136,violacion_derechos_humanos,NO,NO,https://diariodelcauca.com.co/legalizaron-mas-de-600-hectareas-a-familias-campesinas-en-el-cauca/,False
e0137,amenaza_intimidacion,SI,SI,https://www.elcolombiano.com/colombia/disidencias-usan-a-la-gente-para-controlar-zonas-previo-a-elecciones-CB22760354,True
e0137,amenaza_lideres,NO,NO,https://www.elcolombiano.com/colombia/disidencias-usan-a-la-gente-para-controlar-zonas-previo-a-elecciones-CB22760354,False
e0137,danos_ambientales,NO,NO,https://www.elcolombiano.com/colombia/disidencias-usan-a-la-gente-para-controlar-zonas-previo-a-elecciones-CB22760354,False
e0137,protesta_social,DUDOSO,DUDOSO,https://www.elcolombiano.com/colombia/disidencias-usan-a-la-gente-para-controlar-zonas-previo-a-elecciones-CB22760354,False
e0137,reasentamiento,NO,NO,https://www.elcolombiano.com/colombia/disidencias-usan-a-la-gente-para-controlar-zonas-previo-a-elecciones-CB22760354,False
e0137,violacion_derechos_humanos,DUDOSO,NO,https://www.elcolombiano.com/colombia/disidencias-usan-a-la-gente-para-controlar-zonas-previo-a-elecciones-CB22760354,False
e0138,amenaza_intimidacion,SI,SI,https://diariodelnorte.net/judiciales/capturan-a-presunto-integrante-de-estructura-criminal-por-extorsion-en-paraguachon/,True
e0138,amenaza_lideres,NO,NO,https://diariodelnorte.net/judiciales/capturan-a-presunto-integrante-de-estructura-criminal-por-extorsion-en-paraguachon/,False
e0138,danos_ambientales,NO,NO,https://diariodelnorte.net/judiciales/capturan-a-presunto-integrante-de-estructura-criminal-por-extorsion-en-paraguachon/,False
e0138,protesta_social,NO,NO,https://diariodelnorte.net/judiciales/capturan-a-presunto-integrante-de-estructura-criminal-por-extorsion-en-paraguachon/,False
e0138,reasentamiento,NO,NO,https://diariodelnorte.net/judiciales/capturan-a-presunto-integrante-de-estructura-criminal-por-extorsion-en-paraguachon/,False
e0138,violacion_derechos_humanos,NO,NO,https://diariodelnorte.net/judiciales/capturan-a-presunto-integrante-de-estructura-criminal-por-extorsion-en-paraguachon/,False
e0139,amenaza_intimidacion,SI,SI,https://laguajirahoy.com/judiciales/hombres-armados-habrian-sacado-a-comerciante-de-su-vivienda-en-maicao-la-guajira.html,True
e0139,amenaza_lideres,NO,NO,https://laguajirahoy.com/judiciales/hombres-armados-habrian-sacado-a-comerciante-de-su-vivienda-en-maicao-la-guajira.html,False
e0139,danos_ambientales,NO,NO,https://laguajirahoy.com/judiciales/hombres-armados-habrian-sacado-a-comerciante-de-su-vivienda-en-maicao-la-guajira.html,False
e0139,protesta_social,NO,NO,https://laguajirahoy.com/judiciales/hombres-armados-habrian-sacado-a-comerciante-de-su-vivienda-en-maicao-la-guajira.html,False
e0139,reasentamiento,NO,NO,https://laguajirahoy.com/judiciales/hombres-armados-habrian-sacado-a-comerciante-de-su-vivienda-en-maicao-la-guajira.html,False
e0139,violacion_derechos_humanos,DUDOSO,NO,https://laguajirahoy.com/judiciales/hombres-armados-habrian-sacado-a-comerciante-de-su-vivienda-en-maicao-la-guajira.html,False
e0140,amenaza_intimidacion,NO,NO,https://www.eltiempo.com/mundo/venezuela/padrino-lopez-confirmo-el-asesinato-de-varios-miembros-del-equipo-de-seguridad-de-nicolas-maduro-tras-los-bombardeos-de-estados-unidos-3521738,False
e0140,amenaza_lideres,NO,NO,https://www.eltiempo.com/mundo/venezuela/padrino-lopez-confirmo-el-asesinato-de-varios-miembros-del-equipo-de-seguridad-de-nicolas-maduro-tras-los-bombardeos-de-estados-unidos-3521738,False
e0140,danos_ambientales,NO,NO,https://www.eltiempo.com/mundo/venezuela/padrino-lopez-confirmo-el-asesinato-de-varios-miembros-del-equipo-de-seguridad-de-nicolas-maduro-tras-los-bombardeos-de-estados-unidos-3521738,False
e0140,protesta_social,NO,NO,https://www.eltiempo.com/mundo/venezuela/padrino-lopez-confirmo-el-asesinato-de-varios-miembros-del-equipo-de-seguridad-de-nicolas-maduro-tras-los-bombardeos-de-estados-unidos-3521738,False
e0140,reasentamiento,NO,NO,https://www.eltiempo.com/mundo/venezuela/padrino-lopez-confirmo-el-asesinato-de-varios-miembros-del-equipo-de-seguridad-de-nicolas-maduro-tras-los-bombardeos-de-estados-unidos-3521738,False
e0140,violacion_derechos_humanos,NO,NO,https://www.eltiempo.com/mundo/venezuela/padrino-lopez-confirmo-el-asesinato-de-varios-miembros-del-equipo-de-seguridad-de-nicolas-maduro-tras-los-bombardeos-de-estados-unidos-3521738,False
e0141,amenaza_intimidacion,NO,NO,https://laguajirahoy.com/comunidad/venezolanos-en-la-guajira-viven-con-emociones-encontradas-los-recientes-sucesos-politicos-en-su-pais.html,False
e0141,amenaza_lideres,NO,NO,https://laguajirahoy.com/comunidad/venezolanos-en-la-guajira-viven-con-emociones-encontradas-los-recientes-sucesos-politicos-en-su-pais.html,False
e0141,danos_ambientales,NO,NO,https://laguajirahoy.com/comunidad/venezolanos-en-la-guajira-viven-con-emociones-encontradas-los-recientes-sucesos-politicos-en-su-pais.html,False
e0141,protesta_social,NO,NO,https://laguajirahoy.com/comunidad/venezolanos-en-la-guajira-viven-con-emociones-encontradas-los-recientes-sucesos-politicos-en-su-pais.html,False
e0141,reasentamiento,NO,NO,https://laguajirahoy.com/comunidad/venezolanos-en-la-guajira-viven-con-emociones-encontradas-los-recientes-sucesos-politicos-en-su-pais.html,False
e0141,violacion_derechos_humanos,NO,NO,https://laguajirahoy.com/comunidad/venezolanos-en-la-guajira-viven-con-emociones-encontradas-los-recientes-sucesos-politicos-en-su-pais.html,False
e0142,amenaza_intimidacion,NO,NO,https://choco7dias.com/la-chocoana-elizabeth-moreno-fue-elegida-defensora-del-ano-en-colombia-en-2023/,False
e0142,amenaza_lideres,NO,NO,https://choco7dias.com/la-chocoana-elizabeth-moreno-fue-elegida-defensora-del-ano-en-colombia-en-2023/,False
e0142,danos_ambientales,NO,NO,https://choco7dias.com/la-chocoana-elizabeth-moreno-fue-elegida-defensora-del-ano-en-colombia-en-2023/,False
e0142,protesta_social,NO,NO,https://choco7dias.com/la-chocoana-elizabeth-moreno-fue-elegida-defensora-del-ano-en-colombia-en-2023/,False
e0142,reasentamiento,NO,NO,https://choco7dias.com/la-chocoana-elizabeth-moreno-fue-elegida-defensora-del-ano-en-colombia-en-2023/,False
e0142,violacion_derechos_humanos,DUDOSO,NO,https://choco7dias.com/la-chocoana-elizabeth-moreno-fue-elegida-defensora-del-ano-en-colombia-en-2023/,False
e0143,amenaza_intimidacion,NO,NO,https://diariodelcauca.com.co/petro-2/,False
e0143,amenaza_lideres,NO,NO,https://diariodelcauca.com.co/petro-2/,False
e0143,danos_ambientales,NO,NO,https://diariodelcauca.com.co/petro-2/,False
e0143,protesta_social,SI,SI,https://diariodelcauca.com.co/petro-2/,True
e0143,reasentamiento,NO,NO,https://diariodelcauca.com.co/petro-2/,False
e0143,violacion_derechos_humanos,DUDOSO,NO,https://diariodelcauca.com.co/petro-2/,False
e0144,amenaza_intimidacion,NO,NO,https://boyaca7dias.com.co/2025/11/13/la-unidad-de-busqueda-de-personas-recupero-diez-cuerpos-en-el-cementerio-de-oicata/,False
e0144,amenaza_lideres,NO,NO,https://boyaca7dias.com.co/2025/11/13/la-unidad-de-busqueda-de-personas-recupero-diez-cuerpos-en-el-cementerio-de-oicata/,False
e0144,danos_ambientales,NO,NO,https://boyaca7dias.com.co/2025/11/13/la-unidad-de-busqueda-de-personas-recupero-diez-cuerpos-en-el-cementerio-de-oicata/,False
e0144,protesta_social,NO,NO,https://boyaca7dias.com.co/2025/11/13/la-unidad-de-busqueda-de-personas-recupero-diez-cuerpos-en-el-cementerio-de-oicata/,False
e0144,reasentamiento,NO,NO,https://boyaca7dias.com.co/2025/11/13/la-unidad-de-busqueda-de-personas-recupero-diez-cuerpos-en-el-cementerio-de-oicata/,False
e0144,violacion_derechos_humanos,SI,SI,https://boyaca7dias.com.co/2025/11/13/la-unidad-de-busqueda-de-personas-recupero-diez-cuerpos-en-el-cementerio-de-oicata/,True
e0145,amenaza_intimidacion,DUDOSO,NO,https://laguajirahoy.com/judiciales/autoridades-redoblan-acciones-para-esclarecer-masacre-en-maicao-que-dejo-cinco-victimas-mortales.html,False
e0145,amenaza_lideres,NO,NO,https://laguajirahoy.com/judiciales/autoridades-redoblan-acciones-para-esclarecer-masacre-en-maicao-que-dejo-cinco-victimas-mortales.html,False
e0145,danos_ambientales,NO,NO,https://laguajirahoy.com/judiciales/autoridades-redoblan-acciones-para-esclarecer-masacre-en-maicao-que-dejo-cinco-victimas-mortales.html,False
e0145,protesta_social,NO,NO,https://laguajirahoy.com/judiciales/autoridades-redoblan-acciones-para-esclarecer-masacre-en-maicao-que-dejo-cinco-victimas-mortales.html,False
e0145,reasentamiento,NO,NO,https://laguajirahoy.com/judiciales/autoridades-redoblan-acciones-para-esclarecer-masacre-en-maicao-que-dejo-cinco-victimas-mortales.html,False
e0145,violacion_derechos_humanos,SI,SI,https://laguajirahoy.com/judiciales/autoridades-redoblan-acciones-para-esclarecer-masacre-en-maicao-que-dejo-cinco-victimas-mortales.html,True
e0146,amenaza_intimidacion,NO,NO,https://choco7dias.com/embajadora-de-suecia-visito-el-choco/,False
e0146,amenaza_lideres,NO,NO,https://choco7dias.com/embajadora-de-suecia-visito-el-choco/,False
e0146,danos_ambientales,NO,NO,https://choco7dias.com/embajadora-de-suecia-visito-el-choco/,False
e0146,protesta_social,NO,NO,https://choco7dias.com/embajadora-de-suecia-visito-el-choco/,False
e0146,reasentamiento,NO,NO,https://choco7dias.com/embajadora-de-suecia-visito-el-choco/,False
e0146,violacion_derechos_humanos,NO,NO,https://choco7dias.com/embajadora-de-suecia-visito-el-choco/,False
e0147,amenaza_intimidacion,SI,SI,https://diariodelnorte.net/judiciales/ediles-de-paraguachon-denuncian-amenazas-tras-recibir-video-intimidante/,True
e0147,amenaza_lideres,DUDOSO,DUDOSO,https://diariodelnorte.net/judiciales/ediles-de-paraguachon-denuncian-amenazas-tras-recibir-video-intimidante/,False
e0147,danos_ambientales,NO,NO,https://diariodelnorte.net/judiciales/ediles-de-paraguachon-denuncian-amenazas-tras-recibir-video-intimidante/,False
e0147,protesta_social,NO,NO,https://diariodelnorte.net/judiciales/ediles-de-paraguachon-denuncian-amenazas-tras-recibir-video-intimidante/,False
e0147,reasentamiento,NO,NO,https://diariodelnorte.net/judiciales/ediles-de-paraguachon-denuncian-amenazas-tras-recibir-video-intimidante/,False
e0147,violacion_derechos_humanos,NO,NO,https://diariodelnorte.net/judiciales/ediles-de-paraguachon-denuncian-amenazas-tras-recibir-video-intimidante/,False
e0148,amenaza_intimidacion,DUDOSO,NO,https://www.eltiempo.com/colombia/otras-ciudades/piratas-terrestres-vuelven-a-sembrar-terror-en-la-guajira-hombres-armados-asaltan-vehiculo-en-plena-via-y-quedan-en-video-3553317,False
e0148,amenaza_lideres,NO,NO,https://www.eltiempo.com/colombia/otras-ciudades/piratas-terrestres-vuelven-a-sembrar-terror-en-la-guajira-hombres-armados-asaltan-vehiculo-en-plena-via-y-quedan-en-video-3553317,False
e0148,danos_ambientales,NO,NO,https://www.eltiempo.com/colombia/otras-ciudades/piratas-terrestres-vuelven-a-sembrar-terror-en-la-guajira-hombres-armados-asaltan-vehiculo-en-plena-via-y-quedan-en-video-3553317,False
e0148,protesta_social,NO,NO,https://www.eltiempo.com/colombia/otras-ciudades/piratas-terrestres-vuelven-a-sembrar-terror-en-la-guajira-hombres-armados-asaltan-vehiculo-en-plena-via-y-quedan-en-video-3553317,False
e0148,reasentamiento,NO,NO,https://www.eltiempo.com/colombia/otras-ciudades/piratas-terrestres-vuelven-a-sembrar-terror-en-la-guajira-hombres-armados-asaltan-vehiculo-en-plena-via-y-quedan-en-video-3553317,False
e0148,violacion_derechos_humanos,NO,NO,https://www.eltiempo.com/colombia/otras-ciudades/piratas-terrestres-vuelven-a-sembrar-terror-en-la-guajira-hombres-armados-asaltan-vehiculo-en-plena-via-y-quedan-en-video-3553317,False
e0149,amenaza_intimidacion,NO,NO,https://diariodelnorte.net/judiciales/se-levanta-bloqueo-en-la-via-maicao-riohacha-tras-acuerdos-con-comunidad-indigena/,False
e0149,amenaza_lideres,NO,NO,https://diariodelnorte.net/judiciales/se-levanta-bloqueo-en-la-via-maicao-riohacha-tras-acuerdos-con-comunidad-indigena/,False
e0149,danos_ambientales,NO,NO,https://diariodelnorte.net/judiciales/se-levanta-bloqueo-en-la-via-maicao-riohacha-tras-acuerdos-con-comunidad-indigena/,False
e0149,protesta_social,SI,SI,https://diariodelnorte.net/judiciales/se-levanta-bloqueo-en-la-via-maicao-riohacha-tras-acuerdos-con-comunidad-indigena/,True
e0149,reasentamiento,NO,NO,https://diariodelnorte.net/judiciales/se-levanta-bloqueo-en-la-via-maicao-riohacha-tras-acuerdos-con-comunidad-indigena/,False
e0149,violacion_derechos_humanos,NO,NO,https://diariodelnorte.net/judiciales/se-levanta-bloqueo-en-la-via-maicao-riohacha-tras-acuerdos-con-comunidad-indigena/,False
e0150,amenaza_intimidacion,NO,NO,https://www.eltiempo.com/bogota/arriba-bogota-emision-5-de-septiembre-de-2023-802680,False
e0150,amenaza_lideres,NO,NO,https://www.eltiempo.com/bogota/arriba-bogota-emision-5-de-septiembre-de-2023-802680,False
e0150,danos_ambientales,DUDOSO,NO,https://www.eltiempo.com/bogota/arriba-bogota-emision-5-de-septiembre-de-2023-802680,False
e0150,protesta_social,SI,SI,https://www.eltiempo.com/bogota/arriba-bogota-emision-5-de-septiembre-de-2023-802680,True
e0150,reasentamiento,NO,NO,https://www.eltiempo.com/bogota/arriba-bogota-emision-5-de-septiembre-de-2023-802680,False
e0150,violacion_derechos_humanos,NO,NO,https://www.eltiempo.com/bogota/arriba-bogota-emision-5-de-septiembre-de-2023-802680,False
e0151,amenaza_intimidacion,SI,SI,https://diariodelnorte.net/judiciales/autoridades-capturan-a-13-personas-en-maicao-por-homicidio-extorsion-y-microtrafico/,True
e0151,amenaza_lideres,NO,NO,https://diariodelnorte.net/judiciales/autoridades-capturan-a-13-personas-en-maicao-por-homicidio-extorsion-y-microtrafico/,False
e0151,danos_ambientales,NO,NO,https://diariodelnorte.net/judiciales/autoridades-capturan-a-13-personas-en-maicao-por-homicidio-extorsion-y-microtrafico/,False
e0151,protesta_social,NO,NO,https://diariodelnorte.net/judiciales/autoridades-capturan-a-13-personas-en-maicao-por-homicidio-extorsion-y-microtrafico/,False
e0151,reasentamiento,NO,NO,https://diariodelnorte.net/judiciales/autoridades-capturan-a-13-personas-en-maicao-por-homicidio-extorsion-y-microtrafico/,False
e0151,violacion_derechos_humanos,NO,NO,https://diariodelnorte.net/judiciales/autoridades-capturan-a-13-personas-en-maicao-por-homicidio-extorsion-y-microtrafico/,False
e0152,amenaza_intimidacion,NO,NO,https://diariodelcauca.com.co/lideresa-edilsan-andrade-fue-asesinada-en-rosas-cauca/,False
e0152,amenaza_lideres,SI,SI,https://diariodelcauca.com.co/lideresa-edilsan-andrade-fue-asesinada-en-rosas-cauca/,True
e0152,danos_ambientales,NO,NO,https://diariodelcauca.com.co/lideresa-edilsan-andrade-fue-asesinada-en-rosas-cauca/,False
e0152,protesta_social,NO,NO,https://diariodelcauca.com.co/lideresa-edilsan-andrade-fue-asesinada-en-rosas-cauca/,False
e0152,reasentamiento,NO,NO,https://diariodelcauca.com.co/lideresa-edilsan-andrade-fue-asesinada-en-rosas-cauca/,False
e0152,violacion_derechos_humanos,SI,NO,https://diariodelcauca.com.co/lideresa-edilsan-andrade-fue-asesinada-en-rosas-cauca/,False
e0153,amenaza_intimidacion,NO,NO,https://choco7dias.com/el-abogado-de-los-indigenas-del-choco-memoria-de-jairo-velasquez-primera-parte/,False
e0153,amenaza_lideres,NO,NO,https://choco7dias.com/el-abogado-de-los-indigenas-del-choco-memoria-de-jairo-velasquez-primera-parte/,False
e0153,danos_ambientales,NO,NO,https://choco7dias.com/el-abogado-de-los-indigenas-del-choco-memoria-de-jairo-velasquez-primera-parte/,False
e0153,protesta_social,NO,NO,https://choco7dias.com/el-abogado-de-los-indigenas-del-choco-memoria-de-jairo-velasquez-primera-parte/,False
e0153,reasentamiento,NO,NO,https://choco7dias.com/el-abogado-de-los-indigenas-del-choco-memoria-de-jairo-velasquez-primera-parte/,False
e0153,violacion_derechos_humanos,NO,NO,https://choco7dias.com/el-abogado-de-los-indigenas-del-choco-memoria-de-jairo-velasquez-primera-parte/,False
e0154,amenaza_intimidacion,NO,NO,https://www.elcolombiano.com/medellin/victimas-de-desplazamiento-forzado-en-medellin-mas-de-3000-casos-en-el-primer-semestre-de-2023-AJ21935588,False
e0154,amenaza_lideres,NO,NO,https://www.elcolombiano.com/medellin/victimas-de-desplazamiento-forzado-en-medellin-mas-de-3000-casos-en-el-primer-semestre-de-2023-AJ21935588,False
e0154,danos_ambientales,NO,NO,https://www.elcolombiano.com/medellin/victimas-de-desplazamiento-forzado-en-medellin-mas-de-3000-casos-en-el-primer-semestre-de-2023-AJ21935588,False
e0154,protesta_social,NO,NO,https://www.elcolombiano.com/medellin/victimas-de-desplazamiento-forzado-en-medellin-mas-de-3000-casos-en-el-primer-semestre-de-2023-AJ21935588,False
e0154,reasentamiento,NO,NO,https://www.elcolombiano.com/medellin/victimas-de-desplazamiento-forzado-en-medellin-mas-de-3000-casos-en-el-primer-semestre-de-2023-AJ21935588,False
e0154,violacion_derechos_humanos,SI,DUDOSO,https://www.elcolombiano.com/medellin/victimas-de-desplazamiento-forzado-en-medellin-mas-de-3000-casos-en-el-primer-semestre-de-2023-AJ21935588,False
e0155,amenaza_intimidacion,NO,DUDOSO,https://www.eltiempo.com/bogota/carcel-para-exconcejal-de-cundinamarca-que-cobro-1-200-millones-para-favorecer-proyecto-796007,False
e0155,amenaza_lideres,NO,NO,https://www.eltiempo.com/bogota/carcel-para-exconcejal-de-cundinamarca-que-cobro-1-200-millones-para-favorecer-proyecto-796007,False
e0155,danos_ambientales,NO,NO,https://www.eltiempo.com/bogota/carcel-para-exconcejal-de-cundinamarca-que-cobro-1-200-millones-para-favorecer-proyecto-796007,False
e0155,protesta_social,NO,NO,https://www.eltiempo.com/bogota/carcel-para-exconcejal-de-cundinamarca-que-cobro-1-200-millones-para-favorecer-proyecto-796007,False
e0155,reasentamiento,NO,NO,https://www.eltiempo.com/bogota/carcel-para-exconcejal-de-cundinamarca-que-cobro-1-200-millones-para-favorecer-proyecto-796007,False
e0155,violacion_derechos_humanos,NO,NO,https://www.eltiempo.com/bogota/carcel-para-exconcejal-de-cundinamarca-que-cobro-1-200-millones-para-favorecer-proyecto-796007,False
e0156,amenaza_intimidacion,NO,NO,https://diariodelcauca.com.co/luis-fernando-velasco-viajo-al-cauca-esperamos-que-cumplan-su-palabra/,False
e0156,amenaza_lideres,NO,NO,https://diariodelcauca.com.co/luis-fernando-velasco-viajo-al-cauca-esperamos-que-cumplan-su-palabra/,False
e0156,danos_ambientales,NO,NO,https://diariodelcauca.com.co/luis-fernando-velasco-viajo-al-cauca-esperamos-que-cumplan-su-palabra/,False
e0156,protesta_social,SI,SI,https://diariodelcauca.com.co/luis-fernando-velasco-viajo-al-cauca-esperamos-que-cumplan-su-palabra/,True
e0156,reasentamiento,NO,NO,https://diariodelcauca.com.co/luis-fernando-velasco-viajo-al-cauca-esperamos-que-cumplan-su-palabra/,False
e0156,violacion_derechos_humanos,NO,NO,https://diariodelcauca.com.co/luis-fernando-velasco-viajo-al-cauca-esperamos-que-cumplan-su-palabra/,False
e0157,amenaza_intimidacion,NO,NO,https://www.elcolombiano.com/antioquia/mineria-ilegal-y-paro-en-el-bajo-cauca-y-nordeste-de-antioquia-PN20691817,False
e0157,amenaza_lideres,NO,NO,https://www.elcolombiano.com/antioquia/mineria-ilegal-y-paro-en-el-bajo-cauca-y-nordeste-de-antioquia-PN20691817,False
e0157,danos_ambientales,SI,SI,https://www.elcolombiano.com/antioquia/mineria-ilegal-y-paro-en-el-bajo-cauca-y-nordeste-de-antioquia-PN20691817,True
e0157,protesta_social,SI,SI,https://www.elcolombiano.com/antioquia/mineria-ilegal-y-paro-en-el-bajo-cauca-y-nordeste-de-antioquia-PN20691817,True
e0157,reasentamiento,NO,NO,https://www.elcolombiano.com/antioquia/mineria-ilegal-y-paro-en-el-bajo-cauca-y-nordeste-de-antioquia-PN20691817,False
e0157,violacion_derechos_humanos,NO,NO,https://www.elcolombiano.com/antioquia/mineria-ilegal-y-paro-en-el-bajo-cauca-y-nordeste-de-antioquia-PN20691817,False
e0158,amenaza_intimidacion,NO,NO,https://www.elcolombiano.com/opinion/columnistas/pactemos-por-colombia-por-antioquia-por-medellin-DJ20837015,False
e0158,amenaza_lideres,NO,NO,https://www.elcolombiano.com/opinion/columnistas/pactemos-por-colombia-por-antioquia-por-medellin-DJ20837015,False
e0158,danos_ambientales,NO,NO,https://www.elcolombiano.com/opinion/columnistas/pactemos-por-colombia-por-antioquia-por-medellin-DJ20837015,False
e0158,protesta_social,NO,NO,https://www.elcolombiano.com/opinion/columnistas/pactemos-por-colombia-por-antioquia-por-medellin-DJ20837015,False
e0158,reasentamiento,NO,NO,https://www.elcolombiano.com/opinion/columnistas/pactemos-por-colombia-por-antioquia-por-medellin-DJ20837015,False
e0158,violacion_derechos_humanos,NO,NO,https://www.elcolombiano.com/opinion/columnistas/pactemos-por-colombia-por-antioquia-por-medellin-DJ20837015,False
e0159,amenaza_intimidacion,NO,NO,https://www.elcolombiano.com/antioquia/aca-las-campanas-se-imponen-polemica-respuesta-de-juan-d-gomez-en-el-conversatorio-no-apto-para-fanaticos-sobre-el-pacto-de-indiana-OA22000187,False
e0159,amenaza_lideres,NO,NO,https://www.elcolombiano.com/antioquia/aca-las-campanas-se-imponen-polemica-respuesta-de-juan-d-gomez-en-el-conversatorio-no-apto-para-fanaticos-sobre-el-pacto-de-indiana-OA22000187,False
e0159,danos_ambientales,NO,NO,https://www.elcolombiano.com/antioquia/aca-las-campanas-se-imponen-polemica-respuesta-de-juan-d-gomez-en-el-conversatorio-no-apto-para-fanaticos-sobre-el-pacto-de-indiana-OA22000187,False
e0159,protesta_social,NO,NO,https://www.elcolombiano.com/antioquia/aca-las-campanas-se-imponen-polemica-respuesta-de-juan-d-gomez-en-el-conversatorio-no-apto-para-fanaticos-sobre-el-pacto-de-indiana-OA22000187,False
e0159,reasentamiento,NO,NO,https://www.elcolombiano.com/antioquia/aca-las-campanas-se-imponen-polemica-respuesta-de-juan-d-gomez-en-el-conversatorio-no-apto-para-fanaticos-sobre-el-pacto-de-indiana-OA22000187,False
e0159,violacion_derechos_humanos,NO,NO,https://www.elcolombiano.com/antioquia/aca-las-campanas-se-imponen-polemica-respuesta-de-juan-d-gomez-en-el-conversatorio-no-apto-para-fanaticos-sobre-el-pacto-de-indiana-OA22000187,False
e0160,amenaza_intimidacion,SI,DUDOSO,https://www.elcolombiano.com/colombia/defensor-del-pueblo-prende-las-alarmas-a-una-semana-de-las-elecciones-regionales-MG22719342,False
e0160,amenaza_lideres,SI,DUDOSO,https://www.elcolombiano.com/colombia/defensor-del-pueblo-prende-las-alarmas-a-una-semana-de-las-elecciones-regionales-MG22719342,False
e0160,danos_ambientales,NO,NO,https://www.elcolombiano.com/colombia/defensor-del-pueblo-prende-las-alarmas-a-una-semana-de-las-elecciones-regionales-MG22719342,False
e0160,protesta_social,NO,NO,https://www.elcolombiano.com/colombia/defensor-del-pueblo-prende-las-alarmas-a-una-semana-de-las-elecciones-regionales-MG22719342,False
e0160,reasentamiento,NO,NO,https://www.elcolombiano.com/colombia/defensor-del-pueblo-prende-las-alarmas-a-una-semana-de-las-elecciones-regionales-MG22719342,False
e0160,violacion_derechos_humanos,DUDOSO,NO,https://www.elcolombiano.com/colombia/defensor-del-pueblo-prende-las-alarmas-a-una-semana-de-las-elecciones-regionales-MG22719342,False
e0161,amenaza_intimidacion,NO,NO,https://www.eltiempo.com/bogota/glamping-de-manta-donde-murio-mujer-investigado-por-superintendencia-740531,False
e0161,amenaza_lideres,NO,NO,https://www.eltiempo.com/bogota/glamping-de-manta-donde-murio-mujer-investigado-por-superintendencia-740531,False
e0161,danos_ambientales,NO,NO,https://www.eltiempo.com/bogota/glamping-de-manta-donde-murio-mujer-investigado-por-superintendencia-740531,False
e0161,protesta_social,NO,NO,https://www.eltiempo.com/bogota/glamping-de-manta-donde-murio-mujer-investigado-por-superintendencia-740531,False
e0161,reasentamiento,NO,NO,https://www.eltiempo.com/bogota/glamping-de-manta-donde-murio-mujer-investigado-por-superintendencia-740531,False
e0161,violacion_derechos_humanos,NO,NO,https://www.eltiempo.com/bogota/glamping-de-manta-donde-murio-mujer-investigado-por-superintendencia-740531,False
e0162,amenaza_intimidacion,NO,NO,https://diariodelnorte.net/laguajira/maicao-se-posiciona-en-la-agenda-global-de-migracion-margarita-crespo-habib-lidera-representacion-ante-la-onu/,False
e0162,amenaza_lideres,NO,NO,https://diariodelnorte.net/laguajira/maicao-se-posiciona-en-la-agenda-global-de-migracion-margarita-crespo-habib-lidera-representacion-ante-la-onu/,False
e0162,danos_ambientales,NO,NO,https://diariodelnorte.net/laguajira/maicao-se-posiciona-en-la-agenda-global-de-migracion-margarita-crespo-habib-lidera-representacion-ante-la-onu/,False
e0162,protesta_social,NO,NO,https://diariodelnorte.net/laguajira/maicao-se-posiciona-en-la-agenda-global-de-migracion-margarita-crespo-habib-lidera-representacion-ante-la-onu/,False
e0162,reasentamiento,NO,NO,https://diariodelnorte.net/laguajira/maicao-se-posiciona-en-la-agenda-global-de-migracion-margarita-crespo-habib-lidera-representacion-ante-la-onu/,False
e0162,violacion_derechos_humanos,NO,NO,https://diariodelnorte.net/laguajira/maicao-se-posiciona-en-la-agenda-global-de-migracion-margarita-crespo-habib-lidera-representacion-ante-la-onu/,False
e0163,amenaza_intimidacion,NO,NO,https://www.elcolombiano.com/antioquia/gobernador-anibal-gaviria-pide-ajustes-a-la-paz-de-gustavo-petro-HN20783136,False
e0163,amenaza_lideres,NO,NO,https://www.elcolombiano.com/antioquia/gobernador-anibal-gaviria-pide-ajustes-a-la-paz-de-gustavo-petro-HN20783136,False
e0163,danos_ambientales,NO,NO,https://www.elcolombiano.com/antioquia/gobernador-anibal-gaviria-pide-ajustes-a-la-paz-de-gustavo-petro-HN20783136,False
e0163,protesta_social,SI,SI,https://www.elcolombiano.com/antioquia/gobernador-anibal-gaviria-pide-ajustes-a-la-paz-de-gustavo-petro-HN20783136,True
e0163,reasentamiento,NO,NO,https://www.elcolombiano.com/antioquia/gobernador-anibal-gaviria-pide-ajustes-a-la-paz-de-gustavo-petro-HN20783136,False
e0163,violacion_derechos_humanos,NO,NO,https://www.elcolombiano.com/antioquia/gobernador-anibal-gaviria-pide-ajustes-a-la-paz-de-gustavo-petro-HN20783136,False
e0164,amenaza_intimidacion,NO,NO,https://laguajirahoy.com/maicao-3/docentes-levantan-bloqueo-en-maicao-tras-confirmacion-de-sus-pagos.html,False
e0164,amenaza_lideres,NO,NO,https://laguajirahoy.com/maicao-3/docentes-levantan-bloqueo-en-maicao-tras-confirmacion-de-sus-pagos.html,False
e0164,danos_ambientales,NO,NO,https://laguajirahoy.com/maicao-3/docentes-levantan-bloqueo-en-maicao-tras-confirmacion-de-sus-pagos.html,False
e0164,protesta_social,SI,SI,https://laguajirahoy.com/maicao-3/docentes-levantan-bloqueo-en-maicao-tras-confirmacion-de-sus-pagos.html,True
e0164,reasentamiento,NO,NO,https://laguajirahoy.com/maicao-3/docentes-levantan-bloqueo-en-maicao-tras-confirmacion-de-sus-pagos.html,False
e0164,violacion_derechos_humanos,NO,NO,https://laguajirahoy.com/maicao-3/docentes-levantan-bloqueo-en-maicao-tras-confirmacion-de-sus-pagos.html,False
e0165,amenaza_intimidacion,NO,NO,https://diariodelcauca.com.co/protestas-en-popayan-por-crisis-humanitaria/,False
e0165,amenaza_lideres,NO,NO,https://diariodelcauca.com.co/protestas-en-popayan-por-crisis-humanitaria/,False
e0165,danos_ambientales,NO,NO,https://diariodelcauca.com.co/protestas-en-popayan-por-crisis-humanitaria/,False
e0165,protesta_social,DUDOSO,DUDOSO,https://diariodelcauca.com.co/protestas-en-popayan-por-crisis-humanitaria/,False
e0165,reasentamiento,NO,NO,https://diariodelcauca.com.co/protestas-en-popayan-por-crisis-humanitaria/,False
e0165,violacion_derechos_humanos,NO,NO,https://diariodelcauca.com.co/protestas-en-popayan-por-crisis-humanitaria/,False
e0166,amenaza_intimidacion,SI,SI,https://www.elcolombiano.com/antioquia/docentes-de-antioquia-reubicados-por-amenazas-de-grupos-armados-GD21553713,True
e0166,amenaza_lideres,NO,NO,https://www.elcolombiano.com/antioquia/docentes-de-antioquia-reubicados-por-amenazas-de-grupos-armados-GD21553713,False
e0166,danos_ambientales,NO,NO,https://www.elcolombiano.com/antioquia/docentes-de-antioquia-reubicados-por-amenazas-de-grupos-armados-GD21553713,False
e0166,protesta_social,NO,NO,https://www.elcolombiano.com/antioquia/docentes-de-antioquia-reubicados-por-amenazas-de-grupos-armados-GD21553713,False
e0166,reasentamiento,DUDOSO,NO,https://www.elcolombiano.com/antioquia/docentes-de-antioquia-reubicados-por-amenazas-de-grupos-armados-GD21553713,False
e0166,violacion_derechos_humanos,DUDOSO,DUDOSO,https://www.elcolombiano.com/antioquia/docentes-de-antioquia-reubicados-por-amenazas-de-grupos-armados-GD21553713,False
e0167,amenaza_intimidacion,NO,NO,https://www.eltiempo.com/justicia/delitos/cayo-presunto-homicida-de-un-hombre-en-chipaque-cundinamarca-772794,False
e0167,amenaza_lideres,NO,NO,https://www.eltiempo.com/justicia/delitos/cayo-presunto-homicida-de-un-hombre-en-chipaque-cundinamarca-772794,False
e0167,danos_ambientales,NO,NO,https://www.eltiempo.com/justicia/delitos/cayo-presunto-homicida-de-un-hombre-en-chipaque-cundinamarca-772794,False
e0167,protesta_social,NO,NO,https://www.eltiempo.com/justicia/delitos/cayo-presunto-homicida-de-un-hombre-en-chipaque-cundinamarca-772794,False
e0167,reasentamiento,NO,NO,https://www.eltiempo.com/justicia/delitos/cayo-presunto-homicida-de-un-hombre-en-chipaque-cundinamarca-772794,False
e0167,violacion_derechos_humanos,NO,NO,https://www.eltiempo.com/justicia/delitos/cayo-presunto-homicida-de-un-hombre-en-chipaque-cundinamarca-772794,False
e0168,amenaza_intimidacion,NO,NO,https://diariodelnorte.net/judiciales/ejercito-confirma-que-alias-nain-y-su-pareja-escaparon-tras-combates-en-dibulla/,False
e0168,amenaza_lideres,NO,NO,https://diariodelnorte.net/judiciales/ejercito-confirma-que-alias-nain-y-su-pareja-escaparon-tras-combates-en-dibulla/,False
e0168,danos_ambientales,NO,NO,https://diariodelnorte.net/judiciales/ejercito-confirma-que-alias-nain-y-su-pareja-escaparon-tras-combates-en-dibulla/,False
e0168,protesta_social,NO,NO,https://diariodelnorte.net/judiciales/ejercito-confirma-que-alias-nain-y-su-pareja-escaparon-tras-combates-en-dibulla/,False
e0168,reasentamiento,NO,NO,https://diariodelnorte.net/judiciales/ejercito-confirma-que-alias-nain-y-su-pareja-escaparon-tras-combates-en-dibulla/,False
e0168,violacion_derechos_humanos,NO,NO,https://diariodelnorte.net/judiciales/ejercito-confirma-que-alias-nain-y-su-pareja-escaparon-tras-combates-en-dibulla/,False
e0169,amenaza_intimidacion,NO,NO,https://www.eltiempo.com/bogota/quetame-en-que-va-la-recuperacion-de-naranjal-tras-la-emergencia-798520,False
e0169,amenaza_lideres,NO,NO,https://www.eltiempo.com/bogota/quetame-en-que-va-la-recuperacion-de-naranjal-tras-la-emergencia-798520,False
e0169,danos_ambientales,NO,NO,https://www.eltiempo.com/bogota/quetame-en-que-va-la-recuperacion-de-naranjal-tras-la-emergencia-798520,False
e0169,protesta_social,NO,NO,https://www.eltiempo.com/bogota/quetame-en-que-va-la-recuperacion-de-naranjal-tras-la-emergencia-798520,False
e0169,reasentamiento,DUDOSO,DUDOSO,https://www.eltiempo.com/bogota/quetame-en-que-va-la-recuperacion-de-naranjal-tras-la-emergencia-798520,False
e0169,violacion_derechos_humanos,NO,NO,https://www.eltiempo.com/bogota/quetame-en-que-va-la-recuperacion-de-naranjal-tras-la-emergencia-798520,False
e0170,amenaza_intimidacion,DUDOSO,NO,https://diariodelcauca.com.co/banda-criminal-la-familia-fue-capturada-por-la-policia-de-bogota/,False
e0170,amenaza_lideres,NO,NO,https://diariodelcauca.com.co/banda-criminal-la-familia-fue-capturada-por-la-policia-de-bogota/,False
e0170,danos_ambientales,NO,NO,https://diariodelcauca.com.co/banda-criminal-la-familia-fue-capturada-por-la-policia-de-bogota/,False
e0170,protesta_social,NO,NO,https://diariodelcauca.com.co/banda-criminal-la-familia-fue-capturada-por-la-policia-de-bogota/,False
e0170,reasentamiento,NO,NO,https://diariodelcauca.com.co/banda-criminal-la-familia-fue-capturada-por-la-policia-de-bogota/,False
e0170,violacion_derechos_humanos,NO,NO,https://diariodelcauca.com.co/banda-criminal-la-familia-fue-capturada-por-la-policia-de-bogota/,False
e0171,amenaza_intimidacion,NO,NO,https://choco7dias.com/litoral-del-san-juan-30-anos/,False
e0171,amenaza_lideres,NO,NO,https://choco7dias.com/litoral-del-san-juan-30-anos/,False
e0171,danos_ambientales,NO,NO,https://choco7dias.com/litoral-del-san-juan-30-anos/,False
e0171,protesta_social,NO,NO,https://choco7dias.com/litoral-del-san-juan-30-anos/,False
e0171,reasentamiento,NO,NO,https://choco7dias.com/litoral-del-san-juan-30-anos/,False
e0171,violacion_derechos_humanos,NO,NO,https://choco7dias.com/litoral-del-san-juan-30-anos/,False
e0172,amenaza_intimidacion,SI,SI,https://www.eltiempo.com/justicia/conflicto-y-narcotrafico/caen-tres-presuntos-integrantes-del-eln-en-maicao-la-guajira-estarian-encargados-de-realizar-extorsiones-a-pequenos-y-medianos-comerciantes-3493365,True
e0172,amenaza_lideres,NO,NO,https://www.eltiempo.com/justicia/conflicto-y-narcotrafico/caen-tres-presuntos-integrantes-del-eln-en-maicao-la-guajira-estarian-encargados-de-realizar-extorsiones-a-pequenos-y-medianos-comerciantes-3493365,False
e0172,danos_ambientales,NO,NO,https://www.eltiempo.com/justicia/conflicto-y-narcotrafico/caen-tres-presuntos-integrantes-del-eln-en-maicao-la-guajira-estarian-encargados-de-realizar-extorsiones-a-pequenos-y-medianos-comerciantes-3493365,False
e0172,protesta_social,NO,NO,https://www.eltiempo.com/justicia/conflicto-y-narcotrafico/caen-tres-presuntos-integrantes-del-eln-en-maicao-la-guajira-estarian-encargados-de-realizar-extorsiones-a-pequenos-y-medianos-comerciantes-3493365,False
e0172,reasentamiento,NO,NO,https://www.eltiempo.com/justicia/conflicto-y-narcotrafico/caen-tres-presuntos-integrantes-del-eln-en-maicao-la-guajira-estarian-encargados-de-realizar-extorsiones-a-pequenos-y-medianos-comerciantes-3493365,False
e0172,violacion_derechos_humanos,DUDOSO,NO,https://www.eltiempo.com/justicia/conflicto-y-narcotrafico/caen-tres-presuntos-integrantes-del-eln-en-maicao-la-guajira-estarian-encargados-de-realizar-extorsiones-a-pequenos-y-medianos-comerciantes-3493365,False
e0173,amenaza_intimidacion,NO,NO,https://www.eltiempo.com/bogota/cundinamarca-la-baraja-de-candidatos-a-la-alcaldia-de-la-calera-800858,False
e0173,amenaza_lideres,NO,NO,https://www.eltiempo.com/bogota/cundinamarca-la-baraja-de-candidatos-a-la-alcaldia-de-la-calera-800858,False
e0173,danos_ambientales,NO,NO,https://www.eltiempo.com/bogota/cundinamarca-la-baraja-de-candidatos-a-la-alcaldia-de-la-calera-800858,False
e0173,protesta_social,DUDOSO,SI,https://www.eltiempo.com/bogota/cundinamarca-la-baraja-de-candidatos-a-la-alcaldia-de-la-calera-800858,False
e0173,reasentamiento,NO,NO,https://www.eltiempo.com/bogota/cundinamarca-la-baraja-de-candidatos-a-la-alcaldia-de-la-calera-800858,False
e0173,violacion_derechos_humanos,NO,NO,https://www.eltiempo.com/bogota/cundinamarca-la-baraja-de-candidatos-a-la-alcaldia-de-la-calera-800858,False
e0174,amenaza_intimidacion,NO,NO,https://diariodelnorte.net/editorial/lanchas-entre-la-urgencia-y-las-dudas/,False
e0174,amenaza_lideres,NO,NO,https://diariodelnorte.net/editorial/lanchas-entre-la-urgencia-y-las-dudas/,False
e0174,danos_ambientales,NO,NO,https://diariodelnorte.net/editorial/lanchas-entre-la-urgencia-y-las-dudas/,False
e0174,protesta_social,NO,NO,https://diariodelnorte.net/editorial/lanchas-entre-la-urgencia-y-las-dudas/,False
e0174,reasentamiento,NO,NO,https://diariodelnorte.net/editorial/lanchas-entre-la-urgencia-y-las-dudas/,False
e0174,violacion_derechos_humanos,NO,NO,https://diariodelnorte.net/editorial/lanchas-entre-la-urgencia-y-las-dudas/,False
e0175,amenaza_intimidacion,NO,NO,https://diariodelnorte.net/judiciales/dirigente-politico-y-gerente-de-una-ipsi-resulta-herido-en-hechos-confusos-en-la-via-maicao-carraipia/,False
e0175,amenaza_lideres,SI,SI,https://diariodelnorte.net/judiciales/dirigente-politico-y-gerente-de-una-ipsi-resulta-herido-en-hechos-confusos-en-la-via-maicao-carraipia/,True
e0175,danos_ambientales,NO,NO,https://diariodelnorte.net/judiciales/dirigente-politico-y-gerente-de-una-ipsi-resulta-herido-en-hechos-confusos-en-la-via-maicao-carraipia/,False
e0175,protesta_social,NO,NO,https://diariodelnorte.net/judiciales/dirigente-politico-y-gerente-de-una-ipsi-resulta-herido-en-hechos-confusos-en-la-via-maicao-carraipia/,False
e0175,reasentamiento,NO,NO,https://diariodelnorte.net/judiciales/dirigente-politico-y-gerente-de-una-ipsi-resulta-herido-en-hechos-confusos-en-la-via-maicao-carraipia/,False
e0175,violacion_derechos_humanos,DUDOSO,NO,https://diariodelnorte.net/judiciales/dirigente-politico-y-gerente-de-una-ipsi-resulta-herido-en-hechos-confusos-en-la-via-maicao-carraipia/,False
e0176,amenaza_intimidacion,NO,NO,https://www.eltiempo.com/bogota/decretan-alerta-naranja-por-incendios-forestales-en-cundinamarca-740334,False
e0176,amenaza_lideres,NO,NO,https://www.eltiempo.com/bogota/decretan-alerta-naranja-por-incendios-forestales-en-cundinamarca-740334,False
e0176,danos_ambientales,SI,SI,https://www.eltiempo.com/bogota/decretan-alerta-naranja-por-incendios-forestales-en-cundinamarca-740334,True
e0176,protesta_social,NO,NO,https://www.eltiempo.com/bogota/decretan-alerta-naranja-por-incendios-forestales-en-cundinamarca-740334,False
e0176,reasentamiento,NO,NO,https://www.eltiempo.com/bogota/decretan-alerta-naranja-por-incendios-forestales-en-cundinamarca-740334,False
e0176,violacion_derechos_humanos,NO,NO,https://www.eltiempo.com/bogota/decretan-alerta-naranja-por-incendios-forestales-en-cundinamarca-740334,False
e0177,amenaza_intimidacion,NO,NO,https://diariodelcauca.com.co/don-chirimias-12/,False
e0177,amenaza_lideres,NO,NO,https://diariodelcauca.com.co/don-chirimias-12/,False
e0177,danos_ambientales,NO,NO,https://diariodelcauca.com.co/don-chirimias-12/,False
e0177,protesta_social,NO,NO,https://diariodelcauca.com.co/don-chirimias-12/,False
e0177,reasentamiento,NO,NO,https://diariodelcauca.com.co/don-chirimias-12/,False
e0177,violacion_derechos_humanos,DUDOSO,NO,https://diariodelcauca.com.co/don-chirimias-12/,False
e0178,amenaza_intimidacion,SI,SI,https://laguajirahoy.com/judiciales/por-presion-de-autoridades-venezolanas-captores-liberan-secuestrados-colombianos.html,True
e0178,amenaza_lideres,NO,NO,https://laguajirahoy.com/judiciales/por-presion-de-autoridades-venezolanas-captores-liberan-secuestrados-colombianos.html,False
e0178,danos_ambientales,NO,NO,https://laguajirahoy.com/judiciales/por-presion-de-autoridades-venezolanas-captores-liberan-secuestrados-colombianos.html,False
e0178,protesta_social,NO,NO,https://laguajirahoy.com/judiciales/por-presion-de-autoridades-venezolanas-captores-liberan-secuestrados-colombianos.html,False
e0178,reasentamiento,NO,NO,https://laguajirahoy.com/judiciales/por-presion-de-autoridades-venezolanas-captores-liberan-secuestrados-colombianos.html,False
e0178,violacion_derechos_humanos,DUDOSO,NO,https://laguajirahoy.com/judiciales/por-presion-de-autoridades-venezolanas-captores-liberan-secuestrados-colombianos.html,False
e0179,amenaza_intimidacion,NO,NO,https://diariodelnorte.net/laguajira/movimiento-quinto-poder-presenta-propuestas-para-el-desarrollo-de-la-guajira/,False
e0179,amenaza_lideres,NO,NO,https://diariodelnorte.net/laguajira/movimiento-quinto-poder-presenta-propuestas-para-el-desarrollo-de-la-guajira/,False
e0179,danos_ambientales,NO,NO,https://diariodelnorte.net/laguajira/movimiento-quinto-poder-presenta-propuestas-para-el-desarrollo-de-la-guajira/,False
e0179,protesta_social,NO,NO,https://diariodelnorte.net/laguajira/movimiento-quinto-poder-presenta-propuestas-para-el-desarrollo-de-la-guajira/,False
e0179,reasentamiento,NO,NO,https://diariodelnorte.net/laguajira/movimiento-quinto-poder-presenta-propuestas-para-el-desarrollo-de-la-guajira/,False
e0179,violacion_derechos_humanos,NO,NO,https://diariodelnorte.net/laguajira/movimiento-quinto-poder-presenta-propuestas-para-el-desarrollo-de-la-guajira/,False
e0180,amenaza_intimidacion,NO,NO,https://choco7dias.com/no-vamos-bien-con-la-paz-leyner-palacios/,False
e0180,amenaza_lideres,NO,NO,https://choco7dias.com/no-vamos-bien-con-la-paz-leyner-palacios/,False
e0180,danos_ambientales,NO,NO,https://choco7dias.com/no-vamos-bien-con-la-paz-leyner-palacios/,False
e0180,protesta_social,NO,NO,https://choco7dias.com/no-vamos-bien-con-la-paz-leyner-palacios/,False
e0180,reasentamiento,NO,NO,https://choco7dias.com/no-vamos-bien-con-la-paz-leyner-palacios/,False
e0180,violacion_derechos_humanos,DUDOSO,DUDOSO,https://choco7dias.com/no-vamos-bien-con-la-paz-leyner-palacios/,False
e0181,amenaza_intimidacion,DUDOSO,NO,https://diariodelcauca.com.co/criminales-habrian-inaugurado-un-pavimento-en-rosario-narino/,False
e0181,amenaza_lideres,NO,NO,https://diariodelcauca.com.co/criminales-habrian-inaugurado-un-pavimento-en-rosario-narino/,False
e0181,danos_ambientales,NO,NO,https://diariodelcauca.com.co/criminales-habrian-inaugurado-un-pavimento-en-rosario-narino/,False
e0181,protesta_social,NO,NO,https://diariodelcauca.com.co/criminales-habrian-inaugurado-un-pavimento-en-rosario-narino/,False
e0181,reasentamiento,NO,NO,https://diariodelcauca.com.co/criminales-habrian-inaugurado-un-pavimento-en-rosario-narino/,False
e0181,violacion_derechos_humanos,NO,NO,https://diariodelcauca.com.co/criminales-habrian-inaugurado-un-pavimento-en-rosario-narino/,False
e0182,amenaza_intimidacion,NO,NO,https://diariodelnorte.net/editorial/lluvias-sinonimo-de-estragos-en-la-guajira/,False
e0182,amenaza_lideres,NO,NO,https://diariodelnorte.net/editorial/lluvias-sinonimo-de-estragos-en-la-guajira/,False
e0182,danos_ambientales,NO,NO,https://diariodelnorte.net/editorial/lluvias-sinonimo-de-estragos-en-la-guajira/,False
e0182,protesta_social,NO,NO,https://diariodelnorte.net/editorial/lluvias-sinonimo-de-estragos-en-la-guajira/,False
e0182,reasentamiento,NO,NO,https://diariodelnorte.net/editorial/lluvias-sinonimo-de-estragos-en-la-guajira/,False
e0182,violacion_derechos_humanos,NO,NO,https://diariodelnorte.net/editorial/lluvias-sinonimo-de-estragos-en-la-guajira/,False
e0183,amenaza_intimidacion,NO,NO,https://www.elcolombiano.com/antioquia/restitucion-de-tierras-a-comunidad-negra-entre-frontino-y-urrao-antioquia-CF23370424,False
e0183,amenaza_lideres,NO,NO,https://www.elcolombiano.com/antioquia/restitucion-de-tierras-a-comunidad-negra-entre-frontino-y-urrao-antioquia-CF23370424,False
e0183,danos_ambientales,NO,NO,https://www.elcolombiano.com/antioquia/restitucion-de-tierras-a-comunidad-negra-entre-frontino-y-urrao-antioquia-CF23370424,False
e0183,protesta_social,NO,NO,https://www.elcolombiano.com/antioquia/restitucion-de-tierras-a-comunidad-negra-entre-frontino-y-urrao-antioquia-CF23370424,False
e0183,reasentamiento,NO,NO,https://www.elcolombiano.com/antioquia/restitucion-de-tierras-a-comunidad-negra-entre-frontino-y-urrao-antioquia-CF23370424,False
e0183,violacion_derechos_humanos,NO,NO,https://www.elcolombiano.com/antioquia/restitucion-de-tierras-a-comunidad-negra-entre-frontino-y-urrao-antioquia-CF23370424,False
e0184,amenaza_intimidacion,NO,NO,https://www.eltiempo.com/colombia/barranquilla/barranquilla-un-avance-para-la-justicia-y-la-democracia-de-la-region-esto-dijo-el-alcalde-char-acerca-de-la-captura-de-nicolas-maduro-3521761,False
e0184,amenaza_lideres,NO,NO,https://www.eltiempo.com/colombia/barranquilla/barranquilla-un-avance-para-la-justicia-y-la-democracia-de-la-region-esto-dijo-el-alcalde-char-acerca-de-la-captura-de-nicolas-maduro-3521761,False
e0184,danos_ambientales,NO,NO,https://www.eltiempo.com/colombia/barranquilla/barranquilla-un-avance-para-la-justicia-y-la-democracia-de-la-region-esto-dijo-el-alcalde-char-acerca-de-la-captura-de-nicolas-maduro-3521761,False
e0184,protesta_social,NO,NO,https://www.eltiempo.com/colombia/barranquilla/barranquilla-un-avance-para-la-justicia-y-la-democracia-de-la-region-esto-dijo-el-alcalde-char-acerca-de-la-captura-de-nicolas-maduro-3521761,False
e0184,reasentamiento,NO,NO,https://www.eltiempo.com/colombia/barranquilla/barranquilla-un-avance-para-la-justicia-y-la-democracia-de-la-region-esto-dijo-el-alcalde-char-acerca-de-la-captura-de-nicolas-maduro-3521761,False
e0184,violacion_derechos_humanos,NO,NO,https://www.eltiempo.com/colombia/barranquilla/barranquilla-un-avance-para-la-justicia-y-la-democracia-de-la-region-esto-dijo-el-alcalde-char-acerca-de-la-captura-de-nicolas-maduro-3521761,False
e0185,amenaza_intimidacion,NO,NO,https://diariodelcauca.com.co/red-de-mujeres-del-cauca/,False
e0185,amenaza_lideres,NO,NO,https://diariodelcauca.com.co/red-de-mujeres-del-cauca/,False
e0185,danos_ambientales,NO,NO,https://diariodelcauca.com.co/red-de-mujeres-del-cauca/,False
e0185,protesta_social,NO,NO,https://diariodelcauca.com.co/red-de-mujeres-del-cauca/,False
e0185,reasentamiento,NO,NO,https://diariodelcauca.com.co/red-de-mujeres-del-cauca/,False
e0185,violacion_derechos_humanos,NO,NO,https://diariodelcauca.com.co/red-de-mujeres-del-cauca/,False
e0186,amenaza_intimidacion,NO,NO,https://www.eltiempo.com/colombia/santander/via-al-llano-nuevo-cierre-jueves-24-de-agosto-por-caida-de-piedras-tras-lluvias-799043,False
e0186,amenaza_lideres,NO,NO,https://www.eltiempo.com/colombia/santander/via-al-llano-nuevo-cierre-jueves-24-de-agosto-por-caida-de-piedras-tras-lluvias-799043,False
e0186,danos_ambientales,NO,NO,https://www.eltiempo.com/colombia/santander/via-al-llano-nuevo-cierre-jueves-24-de-agosto-por-caida-de-piedras-tras-lluvias-799043,False
e0186,protesta_social,SI,SI,https://www.eltiempo.com/colombia/santander/via-al-llano-nuevo-cierre-jueves-24-de-agosto-por-caida-de-piedras-tras-lluvias-799043,True
e0186,reasentamiento,NO,NO,https://www.eltiempo.com/colombia/santander/via-al-llano-nuevo-cierre-jueves-24-de-agosto-por-caida-de-piedras-tras-lluvias-799043,False
e0186,violacion_derechos_humanos,NO,NO,https://www.eltiempo.com/colombia/santander/via-al-llano-nuevo-cierre-jueves-24-de-agosto-por-caida-de-piedras-tras-lluvias-799043,False
e0187,amenaza_intimidacion,NO,NO,https://www.eltiempo.com/justicia/investigacion/viva-air-sindicato-de-trabajadores-pide-a-tribunal-proteger-sus-derechos-745877,False
e0187,amenaza_lideres,NO,NO,https://www.eltiempo.com/justicia/investigacion/viva-air-sindicato-de-trabajadores-pide-a-tribunal-proteger-sus-derechos-745877,False
e0187,danos_ambientales,NO,NO,https://www.eltiempo.com/justicia/investigacion/viva-air-sindicato-de-trabajadores-pide-a-tribunal-proteger-sus-derechos-745877,False
e0187,protesta_social,DUDOSO,DUDOSO,https://www.eltiempo.com/justicia/investigacion/viva-air-sindicato-de-trabajadores-pide-a-tribunal-proteger-sus-derechos-745877,False
e0187,reasentamiento,NO,NO,https://www.eltiempo.com/justicia/investigacion/viva-air-sindicato-de-trabajadores-pide-a-tribunal-proteger-sus-derechos-745877,False
e0187,violacion_derechos_humanos,NO,NO,https://www.eltiempo.com/justicia/investigacion/viva-air-sindicato-de-trabajadores-pide-a-tribunal-proteger-sus-derechos-745877,False
e0188,amenaza_intimidacion,NO,NO,https://www.eltiempo.com/mas-contenido/asi-se-vivio-la-semana-por-la-paz-805416,False
e0188,amenaza_lideres,NO,NO,https://www.eltiempo.com/mas-contenido/asi-se-vivio-la-semana-por-la-paz-805416,False
e0188,danos_ambientales,NO,NO,https://www.eltiempo.com/mas-contenido/asi-se-vivio-la-semana-por-la-paz-805416,False
e0188,protesta_social,NO,NO,https://www.eltiempo.com/mas-contenido/asi-se-vivio-la-semana-por-la-paz-805416,False
e0188,reasentamiento,NO,NO,https://www.eltiempo.com/mas-contenido/asi-se-vivio-la-semana-por-la-paz-805416,False
e0188,violacion_derechos_humanos,NO,NO,https://www.eltiempo.com/mas-contenido/asi-se-vivio-la-semana-por-la-paz-805416,False
e0189,amenaza_intimidacion,NO,NO,https://laguajirahoy.com/nacion/cerrada-frontera-del-lado-venezolano-en-la-guajira.html,False
e0189,amenaza_lideres,NO,NO,https://laguajirahoy.com/nacion/cerrada-frontera-del-lado-venezolano-en-la-guajira.html,False
e0189,danos_ambientales,NO,NO,https://laguajirahoy.com/nacion/cerrada-frontera-del-lado-venezolano-en-la-guajira.html,False
e0189,protesta_social,NO,NO,https://laguajirahoy.com/nacion/cerrada-frontera-del-lado-venezolano-en-la-guajira.html,False
e0189,reasentamiento,NO,NO,https://laguajirahoy.com/nacion/cerrada-frontera-del-lado-venezolano-en-la-guajira.html,False
e0189,violacion_derechos_humanos,NO,NO,https://laguajirahoy.com/nacion/cerrada-frontera-del-lado-venezolano-en-la-guajira.html,False
e0190,amenaza_intimidacion,SI,SI,https://www.eltiempo.com/colombia/otras-ciudades/la-guajira-paro-armado-golpea-el-comercio-en-riohacha-perdidas-superan-los-35-mil-millones-en-tres-dias-3548966,True
e0190,amenaza_lideres,NO,NO,https://www.eltiempo.com/colombia/otras-ciudades/la-guajira-paro-armado-golpea-el-comercio-en-riohacha-perdidas-superan-los-35-mil-millones-en-tres-dias-3548966,False
e0190,danos_ambientales,NO,NO,https://www.eltiempo.com/colombia/otras-ciudades/la-guajira-paro-armado-golpea-el-comercio-en-riohacha-perdidas-superan-los-35-mil-millones-en-tres-dias-3548966,False
e0190,protesta_social,NO,NO,https://www.eltiempo.com/colombia/otras-ciudades/la-guajira-paro-armado-golpea-el-comercio-en-riohacha-perdidas-superan-los-35-mil-millones-en-tres-dias-3548966,False
e0190,reasentamiento,NO,NO,https://www.eltiempo.com/colombia/otras-ciudades/la-guajira-paro-armado-golpea-el-comercio-en-riohacha-perdidas-superan-los-35-mil-millones-en-tres-dias-3548966,False
e0190,violacion_derechos_humanos,NO,NO,https://www.eltiempo.com/colombia/otras-ciudades/la-guajira-paro-armado-golpea-el-comercio-en-riohacha-perdidas-superan-los-35-mil-millones-en-tres-dias-3548966,False
e0191,amenaza_intimidacion,NO,NO,https://choco7dias.com/memorial-por-las-victimas-de-riosucio/,False
e0191,amenaza_lideres,NO,NO,https://choco7dias.com/memorial-por-las-victimas-de-riosucio/,False
e0191,danos_ambientales,NO,NO,https://choco7dias.com/memorial-por-las-victimas-de-riosucio/,False
e0191,protesta_social,NO,NO,https://choco7dias.com/memorial-por-las-victimas-de-riosucio/,False
e0191,reasentamiento,NO,NO,https://choco7dias.com/memorial-por-las-victimas-de-riosucio/,False
e0191,violacion_derechos_humanos,SI,SI,https://choco7dias.com/memorial-por-las-victimas-de-riosucio/,True
e0192,amenaza_intimidacion,NO,NO,https://choco7dias.com/asi-fue-la-caravana-del-gobierno-y-eln-para-oir-el-drama-de-guerra-en-el-pacifico/,False
e0192,amenaza_lideres,NO,NO,https://choco7dias.com/asi-fue-la-caravana-del-gobierno-y-eln-para-oir-el-drama-de-guerra-en-el-pacifico/,False
e0192,danos_ambientales,NO,NO,https://choco7dias.com/asi-fue-la-caravana-del-gobierno-y-eln-para-oir-el-drama-de-guerra-en-el-pacifico/,False
e0192,protesta_social,NO,NO,https://choco7dias.com/asi-fue-la-caravana-del-gobierno-y-eln-para-oir-el-drama-de-guerra-en-el-pacifico/,False
e0192,reasentamiento,NO,NO,https://choco7dias.com/asi-fue-la-caravana-del-gobierno-y-eln-para-oir-el-drama-de-guerra-en-el-pacifico/,False
e0192,violacion_derechos_humanos,DUDOSO,NO,https://choco7dias.com/asi-fue-la-caravana-del-gobierno-y-eln-para-oir-el-drama-de-guerra-en-el-pacifico/,False
e0193,amenaza_intimidacion,NO,NO,https://www.eltiempo.com/opinion/editorial/apostar-por-la-region-editorial-el-tiempo-835278,False
e0193,amenaza_lideres,NO,NO,https://www.eltiempo.com/opinion/editorial/apostar-por-la-region-editorial-el-tiempo-835278,False
e0193,danos_ambientales,NO,NO,https://www.eltiempo.com/opinion/editorial/apostar-por-la-region-editorial-el-tiempo-835278,False
e0193,protesta_social,NO,NO,https://www.eltiempo.com/opinion/editorial/apostar-por-la-region-editorial-el-tiempo-835278,False
e0193,reasentamiento,NO,NO,https://www.eltiempo.com/opinion/editorial/apostar-por-la-region-editorial-el-tiempo-835278,False
e0193,violacion_derechos_humanos,NO,NO,https://www.eltiempo.com/opinion/editorial/apostar-por-la-region-editorial-el-tiempo-835278,False
e0194,amenaza_intimidacion,NO,NO,https://www.eltiempo.com/justicia/delitos/desarticulan-tres-bandas-dedicadas-al-trafico-de-hidrocarburos-778900,False
e0194,amenaza_lideres,NO,NO,https://www.eltiempo.com/justicia/delitos/desarticulan-tres-bandas-dedicadas-al-trafico-de-hidrocarburos-778900,False
e0194,danos_ambientales,NO,NO,https://www.eltiempo.com/justicia/delitos/desarticulan-tres-bandas-dedicadas-al-trafico-de-hidrocarburos-778900,False
e0194,protesta_social,NO,NO,https://www.eltiempo.com/justicia/delitos/desarticulan-tres-bandas-dedicadas-al-trafico-de-hidrocarburos-778900,False
e0194,reasentamiento,NO,NO,https://www.eltiempo.com/justicia/delitos/desarticulan-tres-bandas-dedicadas-al-trafico-de-hidrocarburos-778900,False
e0194,violacion_derechos_humanos,NO,NO,https://www.eltiempo.com/justicia/delitos/desarticulan-tres-bandas-dedicadas-al-trafico-de-hidrocarburos-778900,False
e0195,amenaza_intimidacion,NO,NO,https://diariodelcauca.com.co/doralba-perdio-la-vida-por-causa-de-un-rayo-en-paez-cauca/,False
e0195,amenaza_lideres,NO,NO,https://diariodelcauca.com.co/doralba-perdio-la-vida-por-causa-de-un-rayo-en-paez-cauca/,False
e0195,danos_ambientales,NO,NO,https://diariodelcauca.com.co/doralba-perdio-la-vida-por-causa-de-un-rayo-en-paez-cauca/,False
e0195,protesta_social,NO,NO,https://diariodelcauca.com.co/doralba-perdio-la-vida-por-causa-de-un-rayo-en-paez-cauca/,False
e0195,reasentamiento,DUDOSO,NO,https://diariodelcauca.com.co/doralba-perdio-la-vida-por-causa-de-un-rayo-en-paez-cauca/,False
e0195,violacion_derechos_humanos,NO,NO,https://diariodelcauca.com.co/doralba-perdio-la-vida-por-causa-de-un-rayo-en-paez-cauca/,False
e0196,amenaza_intimidacion,NO,NO,https://www.eltiempo.com/politica/gobierno/presidente-petro-anuncia-medidas-para-atender-emergencia-en-quetame-787991,False
e0196,amenaza_lideres,NO,NO,https://www.eltiempo.com/politica/gobierno/presidente-petro-anuncia-medidas-para-atender-emergencia-en-quetame-787991,False
e0196,danos_ambientales,NO,NO,https://www.eltiempo.com/politica/gobierno/presidente-petro-anuncia-medidas-para-atender-emergencia-en-quetame-787991,False
e0196,protesta_social,NO,NO,https://www.eltiempo.com/politica/gobierno/presidente-petro-anuncia-medidas-para-atender-emergencia-en-quetame-787991,False
e0196,reasentamiento,SI,SI,https://www.eltiempo.com/politica/gobierno/presidente-petro-anuncia-medidas-para-atender-emergencia-en-quetame-787991,True
e0196,violacion_derechos_humanos,NO,NO,https://www.eltiempo.com/politica/gobierno/presidente-petro-anuncia-medidas-para-atender-emergencia-en-quetame-787991,False
e0197,amenaza_intimidacion,NO,NO,https://laguajirahoy.com/comunidad/gobernacion-lidera-evacuacion-aerea-de-madre-y-bebe-desde-nazaret-hasta-riohacha.html,False
e0197,amenaza_lideres,NO,NO,https://laguajirahoy.com/comunidad/gobernacion-lidera-evacuacion-aerea-de-madre-y-bebe-desde-nazaret-hasta-riohacha.html,False
e0197,danos_ambientales,NO,NO,https://laguajirahoy.com/comunidad/gobernacion-lidera-evacuacion-aerea-de-madre-y-bebe-desde-nazaret-hasta-riohacha.html,False
e0197,protesta_social,NO,NO,https://laguajirahoy.com/comunidad/gobernacion-lidera-evacuacion-aerea-de-madre-y-bebe-desde-nazaret-hasta-riohacha.html,False
e0197,reasentamiento,NO,NO,https://laguajirahoy.com/comunidad/gobernacion-lidera-evacuacion-aerea-de-madre-y-bebe-desde-nazaret-hasta-riohacha.html,False
e0197,violacion_derechos_humanos,NO,NO,https://laguajirahoy.com/comunidad/gobernacion-lidera-evacuacion-aerea-de-madre-y-bebe-desde-nazaret-hasta-riohacha.html,False
e0198,amenaza_intimidacion,NO,NO,https://diariodelcauca.com.co/crecen-las-cifras-de-violencia-en-el-departamento-del-cauca/,False
e0198,amenaza_lideres,NO,NO,https://diariodelcauca.com.co/crecen-las-cifras-de-violencia-en-el-departamento-del-cauca/,False
e0198,danos_ambientales,NO,NO,https://diariodelcauca.com.co/crecen-las-cifras-de-violencia-en-el-departamento-del-cauca/,False
e0198,protesta_social,NO,NO,https://diariodelcauca.com.co/crecen-las-cifras-de-violencia-en-el-departamento-del-cauca/,False
e0198,reasentamiento,NO,NO,https://diariodelcauca.com.co/crecen-las-cifras-de-violencia-en-el-departamento-del-cauca/,False
e0198,violacion_derechos_humanos,DUDOSO,DUDOSO,https://diariodelcauca.com.co/crecen-las-cifras-de-violencia-en-el-departamento-del-cauca/,False
e0199,amenaza_intimidacion,NO,NO,https://diariodelcauca.com.co/privados-siguen-incumpliendole-a-popayan-con-una-obra/,False
e0199,amenaza_lideres,NO,NO,https://diariodelcauca.com.co/privados-siguen-incumpliendole-a-popayan-con-una-obra/,False
e0199,danos_ambientales,NO,NO,https://diariodelcauca.com.co/privados-siguen-incumpliendole-a-popayan-con-una-obra/,False
e0199,protesta_social,NO,NO,https://diariodelcauca.com.co/privados-siguen-incumpliendole-a-popayan-con-una-obra/,False
e0199,reasentamiento,NO,NO,https://diariodelcauca.com.co/privados-siguen-incumpliendole-a-popayan-con-una-obra/,False
e0199,violacion_derechos_humanos,NO,NO,https://diariodelcauca.com.co/privados-siguen-incumpliendole-a-popayan-con-una-obra/,False
e0200,amenaza_intimidacion,NO,NO,https://choco7dias.com/para-usted-ciudadano-comun/,False
e0200,amenaza_lideres,NO,NO,https://choco7dias.com/para-usted-ciudadano-comun/,False
e0200,danos_ambientales,NO,NO,https://choco7dias.com/para-usted-ciudadano-comun/,False
e0200,protesta_social,NO,NO,https://choco7dias.com/para-usted-ciudadano-comun/,False
e0200,reasentamiento,NO,NO,https://choco7dias.com/para-usted-ciudadano-comun/,False
e0200,violacion_derechos_humanos,NO,NO,https://choco7dias.com/para-usted-ciudadano-comun/,False
e0201,amenaza_intimidacion,NO,NO,https://www.eltiempo.com/bogota/gobernacion-aportara-recursos-para-mejorar-el-suministro-de-agua-en-cajica-736103,False
e0201,amenaza_lideres,NO,NO,https://www.eltiempo.com/bogota/gobernacion-aportara-recursos-para-mejorar-el-suministro-de-agua-en-cajica-736103,False
e0201,danos_ambientales,NO,NO,https://www.eltiempo.com/bogota/gobernacion-aportara-recursos-para-mejorar-el-suministro-de-agua-en-cajica-736103,False
e0201,protesta_social,SI,SI,https://www.eltiempo.com/bogota/gobernacion-aportara-recursos-para-mejorar-el-suministro-de-agua-en-cajica-736103,True
e0201,reasentamiento,NO,NO,https://www.eltiempo.com/bogota/gobernacion-aportara-recursos-para-mejorar-el-suministro-de-agua-en-cajica-736103,False
e0201,violacion_derechos_humanos,NO,NO,https://www.eltiempo.com/bogota/gobernacion-aportara-recursos-para-mejorar-el-suministro-de-agua-en-cajica-736103,False
e0202,amenaza_intimidacion,NO,NO,https://diariodelnorte.net/opinion/se-pasan/,False
e0202,amenaza_lideres,NO,NO,https://diariodelnorte.net/opinion/se-pasan/,False
e0202,danos_ambientales,NO,NO,https://diariodelnorte.net/opinion/se-pasan/,False
e0202,protesta_social,SI,SI,https://diariodelnorte.net/opinion/se-pasan/,True
e0202,reasentamiento,NO,NO,https://diariodelnorte.net/opinion/se-pasan/,False
e0202,violacion_derechos_humanos,NO,NO,https://diariodelnorte.net/opinion/se-pasan/,False
e0203,amenaza_intimidacion,SI,SI,https://www.elcolombiano.com/antioquia/conflicto-armado-amenaza-elecciones-regionales-2023-en-el-norte-de-antioquia-LO22687194,True
e0203,amenaza_lideres,NO,NO,https://www.elcolombiano.com/antioquia/conflicto-armado-amenaza-elecciones-regionales-2023-en-el-norte-de-antioquia-LO22687194,False
e0203,danos_ambientales,NO,NO,https://www.elcolombiano.com/antioquia/conflicto-armado-amenaza-elecciones-regionales-2023-en-el-norte-de-antioquia-LO22687194,False
e0203,protesta_social,DUDOSO,DUDOSO,https://www.elcolombiano.com/antioquia/conflicto-armado-amenaza-elecciones-regionales-2023-en-el-norte-de-antioquia-LO22687194,False
e0203,reasentamiento,NO,NO,https://www.elcolombiano.com/antioquia/conflicto-armado-amenaza-elecciones-regionales-2023-en-el-norte-de-antioquia-LO22687194,False
e0203,violacion_derechos_humanos,NO,NO,https://www.elcolombiano.com/antioquia/conflicto-armado-amenaza-elecciones-regionales-2023-en-el-norte-de-antioquia-LO22687194,False
e0204,amenaza_intimidacion,NO,NO,https://diariodelcauca.com.co/grupos-armados-violentan-al-cauca/,False
e0204,amenaza_lideres,NO,NO,https://diariodelcauca.com.co/grupos-armados-violentan-al-cauca/,False
e0204,danos_ambientales,NO,NO,https://diariodelcauca.com.co/grupos-armados-violentan-al-cauca/,False
e0204,protesta_social,NO,NO,https://diariodelcauca.com.co/grupos-armados-violentan-al-cauca/,False
e0204,reasentamiento,NO,NO,https://diariodelcauca.com.co/grupos-armados-violentan-al-cauca/,False
e0204,violacion_derechos_humanos,DUDOSO,NO,https://diariodelcauca.com.co/grupos-armados-violentan-al-cauca/,False
e0205,amenaza_intimidacion,SI,NO,https://diariodelnorte.net/editorial/elecciones-en-medio-del-miedo/,False
e0205,amenaza_lideres,SI,SI,https://diariodelnorte.net/editorial/elecciones-en-medio-del-miedo/,True
e0205,danos_ambientales,NO,NO,https://diariodelnorte.net/editorial/elecciones-en-medio-del-miedo/,False
e0205,protesta_social,NO,NO,https://diariodelnorte.net/editorial/elecciones-en-medio-del-miedo/,False
e0205,reasentamiento,NO,NO,https://diariodelnorte.net/editorial/elecciones-en-medio-del-miedo/,False
e0205,violacion_derechos_humanos,NO,NO,https://diariodelnorte.net/editorial/elecciones-en-medio-del-miedo/,False
e0206,amenaza_intimidacion,NO,NO,https://laguajirahoy.com/la-guajira/parques-biosaludables-devuelven-encuentro-y-propicia-salud-a-la-guajira.html,False
e0206,amenaza_lideres,NO,NO,https://laguajirahoy.com/la-guajira/parques-biosaludables-devuelven-encuentro-y-propicia-salud-a-la-guajira.html,False
e0206,danos_ambientales,NO,NO,https://laguajirahoy.com/la-guajira/parques-biosaludables-devuelven-encuentro-y-propicia-salud-a-la-guajira.html,False
e0206,protesta_social,NO,NO,https://laguajirahoy.com/la-guajira/parques-biosaludables-devuelven-encuentro-y-propicia-salud-a-la-guajira.html,False
e0206,reasentamiento,NO,NO,https://laguajirahoy.com/la-guajira/parques-biosaludables-devuelven-encuentro-y-propicia-salud-a-la-guajira.html,False
e0206,violacion_derechos_humanos,NO,NO,https://laguajirahoy.com/la-guajira/parques-biosaludables-devuelven-encuentro-y-propicia-salud-a-la-guajira.html,False
e0207,amenaza_intimidacion,NO,NO,https://www.elcolombiano.com/antioquia/protestas-aeropuerto-jose-maria-cordova-de-rionegro-por-suspension-de-operaciones-de-viva-air-LE20600865,False
e0207,amenaza_lideres,NO,NO,https://www.elcolombiano.com/antioquia/protestas-aeropuerto-jose-maria-cordova-de-rionegro-por-suspension-de-operaciones-de-viva-air-LE20600865,False
e0207,danos_ambientales,NO,NO,https://www.elcolombiano.com/antioquia/protestas-aeropuerto-jose-maria-cordova-de-rionegro-por-suspension-de-operaciones-de-viva-air-LE20600865,False
e0207,protesta_social,SI,SI,https://www.elcolombiano.com/antioquia/protestas-aeropuerto-jose-maria-cordova-de-rionegro-por-suspension-de-operaciones-de-viva-air-LE20600865,True
e0207,reasentamiento,NO,NO,https://www.elcolombiano.com/antioquia/protestas-aeropuerto-jose-maria-cordova-de-rionegro-por-suspension-de-operaciones-de-viva-air-LE20600865,False
e0207,violacion_derechos_humanos,NO,NO,https://www.elcolombiano.com/antioquia/protestas-aeropuerto-jose-maria-cordova-de-rionegro-por-suspension-de-operaciones-de-viva-air-LE20600865,False
e0208,amenaza_intimidacion,SI,NO,https://laguajirahoy.com/judiciales/la-guajira-busca-seguridad-y-apoyo-a-comunidades-tras-consejo-de-seguridad.html,False
e0208,amenaza_lideres,NO,NO,https://laguajirahoy.com/judiciales/la-guajira-busca-seguridad-y-apoyo-a-comunidades-tras-consejo-de-seguridad.html,False
e0208,danos_ambientales,NO,NO,https://laguajirahoy.com/judiciales/la-guajira-busca-seguridad-y-apoyo-a-comunidades-tras-consejo-de-seguridad.html,False
e0208,protesta_social,NO,NO,https://laguajirahoy.com/judiciales/la-guajira-busca-seguridad-y-apoyo-a-comunidades-tras-consejo-de-seguridad.html,False
e0208,reasentamiento,NO,NO,https://laguajirahoy.com/judiciales/la-guajira-busca-seguridad-y-apoyo-a-comunidades-tras-consejo-de-seguridad.html,False
e0208,violacion_derechos_humanos,NO,NO,https://laguajirahoy.com/judiciales/la-guajira-busca-seguridad-y-apoyo-a-comunidades-tras-consejo-de-seguridad.html,False
e0209,amenaza_intimidacion,DUDOSO,DUDOSO,https://www.elcolombiano.com/antioquia/comision-humanitaria-llego-a-verificar-violaciones-a-derechos-humanos-en-limites-de-antioquia-con-bolivar-AP22694015,False
e0209,amenaza_lideres,SI,SI,https://www.elcolombiano.com/antioquia/comision-humanitaria-llego-a-verificar-violaciones-a-derechos-humanos-en-limites-de-antioquia-con-bolivar-AP22694015,True
e0209,danos_ambientales,NO,NO,https://www.elcolombiano.com/antioquia/comision-humanitaria-llego-a-verificar-violaciones-a-derechos-humanos-en-limites-de-antioquia-con-bolivar-AP22694015,False
e0209,protesta_social,NO,NO,https://www.elcolombiano.com/antioquia/comision-humanitaria-llego-a-verificar-violaciones-a-derechos-humanos-en-limites-de-antioquia-con-bolivar-AP22694015,False
e0209,reasentamiento,NO,NO,https://www.elcolombiano.com/antioquia/comision-humanitaria-llego-a-verificar-violaciones-a-derechos-humanos-en-limites-de-antioquia-con-bolivar-AP22694015,False
e0209,violacion_derechos_humanos,SI,SI,https://www.elcolombiano.com/antioquia/comision-humanitaria-llego-a-verificar-violaciones-a-derechos-humanos-en-limites-de-antioquia-con-bolivar-AP22694015,True
e0210,amenaza_intimidacion,NO,NO,https://www.elcolombiano.com/negocios/paro-minero-genera-perdidas-por-57000-millones-a-transportadores-KC20778002,False
e0210,amenaza_lideres,NO,NO,https://www.elcolombiano.com/negocios/paro-minero-genera-perdidas-por-57000-millones-a-transportadores-KC20778002,False
e0210,danos_ambientales,NO,NO,https://www.elcolombiano.com/negocios/paro-minero-genera-perdidas-por-57000-millones-a-transportadores-KC20778002,False
e0210,protesta_social,SI,SI,https://www.elcolombiano.com/negocios/paro-minero-genera-perdidas-por-57000-millones-a-transportadores-KC20778002,True
e0210,reasentamiento,NO,NO,https://www.elcolombiano.com/negocios/paro-minero-genera-perdidas-por-57000-millones-a-transportadores-KC20778002,False
e0210,violacion_derechos_humanos,NO,NO,https://www.elcolombiano.com/negocios/paro-minero-genera-perdidas-por-57000-millones-a-transportadores-KC20778002,False
e0211,amenaza_intimidacion,NO,NO,https://diariodelnorte.net/judiciales/migracion-colombia-expulsa-a-venezolana-detectada-durante-tramite-medico/,False
e0211,amenaza_lideres,NO,NO,https://diariodelnorte.net/judiciales/migracion-colombia-expulsa-a-venezolana-detectada-durante-tramite-medico/,False
e0211,danos_ambientales,NO,NO,https://diariodelnorte.net/judiciales/migracion-colombia-expulsa-a-venezolana-detectada-durante-tramite-medico/,False
e0211,protesta_social,NO,NO,https://diariodelnorte.net/judiciales/migracion-colombia-expulsa-a-venezolana-detectada-durante-tramite-medico/,False
e0211,reasentamiento,NO,NO,https://diariodelnorte.net/judiciales/migracion-colombia-expulsa-a-venezolana-detectada-durante-tramite-medico/,False
e0211,violacion_derechos_humanos,NO,NO,https://diariodelnorte.net/judiciales/migracion-colombia-expulsa-a-venezolana-detectada-durante-tramite-medico/,False
e0212,amenaza_intimidacion,NO,NO,https://choco7dias.com/tado-indigenas-habrian-matado-a-dos-jaguares-en-el-tabor/,False
e0212,amenaza_lideres,NO,NO,https://choco7dias.com/tado-indigenas-habrian-matado-a-dos-jaguares-en-el-tabor/,False
e0212,danos_ambientales,SI,SI,https://choco7dias.com/tado-indigenas-habrian-matado-a-dos-jaguares-en-el-tabor/,True
e0212,protesta_social,NO,NO,https://choco7dias.com/tado-indigenas-habrian-matado-a-dos-jaguares-en-el-tabor/,False
e0212,reasentamiento,NO,NO,https://choco7dias.com/tado-indigenas-habrian-matado-a-dos-jaguares-en-el-tabor/,False
e0212,violacion_derechos_humanos,NO,NO,https://choco7dias.com/tado-indigenas-habrian-matado-a-dos-jaguares-en-el-tabor/,False
e0213,amenaza_intimidacion,NO,NO,https://boyaca7dias.com.co/2026/08/04/desde-la-medianoche-de-hoy-se-restablecera-el-cobro-en-el-peaje-de-tuta/,False
e0213,amenaza_lideres,NO,NO,https://boyaca7dias.com.co/2026/08/04/desde-la-medianoche-de-hoy-se-restablecera-el-cobro-en-el-peaje-de-tuta/,False
e0213,danos_ambientales,NO,NO,https://boyaca7dias.com.co/2026/08/04/desde-la-medianoche-de-hoy-se-restablecera-el-cobro-en-el-peaje-de-tuta/,False
e0213,protesta_social,SI,SI,https://boyaca7dias.com.co/2026/08/04/desde-la-medianoche-de-hoy-se-restablecera-el-cobro-en-el-peaje-de-tuta/,True
e0213,reasentamiento,NO,NO,https://boyaca7dias.com.co/2026/08/04/desde-la-medianoche-de-hoy-se-restablecera-el-cobro-en-el-peaje-de-tuta/,False
e0213,violacion_derechos_humanos,NO,NO,https://boyaca7dias.com.co/2026/08/04/desde-la-medianoche-de-hoy-se-restablecera-el-cobro-en-el-peaje-de-tuta/,False
e0214,amenaza_intimidacion,NO,NO,https://www.eltiempo.com/bogota/fusagasuga-caen-los-marcas-dedicados-a-hacer-fleteos-en-cundinamarca-785603,False
e0214,amenaza_lideres,NO,NO,https://www.eltiempo.com/bogota/fusagasuga-caen-los-marcas-dedicados-a-hacer-fleteos-en-cundinamarca-785603,False
e0214,danos_ambientales,NO,NO,https://www.eltiempo.com/bogota/fusagasuga-caen-los-marcas-dedicados-a-hacer-fleteos-en-cundinamarca-785603,False
e0214,protesta_social,NO,NO,https://www.eltiempo.com/bogota/fusagasuga-caen-los-marcas-dedicados-a-hacer-fleteos-en-cundinamarca-785603,False
e0214,reasentamiento,NO,NO,https://www.eltiempo.com/bogota/fusagasuga-caen-los-marcas-dedicados-a-hacer-fleteos-en-cundinamarca-785603,False
e0214,violacion_derechos_humanos,NO,NO,https://www.eltiempo.com/bogota/fusagasuga-caen-los-marcas-dedicados-a-hacer-fleteos-en-cundinamarca-785603,False
e0215,amenaza_intimidacion,NO,NO,https://choco7dias.com/el-choco-esta-todo-incendiado-obispo-de-istmina/,False
e0215,amenaza_lideres,NO,NO,https://choco7dias.com/el-choco-esta-todo-incendiado-obispo-de-istmina/,False
e0215,danos_ambientales,NO,NO,https://choco7dias.com/el-choco-esta-todo-incendiado-obispo-de-istmina/,False
e0215,protesta_social,NO,NO,https://choco7dias.com/el-choco-esta-todo-incendiado-obispo-de-istmina/,False
e0215,reasentamiento,NO,NO,https://choco7dias.com/el-choco-esta-todo-incendiado-obispo-de-istmina/,False
e0215,violacion_derechos_humanos,DUDOSO,NO,https://choco7dias.com/el-choco-esta-todo-incendiado-obispo-de-istmina/,False
e0216,amenaza_intimidacion,NO,NO,https://www.eltiempo.com/bogota/bogota-como-le-fue-en-2022-732001,False
e0216,amenaza_lideres,NO,NO,https://www.eltiempo.com/bogota/bogota-como-le-fue-en-2022-732001,False
e0216,danos_ambientales,NO,NO,https://www.eltiempo.com/bogota/bogota-como-le-fue-en-2022-732001,False
e0216,protesta_social,NO,NO,https://www.eltiempo.com/bogota/bogota-como-le-fue-en-2022-732001,False
e0216,reasentamiento,NO,NO,https://www.eltiempo.com/bogota/bogota-como-le-fue-en-2022-732001,False
e0216,violacion_derechos_humanos,NO,NO,https://www.eltiempo.com/bogota/bogota-como-le-fue-en-2022-732001,False
e0217,amenaza_intimidacion,NO,NO,https://www.eltiempo.com/justicia/conflicto-y-narcotrafico/disidencias-se-disputan-el-control-del-canon-sobre-el-rio-duda-768677,False
e0217,amenaza_lideres,NO,NO,https://www.eltiempo.com/justicia/conflicto-y-narcotrafico/disidencias-se-disputan-el-control-del-canon-sobre-el-rio-duda-768677,False
e0217,danos_ambientales,NO,NO,https://www.eltiempo.com/justicia/conflicto-y-narcotrafico/disidencias-se-disputan-el-control-del-canon-sobre-el-rio-duda-768677,False
e0217,protesta_social,NO,NO,https://www.eltiempo.com/justicia/conflicto-y-narcotrafico/disidencias-se-disputan-el-control-del-canon-sobre-el-rio-duda-768677,False
e0217,reasentamiento,NO,NO,https://www.eltiempo.com/justicia/conflicto-y-narcotrafico/disidencias-se-disputan-el-control-del-canon-sobre-el-rio-duda-768677,False
e0217,violacion_derechos_humanos,NO,NO,https://www.eltiempo.com/justicia/conflicto-y-narcotrafico/disidencias-se-disputan-el-control-del-canon-sobre-el-rio-duda-768677,False
e0218,amenaza_intimidacion,NO,NO,https://choco7dias.com/no-hay-estado-para-atender-migrantes-en-acandi/,False
e0218,amenaza_lideres,NO,NO,https://choco7dias.com/no-hay-estado-para-atender-migrantes-en-acandi/,False
e0218,danos_ambientales,NO,NO,https://choco7dias.com/no-hay-estado-para-atender-migrantes-en-acandi/,False
e0218,protesta_social,NO,NO,https://choco7dias.com/no-hay-estado-para-atender-migrantes-en-acandi/,False
e0218,reasentamiento,NO,NO,https://choco7dias.com/no-hay-estado-para-atender-migrantes-en-acandi/,False
e0218,violacion_derechos_humanos,DUDOSO,DUDOSO,https://choco7dias.com/no-hay-estado-para-atender-migrantes-en-acandi/,False
e0219,amenaza_intimidacion,NO,NO,https://www.eltiempo.com/mundo/europa/presidente-macron-confirma-la-liberacion-de-camilo-castro-frances-detenido-en-venezuela-desde-junio-y-anuncia-que-ya-viaja-hacia-francia-3509354,False
e0219,amenaza_lideres,NO,NO,https://www.eltiempo.com/mundo/europa/presidente-macron-confirma-la-liberacion-de-camilo-castro-frances-detenido-en-venezuela-desde-junio-y-anuncia-que-ya-viaja-hacia-francia-3509354,False
e0219,danos_ambientales,NO,NO,https://www.eltiempo.com/mundo/europa/presidente-macron-confirma-la-liberacion-de-camilo-castro-frances-detenido-en-venezuela-desde-junio-y-anuncia-que-ya-viaja-hacia-francia-3509354,False
e0219,protesta_social,NO,NO,https://www.eltiempo.com/mundo/europa/presidente-macron-confirma-la-liberacion-de-camilo-castro-frances-detenido-en-venezuela-desde-junio-y-anuncia-que-ya-viaja-hacia-francia-3509354,False
e0219,reasentamiento,NO,NO,https://www.eltiempo.com/mundo/europa/presidente-macron-confirma-la-liberacion-de-camilo-castro-frances-detenido-en-venezuela-desde-junio-y-anuncia-que-ya-viaja-hacia-francia-3509354,False
e0219,violacion_derechos_humanos,DUDOSO,NO,https://www.eltiempo.com/mundo/europa/presidente-macron-confirma-la-liberacion-de-camilo-castro-frances-detenido-en-venezuela-desde-junio-y-anuncia-que-ya-viaja-hacia-francia-3509354,False
e0220,amenaza_intimidacion,NO,NO,https://www.elcolombiano.com/informes-comerciales/las-marcas-hablan/pusimos-a-corantioquia-en-el-corazon-de-los-antioquenos-ME23367821,False
e0220,amenaza_lideres,NO,NO,https://www.elcolombiano.com/informes-comerciales/las-marcas-hablan/pusimos-a-corantioquia-en-el-corazon-de-los-antioquenos-ME23367821,False
e0220,danos_ambientales,DUDOSO,SI,https://www.elcolombiano.com/informes-comerciales/las-marcas-hablan/pusimos-a-corantioquia-en-el-corazon-de-los-antioquenos-ME23367821,False
e0220,protesta_social,NO,NO,https://www.elcolombiano.com/informes-comerciales/las-marcas-hablan/pusimos-a-corantioquia-en-el-corazon-de-los-antioquenos-ME23367821,False
e0220,reasentamiento,NO,NO,https://www.elcolombiano.com/informes-comerciales/las-marcas-hablan/pusimos-a-corantioquia-en-el-corazon-de-los-antioquenos-ME23367821,False
e0220,violacion_derechos_humanos,NO,NO,https://www.elcolombiano.com/informes-comerciales/las-marcas-hablan/pusimos-a-corantioquia-en-el-corazon-de-los-antioquenos-ME23367821,False
e0221,amenaza_intimidacion,DUDOSO,DUDOSO,https://www.eltiempo.com/bogota/farc-en-el-sumapaz-asi-es-el-plan-del-ejercito-para-enfrentarse-768185,False
e0221,amenaza_lideres,NO,NO,https://www.eltiempo.com/bogota/farc-en-el-sumapaz-asi-es-el-plan-del-ejercito-para-enfrentarse-768185,False
e0221,danos_ambientales,NO,NO,https://www.eltiempo.com/bogota/farc-en-el-sumapaz-asi-es-el-plan-del-ejercito-para-enfrentarse-768185,False
e0221,protesta_social,NO,NO,https://www.eltiempo.com/bogota/farc-en-el-sumapaz-asi-es-el-plan-del-ejercito-para-enfrentarse-768185,False
e0221,reasentamiento,NO,NO,https://www.eltiempo.com/bogota/farc-en-el-sumapaz-asi-es-el-plan-del-ejercito-para-enfrentarse-768185,False
e0221,violacion_derechos_humanos,NO,NO,https://www.eltiempo.com/bogota/farc-en-el-sumapaz-asi-es-el-plan-del-ejercito-para-enfrentarse-768185,False
e0222,amenaza_intimidacion,DUDOSO,DUDOSO,https://www.eltiempo.com/justicia/conflicto-y-narcotrafico/defensoria-dice-que-refundacion-de-frente-53-farc-es-retroceso-en-la-paz-761801,False
e0222,amenaza_lideres,NO,NO,https://www.eltiempo.com/justicia/conflicto-y-narcotrafico/defensoria-dice-que-refundacion-de-frente-53-farc-es-retroceso-en-la-paz-761801,False
e0222,danos_ambientales,NO,NO,https://www.eltiempo.com/justicia/conflicto-y-narcotrafico/defensoria-dice-que-refundacion-de-frente-53-farc-es-retroceso-en-la-paz-761801,False
e0222,protesta_social,NO,NO,https://www.eltiempo.com/justicia/conflicto-y-narcotrafico/defensoria-dice-que-refundacion-de-frente-53-farc-es-retroceso-en-la-paz-761801,False
e0222,reasentamiento,NO,NO,https://www.eltiempo.com/justicia/conflicto-y-narcotrafico/defensoria-dice-que-refundacion-de-frente-53-farc-es-retroceso-en-la-paz-761801,False
e0222,violacion_derechos_humanos,SI,SI,https://www.eltiempo.com/justicia/conflicto-y-narcotrafico/defensoria-dice-que-refundacion-de-frente-53-farc-es-retroceso-en-la-paz-761801,True
e0223,amenaza_intimidacion,NO,NO,https://www.eltiempo.com/bogota/consejo-de-estado-le-dio-la-razon-a-concejal-de-bogota-por-deforestacion-777941,False
e0223,amenaza_lideres,NO,NO,https://www.eltiempo.com/bogota/consejo-de-estado-le-dio-la-razon-a-concejal-de-bogota-por-deforestacion-777941,False
e0223,danos_ambientales,NO,NO,https://www.eltiempo.com/bogota/consejo-de-estado-le-dio-la-razon-a-concejal-de-bogota-por-deforestacion-777941,False
e0223,protesta_social,NO,NO,https://www.eltiempo.com/bogota/consejo-de-estado-le-dio-la-razon-a-concejal-de-bogota-por-deforestacion-777941,False
e0223,reasentamiento,NO,NO,https://www.eltiempo.com/bogota/consejo-de-estado-le-dio-la-razon-a-concejal-de-bogota-por-deforestacion-777941,False
e0223,violacion_derechos_humanos,NO,NO,https://www.eltiempo.com/bogota/consejo-de-estado-le-dio-la-razon-a-concejal-de-bogota-por-deforestacion-777941,False
e0224,amenaza_intimidacion,NO,NO,https://laguajirahoy.com/judiciales/hombre-fue-asesinado-a-tiros-en-el-barrio-el-bosque-de-maicao.html,False
e0224,amenaza_lideres,NO,NO,https://laguajirahoy.com/judiciales/hombre-fue-asesinado-a-tiros-en-el-barrio-el-bosque-de-maicao.html,False
e0224,danos_ambientales,NO,NO,https://laguajirahoy.com/judiciales/hombre-fue-asesinado-a-tiros-en-el-barrio-el-bosque-de-maicao.html,False
e0224,protesta_social,NO,NO,https://laguajirahoy.com/judiciales/hombre-fue-asesinado-a-tiros-en-el-barrio-el-bosque-de-maicao.html,False
e0224,reasentamiento,NO,NO,https://laguajirahoy.com/judiciales/hombre-fue-asesinado-a-tiros-en-el-barrio-el-bosque-de-maicao.html,False
e0224,violacion_derechos_humanos,NO,NO,https://laguajirahoy.com/judiciales/hombre-fue-asesinado-a-tiros-en-el-barrio-el-bosque-de-maicao.html,False
e0225,amenaza_intimidacion,SI,DUDOSO,https://diariodelcauca.com.co/conflicto-en-el-cauca/,False
e0225,amenaza_lideres,NO,NO,https://diariodelcauca.com.co/conflicto-en-el-cauca/,False
e0225,danos_ambientales,NO,NO,https://diariodelcauca.com.co/conflicto-en-el-cauca/,False
e0225,protesta_social,SI,SI,https://diariodelcauca.com.co/conflicto-en-el-cauca/,True
e0225,reasentamiento,NO,NO,https://diariodelcauca.com.co/conflicto-en-el-cauca/,False
e0225,violacion_derechos_humanos,NO,NO,https://diariodelcauca.com.co/conflicto-en-el-cauca/,False
e0226,amenaza_intimidacion,NO,NO,https://diariodelnorte.net/laguajira/autoridad-wayuu-solicita-seguimiento-a-fallo-judicial-en-la-guajira/,False
e0226,amenaza_lideres,NO,NO,https://diariodelnorte.net/laguajira/autoridad-wayuu-solicita-seguimiento-a-fallo-judicial-en-la-guajira/,False
e0226,danos_ambientales,NO,NO,https://diariodelnorte.net/laguajira/autoridad-wayuu-solicita-seguimiento-a-fallo-judicial-en-la-guajira/,False
e0226,protesta_social,NO,NO,https://diariodelnorte.net/laguajira/autoridad-wayuu-solicita-seguimiento-a-fallo-judicial-en-la-guajira/,False
e0226,reasentamiento,NO,NO,https://diariodelnorte.net/laguajira/autoridad-wayuu-solicita-seguimiento-a-fallo-judicial-en-la-guajira/,False
e0226,violacion_derechos_humanos,NO,NO,https://diariodelnorte.net/laguajira/autoridad-wayuu-solicita-seguimiento-a-fallo-judicial-en-la-guajira/,False
e0227,amenaza_intimidacion,NO,NO,https://boyaca7dias.com.co/2026/08/03/comunidades-advierten-con-bloquear-por-completo-la-via-en-el-peaje-de-tuta-ante-incumplimientos-de-la-ani/,False
e0227,amenaza_lideres,NO,NO,https://boyaca7dias.com.co/2026/08/03/comunidades-advierten-con-bloquear-por-completo-la-via-en-el-peaje-de-tuta-ante-incumplimientos-de-la-ani/,False
e0227,danos_ambientales,NO,NO,https://boyaca7dias.com.co/2026/08/03/comunidades-advierten-con-bloquear-por-completo-la-via-en-el-peaje-de-tuta-ante-incumplimientos-de-la-ani/,False
e0227,protesta_social,SI,SI,https://boyaca7dias.com.co/2026/08/03/comunidades-advierten-con-bloquear-por-completo-la-via-en-el-peaje-de-tuta-ante-incumplimientos-de-la-ani/,True
e0227,reasentamiento,NO,NO,https://boyaca7dias.com.co/2026/08/03/comunidades-advierten-con-bloquear-por-completo-la-via-en-el-peaje-de-tuta-ante-incumplimientos-de-la-ani/,False
e0227,violacion_derechos_humanos,NO,NO,https://boyaca7dias.com.co/2026/08/03/comunidades-advierten-con-bloquear-por-completo-la-via-en-el-peaje-de-tuta-ante-incumplimientos-de-la-ani/,False
e0228,amenaza_intimidacion,SI,SI,https://laguajirahoy.com/judiciales-2/maicao-ofrece-recompensa-historica-contra-rafita-200-millones-de-pesos.html,True
e0228,amenaza_lideres,NO,NO,https://laguajirahoy.com/judiciales-2/maicao-ofrece-recompensa-historica-contra-rafita-200-millones-de-pesos.html,False
e0228,danos_ambientales,NO,NO,https://laguajirahoy.com/judiciales-2/maicao-ofrece-recompensa-historica-contra-rafita-200-millones-de-pesos.html,False
e0228,protesta_social,NO,NO,https://laguajirahoy.com/judiciales-2/maicao-ofrece-recompensa-historica-contra-rafita-200-millones-de-pesos.html,False
e0228,reasentamiento,NO,NO,https://laguajirahoy.com/judiciales-2/maicao-ofrece-recompensa-historica-contra-rafita-200-millones-de-pesos.html,False
e0228,violacion_derechos_humanos,NO,NO,https://laguajirahoy.com/judiciales-2/maicao-ofrece-recompensa-historica-contra-rafita-200-millones-de-pesos.html,False
e0229,amenaza_intimidacion,NO,NO,https://diariodelcauca.com.co/exgobernadores-del-cauca-y-su-cinismo/,False
e0229,amenaza_lideres,NO,NO,https://diariodelcauca.com.co/exgobernadores-del-cauca-y-su-cinismo/,False
e0229,danos_ambientales,NO,NO,https://diariodelcauca.com.co/exgobernadores-del-cauca-y-su-cinismo/,False
e0229,protesta_social,NO,NO,https://diariodelcauca.com.co/exgobernadores-del-cauca-y-su-cinismo/,False
e0229,reasentamiento,NO,NO,https://diariodelcauca.com.co/exgobernadores-del-cauca-y-su-cinismo/,False
e0229,violacion_derechos_humanos,NO,NO,https://diariodelcauca.com.co/exgobernadores-del-cauca-y-su-cinismo/,False
e0230,amenaza_intimidacion,NO,NO,https://www.elcolombiano.com/antioquia/suspension-del-paro-minero-en-el-bajo-cauca-y-el-nordesde-de-antioquia-BG21053130,False
e0230,amenaza_lideres,NO,NO,https://www.elcolombiano.com/antioquia/suspension-del-paro-minero-en-el-bajo-cauca-y-el-nordesde-de-antioquia-BG21053130,False
e0230,danos_ambientales,NO,NO,https://www.elcolombiano.com/antioquia/suspension-del-paro-minero-en-el-bajo-cauca-y-el-nordesde-de-antioquia-BG21053130,False
e0230,protesta_social,SI,SI,https://www.elcolombiano.com/antioquia/suspension-del-paro-minero-en-el-bajo-cauca-y-el-nordesde-de-antioquia-BG21053130,True
e0230,reasentamiento,NO,NO,https://www.elcolombiano.com/antioquia/suspension-del-paro-minero-en-el-bajo-cauca-y-el-nordesde-de-antioquia-BG21053130,False
e0230,violacion_derechos_humanos,NO,NO,https://www.elcolombiano.com/antioquia/suspension-del-paro-minero-en-el-bajo-cauca-y-el-nordesde-de-antioquia-BG21053130,False
e0231,amenaza_intimidacion,NO,NO,https://laguajirahoy.com/maicao/maicao-intensifica-controles-para-blindar-movilidad-a-paraguachon-territorio-que-limita-con-venezuela.html,False
e0231,amenaza_lideres,NO,NO,https://laguajirahoy.com/maicao/maicao-intensifica-controles-para-blindar-movilidad-a-paraguachon-territorio-que-limita-con-venezuela.html,False
e0231,danos_ambientales,NO,NO,https://laguajirahoy.com/maicao/maicao-intensifica-controles-para-blindar-movilidad-a-paraguachon-territorio-que-limita-con-venezuela.html,False
e0231,protesta_social,NO,NO,https://laguajirahoy.com/maicao/maicao-intensifica-controles-para-blindar-movilidad-a-paraguachon-territorio-que-limita-con-venezuela.html,False
e0231,reasentamiento,NO,NO,https://laguajirahoy.com/maicao/maicao-intensifica-controles-para-blindar-movilidad-a-paraguachon-territorio-que-limita-con-venezuela.html,False
e0231,violacion_derechos_humanos,NO,NO,https://laguajirahoy.com/maicao/maicao-intensifica-controles-para-blindar-movilidad-a-paraguachon-territorio-que-limita-con-venezuela.html,False
e0232,amenaza_intimidacion,SI,SI,https://choco7dias.com/choco-65-eventos-de-confinamiento-en-2022/,True
e0232,amenaza_lideres,NO,NO,https://choco7dias.com/choco-65-eventos-de-confinamiento-en-2022/,False
e0232,danos_ambientales,NO,NO,https://choco7dias.com/choco-65-eventos-de-confinamiento-en-2022/,False
e0232,protesta_social,NO,NO,https://choco7dias.com/choco-65-eventos-de-confinamiento-en-2022/,False
e0232,reasentamiento,NO,NO,https://choco7dias.com/choco-65-eventos-de-confinamiento-en-2022/,False
e0232,violacion_derechos_humanos,SI,DUDOSO,https://choco7dias.com/choco-65-eventos-de-confinamiento-en-2022/,False
e0233,amenaza_intimidacion,SI,SI,https://laguajirahoy.com/riohacha/violencias-contra-poblacion-lgbtiq-generan-alertas-en-la-guajira.html,True
e0233,amenaza_lideres,SI,SI,https://laguajirahoy.com/riohacha/violencias-contra-poblacion-lgbtiq-generan-alertas-en-la-guajira.html,True
e0233,danos_ambientales,NO,NO,https://laguajirahoy.com/riohacha/violencias-contra-poblacion-lgbtiq-generan-alertas-en-la-guajira.html,False
e0233,protesta_social,NO,NO,https://laguajirahoy.com/riohacha/violencias-contra-poblacion-lgbtiq-generan-alertas-en-la-guajira.html,False
e0233,reasentamiento,NO,NO,https://laguajirahoy.com/riohacha/violencias-contra-poblacion-lgbtiq-generan-alertas-en-la-guajira.html,False
e0233,violacion_derechos_humanos,DUDOSO,NO,https://laguajirahoy.com/riohacha/violencias-contra-poblacion-lgbtiq-generan-alertas-en-la-guajira.html,False
e0234,amenaza_intimidacion,SI,DUDOSO,https://choco7dias.com/por-que-no-es-un-escandalo-lo-que-pasa-en-el-choco/,False
e0234,amenaza_lideres,NO,NO,https://choco7dias.com/por-que-no-es-un-escandalo-lo-que-pasa-en-el-choco/,False
e0234,danos_ambientales,NO,NO,https://choco7dias.com/por-que-no-es-un-escandalo-lo-que-pasa-en-el-choco/,False
e0234,protesta_social,NO,NO,https://choco7dias.com/por-que-no-es-un-escandalo-lo-que-pasa-en-el-choco/,False
e0234,reasentamiento,NO,NO,https://choco7dias.com/por-que-no-es-un-escandalo-lo-que-pasa-en-el-choco/,False
e0234,violacion_derechos_humanos,DUDOSO,NO,https://choco7dias.com/por-que-no-es-un-escandalo-lo-que-pasa-en-el-choco/,False
e0235,amenaza_intimidacion,NO,NO,https://diariodelcauca.com.co/dia-mundial-de-la-paz-timba-en-cauca-llora-a-dos-victimas-del-atentado/,False
e0235,amenaza_lideres,NO,NO,https://diariodelcauca.com.co/dia-mundial-de-la-paz-timba-en-cauca-llora-a-dos-victimas-del-atentado/,False
e0235,danos_ambientales,NO,NO,https://diariodelcauca.com.co/dia-mundial-de-la-paz-timba-en-cauca-llora-a-dos-victimas-del-atentado/,False
e0235,protesta_social,SI,SI,https://diariodelcauca.com.co/dia-mundial-de-la-paz-timba-en-cauca-llora-a-dos-victimas-del-atentado/,True
e0235,reasentamiento,NO,NO,https://diariodelcauca.com.co/dia-mundial-de-la-paz-timba-en-cauca-llora-a-dos-victimas-del-atentado/,False
e0235,violacion_derechos_humanos,DUDOSO,DUDOSO,https://diariodelcauca.com.co/dia-mundial-de-la-paz-timba-en-cauca-llora-a-dos-victimas-del-atentado/,False
e0236,amenaza_intimidacion,NO,NO,https://www.elcolombiano.com/sostenibilidad/celsia-sembro-mas-de-13-millones-de-arboles-nativos-FO21946021,False
e0236,amenaza_lideres,NO,NO,https://www.elcolombiano.com/sostenibilidad/celsia-sembro-mas-de-13-millones-de-arboles-nativos-FO21946021,False
e0236,danos_ambientales,NO,NO,https://www.elcolombiano.com/sostenibilidad/celsia-sembro-mas-de-13-millones-de-arboles-nativos-FO21946021,False
e0236,protesta_social,NO,NO,https://www.elcolombiano.com/sostenibilidad/celsia-sembro-mas-de-13-millones-de-arboles-nativos-FO21946021,False
e0236,reasentamiento,NO,NO,https://www.elcolombiano.com/sostenibilidad/celsia-sembro-mas-de-13-millones-de-arboles-nativos-FO21946021,False
e0236,violacion_derechos_humanos,NO,NO,https://www.elcolombiano.com/sostenibilidad/celsia-sembro-mas-de-13-millones-de-arboles-nativos-FO21946021,False
e0237,amenaza_intimidacion,NO,NO,https://diariodelcauca.com.co/movimiento-comunal/,False
e0237,amenaza_lideres,NO,NO,https://diariodelcauca.com.co/movimiento-comunal/,False
e0237,danos_ambientales,NO,NO,https://diariodelcauca.com.co/movimiento-comunal/,False
e0237,protesta_social,SI,SI,https://diariodelcauca.com.co/movimiento-comunal/,True
e0237,reasentamiento,NO,NO,https://diariodelcauca.com.co/movimiento-comunal/,False
e0237,violacion_derechos_humanos,NO,NO,https://diariodelcauca.com.co/movimiento-comunal/,False
e0238,amenaza_intimidacion,NO,NO,https://diariodelcauca.com.co/mininterior-afirma-no-dar-garantias-a-bandas-criminales/,False
e0238,amenaza_lideres,NO,NO,https://diariodelcauca.com.co/mininterior-afirma-no-dar-garantias-a-bandas-criminales/,False
e0238,danos_ambientales,NO,NO,https://diariodelcauca.com.co/mininterior-afirma-no-dar-garantias-a-bandas-criminales/,False
e0238,protesta_social,NO,NO,https://diariodelcauca.com.co/mininterior-afirma-no-dar-garantias-a-bandas-criminales/,False
e0238,reasentamiento,NO,NO,https://diariodelcauca.com.co/mininterior-afirma-no-dar-garantias-a-bandas-criminales/,False
e0238,violacion_derechos_humanos,NO,NO,https://diariodelcauca.com.co/mininterior-afirma-no-dar-garantias-a-bandas-criminales/,False
e0239,amenaza_intimidacion,NO,NO,https://laguajirahoy.com/judiciales/se-reabre-frontera-y-se-normaliza-paso-por-paraguachon-en-la-guajira.html,False
e0239,amenaza_lideres,NO,NO,https://laguajirahoy.com/judiciales/se-reabre-frontera-y-se-normaliza-paso-por-paraguachon-en-la-guajira.html,False
e0239,danos_ambientales,NO,NO,https://laguajirahoy.com/judiciales/se-reabre-frontera-y-se-normaliza-paso-por-paraguachon-en-la-guajira.html,False
e0239,protesta_social,NO,NO,https://laguajirahoy.com/judiciales/se-reabre-frontera-y-se-normaliza-paso-por-paraguachon-en-la-guajira.html,False
e0239,reasentamiento,NO,NO,https://laguajirahoy.com/judiciales/se-reabre-frontera-y-se-normaliza-paso-por-paraguachon-en-la-guajira.html,False
e0239,violacion_derechos_humanos,NO,NO,https://laguajirahoy.com/judiciales/se-reabre-frontera-y-se-normaliza-paso-por-paraguachon-en-la-guajira.html,False
e0240,amenaza_intimidacion,SI,SI,https://www.elcolombiano.com/antioquia/disidencias-frente-36-imponen-manual-convivencia-en-municipios-norte-bajo-cauca-nordeste-antioquia-MD22211269,True
e0240,amenaza_lideres,NO,NO,https://www.elcolombiano.com/antioquia/disidencias-frente-36-imponen-manual-convivencia-en-municipios-norte-bajo-cauca-nordeste-antioquia-MD22211269,False
e0240,danos_ambientales,NO,NO,https://www.elcolombiano.com/antioquia/disidencias-frente-36-imponen-manual-convivencia-en-municipios-norte-bajo-cauca-nordeste-antioquia-MD22211269,False
e0240,protesta_social,NO,NO,https://www.elcolombiano.com/antioquia/disidencias-frente-36-imponen-manual-convivencia-en-municipios-norte-bajo-cauca-nordeste-antioquia-MD22211269,False
e0240,reasentamiento,NO,NO,https://www.elcolombiano.com/antioquia/disidencias-frente-36-imponen-manual-convivencia-en-municipios-norte-bajo-cauca-nordeste-antioquia-MD22211269,False
e0240,violacion_derechos_humanos,NO,NO,https://www.elcolombiano.com/antioquia/disidencias-frente-36-imponen-manual-convivencia-en-municipios-norte-bajo-cauca-nordeste-antioquia-MD22211269,False
e0241,amenaza_intimidacion,NO,NO,https://diariodelnorte.net/judiciales/comunidades-wayuu-levantan-bloqueo-al-relleno-sanitario-del-norte-tras-acuerdos-con-el-alcalde-de-maicao/,False
e0241,amenaza_lideres,NO,NO,https://diariodelnorte.net/judiciales/comunidades-wayuu-levantan-bloqueo-al-relleno-sanitario-del-norte-tras-acuerdos-con-el-alcalde-de-maicao/,False
e0241,danos_ambientales,NO,NO,https://diariodelnorte.net/judiciales/comunidades-wayuu-levantan-bloqueo-al-relleno-sanitario-del-norte-tras-acuerdos-con-el-alcalde-de-maicao/,False
e0241,protesta_social,SI,SI,https://diariodelnorte.net/judiciales/comunidades-wayuu-levantan-bloqueo-al-relleno-sanitario-del-norte-tras-acuerdos-con-el-alcalde-de-maicao/,True
e0241,reasentamiento,DUDOSO,DUDOSO,https://diariodelnorte.net/judiciales/comunidades-wayuu-levantan-bloqueo-al-relleno-sanitario-del-norte-tras-acuerdos-con-el-alcalde-de-maicao/,False
e0241,violacion_derechos_humanos,NO,NO,https://diariodelnorte.net/judiciales/comunidades-wayuu-levantan-bloqueo-al-relleno-sanitario-del-norte-tras-acuerdos-con-el-alcalde-de-maicao/,False
e0242,amenaza_intimidacion,NO,NO,https://www.elcolombiano.com/medellin/bloqueos-en-la-avenida-regional-en-el-poblado-OC21236190,False
e0242,amenaza_lideres,NO,NO,https://www.elcolombiano.com/medellin/bloqueos-en-la-avenida-regional-en-el-poblado-OC21236190,False
e0242,danos_ambientales,NO,NO,https://www.elcolombiano.com/medellin/bloqueos-en-la-avenida-regional-en-el-poblado-OC21236190,False
e0242,protesta_social,SI,SI,https://www.elcolombiano.com/medellin/bloqueos-en-la-avenida-regional-en-el-poblado-OC21236190,True
e0242,reasentamiento,NO,NO,https://www.elcolombiano.com/medellin/bloqueos-en-la-avenida-regional-en-el-poblado-OC21236190,False
e0242,violacion_derechos_humanos,NO,NO,https://www.elcolombiano.com/medellin/bloqueos-en-la-avenida-regional-en-el-poblado-OC21236190,False
e0243,amenaza_intimidacion,NO,NO,https://diariodelcauca.com.co/incompetencia-de-elias-larrahondo-bloqueara-la-panamericana-otra-vez-dicen-lideres/,False
e0243,amenaza_lideres,NO,NO,https://diariodelcauca.com.co/incompetencia-de-elias-larrahondo-bloqueara-la-panamericana-otra-vez-dicen-lideres/,False
e0243,danos_ambientales,NO,NO,https://diariodelcauca.com.co/incompetencia-de-elias-larrahondo-bloqueara-la-panamericana-otra-vez-dicen-lideres/,False
e0243,protesta_social,DUDOSO,NO,https://diariodelcauca.com.co/incompetencia-de-elias-larrahondo-bloqueara-la-panamericana-otra-vez-dicen-lideres/,False
e0243,reasentamiento,NO,NO,https://diariodelcauca.com.co/incompetencia-de-elias-larrahondo-bloqueara-la-panamericana-otra-vez-dicen-lideres/,False
e0243,violacion_derechos_humanos,NO,NO,https://diariodelcauca.com.co/incompetencia-de-elias-larrahondo-bloqueara-la-panamericana-otra-vez-dicen-lideres/,False
e0244,amenaza_intimidacion,NO,NO,https://boyaca7dias.com.co/2026/08/07/de-los-dos-megaproyectos-de-petro-para-boyaca-uno-arranco-y-el-otro-se-quedo-estancado/,False
e0244,amenaza_lideres,NO,NO,https://boyaca7dias.com.co/2026/08/07/de-los-dos-megaproyectos-de-petro-para-boyaca-uno-arranco-y-el-otro-se-quedo-estancado/,False
e0244,danos_ambientales,NO,NO,https://boyaca7dias.com.co/2026/08/07/de-los-dos-megaproyectos-de-petro-para-boyaca-uno-arranco-y-el-otro-se-quedo-estancado/,False
e0244,protesta_social,NO,NO,https://boyaca7dias.com.co/2026/08/07/de-los-dos-megaproyectos-de-petro-para-boyaca-uno-arranco-y-el-otro-se-quedo-estancado/,False
e0244,reasentamiento,NO,NO,https://boyaca7dias.com.co/2026/08/07/de-los-dos-megaproyectos-de-petro-para-boyaca-uno-arranco-y-el-otro-se-quedo-estancado/,False
e0244,violacion_derechos_humanos,NO,NO,https://boyaca7dias.com.co/2026/08/07/de-los-dos-megaproyectos-de-petro-para-boyaca-uno-arranco-y-el-otro-se-quedo-estancado/,False
e0245,amenaza_intimidacion,NO,NO,https://www.eltiempo.com/bogota/quetame-nuevo-reporte-indica-que-hay-21-muertos-y-8-desaparecidos-788350,False
e0245,amenaza_lideres,NO,NO,https://www.eltiempo.com/bogota/quetame-nuevo-reporte-indica-que-hay-21-muertos-y-8-desaparecidos-788350,False
e0245,danos_ambientales,NO,NO,https://www.eltiempo.com/bogota/quetame-nuevo-reporte-indica-que-hay-21-muertos-y-8-desaparecidos-788350,False
e0245,protesta_social,NO,NO,https://www.eltiempo.com/bogota/quetame-nuevo-reporte-indica-que-hay-21-muertos-y-8-desaparecidos-788350,False
e0245,reasentamiento,NO,DUDOSO,https://www.eltiempo.com/bogota/quetame-nuevo-reporte-indica-que-hay-21-muertos-y-8-desaparecidos-788350,False
e0245,violacion_derechos_humanos,NO,NO,https://www.eltiempo.com/bogota/quetame-nuevo-reporte-indica-que-hay-21-muertos-y-8-desaparecidos-788350,False
e0246,amenaza_intimidacion,NO,NO,https://diariodelnorte.net/laguajira/mantienen-alerta-roja-por-riesgo-de-incendios-forestales-en-los-15-municipios-de-la-guajira/,False
e0246,amenaza_lideres,NO,NO,https://diariodelnorte.net/laguajira/mantienen-alerta-roja-por-riesgo-de-incendios-forestales-en-los-15-municipios-de-la-guajira/,False
e0246,danos_ambientales,NO,NO,https://diariodelnorte.net/laguajira/mantienen-alerta-roja-por-riesgo-de-incendios-forestales-en-los-15-municipios-de-la-guajira/,False
e0246,protesta_social,NO,NO,https://diariodelnorte.net/laguajira/mantienen-alerta-roja-por-riesgo-de-incendios-forestales-en-los-15-municipios-de-la-guajira/,False
e0246,reasentamiento,NO,NO,https://diariodelnorte.net/laguajira/mantienen-alerta-roja-por-riesgo-de-incendios-forestales-en-los-15-municipios-de-la-guajira/,False
e0246,violacion_derechos_humanos,NO,NO,https://diariodelnorte.net/laguajira/mantienen-alerta-roja-por-riesgo-de-incendios-forestales-en-los-15-municipios-de-la-guajira/,False
e0247,amenaza_intimidacion,NO,DUDOSO,https://diariodelcauca.com.co/llaman-a-que-se-sostenga-cese-al-fuego-por-parte-de-criminales/,False
e0247,amenaza_lideres,NO,NO,https://diariodelcauca.com.co/llaman-a-que-se-sostenga-cese-al-fuego-por-parte-de-criminales/,False
e0247,danos_ambientales,NO,NO,https://diariodelcauca.com.co/llaman-a-que-se-sostenga-cese-al-fuego-por-parte-de-criminales/,False
e0247,protesta_social,NO,NO,https://diariodelcauca.com.co/llaman-a-que-se-sostenga-cese-al-fuego-por-parte-de-criminales/,False
e0247,reasentamiento,NO,NO,https://diariodelcauca.com.co/llaman-a-que-se-sostenga-cese-al-fuego-por-parte-de-criminales/,False
e0247,violacion_derechos_humanos,NO,NO,https://diariodelcauca.com.co/llaman-a-que-se-sostenga-cese-al-fuego-por-parte-de-criminales/,False
e0248,amenaza_intimidacion,NO,NO,https://diariodelnorte.net/judiciales/capturan-a-tres-personas-por-fuga-de-presos-en-operativos-viales-de-la-guajira/,False
e0248,amenaza_lideres,NO,NO,https://diariodelnorte.net/judiciales/capturan-a-tres-personas-por-fuga-de-presos-en-operativos-viales-de-la-guajira/,False
e0248,danos_ambientales,NO,NO,https://diariodelnorte.net/judiciales/capturan-a-tres-personas-por-fuga-de-presos-en-operativos-viales-de-la-guajira/,False
e0248,protesta_social,NO,NO,https://diariodelnorte.net/judiciales/capturan-a-tres-personas-por-fuga-de-presos-en-operativos-viales-de-la-guajira/,False
e0248,reasentamiento,NO,NO,https://diariodelnorte.net/judiciales/capturan-a-tres-personas-por-fuga-de-presos-en-operativos-viales-de-la-guajira/,False
e0248,violacion_derechos_humanos,NO,NO,https://diariodelnorte.net/judiciales/capturan-a-tres-personas-por-fuga-de-presos-en-operativos-viales-de-la-guajira/,False
e0249,amenaza_intimidacion,NO,NO,https://www.eltiempo.com/vida/ciencia/por-que-ocurren-frecuentes-deslizamientos-de-tierra-en-colombia-789577,False
e0249,amenaza_lideres,NO,NO,https://www.eltiempo.com/vida/ciencia/por-que-ocurren-frecuentes-deslizamientos-de-tierra-en-colombia-789577,False
e0249,danos_ambientales,NO,NO,https://www.eltiempo.com/vida/ciencia/por-que-ocurren-frecuentes-deslizamientos-de-tierra-en-colombia-789577,False
e0249,protesta_social,NO,NO,https://www.eltiempo.com/vida/ciencia/por-que-ocurren-frecuentes-deslizamientos-de-tierra-en-colombia-789577,False
e0249,reasentamiento,NO,NO,https://www.eltiempo.com/vida/ciencia/por-que-ocurren-frecuentes-deslizamientos-de-tierra-en-colombia-789577,False
e0249,violacion_derechos_humanos,NO,NO,https://www.eltiempo.com/vida/ciencia/por-que-ocurren-frecuentes-deslizamientos-de-tierra-en-colombia-789577,False
e0250,amenaza_intimidacion,DUDOSO,DUDOSO,https://www.elcolombiano.com/antioquia/llegaran-mas-policias-a-antioquia-KD22300903,False
e0250,amenaza_lideres,NO,NO,https://www.elcolombiano.com/antioquia/llegaran-mas-policias-a-antioquia-KD22300903,False
e0250,danos_ambientales,DUDOSO,DUDOSO,https://www.elcolombiano.com/antioquia/llegaran-mas-policias-a-antioquia-KD22300903,False
e0250,protesta_social,NO,NO,https://www.elcolombiano.com/antioquia/llegaran-mas-policias-a-antioquia-KD22300903,False
e0250,reasentamiento,NO,NO,https://www.elcolombiano.com/antioquia/llegaran-mas-policias-a-antioquia-KD22300903,False
e0250,violacion_derechos_humanos,DUDOSO,NO,https://www.elcolombiano.com/antioquia/llegaran-mas-policias-a-antioquia-KD22300903,False
e0251,amenaza_intimidacion,NO,NO,https://diariodelcauca.com.co/indigenas-manifiestan-rechazo-hacia-las-difamaciones-a-gustavo-petro/,False
e0251,amenaza_lideres,NO,NO,https://diariodelcauca.com.co/indigenas-manifiestan-rechazo-hacia-las-difamaciones-a-gustavo-petro/,False
e0251,danos_ambientales,NO,NO,https://diariodelcauca.com.co/indigenas-manifiestan-rechazo-hacia-las-difamaciones-a-gustavo-petro/,False
e0251,protesta_social,DUDOSO,NO,https://diariodelcauca.com.co/indigenas-manifiestan-rechazo-hacia-las-difamaciones-a-gustavo-petro/,False
e0251,reasentamiento,NO,NO,https://diariodelcauca.com.co/indigenas-manifiestan-rechazo-hacia-las-difamaciones-a-gustavo-petro/,False
e0251,violacion_derechos_humanos,NO,NO,https://diariodelcauca.com.co/indigenas-manifiestan-rechazo-hacia-las-difamaciones-a-gustavo-petro/,False
e0252,amenaza_intimidacion,NO,NO,https://laguajirahoy.com/judiciales/carneo-y-abigeato-en-aumento-en-la-guajira.html,False
e0252,amenaza_lideres,NO,NO,https://laguajirahoy.com/judiciales/carneo-y-abigeato-en-aumento-en-la-guajira.html,False
e0252,danos_ambientales,NO,NO,https://laguajirahoy.com/judiciales/carneo-y-abigeato-en-aumento-en-la-guajira.html,False
e0252,protesta_social,NO,NO,https://laguajirahoy.com/judiciales/carneo-y-abigeato-en-aumento-en-la-guajira.html,False
e0252,reasentamiento,NO,NO,https://laguajirahoy.com/judiciales/carneo-y-abigeato-en-aumento-en-la-guajira.html,False
e0252,violacion_derechos_humanos,NO,NO,https://laguajirahoy.com/judiciales/carneo-y-abigeato-en-aumento-en-la-guajira.html,False
e0253,amenaza_intimidacion,NO,NO,https://boyaca7dias.com.co/2026/08/06/proteger-al-venado-cola-blanca-una-prioridad-para-salvaguardar-la-biodiversidad-en-boyaca/,False
e0253,amenaza_lideres,NO,NO,https://boyaca7dias.com.co/2026/08/06/proteger-al-venado-cola-blanca-una-prioridad-para-salvaguardar-la-biodiversidad-en-boyaca/,False
e0253,danos_ambientales,NO,NO,https://boyaca7dias.com.co/2026/08/06/proteger-al-venado-cola-blanca-una-prioridad-para-salvaguardar-la-biodiversidad-en-boyaca/,False
e0253,protesta_social,NO,NO,https://boyaca7dias.com.co/2026/08/06/proteger-al-venado-cola-blanca-una-prioridad-para-salvaguardar-la-biodiversidad-en-boyaca/,False
e0253,reasentamiento,NO,NO,https://boyaca7dias.com.co/2026/08/06/proteger-al-venado-cola-blanca-una-prioridad-para-salvaguardar-la-biodiversidad-en-boyaca/,False
e0253,violacion_derechos_humanos,NO,NO,https://boyaca7dias.com.co/2026/08/06/proteger-al-venado-cola-blanca-una-prioridad-para-salvaguardar-la-biodiversidad-en-boyaca/,False
e0254,amenaza_intimidacion,NO,NO,https://diariodelcauca.com.co/alarmante-aumento-de-violencia/,False
e0254,amenaza_lideres,SI,SI,https://diariodelcauca.com.co/alarmante-aumento-de-violencia/,True
e0254,danos_ambientales,NO,NO,https://diariodelcauca.com.co/alarmante-aumento-de-violencia/,False
e0254,protesta_social,NO,NO,https://diariodelcauca.com.co/alarmante-aumento-de-violencia/,False
e0254,reasentamiento,NO,NO,https://diariodelcauca.com.co/alarmante-aumento-de-violencia/,False
e0254,violacion_derechos_humanos,SI,NO,https://diariodelcauca.com.co/alarmante-aumento-de-violencia/,False
e0255,amenaza_intimidacion,NO,NO,https://www.elcolombiano.com/antioquia/renuncio-a-aspirar-a-la-goberncion-candidato-robinson-giraldo-GO22682307,False
e0255,amenaza_lideres,NO,NO,https://www.elcolombiano.com/antioquia/renuncio-a-aspirar-a-la-goberncion-candidato-robinson-giraldo-GO22682307,False
e0255,danos_ambientales,NO,NO,https://www.elcolombiano.com/antioquia/renuncio-a-aspirar-a-la-goberncion-candidato-robinson-giraldo-GO22682307,False
e0255,protesta_social,NO,NO,https://www.elcolombiano.com/antioquia/renuncio-a-aspirar-a-la-goberncion-candidato-robinson-giraldo-GO22682307,False
e0255,reasentamiento,NO,NO,https://www.elcolombiano.com/antioquia/renuncio-a-aspirar-a-la-goberncion-candidato-robinson-giraldo-GO22682307,False
e0255,violacion_derechos_humanos,NO,NO,https://www.elcolombiano.com/antioquia/renuncio-a-aspirar-a-la-goberncion-candidato-robinson-giraldo-GO22682307,False
e0256,amenaza_intimidacion,NO,NO,https://www.elcolombiano.com/medellin/entrevista-a-juan-luis-mejia-sobre-la-cultura-del-narcotrafico-exorcizarte-pablo-KH22615492,False
e0256,amenaza_lideres,NO,NO,https://www.elcolombiano.com/medellin/entrevista-a-juan-luis-mejia-sobre-la-cultura-del-narcotrafico-exorcizarte-pablo-KH22615492,False
e0256,danos_ambientales,DUDOSO,NO,https://www.elcolombiano.com/medellin/entrevista-a-juan-luis-mejia-sobre-la-cultura-del-narcotrafico-exorcizarte-pablo-KH22615492,False
e0256,protesta_social,NO,NO,https://www.elcolombiano.com/medellin/entrevista-a-juan-luis-mejia-sobre-la-cultura-del-narcotrafico-exorcizarte-pablo-KH22615492,False
e0256,reasentamiento,NO,NO,https://www.elcolombiano.com/medellin/entrevista-a-juan-luis-mejia-sobre-la-cultura-del-narcotrafico-exorcizarte-pablo-KH22615492,False
e0256,violacion_derechos_humanos,NO,NO,https://www.elcolombiano.com/medellin/entrevista-a-juan-luis-mejia-sobre-la-cultura-del-narcotrafico-exorcizarte-pablo-KH22615492,False
e0257,amenaza_intimidacion,NO,NO,https://choco7dias.com/riosucio-radican-demanda-a-favor-de-la-comunidad-del-rio-cacarica/,False
e0257,amenaza_lideres,NO,NO,https://choco7dias.com/riosucio-radican-demanda-a-favor-de-la-comunidad-del-rio-cacarica/,False
e0257,danos_ambientales,NO,NO,https://choco7dias.com/riosucio-radican-demanda-a-favor-de-la-comunidad-del-rio-cacarica/,False
e0257,protesta_social,NO,NO,https://choco7dias.com/riosucio-radican-demanda-a-favor-de-la-comunidad-del-rio-cacarica/,False
e0257,reasentamiento,NO,NO,https://choco7dias.com/riosucio-radican-demanda-a-favor-de-la-comunidad-del-rio-cacarica/,False
e0257,violacion_derechos_humanos,SI,SI,https://choco7dias.com/riosucio-radican-demanda-a-favor-de-la-comunidad-del-rio-cacarica/,True
e0258,amenaza_intimidacion,DUDOSO,NO,https://www.elcolombiano.com/antioquia/planton-empleados-hospital-san-rafael-de-itagui-por-falta-de-pago-FC22759158,False
e0258,amenaza_lideres,NO,NO,https://www.elcolombiano.com/antioquia/planton-empleados-hospital-san-rafael-de-itagui-por-falta-de-pago-FC22759158,False
e0258,danos_ambientales,NO,NO,https://www.elcolombiano.com/antioquia/planton-empleados-hospital-san-rafael-de-itagui-por-falta-de-pago-FC22759158,False
e0258,protesta_social,SI,SI,https://www.elcolombiano.com/antioquia/planton-empleados-hospital-san-rafael-de-itagui-por-falta-de-pago-FC22759158,True
e0258,reasentamiento,NO,NO,https://www.elcolombiano.com/antioquia/planton-empleados-hospital-san-rafael-de-itagui-por-falta-de-pago-FC22759158,False
e0258,violacion_derechos_humanos,NO,NO,https://www.elcolombiano.com/antioquia/planton-empleados-hospital-san-rafael-de-itagui-por-falta-de-pago-FC22759158,False
e0259,amenaza_intimidacion,NO,NO,https://diariodelcauca.com.co/desde-2022-cruz-verde-ha-donado-mas-de-2-mil-millones-de-pesos-en-productos-al-banco-de-alimentos/,False
e0259,amenaza_lideres,NO,NO,https://diariodelcauca.com.co/desde-2022-cruz-verde-ha-donado-mas-de-2-mil-millones-de-pesos-en-productos-al-banco-de-alimentos/,False
e0259,danos_ambientales,NO,NO,https://diariodelcauca.com.co/desde-2022-cruz-verde-ha-donado-mas-de-2-mil-millones-de-pesos-en-productos-al-banco-de-alimentos/,False
e0259,protesta_social,NO,NO,https://diariodelcauca.com.co/desde-2022-cruz-verde-ha-donado-mas-de-2-mil-millones-de-pesos-en-productos-al-banco-de-alimentos/,False
e0259,reasentamiento,NO,NO,https://diariodelcauca.com.co/desde-2022-cruz-verde-ha-donado-mas-de-2-mil-millones-de-pesos-en-productos-al-banco-de-alimentos/,False
e0259,violacion_derechos_humanos,NO,NO,https://diariodelcauca.com.co/desde-2022-cruz-verde-ha-donado-mas-de-2-mil-millones-de-pesos-en-productos-al-banco-de-alimentos/,False
e0260,amenaza_intimidacion,SI,SI,https://diariodelcauca.com.co/violencia-extrema-con-granadas-obligan-a-800-familias-a-desplazarse-de-su-region/,True
e0260,amenaza_lideres,NO,NO,https://diariodelcauca.com.co/violencia-extrema-con-granadas-obligan-a-800-familias-a-desplazarse-de-su-region/,False
e0260,danos_ambientales,NO,NO,https://diariodelcauca.com.co/violencia-extrema-con-granadas-obligan-a-800-familias-a-desplazarse-de-su-region/,False
e0260,protesta_social,NO,NO,https://diariodelcauca.com.co/violencia-extrema-con-granadas-obligan-a-800-familias-a-desplazarse-de-su-region/,False
e0260,reasentamiento,NO,NO,https://diariodelcauca.com.co/violencia-extrema-con-granadas-obligan-a-800-familias-a-desplazarse-de-su-region/,False
e0260,violacion_derechos_humanos,SI,SI,https://diariodelcauca.com.co/violencia-extrema-con-granadas-obligan-a-800-familias-a-desplazarse-de-su-region/,True
e0261,amenaza_intimidacion,NO,NO,https://www.eltiempo.com/bogota/exjefa-de-planeacion-de-funza-fue-condenada-a-7-anos-por-corrupcion-757159,False
e0261,amenaza_lideres,NO,NO,https://www.eltiempo.com/bogota/exjefa-de-planeacion-de-funza-fue-condenada-a-7-anos-por-corrupcion-757159,False
e0261,danos_ambientales,NO,NO,https://www.eltiempo.com/bogota/exjefa-de-planeacion-de-funza-fue-condenada-a-7-anos-por-corrupcion-757159,False
e0261,protesta_social,NO,NO,https://www.eltiempo.com/bogota/exjefa-de-planeacion-de-funza-fue-condenada-a-7-anos-por-corrupcion-757159,False
e0261,reasentamiento,NO,NO,https://www.eltiempo.com/bogota/exjefa-de-planeacion-de-funza-fue-condenada-a-7-anos-por-corrupcion-757159,False
e0261,violacion_derechos_humanos,NO,NO,https://www.eltiempo.com/bogota/exjefa-de-planeacion-de-funza-fue-condenada-a-7-anos-por-corrupcion-757159,False
e0262,amenaza_intimidacion,NO,NO,https://laguajirahoy.com/judiciales/venezuela-libero-a-ciudadano-frances-quien-fue-capturado-en-la-frontera-con-la-guajira.html,False
e0262,amenaza_lideres,NO,NO,https://laguajirahoy.com/judiciales/venezuela-libero-a-ciudadano-frances-quien-fue-capturado-en-la-frontera-con-la-guajira.html,False
e0262,danos_ambientales,NO,NO,https://laguajirahoy.com/judiciales/venezuela-libero-a-ciudadano-frances-quien-fue-capturado-en-la-frontera-con-la-guajira.html,False
e0262,protesta_social,NO,NO,https://laguajirahoy.com/judiciales/venezuela-libero-a-ciudadano-frances-quien-fue-capturado-en-la-frontera-con-la-guajira.html,False
e0262,reasentamiento,NO,NO,https://laguajirahoy.com/judiciales/venezuela-libero-a-ciudadano-frances-quien-fue-capturado-en-la-frontera-con-la-guajira.html,False
e0262,violacion_derechos_humanos,SI,DUDOSO,https://laguajirahoy.com/judiciales/venezuela-libero-a-ciudadano-frances-quien-fue-capturado-en-la-frontera-con-la-guajira.html,False
e0263,amenaza_intimidacion,NO,NO,https://diariodelnorte.net/judiciales/habitantes-de-comunidad-indigena-bloquean-la-via-maicao-riohacha-para-exigir-reconocimiento/,False
e0263,amenaza_lideres,NO,NO,https://diariodelnorte.net/judiciales/habitantes-de-comunidad-indigena-bloquean-la-via-maicao-riohacha-para-exigir-reconocimiento/,False
e0263,danos_ambientales,NO,NO,https://diariodelnorte.net/judiciales/habitantes-de-comunidad-indigena-bloquean-la-via-maicao-riohacha-para-exigir-reconocimiento/,False
e0263,protesta_social,SI,SI,https://diariodelnorte.net/judiciales/habitantes-de-comunidad-indigena-bloquean-la-via-maicao-riohacha-para-exigir-reconocimiento/,True
e0263,reasentamiento,NO,NO,https://diariodelnorte.net/judiciales/habitantes-de-comunidad-indigena-bloquean-la-via-maicao-riohacha-para-exigir-reconocimiento/,False
e0263,violacion_derechos_humanos,NO,NO,https://diariodelnorte.net/judiciales/habitantes-de-comunidad-indigena-bloquean-la-via-maicao-riohacha-para-exigir-reconocimiento/,False
e0264,amenaza_intimidacion,NO,NO,https://diariodelcauca.com.co/gobierno-nacional-promete-estabilizar-el-norte-caucano/,False
e0264,amenaza_lideres,NO,NO,https://diariodelcauca.com.co/gobierno-nacional-promete-estabilizar-el-norte-caucano/,False
e0264,danos_ambientales,NO,NO,https://diariodelcauca.com.co/gobierno-nacional-promete-estabilizar-el-norte-caucano/,False
e0264,protesta_social,NO,NO,https://diariodelcauca.com.co/gobierno-nacional-promete-estabilizar-el-norte-caucano/,False
e0264,reasentamiento,NO,NO,https://diariodelcauca.com.co/gobierno-nacional-promete-estabilizar-el-norte-caucano/,False
e0264,violacion_derechos_humanos,SI,SI,https://diariodelcauca.com.co/gobierno-nacional-promete-estabilizar-el-norte-caucano/,True
e0265,amenaza_intimidacion,NO,NO,https://choco7dias.com/se-realizo-en-quibdo-encuentro-nacional-de-coordinadores-de-mesas-de-victimas/,False
e0265,amenaza_lideres,NO,NO,https://choco7dias.com/se-realizo-en-quibdo-encuentro-nacional-de-coordinadores-de-mesas-de-victimas/,False
e0265,danos_ambientales,NO,NO,https://choco7dias.com/se-realizo-en-quibdo-encuentro-nacional-de-coordinadores-de-mesas-de-victimas/,False
e0265,protesta_social,NO,NO,https://choco7dias.com/se-realizo-en-quibdo-encuentro-nacional-de-coordinadores-de-mesas-de-victimas/,False
e0265,reasentamiento,NO,NO,https://choco7dias.com/se-realizo-en-quibdo-encuentro-nacional-de-coordinadores-de-mesas-de-victimas/,False
e0265,violacion_derechos_humanos,DUDOSO,NO,https://choco7dias.com/se-realizo-en-quibdo-encuentro-nacional-de-coordinadores-de-mesas-de-victimas/,False
e0266,amenaza_intimidacion,NO,NO,https://www.eltiempo.com/economia/empresas/ordenan-retirar-del-mercado-el-aguardiente-real-amarillo-833086,False
e0266,amenaza_lideres,NO,NO,https://www.eltiempo.com/economia/empresas/ordenan-retirar-del-mercado-el-aguardiente-real-amarillo-833086,False
e0266,danos_ambientales,NO,NO,https://www.eltiempo.com/economia/empresas/ordenan-retirar-del-mercado-el-aguardiente-real-amarillo-833086,False
e0266,protesta_social,NO,NO,https://www.eltiempo.com/economia/empresas/ordenan-retirar-del-mercado-el-aguardiente-real-amarillo-833086,False
e0266,reasentamiento,NO,NO,https://www.eltiempo.com/economia/empresas/ordenan-retirar-del-mercado-el-aguardiente-real-amarillo-833086,False
e0266,violacion_derechos_humanos,NO,NO,https://www.eltiempo.com/economia/empresas/ordenan-retirar-del-mercado-el-aguardiente-real-amarillo-833086,False
e0267,amenaza_intimidacion,NO,NO,https://choco7dias.com/otro-desplante-de-petro-al-choco-por-atender-la-guerra-entre-israel-y-palestina/,False
e0267,amenaza_lideres,NO,NO,https://choco7dias.com/otro-desplante-de-petro-al-choco-por-atender-la-guerra-entre-israel-y-palestina/,False
e0267,danos_ambientales,NO,NO,https://choco7dias.com/otro-desplante-de-petro-al-choco-por-atender-la-guerra-entre-israel-y-palestina/,False
e0267,protesta_social,NO,NO,https://choco7dias.com/otro-desplante-de-petro-al-choco-por-atender-la-guerra-entre-israel-y-palestina/,False
e0267,reasentamiento,NO,NO,https://choco7dias.com/otro-desplante-de-petro-al-choco-por-atender-la-guerra-entre-israel-y-palestina/,False
e0267,violacion_derechos_humanos,NO,NO,https://choco7dias.com/otro-desplante-de-petro-al-choco-por-atender-la-guerra-entre-israel-y-palestina/,False
e0268,amenaza_intimidacion,DUDOSO,SI,https://diariodelnorte.net/judiciales/conductor-denuncia-presunta-extorsion-por-parte-de-un-agente-de-transito-en-maicao/,False
e0268,amenaza_lideres,NO,NO,https://diariodelnorte.net/judiciales/conductor-denuncia-presunta-extorsion-por-parte-de-un-agente-de-transito-en-maicao/,False
e0268,danos_ambientales,NO,NO,https://diariodelnorte.net/judiciales/conductor-denuncia-presunta-extorsion-por-parte-de-un-agente-de-transito-en-maicao/,False
e0268,protesta_social,NO,NO,https://diariodelnorte.net/judiciales/conductor-denuncia-presunta-extorsion-por-parte-de-un-agente-de-transito-en-maicao/,False
e0268,reasentamiento,NO,NO,https://diariodelnorte.net/judiciales/conductor-denuncia-presunta-extorsion-por-parte-de-un-agente-de-transito-en-maicao/,False
e0268,violacion_derechos_humanos,NO,NO,https://diariodelnorte.net/judiciales/conductor-denuncia-presunta-extorsion-por-parte-de-un-agente-de-transito-en-maicao/,False
e0269,amenaza_intimidacion,NO,NO,https://boyaca7dias.com.co/2026/06/06/estos-fueron-los-compromisos-acordados-tras-las-protestas-en-el-peaje-de-tuta/,False
e0269,amenaza_lideres,NO,NO,https://boyaca7dias.com.co/2026/06/06/estos-fueron-los-compromisos-acordados-tras-las-protestas-en-el-peaje-de-tuta/,False
e0269,danos_ambientales,NO,NO,https://boyaca7dias.com.co/2026/06/06/estos-fueron-los-compromisos-acordados-tras-las-protestas-en-el-peaje-de-tuta/,False
e0269,protesta_social,SI,SI,https://boyaca7dias.com.co/2026/06/06/estos-fueron-los-compromisos-acordados-tras-las-protestas-en-el-peaje-de-tuta/,True
e0269,reasentamiento,NO,NO,https://boyaca7dias.com.co/2026/06/06/estos-fueron-los-compromisos-acordados-tras-las-protestas-en-el-peaje-de-tuta/,False
e0269,violacion_derechos_humanos,NO,NO,https://boyaca7dias.com.co/2026/06/06/estos-fueron-los-compromisos-acordados-tras-las-protestas-en-el-peaje-de-tuta/,False
e0270,amenaza_intimidacion,NO,NO,https://diariodelcauca.com.co/avances-estancados-por-funcionarios-del-gobierno-nacional/,False
e0270,amenaza_lideres,NO,NO,https://diariodelcauca.com.co/avances-estancados-por-funcionarios-del-gobierno-nacional/,False
e0270,danos_ambientales,NO,NO,https://diariodelcauca.com.co/avances-estancados-por-funcionarios-del-gobierno-nacional/,False
e0270,protesta_social,SI,SI,https://diariodelcauca.com.co/avances-estancados-por-funcionarios-del-gobierno-nacional/,True
e0270,reasentamiento,NO,NO,https://diariodelcauca.com.co/avances-estancados-por-funcionarios-del-gobierno-nacional/,False
e0270,violacion_derechos_humanos,NO,NO,https://diariodelcauca.com.co/avances-estancados-por-funcionarios-del-gobierno-nacional/,False
e0271,amenaza_intimidacion,SI,SI,https://diariodelcauca.com.co/terror-en-buenaventura-ofrecen-200-millones-por-informacion-de-encapuchados/,True
e0271,amenaza_lideres,NO,NO,https://diariodelcauca.com.co/terror-en-buenaventura-ofrecen-200-millones-por-informacion-de-encapuchados/,False
e0271,danos_ambientales,NO,NO,https://diariodelcauca.com.co/terror-en-buenaventura-ofrecen-200-millones-por-informacion-de-encapuchados/,False
e0271,protesta_social,NO,NO,https://diariodelcauca.com.co/terror-en-buenaventura-ofrecen-200-millones-por-informacion-de-encapuchados/,False
e0271,reasentamiento,NO,NO,https://diariodelcauca.com.co/terror-en-buenaventura-ofrecen-200-millones-por-informacion-de-encapuchados/,False
e0271,violacion_derechos_humanos,NO,NO,https://diariodelcauca.com.co/terror-en-buenaventura-ofrecen-200-millones-por-informacion-de-encapuchados/,False
e0272,amenaza_intimidacion,NO,NO,https://choco7dias.com/la-psicologa-colombiana-que-trabaja-desde-suecia-con-los-ninos-del-choco/,False
e0272,amenaza_lideres,NO,NO,https://choco7dias.com/la-psicologa-colombiana-que-trabaja-desde-suecia-con-los-ninos-del-choco/,False
e0272,danos_ambientales,NO,NO,https://choco7dias.com/la-psicologa-colombiana-que-trabaja-desde-suecia-con-los-ninos-del-choco/,False
e0272,protesta_social,NO,NO,https://choco7dias.com/la-psicologa-colombiana-que-trabaja-desde-suecia-con-los-ninos-del-choco/,False
e0272,reasentamiento,NO,NO,https://choco7dias.com/la-psicologa-colombiana-que-trabaja-desde-suecia-con-los-ninos-del-choco/,False
e0272,violacion_derechos_humanos,NO,NO,https://choco7dias.com/la-psicologa-colombiana-que-trabaja-desde-suecia-con-los-ninos-del-choco/,False
e0273,amenaza_intimidacion,NO,NO,https://choco7dias.com/codechoco-realiza-educacion-en-tado-ante-la-presencia-de-jaguares/,False
e0273,amenaza_lideres,NO,NO,https://choco7dias.com/codechoco-realiza-educacion-en-tado-ante-la-presencia-de-jaguares/,False
e0273,danos_ambientales,DUDOSO,DUDOSO,https://choco7dias.com/codechoco-realiza-educacion-en-tado-ante-la-presencia-de-jaguares/,False
e0273,protesta_social,NO,NO,https://choco7dias.com/codechoco-realiza-educacion-en-tado-ante-la-presencia-de-jaguares/,False
e0273,reasentamiento,NO,NO,https://choco7dias.com/codechoco-realiza-educacion-en-tado-ante-la-presencia-de-jaguares/,False
e0273,violacion_derechos_humanos,NO,NO,https://choco7dias.com/codechoco-realiza-educacion-en-tado-ante-la-presencia-de-jaguares/,False
e0274,amenaza_intimidacion,NO,NO,https://diariodelcauca.com.co/asesinaron-a-willington-antonio-pavi-comunero-en-la-sierra-cauca/,False
e0274,amenaza_lideres,SI,DUDOSO,https://diariodelcauca.com.co/asesinaron-a-willington-antonio-pavi-comunero-en-la-sierra-cauca/,False
e0274,danos_ambientales,NO,NO,https://diariodelcauca.com.co/asesinaron-a-willington-antonio-pavi-comunero-en-la-sierra-cauca/,False
e0274,protesta_social,NO,NO,https://diariodelcauca.com.co/asesinaron-a-willington-antonio-pavi-comunero-en-la-sierra-cauca/,False
e0274,reasentamiento,NO,NO,https://diariodelcauca.com.co/asesinaron-a-willington-antonio-pavi-comunero-en-la-sierra-cauca/,False
e0274,violacion_derechos_humanos,NO,NO,https://diariodelcauca.com.co/asesinaron-a-willington-antonio-pavi-comunero-en-la-sierra-cauca/,False
e0275,amenaza_intimidacion,NO,NO,https://www.portafolio.co/economia/regiones/imagenes-del-momento-de-la-explosion-del-atentado-al-peaje-boqueron-en-la-via-al-llano-593902,False
e0275,amenaza_lideres,NO,NO,https://www.portafolio.co/economia/regiones/imagenes-del-momento-de-la-explosion-del-atentado-al-peaje-boqueron-en-la-via-al-llano-593902,False
e0275,danos_ambientales,NO,NO,https://www.portafolio.co/economia/regiones/imagenes-del-momento-de-la-explosion-del-atentado-al-peaje-boqueron-en-la-via-al-llano-593902,False
e0275,protesta_social,NO,NO,https://www.portafolio.co/economia/regiones/imagenes-del-momento-de-la-explosion-del-atentado-al-peaje-boqueron-en-la-via-al-llano-593902,False
e0275,reasentamiento,NO,NO,https://www.portafolio.co/economia/regiones/imagenes-del-momento-de-la-explosion-del-atentado-al-peaje-boqueron-en-la-via-al-llano-593902,False
e0275,violacion_derechos_humanos,NO,DUDOSO,https://www.portafolio.co/economia/regiones/imagenes-del-momento-de-la-explosion-del-atentado-al-peaje-boqueron-en-la-via-al-llano-593902,False
e0276,amenaza_intimidacion,NO,NO,https://diariodelcauca.com.co/comunidad-de-el-plateado-sur-del-cauca-afectada-por-fuertes-controles-del-ejercito/,False
e0276,amenaza_lideres,NO,NO,https://diariodelcauca.com.co/comunidad-de-el-plateado-sur-del-cauca-afectada-por-fuertes-controles-del-ejercito/,False
e0276,danos_ambientales,NO,NO,https://diariodelcauca.com.co/comunidad-de-el-plateado-sur-del-cauca-afectada-por-fuertes-controles-del-ejercito/,False
e0276,protesta_social,NO,NO,https://diariodelcauca.com.co/comunidad-de-el-plateado-sur-del-cauca-afectada-por-fuertes-controles-del-ejercito/,False
e0276,reasentamiento,NO,NO,https://diariodelcauca.com.co/comunidad-de-el-plateado-sur-del-cauca-afectada-por-fuertes-controles-del-ejercito/,False
e0276,violacion_derechos_humanos,DUDOSO,DUDOSO,https://diariodelcauca.com.co/comunidad-de-el-plateado-sur-del-cauca-afectada-por-fuertes-controles-del-ejercito/,False
e0277,amenaza_intimidacion,NO,NO,https://choco7dias.com/ante-la-justicia-sera-presentado-el-caso-boca-de-chicao-en-choco/,False
e0277,amenaza_lideres,NO,NO,https://choco7dias.com/ante-la-justicia-sera-presentado-el-caso-boca-de-chicao-en-choco/,False
e0277,danos_ambientales,NO,NO,https://choco7dias.com/ante-la-justicia-sera-presentado-el-caso-boca-de-chicao-en-choco/,False
e0277,protesta_social,NO,NO,https://choco7dias.com/ante-la-justicia-sera-presentado-el-caso-boca-de-chicao-en-choco/,False
e0277,reasentamiento,NO,NO,https://choco7dias.com/ante-la-justicia-sera-presentado-el-caso-boca-de-chicao-en-choco/,False
e0277,violacion_derechos_humanos,SI,SI,https://choco7dias.com/ante-la-justicia-sera-presentado-el-caso-boca-de-chicao-en-choco/,True
e0278,amenaza_intimidacion,NO,NO,https://www.elcolombiano.com/antioquia/unidad-para-las-victimas-entrego-ayudas-humanitarias-a-indigenas-del-suroeste-PC20449464,False
e0278,amenaza_lideres,NO,NO,https://www.elcolombiano.com/antioquia/unidad-para-las-victimas-entrego-ayudas-humanitarias-a-indigenas-del-suroeste-PC20449464,False
e0278,danos_ambientales,NO,NO,https://www.elcolombiano.com/antioquia/unidad-para-las-victimas-entrego-ayudas-humanitarias-a-indigenas-del-suroeste-PC20449464,False
e0278,protesta_social,NO,NO,https://www.elcolombiano.com/antioquia/unidad-para-las-victimas-entrego-ayudas-humanitarias-a-indigenas-del-suroeste-PC20449464,False
e0278,reasentamiento,DUDOSO,DUDOSO,https://www.elcolombiano.com/antioquia/unidad-para-las-victimas-entrego-ayudas-humanitarias-a-indigenas-del-suroeste-PC20449464,False
e0278,violacion_derechos_humanos,NO,NO,https://www.elcolombiano.com/antioquia/unidad-para-las-victimas-entrego-ayudas-humanitarias-a-indigenas-del-suroeste-PC20449464,False
e0279,amenaza_intimidacion,NO,NO,https://diariodelnorte.net/laguajira/procuraduria-lleva-feria-de-servicios-a-uribia-para-garantizar-derechos-de-la-ninez-wayuu/,False
e0279,amenaza_lideres,NO,NO,https://diariodelnorte.net/laguajira/procuraduria-lleva-feria-de-servicios-a-uribia-para-garantizar-derechos-de-la-ninez-wayuu/,False
e0279,danos_ambientales,NO,NO,https://diariodelnorte.net/laguajira/procuraduria-lleva-feria-de-servicios-a-uribia-para-garantizar-derechos-de-la-ninez-wayuu/,False
e0279,protesta_social,NO,NO,https://diariodelnorte.net/laguajira/procuraduria-lleva-feria-de-servicios-a-uribia-para-garantizar-derechos-de-la-ninez-wayuu/,False
e0279,reasentamiento,NO,NO,https://diariodelnorte.net/laguajira/procuraduria-lleva-feria-de-servicios-a-uribia-para-garantizar-derechos-de-la-ninez-wayuu/,False
e0279,violacion_derechos_humanos,NO,NO,https://diariodelnorte.net/laguajira/procuraduria-lleva-feria-de-servicios-a-uribia-para-garantizar-derechos-de-la-ninez-wayuu/,False
e0280,amenaza_intimidacion,NO,NO,https://diariodelcauca.com.co/raul-vargas-se-quito-la-vida-en-talaga-inza-cauca/,False
e0280,amenaza_lideres,NO,NO,https://diariodelcauca.com.co/raul-vargas-se-quito-la-vida-en-talaga-inza-cauca/,False
e0280,danos_ambientales,NO,NO,https://diariodelcauca.com.co/raul-vargas-se-quito-la-vida-en-talaga-inza-cauca/,False
e0280,protesta_social,NO,NO,https://diariodelcauca.com.co/raul-vargas-se-quito-la-vida-en-talaga-inza-cauca/,False
e0280,reasentamiento,NO,NO,https://diariodelcauca.com.co/raul-vargas-se-quito-la-vida-en-talaga-inza-cauca/,False
e0280,violacion_derechos_humanos,NO,NO,https://diariodelcauca.com.co/raul-vargas-se-quito-la-vida-en-talaga-inza-cauca/,False
e0281,amenaza_intimidacion,NO,SI,https://www.eltiempo.com/bogota/bogota-alarmante-situacion-en-sumapaz-762343,False
e0281,amenaza_lideres,SI,SI,https://www.eltiempo.com/bogota/bogota-alarmante-situacion-en-sumapaz-762343,True
e0281,danos_ambientales,NO,NO,https://www.eltiempo.com/bogota/bogota-alarmante-situacion-en-sumapaz-762343,False
e0281,protesta_social,NO,NO,https://www.eltiempo.com/bogota/bogota-alarmante-situacion-en-sumapaz-762343,False
e0281,reasentamiento,NO,NO,https://www.eltiempo.com/bogota/bogota-alarmante-situacion-en-sumapaz-762343,False
e0281,violacion_derechos_humanos,NO,NO,https://www.eltiempo.com/bogota/bogota-alarmante-situacion-en-sumapaz-762343,False
e0282,amenaza_intimidacion,DUDOSO,NO,https://diariodelcauca.com.co/ojo-con-la-juventudy-la-educacion/,False
e0282,amenaza_lideres,NO,NO,https://diariodelcauca.com.co/ojo-con-la-juventudy-la-educacion/,False
e0282,danos_ambientales,NO,NO,https://diariodelcauca.com.co/ojo-con-la-juventudy-la-educacion/,False
e0282,protesta_social,NO,NO,https://diariodelcauca.com.co/ojo-con-la-juventudy-la-educacion/,False
e0282,reasentamiento,NO,NO,https://diariodelcauca.com.co/ojo-con-la-juventudy-la-educacion/,False
e0282,violacion_derechos_humanos,NO,NO,https://diariodelcauca.com.co/ojo-con-la-juventudy-la-educacion/,False
e0283,amenaza_intimidacion,NO,NO,https://www.eltiempo.com/bogota/cayo-senalado-feminicida-en-soacha-videos-captaron-a-hombre-sin-una-pierna-huyendo-809503,False
e0283,amenaza_lideres,NO,NO,https://www.eltiempo.com/bogota/cayo-senalado-feminicida-en-soacha-videos-captaron-a-hombre-sin-una-pierna-huyendo-809503,False
e0283,danos_ambientales,NO,NO,https://www.eltiempo.com/bogota/cayo-senalado-feminicida-en-soacha-videos-captaron-a-hombre-sin-una-pierna-huyendo-809503,False
e0283,protesta_social,NO,NO,https://www.eltiempo.com/bogota/cayo-senalado-feminicida-en-soacha-videos-captaron-a-hombre-sin-una-pierna-huyendo-809503,False
e0283,reasentamiento,NO,NO,https://www.eltiempo.com/bogota/cayo-senalado-feminicida-en-soacha-videos-captaron-a-hombre-sin-una-pierna-huyendo-809503,False
e0283,violacion_derechos_humanos,NO,NO,https://www.eltiempo.com/bogota/cayo-senalado-feminicida-en-soacha-videos-captaron-a-hombre-sin-una-pierna-huyendo-809503,False
e0284,amenaza_intimidacion,NO,NO,https://www.elcolombiano.com/antioquia/gobernador-anibal-gaviria-pide-apoyo-nacional-para-fortalecer-proteccion-de-las-mujeres-GA21651744,False
e0284,amenaza_lideres,NO,NO,https://www.elcolombiano.com/antioquia/gobernador-anibal-gaviria-pide-apoyo-nacional-para-fortalecer-proteccion-de-las-mujeres-GA21651744,False
e0284,danos_ambientales,NO,NO,https://www.elcolombiano.com/antioquia/gobernador-anibal-gaviria-pide-apoyo-nacional-para-fortalecer-proteccion-de-las-mujeres-GA21651744,False
e0284,protesta_social,NO,NO,https://www.elcolombiano.com/antioquia/gobernador-anibal-gaviria-pide-apoyo-nacional-para-fortalecer-proteccion-de-las-mujeres-GA21651744,False
e0284,reasentamiento,NO,NO,https://www.elcolombiano.com/antioquia/gobernador-anibal-gaviria-pide-apoyo-nacional-para-fortalecer-proteccion-de-las-mujeres-GA21651744,False
e0284,violacion_derechos_humanos,NO,NO,https://www.elcolombiano.com/antioquia/gobernador-anibal-gaviria-pide-apoyo-nacional-para-fortalecer-proteccion-de-las-mujeres-GA21651744,False
e0285,amenaza_intimidacion,NO,NO,https://www.eltiempo.com/contenido-comercial/universidad-de-cundinamarca-implementa-modelo-que-forma-para-la-vida-734747,False
e0285,amenaza_lideres,NO,NO,https://www.eltiempo.com/contenido-comercial/universidad-de-cundinamarca-implementa-modelo-que-forma-para-la-vida-734747,False
e0285,danos_ambientales,NO,NO,https://www.eltiempo.com/contenido-comercial/universidad-de-cundinamarca-implementa-modelo-que-forma-para-la-vida-734747,False
e0285,protesta_social,NO,NO,https://www.eltiempo.com/contenido-comercial/universidad-de-cundinamarca-implementa-modelo-que-forma-para-la-vida-734747,False
e0285,reasentamiento,NO,NO,https://www.eltiempo.com/contenido-comercial/universidad-de-cundinamarca-implementa-modelo-que-forma-para-la-vida-734747,False
e0285,violacion_derechos_humanos,NO,NO,https://www.eltiempo.com/contenido-comercial/universidad-de-cundinamarca-implementa-modelo-que-forma-para-la-vida-734747,False
e0286,amenaza_intimidacion,NO,NO,https://www.eltiempo.com/colombia/otras-ciudades/asi-fue-la-cadena-de-fallas-que-llevo-al-choque-mortal-del-camion-de-gas-en-la-via-simijaca-chiquinquira-cundinamarca-la-tragedia-pudo-ser-peor-3530470,False
e0286,amenaza_lideres,NO,NO,https://www.eltiempo.com/colombia/otras-ciudades/asi-fue-la-cadena-de-fallas-que-llevo-al-choque-mortal-del-camion-de-gas-en-la-via-simijaca-chiquinquira-cundinamarca-la-tragedia-pudo-ser-peor-3530470,False
e0286,danos_ambientales,NO,NO,https://www.eltiempo.com/colombia/otras-ciudades/asi-fue-la-cadena-de-fallas-que-llevo-al-choque-mortal-del-camion-de-gas-en-la-via-simijaca-chiquinquira-cundinamarca-la-tragedia-pudo-ser-peor-3530470,False
e0286,protesta_social,NO,NO,https://www.eltiempo.com/colombia/otras-ciudades/asi-fue-la-cadena-de-fallas-que-llevo-al-choque-mortal-del-camion-de-gas-en-la-via-simijaca-chiquinquira-cundinamarca-la-tragedia-pudo-ser-peor-3530470,False
e0286,reasentamiento,NO,NO,https://www.eltiempo.com/colombia/otras-ciudades/asi-fue-la-cadena-de-fallas-que-llevo-al-choque-mortal-del-camion-de-gas-en-la-via-simijaca-chiquinquira-cundinamarca-la-tragedia-pudo-ser-peor-3530470,False
e0286,violacion_derechos_humanos,NO,NO,https://www.eltiempo.com/colombia/otras-ciudades/asi-fue-la-cadena-de-fallas-que-llevo-al-choque-mortal-del-camion-de-gas-en-la-via-simijaca-chiquinquira-cundinamarca-la-tragedia-pudo-ser-peor-3530470,False
e0287,amenaza_intimidacion,SI,SI,https://choco7dias.com/ocho-mil-personas-confinadas-el-paro-armado-del-eln-agrava-la-situacion-de-las-comunidades-del-san-juan/,True
e0287,amenaza_lideres,NO,NO,https://choco7dias.com/ocho-mil-personas-confinadas-el-paro-armado-del-eln-agrava-la-situacion-de-las-comunidades-del-san-juan/,False
e0287,danos_ambientales,NO,NO,https://choco7dias.com/ocho-mil-personas-confinadas-el-paro-armado-del-eln-agrava-la-situacion-de-las-comunidades-del-san-juan/,False
e0287,protesta_social,NO,NO,https://choco7dias.com/ocho-mil-personas-confinadas-el-paro-armado-del-eln-agrava-la-situacion-de-las-comunidades-del-san-juan/,False
e0287,reasentamiento,NO,NO,https://choco7dias.com/ocho-mil-personas-confinadas-el-paro-armado-del-eln-agrava-la-situacion-de-las-comunidades-del-san-juan/,False
e0287,violacion_derechos_humanos,SI,SI,https://choco7dias.com/ocho-mil-personas-confinadas-el-paro-armado-del-eln-agrava-la-situacion-de-las-comunidades-del-san-juan/,True
e0288,amenaza_intimidacion,NO,NO,https://diariodelnorte.net/laguajira/maicao-refuerza-seguridad-y-activa-pmu-ante-la-situacion-actual-en-la-frontera/,False
e0288,amenaza_lideres,NO,NO,https://diariodelnorte.net/laguajira/maicao-refuerza-seguridad-y-activa-pmu-ante-la-situacion-actual-en-la-frontera/,False
e0288,danos_ambientales,NO,NO,https://diariodelnorte.net/laguajira/maicao-refuerza-seguridad-y-activa-pmu-ante-la-situacion-actual-en-la-frontera/,False
e0288,protesta_social,NO,NO,https://diariodelnorte.net/laguajira/maicao-refuerza-seguridad-y-activa-pmu-ante-la-situacion-actual-en-la-frontera/,False
e0288,reasentamiento,NO,NO,https://diariodelnorte.net/laguajira/maicao-refuerza-seguridad-y-activa-pmu-ante-la-situacion-actual-en-la-frontera/,False
e0288,violacion_derechos_humanos,NO,NO,https://diariodelnorte.net/laguajira/maicao-refuerza-seguridad-y-activa-pmu-ante-la-situacion-actual-en-la-frontera/,False
e0289,amenaza_intimidacion,NO,NO,https://diariodelcauca.com.co/paz-como-revolucion/,False
e0289,amenaza_lideres,NO,NO,https://diariodelcauca.com.co/paz-como-revolucion/,False
e0289,danos_ambientales,NO,NO,https://diariodelcauca.com.co/paz-como-revolucion/,False
e0289,protesta_social,NO,NO,https://diariodelcauca.com.co/paz-como-revolucion/,False
e0289,reasentamiento,NO,NO,https://diariodelcauca.com.co/paz-como-revolucion/,False
e0289,violacion_derechos_humanos,NO,NO,https://diariodelcauca.com.co/paz-como-revolucion/,False
e0290,amenaza_intimidacion,SI,SI,https://choco7dias.com/elecciones-amenazadas-voces-de-alcaldes-desplazados-de-sus-municipios/,True
e0290,amenaza_lideres,NO,NO,https://choco7dias.com/elecciones-amenazadas-voces-de-alcaldes-desplazados-de-sus-municipios/,False
e0290,danos_ambientales,NO,NO,https://choco7dias.com/elecciones-amenazadas-voces-de-alcaldes-desplazados-de-sus-municipios/,False
e0290,protesta_social,NO,NO,https://choco7dias.com/elecciones-amenazadas-voces-de-alcaldes-desplazados-de-sus-municipios/,False
e0290,reasentamiento,NO,NO,https://choco7dias.com/elecciones-amenazadas-voces-de-alcaldes-desplazados-de-sus-municipios/,False
e0290,violacion_derechos_humanos,NO,NO,https://choco7dias.com/elecciones-amenazadas-voces-de-alcaldes-desplazados-de-sus-municipios/,False
e0291,amenaza_intimidacion,SI,DUDOSO,https://www.eltiempo.com/bogota/ejercito-desarticulo-banda-criminal-que-delinquia-entre-el-meta-y-cundinamarca-789983,False
e0291,amenaza_lideres,NO,NO,https://www.eltiempo.com/bogota/ejercito-desarticulo-banda-criminal-que-delinquia-entre-el-meta-y-cundinamarca-789983,False
e0291,danos_ambientales,NO,NO,https://www.eltiempo.com/bogota/ejercito-desarticulo-banda-criminal-que-delinquia-entre-el-meta-y-cundinamarca-789983,False
e0291,protesta_social,NO,NO,https://www.eltiempo.com/bogota/ejercito-desarticulo-banda-criminal-que-delinquia-entre-el-meta-y-cundinamarca-789983,False
e0291,reasentamiento,NO,NO,https://www.eltiempo.com/bogota/ejercito-desarticulo-banda-criminal-que-delinquia-entre-el-meta-y-cundinamarca-789983,False
e0291,violacion_derechos_humanos,NO,NO,https://www.eltiempo.com/bogota/ejercito-desarticulo-banda-criminal-que-delinquia-entre-el-meta-y-cundinamarca-789983,False
e0292,amenaza_intimidacion,DUDOSO,NO,https://www.elcolombiano.com/colombia/en-colombia-hay-siete-conflictos-armados-cicr-LG21055806,False
e0292,amenaza_lideres,NO,NO,https://www.elcolombiano.com/colombia/en-colombia-hay-siete-conflictos-armados-cicr-LG21055806,False
e0292,danos_ambientales,NO,NO,https://www.elcolombiano.com/colombia/en-colombia-hay-siete-conflictos-armados-cicr-LG21055806,False
e0292,protesta_social,NO,NO,https://www.elcolombiano.com/colombia/en-colombia-hay-siete-conflictos-armados-cicr-LG21055806,False
e0292,reasentamiento,NO,NO,https://www.elcolombiano.com/colombia/en-colombia-hay-siete-conflictos-armados-cicr-LG21055806,False
e0292,violacion_derechos_humanos,DUDOSO,NO,https://www.elcolombiano.com/colombia/en-colombia-hay-siete-conflictos-armados-cicr-LG21055806,False
e0293,amenaza_intimidacion,NO,NO,https://www.elcolombiano.com/informes-comerciales/las-marcas-hablan/asi-fueron-atendidas-y-reparadas-las-victimas-del-conflicto-armado-en-antioquia-en-2023-EK23380433,False
e0293,amenaza_lideres,NO,NO,https://www.elcolombiano.com/informes-comerciales/las-marcas-hablan/asi-fueron-atendidas-y-reparadas-las-victimas-del-conflicto-armado-en-antioquia-en-2023-EK23380433,False
e0293,danos_ambientales,NO,NO,https://www.elcolombiano.com/informes-comerciales/las-marcas-hablan/asi-fueron-atendidas-y-reparadas-las-victimas-del-conflicto-armado-en-antioquia-en-2023-EK23380433,False
e0293,protesta_social,NO,NO,https://www.elcolombiano.com/informes-comerciales/las-marcas-hablan/asi-fueron-atendidas-y-reparadas-las-victimas-del-conflicto-armado-en-antioquia-en-2023-EK23380433,False
e0293,reasentamiento,SI,DUDOSO,https://www.elcolombiano.com/informes-comerciales/las-marcas-hablan/asi-fueron-atendidas-y-reparadas-las-victimas-del-conflicto-armado-en-antioquia-en-2023-EK23380433,False
e0293,violacion_derechos_humanos,NO,NO,https://www.elcolombiano.com/informes-comerciales/las-marcas-hablan/asi-fueron-atendidas-y-reparadas-las-victimas-del-conflicto-armado-en-antioquia-en-2023-EK23380433,False
e0294,amenaza_intimidacion,SI,SI,https://www.elcolombiano.com/antioquia/comunidad-de-caceres-esta-confinada-por-combates-entre-eln-y-el-clan-del-golfo-OE22265308,True
e0294,amenaza_lideres,NO,NO,https://www.elcolombiano.com/antioquia/comunidad-de-caceres-esta-confinada-por-combates-entre-eln-y-el-clan-del-golfo-OE22265308,False
e0294,danos_ambientales,DUDOSO,NO,https://www.elcolombiano.com/antioquia/comunidad-de-caceres-esta-confinada-por-combates-entre-eln-y-el-clan-del-golfo-OE22265308,False
e0294,protesta_social,NO,NO,https://www.elcolombiano.com/antioquia/comunidad-de-caceres-esta-confinada-por-combates-entre-eln-y-el-clan-del-golfo-OE22265308,False
e0294,reasentamiento,NO,NO,https://www.elcolombiano.com/antioquia/comunidad-de-caceres-esta-confinada-por-combates-entre-eln-y-el-clan-del-golfo-OE22265308,False
e0294,violacion_derechos_humanos,SI,SI,https://www.elcolombiano.com/antioquia/comunidad-de-caceres-esta-confinada-por-combates-entre-eln-y-el-clan-del-golfo-OE22265308,True
e0295,amenaza_intimidacion,NO,NO,https://www.eltiempo.com/justicia/investigacion/fiscalia-imputa-nuevos-cargos-por-corrupcion-a-manuel-nule-miembro-del-clan-nule-789142,False
e0295,amenaza_lideres,NO,NO,https://www.eltiempo.com/justicia/investigacion/fiscalia-imputa-nuevos-cargos-por-corrupcion-a-manuel-nule-miembro-del-clan-nule-789142,False
e0295,danos_ambientales,NO,NO,https://www.eltiempo.com/justicia/investigacion/fiscalia-imputa-nuevos-cargos-por-corrupcion-a-manuel-nule-miembro-del-clan-nule-789142,False
e0295,protesta_social,NO,NO,https://www.eltiempo.com/justicia/investigacion/fiscalia-imputa-nuevos-cargos-por-corrupcion-a-manuel-nule-miembro-del-clan-nule-789142,False
e0295,reasentamiento,NO,NO,https://www.eltiempo.com/justicia/investigacion/fiscalia-imputa-nuevos-cargos-por-corrupcion-a-manuel-nule-miembro-del-clan-nule-789142,False
e0295,violacion_derechos_humanos,NO,NO,https://www.eltiempo.com/justicia/investigacion/fiscalia-imputa-nuevos-cargos-por-corrupcion-a-manuel-nule-miembro-del-clan-nule-789142,False
e0296,amenaza_intimidacion,NO,NO,https://diariodelcauca.com.co/bloqueo-reafirma-incapacidad-de-larrahondo-para-gobernar/,False
e0296,amenaza_lideres,NO,NO,https://diariodelcauca.com.co/bloqueo-reafirma-incapacidad-de-larrahondo-para-gobernar/,False
e0296,danos_ambientales,NO,NO,https://diariodelcauca.com.co/bloqueo-reafirma-incapacidad-de-larrahondo-para-gobernar/,False
e0296,protesta_social,SI,SI,https://diariodelcauca.com.co/bloqueo-reafirma-incapacidad-de-larrahondo-para-gobernar/,True
e0296,reasentamiento,NO,NO,https://diariodelcauca.com.co/bloqueo-reafirma-incapacidad-de-larrahondo-para-gobernar/,False
e0296,violacion_derechos_humanos,NO,NO,https://diariodelcauca.com.co/bloqueo-reafirma-incapacidad-de-larrahondo-para-gobernar/,False
e0297,amenaza_intimidacion,NO,NO,https://www.eltiempo.com/salud/mujeres-caficultoras-de-huila-en-el-centro-de-nuevo-programa-contra-el-cancer-cervical-en-el-que-participan-el-ctic-la-gobernacion-y-otras-entidades-3526214,False
e0297,amenaza_lideres,NO,NO,https://www.eltiempo.com/salud/mujeres-caficultoras-de-huila-en-el-centro-de-nuevo-programa-contra-el-cancer-cervical-en-el-que-participan-el-ctic-la-gobernacion-y-otras-entidades-3526214,False
e0297,danos_ambientales,NO,NO,https://www.eltiempo.com/salud/mujeres-caficultoras-de-huila-en-el-centro-de-nuevo-programa-contra-el-cancer-cervical-en-el-que-participan-el-ctic-la-gobernacion-y-otras-entidades-3526214,False
e0297,protesta_social,NO,NO,https://www.eltiempo.com/salud/mujeres-caficultoras-de-huila-en-el-centro-de-nuevo-programa-contra-el-cancer-cervical-en-el-que-participan-el-ctic-la-gobernacion-y-otras-entidades-3526214,False
e0297,reasentamiento,NO,NO,https://www.eltiempo.com/salud/mujeres-caficultoras-de-huila-en-el-centro-de-nuevo-programa-contra-el-cancer-cervical-en-el-que-participan-el-ctic-la-gobernacion-y-otras-entidades-3526214,False
e0297,violacion_derechos_humanos,NO,NO,https://www.eltiempo.com/salud/mujeres-caficultoras-de-huila-en-el-centro-de-nuevo-programa-contra-el-cancer-cervical-en-el-que-participan-el-ctic-la-gobernacion-y-otras-entidades-3526214,False
e0298,amenaza_intimidacion,NO,NO,https://choco7dias.com/bajo-baudo-restauracion-ecologica-en-docampado/,False
e0298,amenaza_lideres,NO,NO,https://choco7dias.com/bajo-baudo-restauracion-ecologica-en-docampado/,False
e0298,danos_ambientales,SI,SI,https://choco7dias.com/bajo-baudo-restauracion-ecologica-en-docampado/,True
e0298,protesta_social,NO,NO,https://choco7dias.com/bajo-baudo-restauracion-ecologica-en-docampado/,False
e0298,reasentamiento,NO,NO,https://choco7dias.com/bajo-baudo-restauracion-ecologica-en-docampado/,False
e0298,violacion_derechos_humanos,NO,NO,https://choco7dias.com/bajo-baudo-restauracion-ecologica-en-docampado/,False
e0299,amenaza_intimidacion,NO,NO,https://choco7dias.com/jauriperabu-o-la-enfermedad-del-susto-asi-actuo-el-erg-en-choco-risaralda-y-antioquia/,False
e0299,amenaza_lideres,NO,NO,https://choco7dias.com/jauriperabu-o-la-enfermedad-del-susto-asi-actuo-el-erg-en-choco-risaralda-y-antioquia/,False
e0299,danos_ambientales,NO,NO,https://choco7dias.com/jauriperabu-o-la-enfermedad-del-susto-asi-actuo-el-erg-en-choco-risaralda-y-antioquia/,False
e0299,protesta_social,NO,NO,https://choco7dias.com/jauriperabu-o-la-enfermedad-del-susto-asi-actuo-el-erg-en-choco-risaralda-y-antioquia/,False
e0299,reasentamiento,NO,NO,https://choco7dias.com/jauriperabu-o-la-enfermedad-del-susto-asi-actuo-el-erg-en-choco-risaralda-y-antioquia/,False
e0299,violacion_derechos_humanos,SI,DUDOSO,https://choco7dias.com/jauriperabu-o-la-enfermedad-del-susto-asi-actuo-el-erg-en-choco-risaralda-y-antioquia/,False
e0300,amenaza_intimidacion,NO,NO,https://www.elcolombiano.com/antioquia/esteban-restrepo-cerro-vias-de-la-alpujarra-para-lanzar-su-candidatura-a-la-gobernacion-BC20663130,False
e0300,amenaza_lideres,NO,NO,https://www.elcolombiano.com/antioquia/esteban-restrepo-cerro-vias-de-la-alpujarra-para-lanzar-su-candidatura-a-la-gobernacion-BC20663130,False
e0300,danos_ambientales,NO,NO,https://www.elcolombiano.com/antioquia/esteban-restrepo-cerro-vias-de-la-alpujarra-para-lanzar-su-candidatura-a-la-gobernacion-BC20663130,False
e0300,protesta_social,NO,NO,https://www.elcolombiano.com/antioquia/esteban-restrepo-cerro-vias-de-la-alpujarra-para-lanzar-su-candidatura-a-la-gobernacion-BC20663130,False
e0300,reasentamiento,NO,NO,https://www.elcolombiano.com/antioquia/esteban-restrepo-cerro-vias-de-la-alpujarra-para-lanzar-su-candidatura-a-la-gobernacion-BC20663130,False
e0300,violacion_derechos_humanos,NO,NO,https://www.elcolombiano.com/antioquia/esteban-restrepo-cerro-vias-de-la-alpujarra-para-lanzar-su-candidatura-a-la-gobernacion-BC20663130,False
e0301,amenaza_intimidacion,NO,NO,https://laguajirahoy.com/nacion-2/toma-mi-mano-una-apuesta-humanitaria-con-impacto-en-la-guajira.html,False
e0301,amenaza_lideres,NO,NO,https://laguajirahoy.com/nacion-2/toma-mi-mano-una-apuesta-humanitaria-con-impacto-en-la-guajira.html,False
e0301,danos_ambientales,NO,NO,https://laguajirahoy.com/nacion-2/toma-mi-mano-una-apuesta-humanitaria-con-impacto-en-la-guajira.html,False
e0301,protesta_social,NO,NO,https://laguajirahoy.com/nacion-2/toma-mi-mano-una-apuesta-humanitaria-con-impacto-en-la-guajira.html,False
e0301,reasentamiento,NO,NO,https://laguajirahoy.com/nacion-2/toma-mi-mano-una-apuesta-humanitaria-con-impacto-en-la-guajira.html,False
e0301,violacion_derechos_humanos,NO,NO,https://laguajirahoy.com/nacion-2/toma-mi-mano-una-apuesta-humanitaria-con-impacto-en-la-guajira.html,False
e0302,amenaza_intimidacion,DUDOSO,SI,https://choco7dias.com/defensoria-del-pueblo-le-solicita-al-eln-levantar-paro-armado-en-choco/,False
e0302,amenaza_lideres,NO,NO,https://choco7dias.com/defensoria-del-pueblo-le-solicita-al-eln-levantar-paro-armado-en-choco/,False
e0302,danos_ambientales,NO,NO,https://choco7dias.com/defensoria-del-pueblo-le-solicita-al-eln-levantar-paro-armado-en-choco/,False
e0302,protesta_social,NO,NO,https://choco7dias.com/defensoria-del-pueblo-le-solicita-al-eln-levantar-paro-armado-en-choco/,False
e0302,reasentamiento,NO,NO,https://choco7dias.com/defensoria-del-pueblo-le-solicita-al-eln-levantar-paro-armado-en-choco/,False
e0302,violacion_derechos_humanos,SI,DUDOSO,https://choco7dias.com/defensoria-del-pueblo-le-solicita-al-eln-levantar-paro-armado-en-choco/,False
e0303,amenaza_intimidacion,NO,NO,https://laguajirahoy.com/maicao/con-reubicacion-de-vendedores-de-chivo-se-impulsa-orden-urbano-y-social-en-maicao.html,False
e0303,amenaza_lideres,NO,NO,https://laguajirahoy.com/maicao/con-reubicacion-de-vendedores-de-chivo-se-impulsa-orden-urbano-y-social-en-maicao.html,False
e0303,danos_ambientales,NO,NO,https://laguajirahoy.com/maicao/con-reubicacion-de-vendedores-de-chivo-se-impulsa-orden-urbano-y-social-en-maicao.html,False
e0303,protesta_social,NO,NO,https://laguajirahoy.com/maicao/con-reubicacion-de-vendedores-de-chivo-se-impulsa-orden-urbano-y-social-en-maicao.html,False
e0303,reasentamiento,NO,NO,https://laguajirahoy.com/maicao/con-reubicacion-de-vendedores-de-chivo-se-impulsa-orden-urbano-y-social-en-maicao.html,False
e0303,violacion_derechos_humanos,NO,NO,https://laguajirahoy.com/maicao/con-reubicacion-de-vendedores-de-chivo-se-impulsa-orden-urbano-y-social-en-maicao.html,False
e0304,amenaza_intimidacion,NO,NO,https://diariodelnorte.net/laguajira/jarlen-garrido-advierte-sobre-crisis-migratoria-en-maicao-tras-ausencia-de-la-cancilleria-en-foro-internacional/,False
e0304,amenaza_lideres,NO,NO,https://diariodelnorte.net/laguajira/jarlen-garrido-advierte-sobre-crisis-migratoria-en-maicao-tras-ausencia-de-la-cancilleria-en-foro-internacional/,False
e0304,danos_ambientales,NO,NO,https://diariodelnorte.net/laguajira/jarlen-garrido-advierte-sobre-crisis-migratoria-en-maicao-tras-ausencia-de-la-cancilleria-en-foro-internacional/,False
e0304,protesta_social,NO,NO,https://diariodelnorte.net/laguajira/jarlen-garrido-advierte-sobre-crisis-migratoria-en-maicao-tras-ausencia-de-la-cancilleria-en-foro-internacional/,False
e0304,reasentamiento,NO,NO,https://diariodelnorte.net/laguajira/jarlen-garrido-advierte-sobre-crisis-migratoria-en-maicao-tras-ausencia-de-la-cancilleria-en-foro-internacional/,False
e0304,violacion_derechos_humanos,NO,NO,https://diariodelnorte.net/laguajira/jarlen-garrido-advierte-sobre-crisis-migratoria-en-maicao-tras-ausencia-de-la-cancilleria-en-foro-internacional/,False
e0305,amenaza_intimidacion,NO,NO,https://www.eltiempo.com/colombia/otras-ciudades/bloqueos-en-la-via-al-llano-bogota-villavicencio-se-normaliza-paso-de-carga-798869,False
e0305,amenaza_lideres,NO,NO,https://www.eltiempo.com/colombia/otras-ciudades/bloqueos-en-la-via-al-llano-bogota-villavicencio-se-normaliza-paso-de-carga-798869,False
e0305,danos_ambientales,NO,NO,https://www.eltiempo.com/colombia/otras-ciudades/bloqueos-en-la-via-al-llano-bogota-villavicencio-se-normaliza-paso-de-carga-798869,False
e0305,protesta_social,SI,SI,https://www.eltiempo.com/colombia/otras-ciudades/bloqueos-en-la-via-al-llano-bogota-villavicencio-se-normaliza-paso-de-carga-798869,True
e0305,reasentamiento,NO,NO,https://www.eltiempo.com/colombia/otras-ciudades/bloqueos-en-la-via-al-llano-bogota-villavicencio-se-normaliza-paso-de-carga-798869,False
e0305,violacion_derechos_humanos,NO,NO,https://www.eltiempo.com/colombia/otras-ciudades/bloqueos-en-la-via-al-llano-bogota-villavicencio-se-normaliza-paso-de-carga-798869,False
e0306,amenaza_intimidacion,NO,NO,https://www.eltiempo.com/bogota/la-mesa-contrato-de-zonas-de-parqueo-tuvo-que-ser-cancelado-levantan-bloqueos-833297,False
e0306,amenaza_lideres,NO,NO,https://www.eltiempo.com/bogota/la-mesa-contrato-de-zonas-de-parqueo-tuvo-que-ser-cancelado-levantan-bloqueos-833297,False
e0306,danos_ambientales,NO,NO,https://www.eltiempo.com/bogota/la-mesa-contrato-de-zonas-de-parqueo-tuvo-que-ser-cancelado-levantan-bloqueos-833297,False
e0306,protesta_social,SI,SI,https://www.eltiempo.com/bogota/la-mesa-contrato-de-zonas-de-parqueo-tuvo-que-ser-cancelado-levantan-bloqueos-833297,True
e0306,reasentamiento,NO,NO,https://www.eltiempo.com/bogota/la-mesa-contrato-de-zonas-de-parqueo-tuvo-que-ser-cancelado-levantan-bloqueos-833297,False
e0306,violacion_derechos_humanos,NO,NO,https://www.eltiempo.com/bogota/la-mesa-contrato-de-zonas-de-parqueo-tuvo-que-ser-cancelado-levantan-bloqueos-833297,False
e0307,amenaza_intimidacion,NO,NO,https://diariodelcauca.com.co/suspenden-plan-para-montar-base-naval-en-gorgona/,False
e0307,amenaza_lideres,NO,NO,https://diariodelcauca.com.co/suspenden-plan-para-montar-base-naval-en-gorgona/,False
e0307,danos_ambientales,NO,NO,https://diariodelcauca.com.co/suspenden-plan-para-montar-base-naval-en-gorgona/,False
e0307,protesta_social,NO,NO,https://diariodelcauca.com.co/suspenden-plan-para-montar-base-naval-en-gorgona/,False
e0307,reasentamiento,NO,NO,https://diariodelcauca.com.co/suspenden-plan-para-montar-base-naval-en-gorgona/,False
e0307,violacion_derechos_humanos,NO,NO,https://diariodelcauca.com.co/suspenden-plan-para-montar-base-naval-en-gorgona/,False
e0308,amenaza_intimidacion,NO,NO,https://www.elcolombiano.com/antioquia/identidades-de-las-seis-victimas-de-la-doble-masacre-en-santa-fe-de-antioquia-EE23275302,False
e0308,amenaza_lideres,NO,NO,https://www.elcolombiano.com/antioquia/identidades-de-las-seis-victimas-de-la-doble-masacre-en-santa-fe-de-antioquia-EE23275302,False
e0308,danos_ambientales,NO,NO,https://www.elcolombiano.com/antioquia/identidades-de-las-seis-victimas-de-la-doble-masacre-en-santa-fe-de-antioquia-EE23275302,False
e0308,protesta_social,NO,NO,https://www.elcolombiano.com/antioquia/identidades-de-las-seis-victimas-de-la-doble-masacre-en-santa-fe-de-antioquia-EE23275302,False
e0308,reasentamiento,NO,NO,https://www.elcolombiano.com/antioquia/identidades-de-las-seis-victimas-de-la-doble-masacre-en-santa-fe-de-antioquia-EE23275302,False
e0308,violacion_derechos_humanos,SI,SI,https://www.elcolombiano.com/antioquia/identidades-de-las-seis-victimas-de-la-doble-masacre-en-santa-fe-de-antioquia-EE23275302,True
e0309,amenaza_intimidacion,NO,NO,https://www.eltiempo.com/justicia/jep-colombia/militares-procesados-por-falsos-positivos-en-jep-vinculados-a-proyecto-en-sumapaz-831449,False
e0309,amenaza_lideres,NO,NO,https://www.eltiempo.com/justicia/jep-colombia/militares-procesados-por-falsos-positivos-en-jep-vinculados-a-proyecto-en-sumapaz-831449,False
e0309,danos_ambientales,NO,NO,https://www.eltiempo.com/justicia/jep-colombia/militares-procesados-por-falsos-positivos-en-jep-vinculados-a-proyecto-en-sumapaz-831449,False
e0309,protesta_social,NO,NO,https://www.eltiempo.com/justicia/jep-colombia/militares-procesados-por-falsos-positivos-en-jep-vinculados-a-proyecto-en-sumapaz-831449,False
e0309,reasentamiento,NO,NO,https://www.eltiempo.com/justicia/jep-colombia/militares-procesados-por-falsos-positivos-en-jep-vinculados-a-proyecto-en-sumapaz-831449,False
e0309,violacion_derechos_humanos,SI,DUDOSO,https://www.eltiempo.com/justicia/jep-colombia/militares-procesados-por-falsos-positivos-en-jep-vinculados-a-proyecto-en-sumapaz-831449,False
e0310,amenaza_intimidacion,NO,NO,https://www.eltiempo.com/opinion/columnistas/german-umana-mendoza/columna-de-german-umana-transicion-economica-basada-en-el-turismo-761855,False
e0310,amenaza_lideres,NO,NO,https://www.eltiempo.com/opinion/columnistas/german-umana-mendoza/columna-de-german-umana-transicion-economica-basada-en-el-turismo-761855,False
e0310,danos_ambientales,NO,NO,https://www.eltiempo.com/opinion/columnistas/german-umana-mendoza/columna-de-german-umana-transicion-economica-basada-en-el-turismo-761855,False
e0310,protesta_social,NO,NO,https://www.eltiempo.com/opinion/columnistas/german-umana-mendoza/columna-de-german-umana-transicion-economica-basada-en-el-turismo-761855,False
e0310,reasentamiento,NO,NO,https://www.eltiempo.com/opinion/columnistas/german-umana-mendoza/columna-de-german-umana-transicion-economica-basada-en-el-turismo-761855,False
e0310,violacion_derechos_humanos,NO,NO,https://www.eltiempo.com/opinion/columnistas/german-umana-mendoza/columna-de-german-umana-transicion-economica-basada-en-el-turismo-761855,False
e0311,amenaza_intimidacion,NO,NO,https://choco7dias.com/glosa-paseada-en-homenaje-a-licona-1a-parte/,False
e0311,amenaza_lideres,NO,NO,https://choco7dias.com/glosa-paseada-en-homenaje-a-licona-1a-parte/,False
e0311,danos_ambientales,NO,NO,https://choco7dias.com/glosa-paseada-en-homenaje-a-licona-1a-parte/,False
e0311,protesta_social,NO,NO,https://choco7dias.com/glosa-paseada-en-homenaje-a-licona-1a-parte/,False
e0311,reasentamiento,NO,NO,https://choco7dias.com/glosa-paseada-en-homenaje-a-licona-1a-parte/,False
e0311,violacion_derechos_humanos,NO,NO,https://choco7dias.com/glosa-paseada-en-homenaje-a-licona-1a-parte/,False
e0312,amenaza_intimidacion,DUDOSO,NO,https://diariodelnorte.net/laguajira/fuerzas-militares-mantienen-presencia-y-acompanamiento-a-la-poblacion-en-la-guajira/,False
e0312,amenaza_lideres,NO,NO,https://diariodelnorte.net/laguajira/fuerzas-militares-mantienen-presencia-y-acompanamiento-a-la-poblacion-en-la-guajira/,False
e0312,danos_ambientales,NO,NO,https://diariodelnorte.net/laguajira/fuerzas-militares-mantienen-presencia-y-acompanamiento-a-la-poblacion-en-la-guajira/,False
e0312,protesta_social,NO,NO,https://diariodelnorte.net/laguajira/fuerzas-militares-mantienen-presencia-y-acompanamiento-a-la-poblacion-en-la-guajira/,False
e0312,reasentamiento,NO,NO,https://diariodelnorte.net/laguajira/fuerzas-militares-mantienen-presencia-y-acompanamiento-a-la-poblacion-en-la-guajira/,False
e0312,violacion_derechos_humanos,NO,NO,https://diariodelnorte.net/laguajira/fuerzas-militares-mantienen-presencia-y-acompanamiento-a-la-poblacion-en-la-guajira/,False
e0313,amenaza_intimidacion,NO,NO,https://www.eltiempo.com/bogota/tragedia-en-quetame-asciende-a-28-el-numero-de-victimas-fatales-790174,False
e0313,amenaza_lideres,NO,NO,https://www.eltiempo.com/bogota/tragedia-en-quetame-asciende-a-28-el-numero-de-victimas-fatales-790174,False
e0313,danos_ambientales,NO,NO,https://www.eltiempo.com/bogota/tragedia-en-quetame-asciende-a-28-el-numero-de-victimas-fatales-790174,False
e0313,protesta_social,NO,NO,https://www.eltiempo.com/bogota/tragedia-en-quetame-asciende-a-28-el-numero-de-victimas-fatales-790174,False
e0313,reasentamiento,NO,NO,https://www.eltiempo.com/bogota/tragedia-en-quetame-asciende-a-28-el-numero-de-victimas-fatales-790174,False
e0313,violacion_derechos_humanos,NO,NO,https://www.eltiempo.com/bogota/tragedia-en-quetame-asciende-a-28-el-numero-de-victimas-fatales-790174,False
e0314,amenaza_intimidacion,SI,SI,https://www.elcolombiano.com/antioquia/denuncian-abuso-de-mujeres-por-grupos-armados-en-limites-entre-antioquia-y-bolivar-AP22692266,True
e0314,amenaza_lideres,NO,NO,https://www.elcolombiano.com/antioquia/denuncian-abuso-de-mujeres-por-grupos-armados-en-limites-entre-antioquia-y-bolivar-AP22692266,False
e0314,danos_ambientales,NO,NO,https://www.elcolombiano.com/antioquia/denuncian-abuso-de-mujeres-por-grupos-armados-en-limites-entre-antioquia-y-bolivar-AP22692266,False
e0314,protesta_social,NO,NO,https://www.elcolombiano.com/antioquia/denuncian-abuso-de-mujeres-por-grupos-armados-en-limites-entre-antioquia-y-bolivar-AP22692266,False
e0314,reasentamiento,NO,NO,https://www.elcolombiano.com/antioquia/denuncian-abuso-de-mujeres-por-grupos-armados-en-limites-entre-antioquia-y-bolivar-AP22692266,False
e0314,violacion_derechos_humanos,SI,SI,https://www.elcolombiano.com/antioquia/denuncian-abuso-de-mujeres-por-grupos-armados-en-limites-entre-antioquia-y-bolivar-AP22692266,True
e0315,amenaza_intimidacion,NO,NO,https://www.eltiempo.com/bogota/cajica-decreto-emergencia-sanitaria-y-calamidad-publica-por-falta-de-agua-737910,False
e0315,amenaza_lideres,NO,NO,https://www.eltiempo.com/bogota/cajica-decreto-emergencia-sanitaria-y-calamidad-publica-por-falta-de-agua-737910,False
e0315,danos_ambientales,NO,NO,https://www.eltiempo.com/bogota/cajica-decreto-emergencia-sanitaria-y-calamidad-publica-por-falta-de-agua-737910,False
e0315,protesta_social,SI,SI,https://www.eltiempo.com/bogota/cajica-decreto-emergencia-sanitaria-y-calamidad-publica-por-falta-de-agua-737910,True
e0315,reasentamiento,NO,NO,https://www.eltiempo.com/bogota/cajica-decreto-emergencia-sanitaria-y-calamidad-publica-por-falta-de-agua-737910,False
e0315,violacion_derechos_humanos,NO,NO,https://www.eltiempo.com/bogota/cajica-decreto-emergencia-sanitaria-y-calamidad-publica-por-falta-de-agua-737910,False
e0316,amenaza_intimidacion,NO,NO,https://diariodelnorte.net/judiciales/restablecen-movilidad-en-alto-pino-tras-bloqueo-comunidades-exigen-dialogo-con-icbf-y-gobernacion/,False
e0316,amenaza_lideres,NO,NO,https://diariodelnorte.net/judiciales/restablecen-movilidad-en-alto-pino-tras-bloqueo-comunidades-exigen-dialogo-con-icbf-y-gobernacion/,False
e0316,danos_ambientales,NO,NO,https://diariodelnorte.net/judiciales/restablecen-movilidad-en-alto-pino-tras-bloqueo-comunidades-exigen-dialogo-con-icbf-y-gobernacion/,False
e0316,protesta_social,SI,SI,https://diariodelnorte.net/judiciales/restablecen-movilidad-en-alto-pino-tras-bloqueo-comunidades-exigen-dialogo-con-icbf-y-gobernacion/,True
e0316,reasentamiento,NO,NO,https://diariodelnorte.net/judiciales/restablecen-movilidad-en-alto-pino-tras-bloqueo-comunidades-exigen-dialogo-con-icbf-y-gobernacion/,False
e0316,violacion_derechos_humanos,NO,NO,https://diariodelnorte.net/judiciales/restablecen-movilidad-en-alto-pino-tras-bloqueo-comunidades-exigen-dialogo-con-icbf-y-gobernacion/,False
e0317,amenaza_intimidacion,NO,NO,https://laguajirahoy.com/judiciales/bloqueo-en-via-riohacha-maicao-fue-levantado-tras-dialogo.html,False
e0317,amenaza_lideres,NO,NO,https://laguajirahoy.com/judiciales/bloqueo-en-via-riohacha-maicao-fue-levantado-tras-dialogo.html,False
e0317,danos_ambientales,NO,NO,https://laguajirahoy.com/judiciales/bloqueo-en-via-riohacha-maicao-fue-levantado-tras-dialogo.html,False
e0317,protesta_social,SI,SI,https://laguajirahoy.com/judiciales/bloqueo-en-via-riohacha-maicao-fue-levantado-tras-dialogo.html,True
e0317,reasentamiento,NO,NO,https://laguajirahoy.com/judiciales/bloqueo-en-via-riohacha-maicao-fue-levantado-tras-dialogo.html,False
e0317,violacion_derechos_humanos,NO,NO,https://laguajirahoy.com/judiciales/bloqueo-en-via-riohacha-maicao-fue-levantado-tras-dialogo.html,False
e0318,amenaza_intimidacion,NO,NO,https://www.elcolombiano.com/antioquia/soldados-heridos-tras-explosion-en-anori-avanzada-de-senador-juan-felipe-lemos-LC22130685,False
e0318,amenaza_lideres,NO,NO,https://www.elcolombiano.com/antioquia/soldados-heridos-tras-explosion-en-anori-avanzada-de-senador-juan-felipe-lemos-LC22130685,False
e0318,danos_ambientales,NO,NO,https://www.elcolombiano.com/antioquia/soldados-heridos-tras-explosion-en-anori-avanzada-de-senador-juan-felipe-lemos-LC22130685,False
e0318,protesta_social,NO,NO,https://www.elcolombiano.com/antioquia/soldados-heridos-tras-explosion-en-anori-avanzada-de-senador-juan-felipe-lemos-LC22130685,False
e0318,reasentamiento,NO,NO,https://www.elcolombiano.com/antioquia/soldados-heridos-tras-explosion-en-anori-avanzada-de-senador-juan-felipe-lemos-LC22130685,False
e0318,violacion_derechos_humanos,NO,NO,https://www.elcolombiano.com/antioquia/soldados-heridos-tras-explosion-en-anori-avanzada-de-senador-juan-felipe-lemos-LC22130685,False
e0319,amenaza_intimidacion,NO,NO,https://www.eltiempo.com/opinion/columnistas/nancy-patricia-gutierrez/columna-de-nancy-patricia-gutierrez-la-tortura-de-fin-de-ano-732243,False
e0319,amenaza_lideres,NO,NO,https://www.eltiempo.com/opinion/columnistas/nancy-patricia-gutierrez/columna-de-nancy-patricia-gutierrez-la-tortura-de-fin-de-ano-732243,False
e0319,danos_ambientales,NO,NO,https://www.eltiempo.com/opinion/columnistas/nancy-patricia-gutierrez/columna-de-nancy-patricia-gutierrez-la-tortura-de-fin-de-ano-732243,False
e0319,protesta_social,NO,NO,https://www.eltiempo.com/opinion/columnistas/nancy-patricia-gutierrez/columna-de-nancy-patricia-gutierrez-la-tortura-de-fin-de-ano-732243,False
e0319,reasentamiento,NO,NO,https://www.eltiempo.com/opinion/columnistas/nancy-patricia-gutierrez/columna-de-nancy-patricia-gutierrez-la-tortura-de-fin-de-ano-732243,False
e0319,violacion_derechos_humanos,NO,NO,https://www.eltiempo.com/opinion/columnistas/nancy-patricia-gutierrez/columna-de-nancy-patricia-gutierrez-la-tortura-de-fin-de-ano-732243,False
e0320,amenaza_intimidacion,NO,NO,https://diariodelnorte.net/judiciales/persisten-bloqueos-en-vias-de-la-guajira-por-protestas-indigenas-y-afrodescendientes/,False
e0320,amenaza_lideres,NO,NO,https://diariodelnorte.net/judiciales/persisten-bloqueos-en-vias-de-la-guajira-por-protestas-indigenas-y-afrodescendientes/,False
e0320,danos_ambientales,NO,NO,https://diariodelnorte.net/judiciales/persisten-bloqueos-en-vias-de-la-guajira-por-protestas-indigenas-y-afrodescendientes/,False
e0320,protesta_social,SI,SI,https://diariodelnorte.net/judiciales/persisten-bloqueos-en-vias-de-la-guajira-por-protestas-indigenas-y-afrodescendientes/,True
e0320,reasentamiento,NO,NO,https://diariodelnorte.net/judiciales/persisten-bloqueos-en-vias-de-la-guajira-por-protestas-indigenas-y-afrodescendientes/,False
e0320,violacion_derechos_humanos,NO,NO,https://diariodelnorte.net/judiciales/persisten-bloqueos-en-vias-de-la-guajira-por-protestas-indigenas-y-afrodescendientes/,False
e0321,amenaza_intimidacion,NO,NO,https://www.elcolombiano.com/antioquia/piedra-del-penol-origen-de-donde-salio-historia-piedra-de-guatape-turismo-AG21367986,False
e0321,amenaza_lideres,NO,NO,https://www.elcolombiano.com/antioquia/piedra-del-penol-origen-de-donde-salio-historia-piedra-de-guatape-turismo-AG21367986,False
e0321,danos_ambientales,NO,NO,https://www.elcolombiano.com/antioquia/piedra-del-penol-origen-de-donde-salio-historia-piedra-de-guatape-turismo-AG21367986,False
e0321,protesta_social,NO,NO,https://www.elcolombiano.com/antioquia/piedra-del-penol-origen-de-donde-salio-historia-piedra-de-guatape-turismo-AG21367986,False
e0321,reasentamiento,NO,NO,https://www.elcolombiano.com/antioquia/piedra-del-penol-origen-de-donde-salio-historia-piedra-de-guatape-turismo-AG21367986,False
e0321,violacion_derechos_humanos,NO,NO,https://www.elcolombiano.com/antioquia/piedra-del-penol-origen-de-donde-salio-historia-piedra-de-guatape-turismo-AG21367986,False
e0322,amenaza_intimidacion,SI,SI,https://www.elcolombiano.com/opinion/editoriales/elecciones-bajo-fuego-DJ21938218,True
e0322,amenaza_lideres,DUDOSO,NO,https://www.elcolombiano.com/opinion/editoriales/elecciones-bajo-fuego-DJ21938218,False
e0322,danos_ambientales,NO,NO,https://www.elcolombiano.com/opinion/editoriales/elecciones-bajo-fuego-DJ21938218,False
e0322,protesta_social,NO,NO,https://www.elcolombiano.com/opinion/editoriales/elecciones-bajo-fuego-DJ21938218,False
e0322,reasentamiento,NO,NO,https://www.elcolombiano.com/opinion/editoriales/elecciones-bajo-fuego-DJ21938218,False
e0322,violacion_derechos_humanos,DUDOSO,NO,https://www.elcolombiano.com/opinion/editoriales/elecciones-bajo-fuego-DJ21938218,False
e0323,amenaza_intimidacion,NO,NO,https://www.eltiempo.com/bogota/tenemos-el-titulo-nacional-del-volteo-de-tierras-candidato-yeilor-espinel-803805,False
e0323,amenaza_lideres,NO,NO,https://www.eltiempo.com/bogota/tenemos-el-titulo-nacional-del-volteo-de-tierras-candidato-yeilor-espinel-803805,False
e0323,danos_ambientales,NO,NO,https://www.eltiempo.com/bogota/tenemos-el-titulo-nacional-del-volteo-de-tierras-candidato-yeilor-espinel-803805,False
e0323,protesta_social,NO,NO,https://www.eltiempo.com/bogota/tenemos-el-titulo-nacional-del-volteo-de-tierras-candidato-yeilor-espinel-803805,False
e0323,reasentamiento,NO,NO,https://www.eltiempo.com/bogota/tenemos-el-titulo-nacional-del-volteo-de-tierras-candidato-yeilor-espinel-803805,False
e0323,violacion_derechos_humanos,NO,NO,https://www.eltiempo.com/bogota/tenemos-el-titulo-nacional-del-volteo-de-tierras-candidato-yeilor-espinel-803805,False
e0324,amenaza_intimidacion,SI,SI,https://www.eltiempo.com/bogota/sumapaz-y-disidencias-de-las-farc-asi-se-vive-el-temor-en-la-localidad-768424,True
e0324,amenaza_lideres,SI,SI,https://www.eltiempo.com/bogota/sumapaz-y-disidencias-de-las-farc-asi-se-vive-el-temor-en-la-localidad-768424,True
e0324,danos_ambientales,NO,NO,https://www.eltiempo.com/bogota/sumapaz-y-disidencias-de-las-farc-asi-se-vive-el-temor-en-la-localidad-768424,False
e0324,protesta_social,NO,NO,https://www.eltiempo.com/bogota/sumapaz-y-disidencias-de-las-farc-asi-se-vive-el-temor-en-la-localidad-768424,False
e0324,reasentamiento,NO,NO,https://www.eltiempo.com/bogota/sumapaz-y-disidencias-de-las-farc-asi-se-vive-el-temor-en-la-localidad-768424,False
e0324,violacion_derechos_humanos,DUDOSO,NO,https://www.eltiempo.com/bogota/sumapaz-y-disidencias-de-las-farc-asi-se-vive-el-temor-en-la-localidad-768424,False
e0325,amenaza_intimidacion,NO,NO,https://laguajirahoy.com/comunidad-3/intensa-busqueda-de-dos-hermanos-desaparecidos-en-albania.html,False
e0325,amenaza_lideres,NO,NO,https://laguajirahoy.com/comunidad-3/intensa-busqueda-de-dos-hermanos-desaparecidos-en-albania.html,False
e0325,danos_ambientales,NO,NO,https://laguajirahoy.com/comunidad-3/intensa-busqueda-de-dos-hermanos-desaparecidos-en-albania.html,False
e0325,protesta_social,NO,NO,https://laguajirahoy.com/comunidad-3/intensa-busqueda-de-dos-hermanos-desaparecidos-en-albania.html,False
e0325,reasentamiento,NO,NO,https://laguajirahoy.com/comunidad-3/intensa-busqueda-de-dos-hermanos-desaparecidos-en-albania.html,False
e0325,violacion_derechos_humanos,NO,NO,https://laguajirahoy.com/comunidad-3/intensa-busqueda-de-dos-hermanos-desaparecidos-en-albania.html,False
e0326,amenaza_intimidacion,NO,NO,https://diariodelnorte.net/judiciales/levantan-bloqueos-en-las-salidas-de-maicao-hacia-albania-y-riohacha-tras-acuerdos-con-campesinos/,False
e0326,amenaza_lideres,NO,NO,https://diariodelnorte.net/judiciales/levantan-bloqueos-en-las-salidas-de-maicao-hacia-albania-y-riohacha-tras-acuerdos-con-campesinos/,False
e0326,danos_ambientales,NO,NO,https://diariodelnorte.net/judiciales/levantan-bloqueos-en-las-salidas-de-maicao-hacia-albania-y-riohacha-tras-acuerdos-con-campesinos/,False
e0326,protesta_social,SI,SI,https://diariodelnorte.net/judiciales/levantan-bloqueos-en-las-salidas-de-maicao-hacia-albania-y-riohacha-tras-acuerdos-con-campesinos/,True
e0326,reasentamiento,NO,NO,https://diariodelnorte.net/judiciales/levantan-bloqueos-en-las-salidas-de-maicao-hacia-albania-y-riohacha-tras-acuerdos-con-campesinos/,False
e0326,violacion_derechos_humanos,NO,NO,https://diariodelnorte.net/judiciales/levantan-bloqueos-en-las-salidas-de-maicao-hacia-albania-y-riohacha-tras-acuerdos-con-campesinos/,False
e0327,amenaza_intimidacion,NO,NO,https://diariodelcauca.com.co/quien-era-david-castillo-el-sicario-colombiano-abatido-por-escoltas-de-villavicencio/,False
e0327,amenaza_lideres,NO,NO,https://diariodelcauca.com.co/quien-era-david-castillo-el-sicario-colombiano-abatido-por-escoltas-de-villavicencio/,False
e0327,danos_ambientales,NO,NO,https://diariodelcauca.com.co/quien-era-david-castillo-el-sicario-colombiano-abatido-por-escoltas-de-villavicencio/,False
e0327,protesta_social,NO,NO,https://diariodelcauca.com.co/quien-era-david-castillo-el-sicario-colombiano-abatido-por-escoltas-de-villavicencio/,False
e0327,reasentamiento,NO,NO,https://diariodelcauca.com.co/quien-era-david-castillo-el-sicario-colombiano-abatido-por-escoltas-de-villavicencio/,False
e0327,violacion_derechos_humanos,NO,NO,https://diariodelcauca.com.co/quien-era-david-castillo-el-sicario-colombiano-abatido-por-escoltas-de-villavicencio/,False
e0328,amenaza_intimidacion,NO,NO,https://diariodelcauca.com.co/el-cauca-suena-paz/,False
e0328,amenaza_lideres,NO,NO,https://diariodelcauca.com.co/el-cauca-suena-paz/,False
e0328,danos_ambientales,NO,NO,https://diariodelcauca.com.co/el-cauca-suena-paz/,False
e0328,protesta_social,NO,NO,https://diariodelcauca.com.co/el-cauca-suena-paz/,False
e0328,reasentamiento,NO,NO,https://diariodelcauca.com.co/el-cauca-suena-paz/,False
e0328,violacion_derechos_humanos,DUDOSO,NO,https://diariodelcauca.com.co/el-cauca-suena-paz/,False
e0329,amenaza_intimidacion,NO,NO,https://laguajirahoy.com/judiciales-2/asesinan-a-joven-wayuu-en-zona-limitrofe-entre-colombia-y-venezuela.html,False
e0329,amenaza_lideres,NO,NO,https://laguajirahoy.com/judiciales-2/asesinan-a-joven-wayuu-en-zona-limitrofe-entre-colombia-y-venezuela.html,False
e0329,danos_ambientales,NO,NO,https://laguajirahoy.com/judiciales-2/asesinan-a-joven-wayuu-en-zona-limitrofe-entre-colombia-y-venezuela.html,False
e0329,protesta_social,NO,NO,https://laguajirahoy.com/judiciales-2/asesinan-a-joven-wayuu-en-zona-limitrofe-entre-colombia-y-venezuela.html,False
e0329,reasentamiento,NO,NO,https://laguajirahoy.com/judiciales-2/asesinan-a-joven-wayuu-en-zona-limitrofe-entre-colombia-y-venezuela.html,False
e0329,violacion_derechos_humanos,NO,NO,https://laguajirahoy.com/judiciales-2/asesinan-a-joven-wayuu-en-zona-limitrofe-entre-colombia-y-venezuela.html,False
e0330,amenaza_intimidacion,NO,NO,https://choco7dias.com/cuando-la-historia-hace-su-agosto-unas-cuantas-efemerides-de-la-historia-nuestra-caballero/,False
e0330,amenaza_lideres,NO,NO,https://choco7dias.com/cuando-la-historia-hace-su-agosto-unas-cuantas-efemerides-de-la-historia-nuestra-caballero/,False
e0330,danos_ambientales,NO,NO,https://choco7dias.com/cuando-la-historia-hace-su-agosto-unas-cuantas-efemerides-de-la-historia-nuestra-caballero/,False
e0330,protesta_social,NO,NO,https://choco7dias.com/cuando-la-historia-hace-su-agosto-unas-cuantas-efemerides-de-la-historia-nuestra-caballero/,False
e0330,reasentamiento,NO,NO,https://choco7dias.com/cuando-la-historia-hace-su-agosto-unas-cuantas-efemerides-de-la-historia-nuestra-caballero/,False
e0330,violacion_derechos_humanos,NO,NO,https://choco7dias.com/cuando-la-historia-hace-su-agosto-unas-cuantas-efemerides-de-la-historia-nuestra-caballero/,False
e0331,amenaza_intimidacion,NO,NO,https://choco7dias.com/en-el-papel-ha-quedado-sentencia-sobre-proteccion-de-menores-indigenas-del-choco/,False
e0331,amenaza_lideres,NO,NO,https://choco7dias.com/en-el-papel-ha-quedado-sentencia-sobre-proteccion-de-menores-indigenas-del-choco/,False
e0331,danos_ambientales,DUDOSO,DUDOSO,https://choco7dias.com/en-el-papel-ha-quedado-sentencia-sobre-proteccion-de-menores-indigenas-del-choco/,False
e0331,protesta_social,NO,NO,https://choco7dias.com/en-el-papel-ha-quedado-sentencia-sobre-proteccion-de-menores-indigenas-del-choco/,False
e0331,reasentamiento,NO,NO,https://choco7dias.com/en-el-papel-ha-quedado-sentencia-sobre-proteccion-de-menores-indigenas-del-choco/,False
e0331,violacion_derechos_humanos,NO,NO,https://choco7dias.com/en-el-papel-ha-quedado-sentencia-sobre-proteccion-de-menores-indigenas-del-choco/,False
e0332,amenaza_intimidacion,NO,NO,https://www.elcolombiano.com/antioquia/inversion-para-atender-invierno-en-antioquia-LE23141802,False
e0332,amenaza_lideres,NO,NO,https://www.elcolombiano.com/antioquia/inversion-para-atender-invierno-en-antioquia-LE23141802,False
e0332,danos_ambientales,NO,NO,https://www.elcolombiano.com/antioquia/inversion-para-atender-invierno-en-antioquia-LE23141802,False
e0332,protesta_social,NO,NO,https://www.elcolombiano.com/antioquia/inversion-para-atender-invierno-en-antioquia-LE23141802,False
e0332,reasentamiento,SI,DUDOSO,https://www.elcolombiano.com/antioquia/inversion-para-atender-invierno-en-antioquia-LE23141802,False
e0332,violacion_derechos_humanos,NO,NO,https://www.elcolombiano.com/antioquia/inversion-para-atender-invierno-en-antioquia-LE23141802,False
e0333,amenaza_intimidacion,NO,NO,https://laguajirahoy.com/medio-ambiente-2/alerta-roja-por-incendios-forestales-cubre-toda-la-guajira.html,False
e0333,amenaza_lideres,NO,NO,https://laguajirahoy.com/medio-ambiente-2/alerta-roja-por-incendios-forestales-cubre-toda-la-guajira.html,False
e0333,danos_ambientales,NO,NO,https://laguajirahoy.com/medio-ambiente-2/alerta-roja-por-incendios-forestales-cubre-toda-la-guajira.html,False
e0333,protesta_social,NO,NO,https://laguajirahoy.com/medio-ambiente-2/alerta-roja-por-incendios-forestales-cubre-toda-la-guajira.html,False
e0333,reasentamiento,NO,NO,https://laguajirahoy.com/medio-ambiente-2/alerta-roja-por-incendios-forestales-cubre-toda-la-guajira.html,False
e0333,violacion_derechos_humanos,NO,NO,https://laguajirahoy.com/medio-ambiente-2/alerta-roja-por-incendios-forestales-cubre-toda-la-guajira.html,False
e0334,amenaza_intimidacion,NO,NO,https://www.eltiempo.com/unidad-investigativa/hablan-3-de-los-7-politicos-cuyos-nombres-aparecen-en-los-sobres-con-dinero-incautado-a-escolta-de-poderoso-secretario-de-la-camara-3536907,False
e0334,amenaza_lideres,NO,NO,https://www.eltiempo.com/unidad-investigativa/hablan-3-de-los-7-politicos-cuyos-nombres-aparecen-en-los-sobres-con-dinero-incautado-a-escolta-de-poderoso-secretario-de-la-camara-3536907,False
e0334,danos_ambientales,NO,NO,https://www.eltiempo.com/unidad-investigativa/hablan-3-de-los-7-politicos-cuyos-nombres-aparecen-en-los-sobres-con-dinero-incautado-a-escolta-de-poderoso-secretario-de-la-camara-3536907,False
e0334,protesta_social,NO,NO,https://www.eltiempo.com/unidad-investigativa/hablan-3-de-los-7-politicos-cuyos-nombres-aparecen-en-los-sobres-con-dinero-incautado-a-escolta-de-poderoso-secretario-de-la-camara-3536907,False
e0334,reasentamiento,NO,NO,https://www.eltiempo.com/unidad-investigativa/hablan-3-de-los-7-politicos-cuyos-nombres-aparecen-en-los-sobres-con-dinero-incautado-a-escolta-de-poderoso-secretario-de-la-camara-3536907,False
e0334,violacion_derechos_humanos,NO,NO,https://www.eltiempo.com/unidad-investigativa/hablan-3-de-los-7-politicos-cuyos-nombres-aparecen-en-los-sobres-con-dinero-incautado-a-escolta-de-poderoso-secretario-de-la-camara-3536907,False
e0335,amenaza_intimidacion,NO,NO,https://www.eltiempo.com/justicia/cortes/consejo-de-estado-deja-por-fuera-a-tulio-gomez-de-candidatura-en-el-valle-820237,False
e0335,amenaza_lideres,NO,NO,https://www.eltiempo.com/justicia/cortes/consejo-de-estado-deja-por-fuera-a-tulio-gomez-de-candidatura-en-el-valle-820237,False
e0335,danos_ambientales,NO,NO,https://www.eltiempo.com/justicia/cortes/consejo-de-estado-deja-por-fuera-a-tulio-gomez-de-candidatura-en-el-valle-820237,False
e0335,protesta_social,NO,NO,https://www.eltiempo.com/justicia/cortes/consejo-de-estado-deja-por-fuera-a-tulio-gomez-de-candidatura-en-el-valle-820237,False
e0335,reasentamiento,NO,NO,https://www.eltiempo.com/justicia/cortes/consejo-de-estado-deja-por-fuera-a-tulio-gomez-de-candidatura-en-el-valle-820237,False
e0335,violacion_derechos_humanos,NO,NO,https://www.eltiempo.com/justicia/cortes/consejo-de-estado-deja-por-fuera-a-tulio-gomez-de-candidatura-en-el-valle-820237,False
e0336,amenaza_intimidacion,DUDOSO,NO,https://choco7dias.com/choco-el-cese-al-fuego-con-el-eln-no-brinda-tranquilidad-a-las-comunidades-del-san-juan/,False
e0336,amenaza_lideres,NO,NO,https://choco7dias.com/choco-el-cese-al-fuego-con-el-eln-no-brinda-tranquilidad-a-las-comunidades-del-san-juan/,False
e0336,danos_ambientales,NO,NO,https://choco7dias.com/choco-el-cese-al-fuego-con-el-eln-no-brinda-tranquilidad-a-las-comunidades-del-san-juan/,False
e0336,protesta_social,NO,NO,https://choco7dias.com/choco-el-cese-al-fuego-con-el-eln-no-brinda-tranquilidad-a-las-comunidades-del-san-juan/,False
e0336,reasentamiento,NO,NO,https://choco7dias.com/choco-el-cese-al-fuego-con-el-eln-no-brinda-tranquilidad-a-las-comunidades-del-san-juan/,False
e0336,violacion_derechos_humanos,SI,DUDOSO,https://choco7dias.com/choco-el-cese-al-fuego-con-el-eln-no-brinda-tranquilidad-a-las-comunidades-del-san-juan/,False
e0337,amenaza_intimidacion,NO,NO,https://www.eltiempo.com/colombia/otras-ciudades/migracion-deporta-a-venezolana-que-tenia-orden-de-expulsion-vigente-fue-identificada-durante-atencion-en-una-clinica-de-valledupar-3562637,False
e0337,amenaza_lideres,NO,NO,https://www.eltiempo.com/colombia/otras-ciudades/migracion-deporta-a-venezolana-que-tenia-orden-de-expulsion-vigente-fue-identificada-durante-atencion-en-una-clinica-de-valledupar-3562637,False
e0337,danos_ambientales,NO,NO,https://www.eltiempo.com/colombia/otras-ciudades/migracion-deporta-a-venezolana-que-tenia-orden-de-expulsion-vigente-fue-identificada-durante-atencion-en-una-clinica-de-valledupar-3562637,False
e0337,protesta_social,NO,NO,https://www.eltiempo.com/colombia/otras-ciudades/migracion-deporta-a-venezolana-que-tenia-orden-de-expulsion-vigente-fue-identificada-durante-atencion-en-una-clinica-de-valledupar-3562637,False
e0337,reasentamiento,NO,NO,https://www.eltiempo.com/colombia/otras-ciudades/migracion-deporta-a-venezolana-que-tenia-orden-de-expulsion-vigente-fue-identificada-durante-atencion-en-una-clinica-de-valledupar-3562637,False
e0337,violacion_derechos_humanos,NO,NO,https://www.eltiempo.com/colombia/otras-ciudades/migracion-deporta-a-venezolana-que-tenia-orden-de-expulsion-vigente-fue-identificada-durante-atencion-en-una-clinica-de-valledupar-3562637,False
e0338,amenaza_intimidacion,NO,NO,https://laguajirahoy.com/cultura/cine-wayuu-llega-al-ficci-65-con-dos-cortometrajes-seleccionados.html,False
e0338,amenaza_lideres,NO,NO,https://laguajirahoy.com/cultura/cine-wayuu-llega-al-ficci-65-con-dos-cortometrajes-seleccionados.html,False
e0338,danos_ambientales,NO,NO,https://laguajirahoy.com/cultura/cine-wayuu-llega-al-ficci-65-con-dos-cortometrajes-seleccionados.html,False
e0338,protesta_social,NO,NO,https://laguajirahoy.com/cultura/cine-wayuu-llega-al-ficci-65-con-dos-cortometrajes-seleccionados.html,False
e0338,reasentamiento,NO,NO,https://laguajirahoy.com/cultura/cine-wayuu-llega-al-ficci-65-con-dos-cortometrajes-seleccionados.html,False
e0338,violacion_derechos_humanos,NO,NO,https://laguajirahoy.com/cultura/cine-wayuu-llega-al-ficci-65-con-dos-cortometrajes-seleccionados.html,False
e0339,amenaza_intimidacion,NO,NO,https://www.elcolombiano.com/antioquia/afectados-por-lluvias-en-anrtioquia-en-mayo-BO21495576,False
e0339,amenaza_lideres,NO,NO,https://www.elcolombiano.com/antioquia/afectados-por-lluvias-en-anrtioquia-en-mayo-BO21495576,False
e0339,danos_ambientales,NO,NO,https://www.elcolombiano.com/antioquia/afectados-por-lluvias-en-anrtioquia-en-mayo-BO21495576,False
e0339,protesta_social,NO,NO,https://www.elcolombiano.com/antioquia/afectados-por-lluvias-en-anrtioquia-en-mayo-BO21495576,False
e0339,reasentamiento,DUDOSO,NO,https://www.elcolombiano.com/antioquia/afectados-por-lluvias-en-anrtioquia-en-mayo-BO21495576,False
e0339,violacion_derechos_humanos,NO,NO,https://www.elcolombiano.com/antioquia/afectados-por-lluvias-en-anrtioquia-en-mayo-BO21495576,False
e0340,amenaza_intimidacion,SI,DUDOSO,https://www.elcolombiano.com/antioquia/aumento-del-secuestro-en-antioquia-este-ano-OG23079766,False
e0340,amenaza_lideres,NO,NO,https://www.elcolombiano.com/antioquia/aumento-del-secuestro-en-antioquia-este-ano-OG23079766,False
e0340,danos_ambientales,NO,NO,https://www.elcolombiano.com/antioquia/aumento-del-secuestro-en-antioquia-este-ano-OG23079766,False
e0340,protesta_social,NO,NO,https://www.elcolombiano.com/antioquia/aumento-del-secuestro-en-antioquia-este-ano-OG23079766,False
e0340,reasentamiento,NO,NO,https://www.elcolombiano.com/antioquia/aumento-del-secuestro-en-antioquia-este-ano-OG23079766,False
e0340,violacion_derechos_humanos,NO,NO,https://www.elcolombiano.com/antioquia/aumento-del-secuestro-en-antioquia-este-ano-OG23079766,False
e0341,amenaza_intimidacion,NO,NO,https://diariodelcauca.com.co/buenaventura/,False
e0341,amenaza_lideres,NO,NO,https://diariodelcauca.com.co/buenaventura/,False
e0341,danos_ambientales,NO,NO,https://diariodelcauca.com.co/buenaventura/,False
e0341,protesta_social,NO,NO,https://diariodelcauca.com.co/buenaventura/,False
e0341,reasentamiento,NO,NO,https://diariodelcauca.com.co/buenaventura/,False
e0341,violacion_derechos_humanos,SI,DUDOSO,https://diariodelcauca.com.co/buenaventura/,False
e0342,amenaza_intimidacion,SI,SI,https://www.elcolombiano.com/inicio/cese-al-fuego-eln-gobierno-comunidades-regiones-esperan-paz-total-LH22078542,True
e0342,amenaza_lideres,NO,NO,https://www.elcolombiano.com/inicio/cese-al-fuego-eln-gobierno-comunidades-regiones-esperan-paz-total-LH22078542,False
e0342,danos_ambientales,NO,NO,https://www.elcolombiano.com/inicio/cese-al-fuego-eln-gobierno-comunidades-regiones-esperan-paz-total-LH22078542,False
e0342,protesta_social,NO,NO,https://www.elcolombiano.com/inicio/cese-al-fuego-eln-gobierno-comunidades-regiones-esperan-paz-total-LH22078542,False
e0342,reasentamiento,NO,NO,https://www.elcolombiano.com/inicio/cese-al-fuego-eln-gobierno-comunidades-regiones-esperan-paz-total-LH22078542,False
e0342,violacion_derechos_humanos,NO,NO,https://www.elcolombiano.com/inicio/cese-al-fuego-eln-gobierno-comunidades-regiones-esperan-paz-total-LH22078542,False
e0343,amenaza_intimidacion,NO,NO,https://laguajirahoy.com/judiciales/abogado-ira-a-la-carcel-mientras-investigan-muerte-de-mototaxista-en-fonseca.html,False
e0343,amenaza_lideres,NO,NO,https://laguajirahoy.com/judiciales/abogado-ira-a-la-carcel-mientras-investigan-muerte-de-mototaxista-en-fonseca.html,False
e0343,danos_ambientales,NO,NO,https://laguajirahoy.com/judiciales/abogado-ira-a-la-carcel-mientras-investigan-muerte-de-mototaxista-en-fonseca.html,False
e0343,protesta_social,NO,NO,https://laguajirahoy.com/judiciales/abogado-ira-a-la-carcel-mientras-investigan-muerte-de-mototaxista-en-fonseca.html,False
e0343,reasentamiento,NO,NO,https://laguajirahoy.com/judiciales/abogado-ira-a-la-carcel-mientras-investigan-muerte-de-mototaxista-en-fonseca.html,False
e0343,violacion_derechos_humanos,NO,NO,https://laguajirahoy.com/judiciales/abogado-ira-a-la-carcel-mientras-investigan-muerte-de-mototaxista-en-fonseca.html,False
e0344,amenaza_intimidacion,DUDOSO,SI,https://choco7dias.com/procuraduria-grupo-especial-en-el-choco-por-crisis-humanitaria/,False
e0344,amenaza_lideres,NO,NO,https://choco7dias.com/procuraduria-grupo-especial-en-el-choco-por-crisis-humanitaria/,False
e0344,danos_ambientales,NO,NO,https://choco7dias.com/procuraduria-grupo-especial-en-el-choco-por-crisis-humanitaria/,False
e0344,protesta_social,NO,NO,https://choco7dias.com/procuraduria-grupo-especial-en-el-choco-por-crisis-humanitaria/,False
e0344,reasentamiento,NO,NO,https://choco7dias.com/procuraduria-grupo-especial-en-el-choco-por-crisis-humanitaria/,False
e0344,violacion_derechos_humanos,SI,SI,https://choco7dias.com/procuraduria-grupo-especial-en-el-choco-por-crisis-humanitaria/,True
e0345,amenaza_intimidacion,NO,NO,https://www.elcolombiano.com/antioquia/posible-nueva-ola-de-migrantes-preocupa-a-las-autoridades-en-antioquia-FM19736056,False
e0345,amenaza_lideres,NO,NO,https://www.elcolombiano.com/antioquia/posible-nueva-ola-de-migrantes-preocupa-a-las-autoridades-en-antioquia-FM19736056,False
e0345,danos_ambientales,NO,NO,https://www.elcolombiano.com/antioquia/posible-nueva-ola-de-migrantes-preocupa-a-las-autoridades-en-antioquia-FM19736056,False
e0345,protesta_social,NO,NO,https://www.elcolombiano.com/antioquia/posible-nueva-ola-de-migrantes-preocupa-a-las-autoridades-en-antioquia-FM19736056,False
e0345,reasentamiento,NO,NO,https://www.elcolombiano.com/antioquia/posible-nueva-ola-de-migrantes-preocupa-a-las-autoridades-en-antioquia-FM19736056,False
e0345,violacion_derechos_humanos,NO,NO,https://www.elcolombiano.com/antioquia/posible-nueva-ola-de-migrantes-preocupa-a-las-autoridades-en-antioquia-FM19736056,False
e0346,amenaza_intimidacion,NO,NO,https://laguajirahoy.com/politica/asamblea-de-la-guajira-instala-primer-periodo-de-sesiones-2026.html,False
e0346,amenaza_lideres,NO,NO,https://laguajirahoy.com/politica/asamblea-de-la-guajira-instala-primer-periodo-de-sesiones-2026.html,False
e0346,danos_ambientales,NO,NO,https://laguajirahoy.com/politica/asamblea-de-la-guajira-instala-primer-periodo-de-sesiones-2026.html,False
e0346,protesta_social,NO,NO,https://laguajirahoy.com/politica/asamblea-de-la-guajira-instala-primer-periodo-de-sesiones-2026.html,False
e0346,reasentamiento,NO,NO,https://laguajirahoy.com/politica/asamblea-de-la-guajira-instala-primer-periodo-de-sesiones-2026.html,False
e0346,violacion_derechos_humanos,NO,NO,https://laguajirahoy.com/politica/asamblea-de-la-guajira-instala-primer-periodo-de-sesiones-2026.html,False
e0347,amenaza_intimidacion,NO,NO,https://diariodelnorte.net/judiciales/atracadores-en-maicao-intimidan-con-fusil-de-alto-calibre-a-ciudadano-para-hurtarle-su-motocicleta/,False
e0347,amenaza_lideres,NO,NO,https://diariodelnorte.net/judiciales/atracadores-en-maicao-intimidan-con-fusil-de-alto-calibre-a-ciudadano-para-hurtarle-su-motocicleta/,False
e0347,danos_ambientales,NO,NO,https://diariodelnorte.net/judiciales/atracadores-en-maicao-intimidan-con-fusil-de-alto-calibre-a-ciudadano-para-hurtarle-su-motocicleta/,False
e0347,protesta_social,NO,NO,https://diariodelnorte.net/judiciales/atracadores-en-maicao-intimidan-con-fusil-de-alto-calibre-a-ciudadano-para-hurtarle-su-motocicleta/,False
e0347,reasentamiento,NO,NO,https://diariodelnorte.net/judiciales/atracadores-en-maicao-intimidan-con-fusil-de-alto-calibre-a-ciudadano-para-hurtarle-su-motocicleta/,False
e0347,violacion_derechos_humanos,NO,NO,https://diariodelnorte.net/judiciales/atracadores-en-maicao-intimidan-con-fusil-de-alto-calibre-a-ciudadano-para-hurtarle-su-motocicleta/,False
e0348,amenaza_intimidacion,NO,NO,https://laguajirahoy.com/maicao/maicao-desde-el-cielo-cautiva-con-imagenes-autenticas-y-sin-filtros-urbanos.html,False
e0348,amenaza_lideres,NO,NO,https://laguajirahoy.com/maicao/maicao-desde-el-cielo-cautiva-con-imagenes-autenticas-y-sin-filtros-urbanos.html,False
e0348,danos_ambientales,NO,NO,https://laguajirahoy.com/maicao/maicao-desde-el-cielo-cautiva-con-imagenes-autenticas-y-sin-filtros-urbanos.html,False
e0348,protesta_social,NO,NO,https://laguajirahoy.com/maicao/maicao-desde-el-cielo-cautiva-con-imagenes-autenticas-y-sin-filtros-urbanos.html,False
e0348,reasentamiento,NO,NO,https://laguajirahoy.com/maicao/maicao-desde-el-cielo-cautiva-con-imagenes-autenticas-y-sin-filtros-urbanos.html,False
e0348,violacion_derechos_humanos,NO,NO,https://laguajirahoy.com/maicao/maicao-desde-el-cielo-cautiva-con-imagenes-autenticas-y-sin-filtros-urbanos.html,False
e0349,amenaza_intimidacion,NO,NO,https://www.eltiempo.com/bogota/opinion-bogota-tan-cerca-y-tan-lejos-de-cundinamarca-opinion-de-omar-orostegui-811526,False
e0349,amenaza_lideres,NO,NO,https://www.eltiempo.com/bogota/opinion-bogota-tan-cerca-y-tan-lejos-de-cundinamarca-opinion-de-omar-orostegui-811526,False
e0349,danos_ambientales,DUDOSO,NO,https://www.eltiempo.com/bogota/opinion-bogota-tan-cerca-y-tan-lejos-de-cundinamarca-opinion-de-omar-orostegui-811526,False
e0349,protesta_social,NO,NO,https://www.eltiempo.com/bogota/opinion-bogota-tan-cerca-y-tan-lejos-de-cundinamarca-opinion-de-omar-orostegui-811526,False
e0349,reasentamiento,NO,NO,https://www.eltiempo.com/bogota/opinion-bogota-tan-cerca-y-tan-lejos-de-cundinamarca-opinion-de-omar-orostegui-811526,False
e0349,violacion_derechos_humanos,NO,NO,https://www.eltiempo.com/bogota/opinion-bogota-tan-cerca-y-tan-lejos-de-cundinamarca-opinion-de-omar-orostegui-811526,False
e0350,amenaza_intimidacion,NO,NO,https://diariodelcauca.com.co/tratan-sobre-retos-estatales-para-reconocer-al-campesino/,False
e0350,amenaza_lideres,NO,NO,https://diariodelcauca.com.co/tratan-sobre-retos-estatales-para-reconocer-al-campesino/,False
e0350,danos_ambientales,NO,NO,https://diariodelcauca.com.co/tratan-sobre-retos-estatales-para-reconocer-al-campesino/,False
e0350,protesta_social,NO,NO,https://diariodelcauca.com.co/tratan-sobre-retos-estatales-para-reconocer-al-campesino/,False
e0350,reasentamiento,NO,NO,https://diariodelcauca.com.co/tratan-sobre-retos-estatales-para-reconocer-al-campesino/,False
e0350,violacion_derechos_humanos,NO,NO,https://diariodelcauca.com.co/tratan-sobre-retos-estatales-para-reconocer-al-campesino/,False
e0351,amenaza_intimidacion,NO,NO,https://www.elcolombiano.com/colombia/entrega-de-tierras-a-firmantes-de-paz-BJ22092443,False
e0351,amenaza_lideres,NO,NO,https://www.elcolombiano.com/colombia/entrega-de-tierras-a-firmantes-de-paz-BJ22092443,False
e0351,danos_ambientales,NO,NO,https://www.elcolombiano.com/colombia/entrega-de-tierras-a-firmantes-de-paz-BJ22092443,False
e0351,protesta_social,NO,NO,https://www.elcolombiano.com/colombia/entrega-de-tierras-a-firmantes-de-paz-BJ22092443,False
e0351,reasentamiento,NO,NO,https://www.elcolombiano.com/colombia/entrega-de-tierras-a-firmantes-de-paz-BJ22092443,False
e0351,violacion_derechos_humanos,NO,NO,https://www.elcolombiano.com/colombia/entrega-de-tierras-a-firmantes-de-paz-BJ22092443,False
e0352,amenaza_intimidacion,NO,NO,https://boyaca7dias.com.co/2026/06/05/peaje-gratis-anoche-en-la-caseta-de-tuta-tolditos7dias/,False
e0352,amenaza_lideres,NO,NO,https://boyaca7dias.com.co/2026/06/05/peaje-gratis-anoche-en-la-caseta-de-tuta-tolditos7dias/,False
e0352,danos_ambientales,NO,NO,https://boyaca7dias.com.co/2026/06/05/peaje-gratis-anoche-en-la-caseta-de-tuta-tolditos7dias/,False
e0352,protesta_social,SI,SI,https://boyaca7dias.com.co/2026/06/05/peaje-gratis-anoche-en-la-caseta-de-tuta-tolditos7dias/,True
e0352,reasentamiento,NO,NO,https://boyaca7dias.com.co/2026/06/05/peaje-gratis-anoche-en-la-caseta-de-tuta-tolditos7dias/,False
e0352,violacion_derechos_humanos,NO,NO,https://boyaca7dias.com.co/2026/06/05/peaje-gratis-anoche-en-la-caseta-de-tuta-tolditos7dias/,False
e0353,amenaza_intimidacion,NO,NO,https://choco7dias.com/consejos-comunitarios-de-choco-y-bolivar-concertaron-planes-de-atencion/,False
e0353,amenaza_lideres,NO,NO,https://choco7dias.com/consejos-comunitarios-de-choco-y-bolivar-concertaron-planes-de-atencion/,False
e0353,danos_ambientales,NO,NO,https://choco7dias.com/consejos-comunitarios-de-choco-y-bolivar-concertaron-planes-de-atencion/,False
e0353,protesta_social,NO,NO,https://choco7dias.com/consejos-comunitarios-de-choco-y-bolivar-concertaron-planes-de-atencion/,False
e0353,reasentamiento,NO,NO,https://choco7dias.com/consejos-comunitarios-de-choco-y-bolivar-concertaron-planes-de-atencion/,False
e0353,violacion_derechos_humanos,NO,NO,https://choco7dias.com/consejos-comunitarios-de-choco-y-bolivar-concertaron-planes-de-atencion/,False
e0354,amenaza_intimidacion,NO,NO,https://diariodelcauca.com.co/el-paro-no-puede-continuar/,False
e0354,amenaza_lideres,NO,NO,https://diariodelcauca.com.co/el-paro-no-puede-continuar/,False
e0354,danos_ambientales,NO,NO,https://diariodelcauca.com.co/el-paro-no-puede-continuar/,False
e0354,protesta_social,SI,SI,https://diariodelcauca.com.co/el-paro-no-puede-continuar/,True
e0354,reasentamiento,NO,NO,https://diariodelcauca.com.co/el-paro-no-puede-continuar/,False
e0354,violacion_derechos_humanos,NO,NO,https://diariodelcauca.com.co/el-paro-no-puede-continuar/,False
e0355,amenaza_intimidacion,NO,NO,https://choco7dias.com/documental-del-choco-brillo-en-sao-paulo-brasil/,False
e0355,amenaza_lideres,NO,NO,https://choco7dias.com/documental-del-choco-brillo-en-sao-paulo-brasil/,False
e0355,danos_ambientales,NO,NO,https://choco7dias.com/documental-del-choco-brillo-en-sao-paulo-brasil/,False
e0355,protesta_social,NO,NO,https://choco7dias.com/documental-del-choco-brillo-en-sao-paulo-brasil/,False
e0355,reasentamiento,NO,NO,https://choco7dias.com/documental-del-choco-brillo-en-sao-paulo-brasil/,False
e0355,violacion_derechos_humanos,NO,NO,https://choco7dias.com/documental-del-choco-brillo-en-sao-paulo-brasil/,False
