url,indicador,lugar,variante,rango
https://www.elcolombiano.com/antioquia/disidencias-frente-36-imponen-manual-convivencia-en-municipios-norte-bajo-cauca-nordeste-antioquia-MD22211269,exclusion_beneficios_economicos,Antioquia,V01,1
https://www.elcolombiano.com/antioquia/posible-nueva-ola-de-migrantes-preocupa-a-las-autoridades-en-antioquia-FM19736056,exclusion_beneficios_economicos,Antioquia,V01,2
https://www.elcolombiano.com/antioquia/planton-empleados-hospital-san-rafael-de-itagui-por-falta-de-pago-FC22759158,exclusion_beneficios_economicos,Antioquia,V01,3
https://www.elcolombiano.com/antioquia/nueva-asonada-en-antioquia-comunidad-saco-a-80-militares-de-briceno-por-orden-de-disidencias-farc-AJ23080404,exclusion_beneficios_economicos,Antioquia,V01,4
https://www.elcolombiano.com/negocios/por-que-la-agricultura-en-colombia-es-menos-productiva-LK21182854,exclusion_beneficios_economicos,Antioquia,V01,5
https://www.elcolombiano.com/antioquia/problemas-en-carreteras-de-antioquia-a-la-costa-caribe-uraba-y-bogota-HE21615570,exclusion_beneficios_economicos,Antioquia,V01,6
https://www.elcolombiano.com/antioquia/alerta-en-la-pintada-por-deslizamiento-ID20017069,exclusion_beneficios_economicos,Antioquia,V01,7
https://www.elcolombiano.com/antioquia/aumento-del-secuestro-en-antioquia-este-ano-OG23079766,exclusion_beneficios_economicos,Antioquia,V01,8
https://www.elcolombiano.com/antioquia/comunidad-de-caceres-esta-confinada-por-combates-entre-eln-y-el-clan-del-golfo-OE22265308,exclusion_beneficios_economicos,Antioquia,V01,9
https://www.elcolombiano.com/antioquia/por-que-el-municipio-de-argelia-cambiara-su-nombre-luego-de-63-anos-BP21956676,exclusion_beneficios_economicos,Antioquia,V01,10
https://www.elcolombiano.com/antioquia/restitucion-de-tierras-a-comunidad-negra-entre-frontino-y-urrao-antioquia-CF23370424,exclusion_beneficios_economicos,Antioquia,V01,11
https://www.elcolombiano.com/negocios/inversion-minera-para-antioquia-estaria-en-riesgo-HH23422126,exclusion_beneficios_economicos,Antioquia,V01,12
https://www.elcolombiano.com/antioquia/presencia-grupo-armados-ilegales-en-colegios-de-antioquia-FD20322610,exclusion_beneficios_economicos,Antioquia,V01,13
https://www.elcolombiano.com/antioquia/liberales-divididos-por-el-aval-de-eugenio-prieto-a-la-gobernacion-de-antioquia-IL22296781,exclusion_beneficios_economicos,Antioquia,V01,14
https://www.elcolombiano.com/antioquia/denuncian-abuso-de-mujeres-por-grupos-armados-en-limites-entre-antioquia-y-bolivar-AP22692266,exclusion_beneficios_economicos,Antioquia,V01,15
https://www.elcolombiano.com/antioquia/planton-empleados-hospital-san-rafael-de-itagui-por-falta-de-pago-FC22759158,exclusion_beneficios_economicos,Antioquia,V02,1
https://www.elcolombiano.com/antioquia/comunidad-de-caceres-esta-confinada-por-combates-entre-eln-y-el-clan-del-golfo-OE22265308,exclusion_beneficios_economicos,Antioquia,V02,2
https://www.elcolombiano.com/antioquia/renuncio-a-aspirar-a-la-goberncion-candidato-robinson-giraldo-GO22682307,exclusion_beneficios_economicos,Antioquia,V02,3
https://www.elcolombiano.com/antioquia/comision-humanitaria-llego-a-verificar-violaciones-a-derechos-humanos-en-limites-de-antioquia-con-bolivar-AP22694015,exclusion_beneficios_economicos,Antioquia,V02,4
https://www.elcolombiano.com/colombia/susana-boreal-explico-su-relacion-con-christian-guzman-miembro-de-su-unidad-legislativa-de-tarbajo-BE20530760,exclusion_beneficios_economicos,Antioquia,V02,5
https://www.elcolombiano.com/antioquia/restitucion-de-tierras-a-comunidad-negra-entre-frontino-y-urrao-antioquia-CF23370424,exclusion_beneficios_economicos,Antioquia,V02,6
https://www.elcolombiano.com/medellin/entrevista-a-juan-luis-mejia-sobre-la-cultura-del-narcotrafico-exorcizarte-pablo-KH22615492,exclusion_beneficios_economicos,Antioquia,V02,7
https://www.elcolombiano.com/antioquia/mineria-ilegal-y-paro-en-el-bajo-cauca-y-nordeste-de-antioquia-PN20691817,exclusion_beneficios_economicos,Antioquia,V02,8
https://www.elcolombiano.com/negocios/paro-minero-genera-perdidas-por-57000-millones-a-transportadores-KC20778002,exclusion_beneficios_economicos,Antioquia,V02,9
https://www.elcolombiano.com/antioquia/bello-tiene-nuevo-alcalde-encargado-tras-la-salida-de-oscar-andres-perez-DB21751750,exclusion_beneficios_economicos,Antioquia,V02,10
https://www.elcolombiano.com/colombia/elecciones-bajo-amenaza-violencia-tiene-en-jaque-1-de-cada-4-municipios-AH22528769,exclusion_beneficios_economicos,Antioquia,V02,11
https://www.elcolombiano.com/antioquia/negligencia-en-manejo-del-rio-medellin-le-pasa-cuenta-de-cobro-a-la-ciudad-CH20143144,exclusion_beneficios_economicos,Antioquia,V02,12
https://www.elcolombiano.com/antioquia/aumento-del-secuestro-en-antioquia-este-ano-OG23079766,exclusion_beneficios_economicos,Antioquia,V02,13
https://www.elcolombiano.com/antioquia/el-itm-llego-al-suroeste-y-quiere-expandirse-por-todo-el-departamento-DA21742221,exclusion_beneficios_economicos,Antioquia,V02,14
https://www.elcolombiano.com/antioquia/mensajes-de-las-agc-clan-del-golfo-en-ituango-KC21546419,exclusion_beneficios_economicos,Antioquia,V02,15
https://www.elcolombiano.com/antioquia/planton-empleados-hospital-san-rafael-de-itagui-por-falta-de-pago-FC22759158,exclusion_beneficios_economicos,Antioquia,V03,1
https://www.elcolombiano.com/antioquia/disidencias-frente-36-imponen-manual-convivencia-en-municipios-norte-bajo-cauca-nordeste-antioquia-MD22211269,exclusion_beneficios_economicos,Antioquia,V03,2
https://www.elcolombiano.com/antioquia/nueva-asonada-en-antioquia-comunidad-saco-a-80-militares-de-briceno-por-orden-de-disidencias-farc-AJ23080404,exclusion_beneficios_economicos,Antioquia,V03,3
https://www.elcolombiano.com/antioquia/aumento-del-secuestro-en-antioquia-este-ano-OG23079766,exclusion_beneficios_economicos,Antioquia,V03,4
https://www.elcolombiano.com/antioquia/restitucion-de-tierras-a-comunidad-negra-entre-frontino-y-urrao-antioquia-CF23370424,exclusion_beneficios_economicos,Antioquia,V03,5
https://www.elcolombiano.com/antioquia/por-que-el-municipio-de-argelia-cambiara-su-nombre-luego-de-63-anos-BP21956676,exclusion_beneficios_economicos,Antioquia,V03,6
https://www.elcolombiano.com/antioquia/comunidad-de-caceres-esta-confinada-por-combates-entre-eln-y-el-clan-del-golfo-OE22265308,exclusion_beneficios_economicos,Antioquia,V03,7
https://www.elcolombiano.com/colombia/disidencias-usan-a-la-gente-para-controlar-zonas-previo-a-elecciones-CB22760354,exclusion_beneficios_economicos,Antioquia,V03,8
https://www.elcolombiano.com/negocios/antioquia-es-el-departamento-que-mas-obras-por-impuestos-se-lleva-FE22264067,exclusion_beneficios_economicos,Antioquia,V03,9
https://www.elcolombiano.com/antioquia/liberales-divididos-por-el-aval-de-eugenio-prieto-a-la-gobernacion-de-antioquia-IL22296781,exclusion_beneficios_economicos,Antioquia,V03,10
https://www.elcolombiano.com/opinion/columnistas/un-gigante-en-la-esquina-KH22340129,exclusion_beneficios_economicos,Antioquia,V03,11
https://www.elcolombiano.com/antioquia/comision-humanitaria-llego-a-verificar-violaciones-a-derechos-humanos-en-limites-de-antioquia-con-bolivar-AP22694015,exclusion_beneficios_economicos,Antioquia,V03,12
https://www.elcolombiano.com/antioquia/consejo-de-estado-condena-nacion-por-falsos-positivos-en-santa-rosa-de-osos-CN21798903,exclusion_beneficios_economicos,Antioquia,V03,13
https://www.elcolombiano.com/antioquia/camioneros-bloquearon-via-por-precios-del-peaje-el-trapiche-BG20156676,exclusion_beneficios_economicos,Antioquia,V03,14
https://www.elcolombiano.com/medellin/federico-gutierrez-no-haria-empalme-sin-forenses-con-administracion-de-daniel-quintero-a-la-que-califica-de-corrupta-DG22357774,exclusion_beneficios_economicos,Antioquia,V03,15
https://www.elcolombiano.com/antioquia/planton-empleados-hospital-san-rafael-de-itagui-por-falta-de-pago-FC22759158,exclusion_beneficios_economicos,Antioquia,V04,1
https://www.elcolombiano.com/antioquia/aumento-del-secuestro-en-antioquia-este-ano-OG23079766,exclusion_beneficios_economicos,Antioquia,V04,2
https://www.elcolombiano.com/antioquia/por-que-el-municipio-de-argelia-cambiara-su-nombre-luego-de-63-anos-BP21956676,exclusion_beneficios_economicos,Antioquia,V04,3
https://www.elcolombiano.com/antioquia/comision-humanitaria-llego-a-verificar-violaciones-a-derechos-humanos-en-limites-de-antioquia-con-bolivar-AP22694015,exclusion_beneficios_economicos,Antioquia,V04,4
https://www.elcolombiano.com/antioquia/disidencias-frente-36-imponen-manual-convivencia-en-municipios-norte-bajo-cauca-nordeste-antioquia-MD22211269,exclusion_beneficios_economicos,Antioquia,V04,5
https://www.elcolombiano.com/antioquia/camioneros-bloquearon-via-por-precios-del-peaje-el-trapiche-BG20156676,exclusion_beneficios_economicos,Antioquia,V04,6
https://www.elcolombiano.com/antioquia/bello-tiene-nuevo-alcalde-encargado-tras-la-salida-de-oscar-andres-perez-DB21751750,exclusion_beneficios_economicos,Antioquia,V04,7
https://www.elcolombiano.com/medellin/entrevista-a-juan-luis-mejia-sobre-la-cultura-del-narcotrafico-exorcizarte-pablo-KH22615492,exclusion_beneficios_economicos,Antioquia,V04,8
https://www.elcolombiano.com/antioquia/bloqueos-en-la-via-medellin-llanos-de-cuiva-ruta-2510-para-pedir-desmonte-del-peaje-el-trapiche-FA22445514,exclusion_beneficios_economicos,Antioquia,V04,9
https://www.elcolombiano.com/antioquia/fondo-de-victimas-encontro-fincas-en-el-bajo-cauca-invadida-por-mineros-ilegales-OI21293683,exclusion_beneficios_economicos,Antioquia,V04,10
https://www.elcolombiano.com/antioquia/mineria-ilegal-y-paro-en-el-bajo-cauca-y-nordeste-de-antioquia-PN20691817,exclusion_beneficios_economicos,Antioquia,V04,11
https://www.elcolombiano.com/antioquia/preocupacion-en-ituango-antioquia-por-reclutamiento-de-menores-JA21308551,exclusion_beneficios_economicos,Antioquia,V04,12
https://www.elcolombiano.com/antioquia/captura-suegro-alias-chatarra-LB20479992,exclusion_beneficios_economicos,Antioquia,V04,13
https://www.elcolombiano.com/negocios/paro-minero-genera-perdidas-por-57000-millones-a-transportadores-KC20778002,exclusion_beneficios_economicos,Antioquia,V04,14
https://www.elcolombiano.com/antioquia/criticas-al-cerramiento-plaza-botero-de-medellin-GF20341070,exclusion_beneficios_economicos,Antioquia,V04,15
https://www.elcolombiano.com/antioquia/por-que-el-municipio-de-argelia-cambiara-su-nombre-luego-de-63-anos-BP21956676,exclusion_beneficios_economicos,Antioquia,V05,1
https://www.elcolombiano.com/opinion/columnistas/un-gigante-en-la-esquina-KH22340129,exclusion_beneficios_economicos,Antioquia,V05,2
https://www.elcolombiano.com/antioquia/disidencias-frente-36-imponen-manual-convivencia-en-municipios-norte-bajo-cauca-nordeste-antioquia-MD22211269,exclusion_beneficios_economicos,Antioquia,V05,3
https://www.elcolombiano.com/antioquia/comision-humanitaria-llego-a-verificar-violaciones-a-derechos-humanos-en-limites-de-antioquia-con-bolivar-AP22694015,exclusion_beneficios_economicos,Antioquia,V05,4
https://www.elcolombiano.com/negocios/antioquia-es-el-departamento-que-mas-obras-por-impuestos-se-lleva-FE22264067,exclusion_beneficios_economicos,Antioquia,V05,5
https://www.elcolombiano.com/antioquia/unidad-para-las-victimas-entrego-ayudas-humanitarias-a-indigenas-del-suroeste-PC20449464,exclusion_beneficios_economicos,Antioquia,V05,6
https://www.elcolombiano.com/medellin/entrevista-a-juan-luis-mejia-sobre-la-cultura-del-narcotrafico-exorcizarte-pablo-KH22615492,exclusion_beneficios_economicos,Antioquia,V05,7
https://www.elcolombiano.com/antioquia/bloqueos-en-la-via-medellin-llanos-de-cuiva-ruta-2510-para-pedir-desmonte-del-peaje-el-trapiche-FA22445514,exclusion_beneficios_economicos,Antioquia,V05,8
https://www.elcolombiano.com/antioquia/el-itm-llego-al-suroeste-y-quiere-expandirse-por-todo-el-departamento-DA21742221,exclusion_beneficios_economicos,Antioquia,V05,9
https://www.elcolombiano.com/antioquia/narino-antioquia-espera-por-turistas-en-sus-termales-en-semana-santa-AL20812460,exclusion_beneficios_economicos,Antioquia,V05,10
https://www.elcolombiano.com/antioquia/captura-suegro-alias-chatarra-LB20479992,exclusion_beneficios_economicos,Antioquia,V05,11
https://www.elcolombiano.com/colombia/procuraduria-investiga-a-cuatro-gobernadores-por-incumplir-proyectos-de-regalias-por-88000-millones-IC22139265,exclusion_beneficios_economicos,Antioquia,V05,12
https://www.elcolombiano.com/antioquia/elecciones-2023-coalicion-renace-presenta-lista-a-concejo-de-medellin-y-asamblea-PD22035309,exclusion_beneficios_economicos,Antioquia,V05,13
https://www.elcolombiano.com/medellin/plantones-en-contra-de-violencia-en-paro-minero-antioquia-PC20773369,exclusion_beneficios_economicos,Antioquia,V05,14
https://www.elcolombiano.com/opinion/columnistas/maestro-botero-hasta-siempre-NB22452609,exclusion_beneficios_economicos,Antioquia,V05,15
https://www.elcolombiano.com/antioquia/problemas-en-carreteras-de-antioquia-a-la-costa-caribe-uraba-y-bogota-HE21615570,exclusion_beneficios_economicos,Antioquia,V06,1
https://www.elcolombiano.com/negocios/inversion-minera-para-antioquia-estaria-en-riesgo-HH23422126,exclusion_beneficios_economicos,Antioquia,V06,2
https://www.elcolombiano.com/antioquia/quienes-son-los-candidatos-a-la-gobernacion-de-antioquia-MA22881490,exclusion_beneficios_economicos,Antioquia,V06,3
https://www.elcolombiano.com/antioquia/deforestacion-aumento-en-antioquia-en-2023-segun-corantioquia-IO21498707,exclusion_beneficios_economicos,Antioquia,V06,4
https://www.elcolombiano.com/antioquia/conflicto-armado-amenaza-elecciones-regionales-2023-en-el-norte-de-antioquia-LO22687194,exclusion_beneficios_economicos,Antioquia,V06,5
https://www.elcolombiano.com/medellin/candidato-a-la-gobernacion-julian-bedoya-responde-sobre-su-polemico-titulo-de-abogado-de-la-universidad-de-medellin-NE22624678,exclusion_beneficios_economicos,Antioquia,V06,6
https://www.elcolombiano.com/medellin/avales-sirven-para-aceitar-la-maquinaria-del-alcalde-daniel-quintero-hacia-la-presidencia-de-la-republica-OG22353937,exclusion_beneficios_economicos,Antioquia,V06,7
https://www.elcolombiano.com/tendencias/vinos-y-ruta-vinicola-en-colombia-vinedos-para-conocer-en-colombia-LH23427682,exclusion_beneficios_economicos,Antioquia,V06,8
https://www.elcolombiano.com/colombia/procuraduria-investiga-a-cuatro-gobernadores-por-incumplir-proyectos-de-regalias-por-88000-millones-IC22139265,exclusion_beneficios_economicos,Antioquia,V06,9
https://www.elcolombiano.com/medellin/tribunal-de-arbitramento-obliga-a-epm-hacer-millonario-pago-a-la-sociedad-hidroituango-por-retrasos-en-el-proyecto-AC23301652,exclusion_beneficios_economicos,Antioquia,V06,10
https://www.elcolombiano.com/antioquia/apertura-de-la-via-primavera-santa-barbara-la-pintada-en-antioquia-GC21237023,exclusion_beneficios_economicos,Antioquia,V06,11
https://www.elcolombiano.com/antioquia/ecoescuelas-de-corantioquia-en-el-nordeste-bajo-cauca-y-magdalena-medio-MG22601058,exclusion_beneficios_economicos,Antioquia,V06,12
https://www.elcolombiano.com/medellin/relleno-sanitario-emvarias-podria-estar-en-riesgo-de-colapso-CC21679784,exclusion_beneficios_economicos,Antioquia,V06,13
https://www.elcolombiano.com/informes-comerciales/las-marcas-hablan/premio-de-periodismo-porvenir-un-reconocimiento-a-las-historias-contadas-desde-la-sostenibilidad-IJ23198990,exclusion_beneficios_economicos,Antioquia,V06,14
https://www.elcolombiano.com/antioquia/plazo-para-pagar-examen-admision-universidad-de-antioquia-medellin-FA22441307,exclusion_beneficios_economicos,Antioquia,V06,15
https://www.elcolombiano.com/colombia/procuraduria-investiga-a-cuatro-gobernadores-por-incumplir-proyectos-de-regalias-por-88000-millones-IC22139265,exclusion_beneficios_economicos,Antioquia,V07,1
https://www.elcolombiano.com/medellin/tribunal-de-arbitramento-obliga-a-epm-hacer-millonario-pago-a-la-sociedad-hidroituango-por-retrasos-en-el-proyecto-AC23301652,exclusion_beneficios_economicos,Antioquia,V07,2
https://www.elcolombiano.com/medellin/relleno-sanitario-emvarias-podria-estar-en-riesgo-de-colapso-CC21679784,exclusion_beneficios_economicos,Antioquia,V07,3
https://www.elcolombiano.com/antioquia/conflicto-armado-amenaza-elecciones-regionales-2023-en-el-norte-de-antioquia-LO22687194,exclusion_beneficios_economicos,Antioquia,V07,4
https://www.elcolombiano.com/medellin/se-decide-si-i-el-grupo-del-exrector-nestor-hincapie-vuelve-a-tomar-las-riendas-de-la-universidad-de-medellin-OD23139412,exclusion_beneficios_economicos,Antioquia,V07,5
https://www.elcolombiano.com/medellin/avales-sirven-para-aceitar-la-maquinaria-del-alcalde-daniel-quintero-hacia-la-presidencia-de-la-republica-OG22353937,exclusion_beneficios_economicos,Antioquia,V07,6
https://www.elcolombiano.com/medellin/elecciones-2023-entrevista-con-mauricio-tobon-candidato-a-la-gobernacion-de-antioquia-OJ20929430,exclusion_beneficios_economicos,Antioquia,V07,7
https://www.elcolombiano.com/colombia/problemas-del-embajador-de-nicaragua-leon-fredy-munoz-CI21926455,exclusion_beneficios_economicos,Antioquia,V07,8
https://www.elcolombiano.com/colombia/ivan-velasquez-entrevista-ministro-defensa-paro-mineros-antioquia-clan-del-golfo-paz-total-y-fuerza-publica-en-colombia-KD20768222,exclusion_beneficios_economicos,Antioquia,V07,9
https://www.elcolombiano.com/antioquia/mauricio-alviar-nuevo-secretario-de-educacion-marta-cecilia-ramirez-nueva-secretaria-de-salud-OI23182783,exclusion_beneficios_economicos,Antioquia,V07,10
https://www.elcolombiano.com/inicio/luz-maria-munera-habla-de-su-salida-de-la-camara-de-representantes-MC22130279,exclusion_beneficios_economicos,Antioquia,V07,11
https://www.elcolombiano.com/antioquia/se-multiplicaron-las-candidaturas-a-las-alcaldias-del-nordeste-IP22694590,exclusion_beneficios_economicos,Antioquia,V07,12
https://www.elcolombiano.com/colombia/susana-boreal-explico-su-relacion-con-christian-guzman-miembro-de-su-unidad-legislativa-de-tarbajo-BE20530760,exclusion_beneficios_economicos,Antioquia,V07,13
https://www.elcolombiano.com/antioquia/en-el-bajo-cauca-circulan-grandes-cantidades-de-dinero-y-podria-ser-indicio-de-compra-de-votos-para-elecciones-del-29-de-octubre-de-2023-CN22853100,exclusion_beneficios_economicos,Antioquia,V07,14
https://www.elcolombiano.com/colombia/alias-ramiro-jefe-de-las-disidencias-del-frente-18-quiere-colarse-en-la-paz-total-NB22106649,exclusion_beneficios_economicos,Antioquia,V07,15
https://www.elcolombiano.com/antioquia/consejo-de-estado-condena-nacion-por-falsos-positivos-en-santa-rosa-de-osos-CN21798903,exclusion_beneficios_economicos,Antioquia,V08,1
https://www.elcolombiano.com/colombia/elecciones-regionales-2023-colombia-minuto-a-minuto-quienes-son-los-nuevos-alcaldes-y-gobernadores-NP22968243,exclusion_beneficios_economicos,Antioquia,V08,2
https://www.elcolombiano.com/colombia/procuraduria-investiga-a-cuatro-gobernadores-por-incumplir-proyectos-de-regalias-por-88000-millones-IC22139265,exclusion_beneficios_economicos,Antioquia,V08,3
https://www.elcolombiano.com/opinion/editoriales/la-toma-de-las-cajas-AA22559988,exclusion_beneficios_economicos,Antioquia,V08,4
https://www.elcolombiano.com/medellin/alcaldia-medellin-incumple-fallos-de-la-justicia-en-su-contra-NB22323970,exclusion_beneficios_economicos,Antioquia,V08,5
https://www.elcolombiano.com/colombia/tras-36-horas-liberaron-a-84-secuestrados-en-caqueta-HC20660034,exclusion_beneficios_economicos,Antioquia,V08,6
https://www.elcolombiano.com/informes-comerciales/las-marcas-hablan/con-viva-antioquia-se-acerca-al-sueno-de-vivienda-adecuada-para-todos-HP21841745,exclusion_beneficios_economicos,Antioquia,V08,7
https://www.elcolombiano.com/antioquia/consejo-de-estado-condena-nacion-por-falsos-positivos-en-santa-rosa-de-osos-CN21798903,exclusion_beneficios_economicos,Antioquia,V09,1
https://www.elcolombiano.com/colombia/procuraduria-investiga-a-cuatro-gobernadores-por-incumplir-proyectos-de-regalias-por-88000-millones-IC22139265,exclusion_beneficios_economicos,Antioquia,V09,2
https://www.elcolombiano.com/medellin/alcaldia-medellin-incumple-fallos-de-la-justicia-en-su-contra-NB22323970,exclusion_beneficios_economicos,Antioquia,V09,3
https://www.elcolombiano.com/colombia/tras-36-horas-liberaron-a-84-secuestrados-en-caqueta-HC20660034,exclusion_beneficios_economicos,Antioquia,V09,4
https://www.elcolombiano.com/opinion/editoriales/la-toma-de-las-cajas-AA22559988,exclusion_beneficios_economicos,Antioquia,V09,5
https://www.elcolombiano.com/informes-comerciales/las-marcas-hablan/con-viva-antioquia-se-acerca-al-sueno-de-vivienda-adecuada-para-todos-HP21841745,exclusion_beneficios_economicos,Antioquia,V09,6
https://www.elcolombiano.com/colombia/elecciones-regionales-2023-colombia-minuto-a-minuto-quienes-son-los-nuevos-alcaldes-y-gobernadores-NP22968243,exclusion_beneficios_economicos,Antioquia,V09,7
https://www.elcolombiano.com/colombia/procuraduria-investiga-a-cuatro-gobernadores-por-incumplir-proyectos-de-regalias-por-88000-millones-IC22139265,exclusion_beneficios_economicos,Antioquia,V10,1
https://www.elcolombiano.com/opinion/editoriales/la-toma-de-las-cajas-AA22559988,exclusion_beneficios_economicos,Antioquia,V10,2
https://www.elcolombiano.com/antioquia/consejo-de-estado-condena-nacion-por-falsos-positivos-en-santa-rosa-de-osos-CN21798903,exclusion_beneficios_economicos,Antioquia,V10,3
https://www.elcolombiano.com/informes-comerciales/las-marcas-hablan/con-viva-antioquia-se-acerca-al-sueno-de-vivienda-adecuada-para-todos-HP21841745,exclusion_beneficios_economicos,Antioquia,V10,4
https://www.elcolombiano.com/medellin/alcaldia-medellin-incumple-fallos-de-la-justicia-en-su-contra-NB22323970,exclusion_beneficios_economicos,Antioquia,V10,5
https://www.elcolombiano.com/colombia/tras-36-horas-liberaron-a-84-secuestrados-en-caqueta-HC20660034,exclusion_beneficios_economicos,Antioquia,V10,6
https://www.elcolombiano.com/colombia/procuraduria-investiga-a-cuatro-gobernadores-por-incumplir-proyectos-de-regalias-por-88000-millones-IC22139265,exclusion_beneficios_economicos,Antioquia,V11,1
https://www.elcolombiano.com/opinion/editoriales/la-toma-de-las-cajas-AA22559988,exclusion_beneficios_economicos,Antioquia,V11,2
https://www.elcolombiano.com/medellin/alcaldia-medellin-incumple-fallos-de-la-justicia-en-su-contra-NB22323970,exclusion_beneficios_economicos,Antioquia,V11,3
https://www.elcolombiano.com/colombia/procuraduria-investiga-a-cuatro-gobernadores-por-incumplir-proyectos-de-regalias-por-88000-millones-IC22139265,exclusion_beneficios_economicos,Antioquia,V12,1
https://www.elcolombiano.com/medellin/se-decide-si-i-el-grupo-del-exrector-nestor-hincapie-vuelve-a-tomar-las-riendas-de-la-universidad-de-medellin-OD23139412,exclusion_beneficios_economicos,Antioquia,V12,2
https://www.elcolombiano.com/antioquia/mauricio-alviar-nuevo-secretario-de-educacion-marta-cecilia-ramirez-nueva-secretaria-de-salud-OI23182783,exclusion_beneficios_economicos,Antioquia,V12,3
https://www.elcolombiano.com/antioquia/en-el-bajo-cauca-circulan-grandes-cantidades-de-dinero-y-podria-ser-indicio-de-compra-de-votos-para-elecciones-del-29-de-octubre-de-2023-CN22853100,exclusion_beneficios_economicos,Antioquia,V12,4
https://www.elcolombiano.com/opinion/editoriales/la-toma-de-las-cajas-AA22559988,exclusion_beneficios_economicos,Antioquia,V12,5
https://www.elcolombiano.com/colombia/problemas-del-embajador-de-nicaragua-leon-fredy-munoz-CI21926455,exclusion_beneficios_economicos,Antioquia,V12,6
https://www.elcolombiano.com/opinion/columnistas/un-gigante-en-la-esquina-KH22340129,exclusion_beneficios_economicos,Antioquia,V12,7
https://www.elcolombiano.com/cultura/cumpleanos-142-museo-de-antioquia-celebracion-y-planes-a-futuro-GA23230574,exclusion_beneficios_economicos,Antioquia,V12,8
https://www.elcolombiano.com/negocios/golpe-a-la-innovacion-en-medellin-por-lio-con-israel-EP22694321,exclusion_beneficios_economicos,Antioquia,V12,9
https://www.elcolombiano.com/antioquia/elecciones-2023-coalicion-renace-presenta-lista-a-concejo-de-medellin-y-asamblea-PD22035309,exclusion_beneficios_economicos,Antioquia,V12,10
https://www.elcolombiano.com/antioquia/tarifas-de-energia-de-epm-en-antioquia-y-la-publicidad-a-usuarios-EM21874330,exclusion_beneficios_economicos,Antioquia,V12,11
https://www.elcolombiano.com/negocios/por-que-la-agricultura-en-colombia-es-menos-productiva-LK21182854,exclusion_beneficios_economicos,Antioquia,V12,12
https://www.elcolombiano.com/inicio/luz-maria-munera-habla-de-su-salida-de-la-camara-de-representantes-MC22130279,exclusion_beneficios_economicos,Antioquia,V12,13
https://www.elcolombiano.com/negocios/antioquia-es-el-departamento-que-mas-obras-por-impuestos-se-lleva-FE22264067,exclusion_beneficios_economicos,Antioquia,V12,14
https://www.elcolombiano.com/negocios/arriendos-e-inseguridad-en-el-poblado-saca-a-los-comerciantes-BN22494371,exclusion_beneficios_economicos,Antioquia,V12,15
https://www.elcolombiano.com/antioquia/planton-empleados-hospital-san-rafael-de-itagui-por-falta-de-pago-FC22759158,rechazo_proyecto,Antioquia,V01,1
https://www.elcolombiano.com/antioquia/disidencias-frente-36-imponen-manual-convivencia-en-municipios-norte-bajo-cauca-nordeste-antioquia-MD22211269,rechazo_proyecto,Antioquia,V01,2
https://www.elcolombiano.com/antioquia/nueva-asonada-en-antioquia-comunidad-saco-a-80-militares-de-briceno-por-orden-de-disidencias-farc-AJ23080404,rechazo_proyecto,Antioquia,V01,3
https://www.elcolombiano.com/antioquia/por-que-el-municipio-de-argelia-cambiara-su-nombre-luego-de-63-anos-BP21956676,rechazo_proyecto,Antioquia,V01,4
https://www.elcolombiano.com/antioquia/candidato-a-alcaldia-medellin-felipe-velez-elecciones-2023-DD20237958,rechazo_proyecto,Antioquia,V01,5
https://www.elcolombiano.com/antioquia/liberales-divididos-por-el-aval-de-eugenio-prieto-a-la-gobernacion-de-antioquia-IL22296781,rechazo_proyecto,Antioquia,V01,6
https://www.elcolombiano.com/antioquia/comunidad-de-caceres-esta-confinada-por-combates-entre-eln-y-el-clan-del-golfo-OE22265308,rechazo_proyecto,Antioquia,V01,7
https://www.elcolombiano.com/colombia/disidencias-usan-a-la-gente-para-controlar-zonas-previo-a-elecciones-CB22760354,rechazo_proyecto,Antioquia,V01,8
https://www.elcolombiano.com/antioquia/renuncio-a-aspirar-a-la-goberncion-candidato-robinson-giraldo-GO22682307,rechazo_proyecto,Antioquia,V01,9
https://www.elcolombiano.com/colombia/defensor-del-pueblo-prende-las-alarmas-a-una-semana-de-las-elecciones-regionales-MG22719342,rechazo_proyecto,Antioquia,V01,10
https://www.elcolombiano.com/medellin/elecciones-2023-entrevista-con-mauricio-tobon-candidato-a-la-gobernacion-de-antioquia-OJ20929430,rechazo_proyecto,Antioquia,V01,11
https://www.elcolombiano.com/antioquia/disidentes-de-las-farc-piden-excusas-por-tomarse-escuela-en-yarumal-GI20285157,rechazo_proyecto,Antioquia,V01,12
https://www.elcolombiano.com/antioquia/conflicto-armado-amenaza-elecciones-regionales-2023-en-el-norte-de-antioquia-LO22687194,rechazo_proyecto,Antioquia,V01,13
https://www.elcolombiano.com/antioquia/comision-humanitaria-llego-a-verificar-violaciones-a-derechos-humanos-en-limites-de-antioquia-con-bolivar-AP22694015,rechazo_proyecto,Antioquia,V01,14
https://www.elcolombiano.com/antioquia/esteban-restrepo-cerro-vias-de-la-alpujarra-para-lanzar-su-candidatura-a-la-gobernacion-BC20663130,rechazo_proyecto,Antioquia,V01,15
https://www.elcolombiano.com/antioquia/nueva-asonada-en-antioquia-comunidad-saco-a-80-militares-de-briceno-por-orden-de-disidencias-farc-AJ23080404,rechazo_proyecto,Antioquia,V02,1
https://www.elcolombiano.com/antioquia/disidencias-frente-36-imponen-manual-convivencia-en-municipios-norte-bajo-cauca-nordeste-antioquia-MD22211269,rechazo_proyecto,Antioquia,V02,2
https://www.elcolombiano.com/antioquia/posible-nueva-ola-de-migrantes-preocupa-a-las-autoridades-en-antioquia-FM19736056,rechazo_proyecto,Antioquia,V02,3
https://www.elcolombiano.com/antioquia/planton-empleados-hospital-san-rafael-de-itagui-por-falta-de-pago-FC22759158,rechazo_proyecto,Antioquia,V02,4
https://www.elcolombiano.com/antioquia/comunidad-de-caceres-esta-confinada-por-combates-entre-eln-y-el-clan-del-golfo-OE22265308,rechazo_proyecto,Antioquia,V02,5
https://www.elcolombiano.com/antioquia/aumento-del-secuestro-en-antioquia-este-ano-OG23079766,rechazo_proyecto,Antioquia,V02,6
https://www.elcolombiano.com/antioquia/presencia-grupo-armados-ilegales-en-colegios-de-antioquia-FD20322610,rechazo_proyecto,Antioquia,V02,7
https://www.elcolombiano.com/medellin/bloqueos-en-la-avenida-regional-en-el-poblado-OC21236190,rechazo_proyecto,Antioquia,V02,8
https://www.elcolombiano.com/antioquia/por-que-el-municipio-de-argelia-cambiara-su-nombre-luego-de-63-anos-BP21956676,rechazo_proyecto,Antioquia,V02,9
https://www.elcolombiano.com/antioquia/liberales-divididos-por-el-aval-de-eugenio-prieto-a-la-gobernacion-de-antioquia-IL22296781,rechazo_proyecto,Antioquia,V02,10
https://www.elcolombiano.com/antioquia/caso-de-luis-fernando-lalinde-llega-a-la-corte-interamericana-de-derechos-humanos-LJ23083866,rechazo_proyecto,Antioquia,V02,11
https://www.elcolombiano.com/inicio/cese-al-fuego-eln-gobierno-comunidades-regiones-esperan-paz-total-LH22078542,rechazo_proyecto,Antioquia,V02,12
https://www.elcolombiano.com/colombia/disidencias-usan-a-la-gente-para-controlar-zonas-previo-a-elecciones-CB22760354,rechazo_proyecto,Antioquia,V02,13
https://www.elcolombiano.com/antioquia/restitucion-de-tierras-a-comunidad-negra-entre-frontino-y-urrao-antioquia-CF23370424,rechazo_proyecto,Antioquia,V02,14
https://www.elcolombiano.com/antioquia/uraba-bajo-cauca-paz-total-petro-clan-golfo-LB21023888,rechazo_proyecto,Antioquia,V02,15
https://www.elcolombiano.com/antioquia/comunidad-de-caceres-esta-confinada-por-combates-entre-eln-y-el-clan-del-golfo-OE22265308,rechazo_proyecto,Antioquia,V03,1
https://www.elcolombiano.com/antioquia/posible-nueva-ola-de-migrantes-preocupa-a-las-autoridades-en-antioquia-FM19736056,rechazo_proyecto,Antioquia,V03,2
https://www.elcolombiano.com/antioquia/restitucion-de-tierras-a-comunidad-negra-entre-frontino-y-urrao-antioquia-CF23370424,rechazo_proyecto,Antioquia,V03,3
https://www.elcolombiano.com/medellin/bloqueos-en-la-avenida-regional-en-el-poblado-OC21236190,rechazo_proyecto,Antioquia,V03,4
https://www.elcolombiano.com/antioquia/por-que-el-municipio-de-argelia-cambiara-su-nombre-luego-de-63-anos-BP21956676,rechazo_proyecto,Antioquia,V03,5
https://www.elcolombiano.com/antioquia/problemas-en-carreteras-de-antioquia-a-la-costa-caribe-uraba-y-bogota-HE21615570,rechazo_proyecto,Antioquia,V03,6
https://www.elcolombiano.com/colombia/disidencias-usan-a-la-gente-para-controlar-zonas-previo-a-elecciones-CB22760354,rechazo_proyecto,Antioquia,V03,7
https://www.elcolombiano.com/antioquia/liberales-divididos-por-el-aval-de-eugenio-prieto-a-la-gobernacion-de-antioquia-IL22296781,rechazo_proyecto,Antioquia,V03,8
https://www.elcolombiano.com/inicio/cese-al-fuego-eln-gobierno-comunidades-regiones-esperan-paz-total-LH22078542,rechazo_proyecto,Antioquia,V03,9
https://www.elcolombiano.com/antioquia/renuncio-a-aspirar-a-la-goberncion-candidato-robinson-giraldo-GO22682307,rechazo_proyecto,Antioquia,V03,10
https://www.elcolombiano.com/colombia/defensor-del-pueblo-prende-las-alarmas-a-una-semana-de-las-elecciones-regionales-MG22719342,rechazo_proyecto,Antioquia,V03,11
https://www.elcolombiano.com/colombia/balance-del-primer-mes-de-cese-al-fuego-bilateral-entre-gobierno-y-grupos-armados-MB20219317,rechazo_proyecto,Antioquia,V03,12
https://www.elcolombiano.com/antioquia/planton-empleados-hospital-san-rafael-de-itagui-por-falta-de-pago-FC22759158,rechazo_proyecto,Antioquia,V03,13
https://www.elcolombiano.com/antioquia/comision-humanitaria-llego-a-verificar-violaciones-a-derechos-humanos-en-limites-de-antioquia-con-bolivar-AP22694015,rechazo_proyecto,Antioquia,V03,14
https://www.elcolombiano.com/antioquia/candidato-a-alcaldia-medellin-felipe-velez-elecciones-2023-DD20237958,rechazo_proyecto,Antioquia,V03,15
https://www.elcolombiano.com/colombia/ivan-mordisco-quiere-formar-guardias-campesinas-en-antioquia-y-otros-departamentos-GE23144103,rechazo_proyecto,Antioquia,V04,1
https://www.elcolombiano.com/antioquia/bloqueos-en-la-via-medellin-llanos-de-cuiva-ruta-2510-para-pedir-desmonte-del-peaje-el-trapiche-FA22445514,rechazo_proyecto,Antioquia,V04,2
https://www.elcolombiano.com/colombia/miguel-polo-polo-defendio-a-candidato-a-concejo-medellin-sacado-de-la-udea-BH22254353,rechazo_proyecto,Antioquia,V04,3
https://www.elcolombiano.com/colombia/admiten-recurso-que-busca-que-reforma-a-la-salud-sea-una-ley-estatutaria-GF20618619,rechazo_proyecto,Antioquia,V04,4
https://www.elcolombiano.com/antioquia/diocesis-de-santa-rosas-de-osos-pide-dialogos-por-paro-minero-en-antioquia-FN20969837,rechazo_proyecto,Antioquia,V04,5
https://www.elcolombiano.com/medellin/secretaria-de-las-mujeres-de-antioquia-no-estara-en-evento-webcam-de-medellin-DB22011156,rechazo_proyecto,Antioquia,V04,6
https://www.elcolombiano.com/antioquia/bloqueo-en-la-via-al-mar-levantan-protestas-tras-acuerdo-para-repararla-EC20228149,rechazo_proyecto,Antioquia,V04,7
https://www.elcolombiano.com/antioquia/gobernador-de-antioquia-anibal-gaviria-denuncia-reclutamiento-de-menores-DG20261266,rechazo_proyecto,Antioquia,V04,8
https://www.elcolombiano.com/antioquia/carta-de-rechazo-de-la-u-de-a-a-las-declaraciones-de-congresista-polo-polo-GF22270363,rechazo_proyecto,Antioquia,V04,9
https://www.elcolombiano.com/antioquia/amenazas-a-registradores-de-antioquia-AA23231032,rechazo_proyecto,Antioquia,V04,10
https://www.elcolombiano.com/antioquia/mas-alla-de-partidos-y-principios-el-senador-trujillo-es-todo-un-cazador-de-poder-MD20455081,rechazo_proyecto,Antioquia,V04,11
https://www.elcolombiano.com/antioquia/mineria-ilegal-destruye-bosques-y-rios-en-el-bajo-cauca-y-nordeste-de-antioquia-DD20768182,rechazo_proyecto,Antioquia,V04,12
https://www.elcolombiano.com/colombia/alertan-al-gobierno-petro-por-seguridad-que-afecta-elecciones-octubre-74-municipios-DI21926674,rechazo_proyecto,Antioquia,V04,13
https://www.elcolombiano.com/antioquia/bloqueos-viales-afectan-nordeste-y-bajo-cauca-2023-MC20664585,rechazo_proyecto,Antioquia,V04,14
https://www.elcolombiano.com/antioquia/paro-armado-en-narino-antioquia-por-clan-del-oriente-NF20348371,rechazo_proyecto,Antioquia,V04,15
https://www.elcolombiano.com/antioquia/bloqueos-en-la-via-medellin-llanos-de-cuiva-ruta-2510-para-pedir-desmonte-del-peaje-el-trapiche-FA22445514,rechazo_proyecto,Antioquia,V05,1
https://www.elcolombiano.com/medellin/plantones-en-contra-de-violencia-en-paro-minero-antioquia-PC20773369,rechazo_proyecto,Antioquia,V05,2
https://www.elcolombiano.com/antioquia/comunidad-de-caceres-esta-confinada-por-combates-entre-eln-y-el-clan-del-golfo-OE22265308,rechazo_proyecto,Antioquia,V05,3
https://www.elcolombiano.com/medellin/entrevista-a-juan-luis-mejia-sobre-la-cultura-del-narcotrafico-exorcizarte-pablo-KH22615492,rechazo_proyecto,Antioquia,V05,4
https://www.elcolombiano.com/antioquia/diocesis-de-santa-rosas-de-osos-pide-dialogos-por-paro-minero-en-antioquia-FN20969837,rechazo_proyecto,Antioquia,V05,5
https://www.elcolombiano.com/opinion/columnistas/pactemos-por-colombia-por-antioquia-por-medellin-DJ20837015,rechazo_proyecto,Antioquia,V05,6
https://www.elcolombiano.com/antioquia/perro-policia-en-operativos-por-el-paro-minero-en-antioquia-KC20773999,rechazo_proyecto,Antioquia,V05,7
https://www.elcolombiano.com/antioquia/mineria-ilegal-y-paro-en-el-bajo-cauca-y-nordeste-de-antioquia-PN20691817,rechazo_proyecto,Antioquia,V05,8
https://www.elcolombiano.com/antioquia/encapuchados-asesinaron-a-firmante-del-acuerdo-de-paz-en-un-bus-en-dabeiba-antioquia-EM21878509,rechazo_proyecto,Antioquia,V05,9
https://www.elcolombiano.com/medellin/asi-sera-arreglo-de-obras-de-botero-vandalizadas-en-medellin-OA20758969,rechazo_proyecto,Antioquia,V05,10
https://www.elcolombiano.com/colombia/tras-36-horas-liberaron-a-84-secuestrados-en-caqueta-HC20660034,rechazo_proyecto,Antioquia,V05,11
https://www.elcolombiano.com/antioquia/suspension-del-paro-minero-en-el-bajo-cauca-y-el-nordesde-de-antioquia-BG21053130,rechazo_proyecto,Antioquia,V05,12
https://www.elcolombiano.com/colombia/sindicato-del-sena-en-antioquia-anuncio-que-ira-a-paro-y-protesta-contra-la-direccion-KH20502787,rechazo_proyecto,Antioquia,V05,13
https://www.elcolombiano.com/informes-comerciales/las-marcas-hablan/pusimos-a-corantioquia-en-el-corazon-de-los-antioquenos-ME23367821,rechazo_proyecto,Antioquia,V05,14
https://www.elcolombiano.com/antioquia/millonarias-perdidas-por-el-paro-minero-en-bajo-cauca-antioquia-MM20797795,rechazo_proyecto,Antioquia,V05,15
https://www.elcolombiano.com/medellin/elecciones-2023-entrevista-con-mauricio-tobon-candidato-a-la-gobernacion-de-antioquia-OJ20929430,rechazo_proyecto,Antioquia,V06,1
https://www.elcolombiano.com/antioquia/por-que-el-municipio-de-argelia-cambiara-su-nombre-luego-de-63-anos-BP21956676,rechazo_proyecto,Antioquia,V06,2
https://www.elcolombiano.com/medellin/elecciones-2023-candidatos-del-nuevo-liberalismo-en-antioquia-BF20701541,rechazo_proyecto,Antioquia,V06,3
https://www.elcolombiano.com/colombia/procuraduria-investiga-a-cuatro-gobernadores-por-incumplir-proyectos-de-regalias-por-88000-millones-IC22139265,rechazo_proyecto,Antioquia,V06,4
https://www.elcolombiano.com/antioquia/gobernador-de-antioquia-sostiene-que-con-la-paz-total-se-incremento-la-criminalidad-AI21831098,rechazo_proyecto,Antioquia,V06,5
https://www.elcolombiano.com/medellin/bloqueos-en-la-avenida-regional-en-el-poblado-OC21236190,rechazo_proyecto,Antioquia,V06,6
https://www.elcolombiano.com/colombia/defensor-del-pueblo-prende-las-alarmas-a-una-semana-de-las-elecciones-regionales-MG22719342,rechazo_proyecto,Antioquia,V06,7
https://www.elcolombiano.com/antioquia/negligencia-en-manejo-del-rio-medellin-le-pasa-cuenta-de-cobro-a-la-ciudad-CH20143144,rechazo_proyecto,Antioquia,V06,8
https://www.elcolombiano.com/antioquia/candidato-a-alcaldia-medellin-felipe-velez-elecciones-2023-DD20237958,rechazo_proyecto,Antioquia,V06,9
https://www.elcolombiano.com/colombia/en-colombia-hay-siete-conflictos-armados-cicr-LG21055806,rechazo_proyecto,Antioquia,V06,10
https://www.elcolombiano.com/antioquia/bloqueos-en-la-via-medellin-llanos-de-cuiva-ruta-2510-para-pedir-desmonte-del-peaje-el-trapiche-FA22445514,rechazo_proyecto,Antioquia,V06,11
https://www.elcolombiano.com/antioquia/defensoria-del-pueblo-advierte-de-riesgo-por-conflicto-armado-y-pugnacidad-de-mensajes-en-elecciones-del-29-de-octubre-DM22842735,rechazo_proyecto,Antioquia,V06,12
https://www.elcolombiano.com/antioquia/paro-minero-en-bajo-cauca-antioqueno-salidas-a-la-crisis-y-programas-sociales-II20824286,rechazo_proyecto,Antioquia,V06,13
https://www.elcolombiano.com/colombia/estos-son-17-cabecillas-bandas-crimen-organizado-paz-total-medellin-JG21720779,rechazo_proyecto,Antioquia,V06,14
https://www.elcolombiano.com/antioquia/mineria-ilegal-y-paro-en-el-bajo-cauca-y-nordeste-de-antioquia-PN20691817,rechazo_proyecto,Antioquia,V06,15
https://www.elcolombiano.com/antioquia/posible-nueva-ola-de-migrantes-preocupa-a-las-autoridades-en-antioquia-FM19736056,rechazo_proyecto,Antioquia,V07,1
https://www.elcolombiano.com/medellin/bloqueos-en-la-avenida-regional-en-el-poblado-OC21236190,rechazo_proyecto,Antioquia,V07,2
https://www.elcolombiano.com/antioquia/restitucion-de-tierras-a-comunidad-negra-entre-frontino-y-urrao-antioquia-CF23370424,rechazo_proyecto,Antioquia,V07,3
https://www.elcolombiano.com/antioquia/problemas-en-carreteras-de-antioquia-a-la-costa-caribe-uraba-y-bogota-HE21615570,rechazo_proyecto,Antioquia,V07,4
https://www.elcolombiano.com/inicio/cese-al-fuego-eln-gobierno-comunidades-regiones-esperan-paz-total-LH22078542,rechazo_proyecto,Antioquia,V07,5
https://www.elcolombiano.com/colombia/balance-del-primer-mes-de-cese-al-fuego-bilateral-entre-gobierno-y-grupos-armados-MB20219317,rechazo_proyecto,Antioquia,V07,6
https://www.elcolombiano.com/informes-comerciales/las-marcas-hablan/pusimos-a-corantioquia-en-el-corazon-de-los-antioquenos-ME23367821,rechazo_proyecto,Antioquia,V07,7
https://www.elcolombiano.com/medellin/medellin-se-esta-quedando-sin-camas-para-los-recien-nacidos-CH21735632,rechazo_proyecto,Antioquia,V07,8
https://www.elcolombiano.com/antioquia/por-que-el-municipio-de-argelia-cambiara-su-nombre-luego-de-63-anos-BP21956676,rechazo_proyecto,Antioquia,V07,9
https://www.elcolombiano.com/colombia/procuraduria-investiga-a-cuatro-gobernadores-por-incumplir-proyectos-de-regalias-por-88000-millones-IC22139265,rechazo_proyecto,Antioquia,V07,10
https://www.elcolombiano.com/medellin/elecciones-2023-candidatos-del-nuevo-liberalismo-en-antioquia-BF20701541,rechazo_proyecto,Antioquia,V07,11
https://www.elcolombiano.com/antioquia/docentes-de-antioquia-reubicados-por-amenazas-de-grupos-armados-GD21553713,rechazo_proyecto,Antioquia,V07,12
https://www.elcolombiano.com/antioquia/deforestacion-aumento-en-antioquia-en-2023-segun-corantioquia-IO21498707,rechazo_proyecto,Antioquia,V07,13
https://www.elcolombiano.com/medellin/a-la-carcel-hombre-por-masturbarse-frente-a-una-nina-GA21210273,rechazo_proyecto,Antioquia,V07,14
https://www.elcolombiano.com/antioquia/preocupacion-en-ituango-antioquia-por-reclutamiento-de-menores-JA21308551,rechazo_proyecto,Antioquia,V07,15
https://www.elcolombiano.com/antioquia/nueva-asonada-en-antioquia-comunidad-saco-a-80-militares-de-briceno-por-orden-de-disidencias-farc-AJ23080404,rechazo_proyecto,Antioquia,V08,1
https://www.elcolombiano.com/antioquia/por-que-el-municipio-de-argelia-cambiara-su-nombre-luego-de-63-anos-BP21956676,rechazo_proyecto,Antioquia,V08,2
https://www.elcolombiano.com/antioquia/candidato-a-alcaldia-medellin-felipe-velez-elecciones-2023-DD20237958,rechazo_proyecto,Antioquia,V08,3
https://www.elcolombiano.com/antioquia/comunidad-de-caceres-esta-confinada-por-combates-entre-eln-y-el-clan-del-golfo-OE22265308,rechazo_proyecto,Antioquia,V08,4
https://www.elcolombiano.com/colombia/disidencias-usan-a-la-gente-para-controlar-zonas-previo-a-elecciones-CB22760354,rechazo_proyecto,Antioquia,V08,5
https://www.elcolombiano.com/antioquia/camioneros-bloquearon-via-por-precios-del-peaje-el-trapiche-BG20156676,rechazo_proyecto,Antioquia,V08,6
https://www.elcolombiano.com/colombia/procuraduria-investiga-a-cuatro-gobernadores-por-incumplir-proyectos-de-regalias-por-88000-millones-IC22139265,rechazo_proyecto,Antioquia,V08,7
https://www.elcolombiano.com/antioquia/bloqueos-en-la-via-medellin-llanos-de-cuiva-ruta-2510-para-pedir-desmonte-del-peaje-el-trapiche-FA22445514,rechazo_proyecto,Antioquia,V08,8
https://www.elcolombiano.com/medellin/bloqueos-en-la-avenida-regional-en-el-poblado-OC21236190,rechazo_proyecto,Antioquia,V08,9
https://www.elcolombiano.com/medellin/entrevista-a-juan-luis-mejia-sobre-la-cultura-del-narcotrafico-exorcizarte-pablo-KH22615492,rechazo_proyecto,Antioquia,V08,10
https://www.elcolombiano.com/colombia/ivan-mordisco-quiere-formar-guardias-campesinas-en-antioquia-y-otros-departamentos-GE23144103,rechazo_proyecto,Antioquia,V08,11
https://www.elcolombiano.com/antioquia/protestas-aeropuerto-jose-maria-cordova-de-rionegro-por-suspension-de-operaciones-de-viva-air-LE20600865,rechazo_proyecto,Antioquia,V08,12
https://www.elcolombiano.com/antioquia/mineria-ilegal-y-paro-en-el-bajo-cauca-y-nordeste-de-antioquia-PN20691817,rechazo_proyecto,Antioquia,V08,13
https://www.elcolombiano.com/antioquia/paro-minero-en-bajo-cauca-antioqueno-salidas-a-la-crisis-y-programas-sociales-II20824286,rechazo_proyecto,Antioquia,V08,14
https://www.elcolombiano.com/antioquia/danos-en-la-infraestructura-de-los-colegios-de-antioquia-EO20956064,rechazo_proyecto,Antioquia,V08,15
https://www.elcolombiano.com/antioquia/comunidad-de-caceres-esta-confinada-por-combates-entre-eln-y-el-clan-del-golfo-OE22265308,rechazo_proyecto,Antioquia,V09,1
https://www.elcolombiano.com/antioquia/posible-nueva-ola-de-migrantes-preocupa-a-las-autoridades-en-antioquia-FM19736056,rechazo_proyecto,Antioquia,V09,2
https://www.elcolombiano.com/medellin/bloqueos-en-la-avenida-regional-en-el-poblado-OC21236190,rechazo_proyecto,Antioquia,V09,3
https://www.elcolombiano.com/antioquia/por-que-el-municipio-de-argelia-cambiara-su-nombre-luego-de-63-anos-BP21956676,rechazo_proyecto,Antioquia,V09,4
https://www.elcolombiano.com/antioquia/problemas-en-carreteras-de-antioquia-a-la-costa-caribe-uraba-y-bogota-HE21615570,rechazo_proyecto,Antioquia,V09,5
https://www.elcolombiano.com/colombia/disidencias-usan-a-la-gente-para-controlar-zonas-previo-a-elecciones-CB22760354,rechazo_proyecto,Antioquia,V09,6
https://www.elcolombiano.com/inicio/cese-al-fuego-eln-gobierno-comunidades-regiones-esperan-paz-total-LH22078542,rechazo_proyecto,Antioquia,V09,7
https://www.elcolombiano.com/colombia/balance-del-primer-mes-de-cese-al-fuego-bilateral-entre-gobierno-y-grupos-armados-MB20219317,rechazo_proyecto,Antioquia,V09,8
https://www.elcolombiano.com/antioquia/candidato-a-alcaldia-medellin-felipe-velez-elecciones-2023-DD20237958,rechazo_proyecto,Antioquia,V09,9
https://www.elcolombiano.com/antioquia/camioneros-bloquearon-via-por-precios-del-peaje-el-trapiche-BG20156676,rechazo_proyecto,Antioquia,V09,10
https://www.elcolombiano.com/antioquia/gobernador-anibal-gaviria-pide-ajustes-a-la-paz-de-gustavo-petro-HN20783136,rechazo_proyecto,Antioquia,V09,11
https://www.elcolombiano.com/colombia/procuraduria-investiga-a-cuatro-gobernadores-por-incumplir-proyectos-de-regalias-por-88000-millones-IC22139265,rechazo_proyecto,Antioquia,V09,12
https://www.elcolombiano.com/antioquia/bloqueos-en-la-via-medellin-llanos-de-cuiva-ruta-2510-para-pedir-desmonte-del-peaje-el-trapiche-FA22445514,rechazo_proyecto,Antioquia,V09,13
https://www.elcolombiano.com/antioquia/paro-minero-en-bajo-cauca-antioqueno-salidas-a-la-crisis-y-programas-sociales-II20824286,rechazo_proyecto,Antioquia,V09,14
https://www.elcolombiano.com/medellin/entrevista-a-juan-luis-mejia-sobre-la-cultura-del-narcotrafico-exorcizarte-pablo-KH22615492,rechazo_proyecto,Antioquia,V09,15
https://www.elcolombiano.com/antioquia/bloqueos-en-la-via-medellin-llanos-de-cuiva-ruta-2510-para-pedir-desmonte-del-peaje-el-trapiche-FA22445514,rechazo_proyecto,Antioquia,V10,1
https://www.elcolombiano.com/medellin/plantones-en-contra-de-violencia-en-paro-minero-antioquia-PC20773369,rechazo_proyecto,Antioquia,V10,2
https://www.elcolombiano.com/antioquia/comunidad-de-caceres-esta-confinada-por-combates-entre-eln-y-el-clan-del-golfo-OE22265308,rechazo_proyecto,Antioquia,V10,3
https://www.elcolombiano.com/medellin/entrevista-a-juan-luis-mejia-sobre-la-cultura-del-narcotrafico-exorcizarte-pablo-KH22615492,rechazo_proyecto,Antioquia,V10,4
https://www.elcolombiano.com/opinion/columnistas/pactemos-por-colombia-por-antioquia-por-medellin-DJ20837015,rechazo_proyecto,Antioquia,V10,5
https://www.elcolombiano.com/antioquia/perro-policia-en-operativos-por-el-paro-minero-en-antioquia-KC20773999,rechazo_proyecto,Antioquia,V10,6
https://www.elcolombiano.com/antioquia/mineria-ilegal-y-paro-en-el-bajo-cauca-y-nordeste-de-antioquia-PN20691817,rechazo_proyecto,Antioquia,V10,7
https://www.elcolombiano.com/antioquia/encapuchados-asesinaron-a-firmante-del-acuerdo-de-paz-en-un-bus-en-dabeiba-antioquia-EM21878509,rechazo_proyecto,Antioquia,V10,8
https://www.elcolombiano.com/medellin/asi-sera-arreglo-de-obras-de-botero-vandalizadas-en-medellin-OA20758969,rechazo_proyecto,Antioquia,V10,9
https://www.elcolombiano.com/antioquia/millonarias-perdidas-por-el-paro-minero-en-bajo-cauca-antioquia-MM20797795,rechazo_proyecto,Antioquia,V10,10
https://www.elcolombiano.com/antioquia/entrevista-a-obispo-de-jerico-antioquia-monsenor-noel-londono-sobre-anglogold-EL22296992,rechazo_proyecto,Antioquia,V10,11
https://www.elcolombiano.com/antioquia/autoridades-visitaron-a-puerto-lopez-y-hicieron-compromisos-FD20452214,rechazo_proyecto,Antioquia,V10,12
https://www.elcolombiano.com/antioquia/andres-julian-rendon-habla-de-sus-propuestas-a-la-gobernacion-de-antioquia-en-candidatos-a-la-redaccion-LF22632180,rechazo_proyecto,Antioquia,V10,13
https://www.elcolombiano.com/antioquia/paro-minero-en-antioquia-puntos-de-discusion-entre-mineros-y-el-gobierno-nacional-HL21089842,rechazo_proyecto,Antioquia,V10,14
https://www.elcolombiano.com/antioquia/gran-debate-candidatos-a-la-gobernacion-de-antioquia-FD22650566,rechazo_proyecto,Antioquia,V10,15
https://www.elcolombiano.com/antioquia/posible-nueva-ola-de-migrantes-preocupa-a-las-autoridades-en-antioquia-FM19736056,rechazo_proyecto,Antioquia,V11,1
https://www.elcolombiano.com/medellin/bloqueos-en-la-avenida-regional-en-el-poblado-OC21236190,rechazo_proyecto,Antioquia,V11,2
https://www.elcolombiano.com/antioquia/problemas-en-carreteras-de-antioquia-a-la-costa-caribe-uraba-y-bogota-HE21615570,rechazo_proyecto,Antioquia,V11,3
https://www.elcolombiano.com/inicio/cese-al-fuego-eln-gobierno-comunidades-regiones-esperan-paz-total-LH22078542,rechazo_proyecto,Antioquia,V11,4
https://www.elcolombiano.com/colombia/balance-del-primer-mes-de-cese-al-fuego-bilateral-entre-gobierno-y-grupos-armados-MB20219317,rechazo_proyecto,Antioquia,V11,5
https://www.elcolombiano.com/antioquia/por-que-el-municipio-de-argelia-cambiara-su-nombre-luego-de-63-anos-BP21956676,rechazo_proyecto,Antioquia,V11,6
https://www.elcolombiano.com/colombia/procuraduria-investiga-a-cuatro-gobernadores-por-incumplir-proyectos-de-regalias-por-88000-millones-IC22139265,rechazo_proyecto,Antioquia,V11,7
https://www.elcolombiano.com/antioquia/deforestacion-aumento-en-antioquia-en-2023-segun-corantioquia-IO21498707,rechazo_proyecto,Antioquia,V11,8
https://www.elcolombiano.com/antioquia/fondo-de-victimas-encontro-fincas-en-el-bajo-cauca-invadida-por-mineros-ilegales-OI21293683,rechazo_proyecto,Antioquia,V11,9
https://www.elcolombiano.com/antioquia/paro-minero-en-bajo-cauca-antioqueno-salidas-a-la-crisis-y-programas-sociales-II20824286,rechazo_proyecto,Antioquia,V11,10
https://www.elcolombiano.com/antioquia/bloqueos-en-la-via-medellin-llanos-de-cuiva-ruta-2510-para-pedir-desmonte-del-peaje-el-trapiche-FA22445514,rechazo_proyecto,Antioquia,V11,11
https://www.elcolombiano.com/antioquia/llegaran-mas-policias-a-antioquia-KD22300903,rechazo_proyecto,Antioquia,V11,12
https://www.elcolombiano.com/antioquia/mineria-ilegal-y-paro-en-el-bajo-cauca-y-nordeste-de-antioquia-PN20691817,rechazo_proyecto,Antioquia,V11,13
https://www.elcolombiano.com/antioquia/candidato-a-alcaldia-medellin-felipe-velez-elecciones-2023-DD20237958,rechazo_proyecto,Antioquia,V11,14
https://www.elcolombiano.com/antioquia/gobernador-anibal-gaviria-pide-ajustes-a-la-paz-de-gustavo-petro-HN20783136,rechazo_proyecto,Antioquia,V11,15
https://www.elcolombiano.com/antioquia/bloqueos-en-la-via-medellin-llanos-de-cuiva-ruta-2510-para-pedir-desmonte-del-peaje-el-trapiche-FA22445514,rechazo_proyecto,Antioquia,V12,1
https://www.elcolombiano.com/informes-comerciales/las-marcas-hablan/pusimos-a-corantioquia-en-el-corazon-de-los-antioquenos-ME23367821,rechazo_proyecto,Antioquia,V12,2
https://www.elcolombiano.com/antioquia/mineria-ilegal-y-paro-en-el-bajo-cauca-y-nordeste-de-antioquia-PN20691817,rechazo_proyecto,Antioquia,V12,3
https://www.elcolombiano.com/opinion/columnistas/trenzar-en-vez-de-desgarrar-DG23348193,rechazo_proyecto,Antioquia,V12,4
https://www.elcolombiano.com/antioquia/entrevista-a-obispo-de-jerico-antioquia-monsenor-noel-londono-sobre-anglogold-EL22296992,rechazo_proyecto,Antioquia,V12,5
https://www.elcolombiano.com/antioquia/entrevista-a-camilo-calle-gobernacion-antioquia-elecciones-2023-JN20969055,rechazo_proyecto,Antioquia,V12,6
https://www.elcolombiano.com/colombia/candidatos-electos-que-sorprendieron-y-generaron-polemica-elecciones-regionales-2023-HH23068384,rechazo_proyecto,Antioquia,V12,7
https://www.elcolombiano.com/colombia/tras-36-horas-liberaron-a-84-secuestrados-en-caqueta-HC20660034,rechazo_proyecto,Antioquia,V12,8
https://www.elcolombiano.com/antioquia/antioquia-presente-cumple-40-anos-y-ahora-se-llama-presentes-AB22323672,rechazo_proyecto,Antioquia,V12,9
https://www.elcolombiano.com/colombia/alias-ramiro-jefe-de-las-disidencias-del-frente-18-quiere-colarse-en-la-paz-total-NB22106649,rechazo_proyecto,Antioquia,V12,10
https://www.elcolombiano.com/medellin/estacion-de-policia-en-el-barrio-antioquia-de-medellin-HD20988069,rechazo_proyecto,Antioquia,V12,11
https://www.elcolombiano.com/opinion/columnistas/pactemos-por-colombia-por-antioquia-por-medellin-DJ20837015,rechazo_proyecto,Antioquia,V12,12
https://www.elcolombiano.com/antioquia/restitucion-de-tierras-a-comunidad-negra-entre-frontino-y-urrao-antioquia-CF23370424,rechazo_proyecto,Antioquia,V12,13
https://www.elcolombiano.com/antioquia/bloqueo-en-la-via-al-mar-levantan-protestas-tras-acuerdo-para-repararla-EC20228149,rechazo_proyecto,Antioquia,V12,14
https://www.elcolombiano.com/generacion/edicion-del-mes/arte-en-medellin-mas-visitantes-y-menos-apoyo-DA23236252,rechazo_proyecto,Antioquia,V12,15
https://www.elcolombiano.com/antioquia/nueva-asonada-en-antioquia-comunidad-saco-a-80-militares-de-briceno-por-orden-de-disidencias-farc-AJ23080404,desplazamiento_forzado,Antioquia,V01,1
https://www.elcolombiano.com/medellin/victimas-de-desplazamiento-forzado-en-medellin-mas-de-3000-casos-en-el-primer-semestre-de-2023-AJ21935588,desplazamiento_forzado,Antioquia,V01,2
https://www.elcolombiano.com/antioquia/posible-nueva-ola-de-migrantes-preocupa-a-las-autoridades-en-antioquia-FM19736056,desplazamiento_forzado,Antioquia,V01,3
https://www.elcolombiano.com/antioquia/disidencias-frente-36-imponen-manual-convivencia-en-municipios-norte-bajo-cauca-nordeste-antioquia-MD22211269,desplazamiento_forzado,Antioquia,V01,4
https://www.elcolombiano.com/antioquia/restitucion-de-tierras-a-comunidad-negra-entre-frontino-y-urrao-antioquia-CF23370424,desplazamiento_forzado,Antioquia,V01,5
https://www.elcolombiano.com/opinion/columnistas/un-gigante-en-la-esquina-KH22340129,desplazamiento_forzado,Antioquia,V01,6
https://www.elcolombiano.com/antioquia/comision-humanitaria-llego-a-verificar-violaciones-a-derechos-humanos-en-limites-de-antioquia-con-bolivar-AP22694015,desplazamiento_forzado,Antioquia,V01,7
https://www.elcolombiano.com/antioquia/camioneros-bloquearon-via-por-precios-del-peaje-el-trapiche-BG20156676,desplazamiento_forzado,Antioquia,V01,8
https://www.elcolombiano.com/antioquia/conflicto-armado-amenaza-elecciones-regionales-2023-en-el-norte-de-antioquia-LO22687194,desplazamiento_forzado,Antioquia,V01,9
https://www.elcolombiano.com/colombia/ivan-mordisco-quiere-formar-guardias-campesinas-en-antioquia-y-otros-departamentos-GE23144103,desplazamiento_forzado,Antioquia,V01,10
https://www.elcolombiano.com/antioquia/unidad-para-las-victimas-entrego-ayudas-humanitarias-a-indigenas-del-suroeste-PC20449464,desplazamiento_forzado,Antioquia,V01,11
https://www.elcolombiano.com/medellin/entrevista-a-juan-luis-mejia-sobre-la-cultura-del-narcotrafico-exorcizarte-pablo-KH22615492,desplazamiento_forzado,Antioquia,V01,12
https://www.elcolombiano.com/colombia/disidencias-usan-a-la-gente-para-controlar-zonas-previo-a-elecciones-CB22760354,desplazamiento_forzado,Antioquia,V01,13
https://www.elcolombiano.com/antioquia/piedra-del-penol-origen-de-donde-salio-historia-piedra-de-guatape-turismo-AG21367986,desplazamiento_forzado,Antioquia,V01,14
https://www.elcolombiano.com/antioquia/narino-antioquia-espera-por-turistas-en-sus-termales-en-semana-santa-AL20812460,desplazamiento_forzado,Antioquia,V01,15
https://www.elcolombiano.com/antioquia/nueva-asonada-en-antioquia-comunidad-saco-a-80-militares-de-briceno-por-orden-de-disidencias-farc-AJ23080404,desplazamiento_forzado,Antioquia,V02,1
https://www.elcolombiano.com/medellin/victimas-de-desplazamiento-forzado-en-medellin-mas-de-3000-casos-en-el-primer-semestre-de-2023-AJ21935588,desplazamiento_forzado,Antioquia,V02,2
https://www.elcolombiano.com/antioquia/aumento-del-secuestro-en-antioquia-este-ano-OG23079766,desplazamiento_forzado,Antioquia,V02,3
https://www.elcolombiano.com/antioquia/restitucion-de-tierras-a-comunidad-negra-entre-frontino-y-urrao-antioquia-CF23370424,desplazamiento_forzado,Antioquia,V02,4
https://www.elcolombiano.com/antioquia/comunidad-de-caceres-esta-confinada-por-combates-entre-eln-y-el-clan-del-golfo-OE22265308,desplazamiento_forzado,Antioquia,V02,5
https://www.elcolombiano.com/antioquia/posible-nueva-ola-de-migrantes-preocupa-a-las-autoridades-en-antioquia-FM19736056,desplazamiento_forzado,Antioquia,V02,6
https://www.elcolombiano.com/colombia/disidencias-usan-a-la-gente-para-controlar-zonas-previo-a-elecciones-CB22760354,desplazamiento_forzado,Antioquia,V02,7
https://www.elcolombiano.com/antioquia/quienes-son-los-candidatos-a-la-gobernacion-de-antioquia-MA22881490,desplazamiento_forzado,Antioquia,V02,8
https://www.elcolombiano.com/colombia/defensor-del-pueblo-prende-las-alarmas-a-una-semana-de-las-elecciones-regionales-MG22719342,desplazamiento_forzado,Antioquia,V02,9
https://www.elcolombiano.com/antioquia/planton-empleados-hospital-san-rafael-de-itagui-por-falta-de-pago-FC22759158,desplazamiento_forzado,Antioquia,V02,10
https://www.elcolombiano.com/opinion/columnistas/un-gigante-en-la-esquina-KH22340129,desplazamiento_forzado,Antioquia,V02,11
https://www.elcolombiano.com/antioquia/comision-humanitaria-llego-a-verificar-violaciones-a-derechos-humanos-en-limites-de-antioquia-con-bolivar-AP22694015,desplazamiento_forzado,Antioquia,V02,12
https://www.elcolombiano.com/antioquia/preocupacion-en-ituango-antioquia-por-reclutamiento-de-menores-JA21308551,desplazamiento_forzado,Antioquia,V02,13
https://www.elcolombiano.com/antioquia/camioneros-bloquearon-via-por-precios-del-peaje-el-trapiche-BG20156676,desplazamiento_forzado,Antioquia,V02,14
https://www.elcolombiano.com/antioquia/consejo-de-estado-condena-nacion-por-falsos-positivos-en-santa-rosa-de-osos-CN21798903,desplazamiento_forzado,Antioquia,V02,15
https://www.elcolombiano.com/antioquia/nueva-asonada-en-antioquia-comunidad-saco-a-80-militares-de-briceno-por-orden-de-disidencias-farc-AJ23080404,desplazamiento_forzado,Antioquia,V03,1
https://www.elcolombiano.com/medellin/entrevista-a-juan-luis-mejia-sobre-la-cultura-del-narcotrafico-exorcizarte-pablo-KH22615492,desplazamiento_forzado,Antioquia,V03,2
https://www.elcolombiano.com/antioquia/autoridades-visitaron-a-puerto-lopez-y-hicieron-compromisos-FD20452214,desplazamiento_forzado,Antioquia,V03,3
https://www.elcolombiano.com/antioquia/feminicidios-en-antioquia-asesinato-de-madre-indigena-maria-eva-domico-en-ituango-FF23049914,desplazamiento_forzado,Antioquia,V03,4
https://www.elcolombiano.com/antioquia/disidencias-de-las-farc-piden-plata-a-candidatos-a-la-alcaldia-de-briceno-GC21983498,desplazamiento_forzado,Antioquia,V03,5
https://www.elcolombiano.com/antioquia/cristian-halaby-esta-a-favor-del-regimen-de-bukele-PD22653927,desplazamiento_forzado,Antioquia,V03,6
https://www.elcolombiano.com/antioquia/homenaje-a-las-voceadoras-de-el-colombiano-en-el-dia-internacional-de-la-mujer-FF20703688,desplazamiento_forzado,Antioquia,V03,7
https://www.elcolombiano.com/antioquia/reclutamiento-de-ninos-y-adolescentes-en-antioquia-por-grupos-armados-ilegales-HN21681215,desplazamiento_forzado,Antioquia,V03,8
https://www.elcolombiano.com/antioquia/elecciones-2023-pastor-alape-sera-candidato-a-la-alcaldia-de-puerto-berrio-antioquia-DI21293550,desplazamiento_forzado,Antioquia,V03,9
https://www.elcolombiano.com/colombia/ataque-en-antioquia-tumbo-el-cese-al-fuego-con-clan-del-golfo-EI20827470,desplazamiento_forzado,Antioquia,V03,10
https://www.elcolombiano.com/generacion/edicion-del-mes/entrevista-con-los-botanicos-alvaro-cogollo-y-alvaro-idarraga-DB20655402,desplazamiento_forzado,Antioquia,V03,11
https://www.elcolombiano.com/informes-comerciales/las-marcas-hablan/asi-fueron-atendidas-y-reparadas-las-victimas-del-conflicto-armado-en-antioquia-en-2023-EK23380433,desplazamiento_forzado,Antioquia,V03,12
https://www.elcolombiano.com/antioquia/profesores-amenazados-en-antioquia-por-eln-clan-del-golfo-denuncia-gobernacion-OH23063739,desplazamiento_forzado,Antioquia,V03,13
https://www.elcolombiano.com/antioquia/bloqueos-viales-afectan-nordeste-y-bajo-cauca-2023-MC20664585,desplazamiento_forzado,Antioquia,V03,14
https://www.elcolombiano.com/sostenibilidad/celsia-sembro-mas-de-13-millones-de-arboles-nativos-FO21946021,desplazamiento_forzado,Antioquia,V03,15
https://www.elcolombiano.com/antioquia/nueva-asonada-en-antioquia-comunidad-saco-a-80-militares-de-briceno-por-orden-de-disidencias-farc-AJ23080404,desplazamiento_forzado,Antioquia,V04,1
https://www.elcolombiano.com/medellin/entrevista-a-juan-luis-mejia-sobre-la-cultura-del-narcotrafico-exorcizarte-pablo-KH22615492,desplazamiento_forzado,Antioquia,V04,2
https://www.elcolombiano.com/antioquia/autoridades-visitaron-a-puerto-lopez-y-hicieron-compromisos-FD20452214,desplazamiento_forzado,Antioquia,V04,3
https://www.elcolombiano.com/antioquia/feminicidios-en-antioquia-asesinato-de-madre-indigena-maria-eva-domico-en-ituango-FF23049914,desplazamiento_forzado,Antioquia,V04,4
https://www.elcolombiano.com/antioquia/disidencias-de-las-farc-piden-plata-a-candidatos-a-la-alcaldia-de-briceno-GC21983498,desplazamiento_forzado,Antioquia,V04,5
https://www.elcolombiano.com/antioquia/cristian-halaby-esta-a-favor-del-regimen-de-bukele-PD22653927,desplazamiento_forzado,Antioquia,V04,6
https://www.elcolombiano.com/antioquia/reclutamiento-de-ninos-y-adolescentes-en-antioquia-por-grupos-armados-ilegales-HN21681215,desplazamiento_forzado,Antioquia,V04,7
https://www.elcolombiano.com/antioquia/elecciones-2023-pastor-alape-sera-candidato-a-la-alcaldia-de-puerto-berrio-antioquia-DI21293550,desplazamiento_forzado,Antioquia,V04,8
https://www.elcolombiano.com/colombia/ataque-en-antioquia-tumbo-el-cese-al-fuego-con-clan-del-golfo-EI20827470,desplazamiento_forzado,Antioquia,V04,9
https://www.elcolombiano.com/informes-comerciales/las-marcas-hablan/asi-fueron-atendidas-y-reparadas-las-victimas-del-conflicto-armado-en-antioquia-en-2023-EK23380433,desplazamiento_forzado,Antioquia,V04,10
https://www.elcolombiano.com/generacion/edicion-del-mes/entrevista-con-los-botanicos-alvaro-cogollo-y-alvaro-idarraga-DB20655402,desplazamiento_forzado,Antioquia,V04,11
https://www.elcolombiano.com/antioquia/profesores-amenazados-en-antioquia-por-eln-clan-del-golfo-denuncia-gobernacion-OH23063739,desplazamiento_forzado,Antioquia,V04,12
https://www.elcolombiano.com/sostenibilidad/celsia-sembro-mas-de-13-millones-de-arboles-nativos-FO21946021,desplazamiento_forzado,Antioquia,V04,13
https://www.elcolombiano.com/antioquia/bloqueos-viales-afectan-nordeste-y-bajo-cauca-2023-MC20664585,desplazamiento_forzado,Antioquia,V04,14
https://www.elcolombiano.com/antioquia/restitucion-de-tierras-a-comunidad-negra-entre-frontino-y-urrao-antioquia-CF23370424,desplazamiento_forzado,Antioquia,V04,15
https://www.elcolombiano.com/antioquia/nueva-asonada-en-antioquia-comunidad-saco-a-80-militares-de-briceno-por-orden-de-disidencias-farc-AJ23080404,desplazamiento_forzado,Antioquia,V05,1
https://www.elcolombiano.com/antioquia/comision-humanitaria-llego-a-verificar-violaciones-a-derechos-humanos-en-limites-de-antioquia-con-bolivar-AP22694015,desplazamiento_forzado,Antioquia,V05,2
https://www.elcolombiano.com/medellin/entrevista-a-juan-luis-mejia-sobre-la-cultura-del-narcotrafico-exorcizarte-pablo-KH22615492,desplazamiento_forzado,Antioquia,V05,3
https://www.elcolombiano.com/antioquia/docentes-de-antioquia-reubicados-por-amenazas-de-grupos-armados-GD21553713,desplazamiento_forzado,Antioquia,V05,4
https://www.elcolombiano.com/antioquia/narino-antioquia-espera-por-turistas-en-sus-termales-en-semana-santa-AL20812460,desplazamiento_forzado,Antioquia,V05,5
https://www.elcolombiano.com/antioquia/soldados-heridos-tras-explosion-en-anori-avanzada-de-senador-juan-felipe-lemos-LC22130685,desplazamiento_forzado,Antioquia,V05,6
https://www.elcolombiano.com/opinion/columnistas/que-podra-conmovernos-HC23307033,desplazamiento_forzado,Antioquia,V05,7
https://www.elcolombiano.com/colombia/uribe-contesta-a-acusaciones-de-mancuso-de-que-si-sabia-de-masacre-del-aro-FD23135918,desplazamiento_forzado,Antioquia,V05,8
https://www.elcolombiano.com/medellin/plantones-en-contra-de-violencia-en-paro-minero-antioquia-PC20773369,desplazamiento_forzado,Antioquia,V05,9
https://www.elcolombiano.com/antioquia/linea-del-123-cumple-tres-anos-atendiendo-mujeres-en-antioquia-FH22077211,desplazamiento_forzado,Antioquia,V05,10
https://www.elcolombiano.com/antioquia/autoridades-visitaron-a-puerto-lopez-y-hicieron-compromisos-FD20452214,desplazamiento_forzado,Antioquia,V05,11
https://www.elcolombiano.com/antioquia/aumento-del-secuestro-en-antioquia-este-ano-OG23079766,desplazamiento_forzado,Antioquia,V05,12
https://www.elcolombiano.com/antioquia/municipios-de-antioquia-que-ya-superaron-los-asesinatos-de-2022-DB22010254,desplazamiento_forzado,Antioquia,V05,13
https://www.elcolombiano.com/colombia/cuantas-personas-fueron-de-la-poblacioon-lgbtiq-fueron-asesinadas-en-colombia-el-ultimo-ano-KC23301568,desplazamiento_forzado,Antioquia,V05,14
https://www.elcolombiano.com/colombia/alertan-al-gobierno-petro-por-seguridad-que-afecta-elecciones-octubre-74-municipios-DI21926674,desplazamiento_forzado,Antioquia,V05,15
https://www.elcolombiano.com/opinion/columnistas/lea-lupa-para-la-educacion-de-antioquia-PF21538513,desplazamiento_forzado,Antioquia,V06,1
https://www.elcolombiano.com/antioquia/piedra-del-penol-origen-de-donde-salio-historia-piedra-de-guatape-turismo-AG21367986,desplazamiento_forzado,Antioquia,V06,2
https://www.elcolombiano.com/medellin/emvarias-no-cumplira-en-2023-con-ampliacion-del-relleno-sanitario-la-pradera-AH20635454,desplazamiento_forzado,Antioquia,V06,3
https://www.elcolombiano.com/antioquia/suspension-del-paro-minero-en-el-bajo-cauca-y-el-nordesde-de-antioquia-BG21053130,desplazamiento_forzado,Antioquia,V06,4
https://www.elcolombiano.com/antioquia/se-multiplicaron-las-candidaturas-a-las-alcaldias-del-nordeste-IP22694590,desplazamiento_forzado,Antioquia,V06,5
https://www.elcolombiano.com/antioquia/audiencia-de-victimas-de-falsos-positivos-en-granada-que-dicen-de-mario-montoya-BF21535576,desplazamiento_forzado,Antioquia,V06,6
https://www.elcolombiano.com/tendencias/la-semilla-del-cooperativismo-se-sembro-en-el-oriente-antioqueno-ND23025686,desplazamiento_forzado,Antioquia,V06,7
https://www.elcolombiano.com/medellin/elecciones-en-medellin-los-marianos-del-partido-conservador-BC23306106,desplazamiento_forzado,Antioquia,V06,8
https://www.elcolombiano.com/antioquia/movilidad-puente-militar-en-el-tonusco-tras-colapso-de-puente-en-via-a-santa-fe-de-antioquia-KH23069074,desplazamiento_forzado,Antioquia,V06,9
https://www.elcolombiano.com/antioquia/restitucion-de-tierras-a-comunidad-negra-entre-frontino-y-urrao-antioquia-CF23370424,desplazamiento_forzado,Antioquia,V06,10
https://www.elcolombiano.com/antioquia/gobierno-nacional-adoptara-nuevas-medidas-para-atender-la-situacion-de-los-migrantes-en-el-uraba-EA21302776,desplazamiento_forzado,Antioquia,V06,11
https://www.elcolombiano.com/cultura/artistas-de-teatro-emergentes-en-medellin-NL20907930,desplazamiento_forzado,Antioquia,V06,12
https://www.elcolombiano.com/cultura/anibal-gil-el-museo-de-antioquia-hace-homenaje-a-sus-grabados-PH22342926,desplazamiento_forzado,Antioquia,V06,13
https://www.elcolombiano.com/antioquia/unidad-para-las-victimas-entrego-ayudas-humanitarias-a-indigenas-del-suroeste-PC20449464,desplazamiento_forzado,Antioquia,V06,14
https://www.elcolombiano.com/sostenibilidad/celsia-sembro-mas-de-13-millones-de-arboles-nativos-FO21946021,desplazamiento_forzado,Antioquia,V06,15
https://www.elcolombiano.com/antioquia/homenaje-a-las-voceadoras-de-el-colombiano-en-el-dia-internacional-de-la-mujer-FF20703688,desplazamiento_forzado,Antioquia,V07,1
https://www.elcolombiano.com/generacion/edicion-del-mes/entrevista-con-los-botanicos-alvaro-cogollo-y-alvaro-idarraga-DB20655402,desplazamiento_forzado,Antioquia,V07,2
https://www.elcolombiano.com/antioquia/nueva-asonada-en-antioquia-comunidad-saco-a-80-militares-de-briceno-por-orden-de-disidencias-farc-AJ23080404,desplazamiento_forzado,Antioquia,V08,1
https://www.elcolombiano.com/medellin/victimas-de-desplazamiento-forzado-en-medellin-mas-de-3000-casos-en-el-primer-semestre-de-2023-AJ21935588,desplazamiento_forzado,Antioquia,V08,2
https://www.elcolombiano.com/opinion/columnistas/un-gigante-en-la-esquina-KH22340129,desplazamiento_forzado,Antioquia,V08,3
https://www.elcolombiano.com/antioquia/comision-humanitaria-llego-a-verificar-violaciones-a-derechos-humanos-en-limites-de-antioquia-con-bolivar-AP22694015,desplazamiento_forzado,Antioquia,V08,4
https://www.elcolombiano.com/antioquia/camioneros-bloquearon-via-por-precios-del-peaje-el-trapiche-BG20156676,desplazamiento_forzado,Antioquia,V08,5
https://www.elcolombiano.com/colombia/ivan-mordisco-quiere-formar-guardias-campesinas-en-antioquia-y-otros-departamentos-GE23144103,desplazamiento_forzado,Antioquia,V08,6
https://www.elcolombiano.com/colombia/estos-son-17-cabecillas-bandas-crimen-organizado-paz-total-medellin-JG21720779,desplazamiento_forzado,Antioquia,V08,7
https://www.elcolombiano.com/antioquia/autoridades-visitaron-a-puerto-lopez-y-hicieron-compromisos-FD20452214,desplazamiento_forzado,Antioquia,V08,8
https://www.elcolombiano.com/opinion/columnistas/antioquia-corazon-social-y-economico-de-colombia-GB22671034,desplazamiento_forzado,Antioquia,V08,9
https://www.elcolombiano.com/colombia/john-fiera-el-disidente-que-siembra-el-terror-en-antioquia-y-bolivar-KG22537058,desplazamiento_forzado,Antioquia,V08,10
https://www.elcolombiano.com/antioquia/mensajes-de-las-agc-clan-del-golfo-en-ituango-KC21546419,desplazamiento_forzado,Antioquia,V08,11
https://www.elcolombiano.com/antioquia/los-pueblos-de-antioquia-que-aun-esperan-el-retorno-de-su-gente-AG21057160,desplazamiento_forzado,Antioquia,V08,12
https://www.elcolombiano.com/cultura/artistas-de-teatro-emergentes-en-medellin-NL20907930,desplazamiento_forzado,Antioquia,V08,13
https://www.elcolombiano.com/inicio/cese-al-fuego-eln-gobierno-comunidades-regiones-esperan-paz-total-LH22078542,desplazamiento_forzado,Antioquia,V08,14
https://www.elcolombiano.com/colombia/tras-36-horas-liberaron-a-84-secuestrados-en-caqueta-HC20660034,desplazamiento_forzado,Antioquia,V08,15
https://www.elcolombiano.com/antioquia/nueva-asonada-en-antioquia-comunidad-saco-a-80-militares-de-briceno-por-orden-de-disidencias-farc-AJ23080404,desplazamiento_forzado,Antioquia,V09,1
https://www.elcolombiano.com/antioquia/autoridades-visitaron-a-puerto-lopez-y-hicieron-compromisos-FD20452214,desplazamiento_forzado,Antioquia,V09,2
https://www.elcolombiano.com/antioquia/reclutamiento-de-ninos-y-adolescentes-en-antioquia-por-grupos-armados-ilegales-HN21681215,desplazamiento_forzado,Antioquia,V09,3
https://www.elcolombiano.com/informes-comerciales/las-marcas-hablan/asi-fueron-atendidas-y-reparadas-las-victimas-del-conflicto-armado-en-antioquia-en-2023-EK23380433,desplazamiento_forzado,Antioquia,V09,4
https://www.elcolombiano.com/antioquia/profesores-amenazados-en-antioquia-por-eln-clan-del-golfo-denuncia-gobernacion-OH23063739,desplazamiento_forzado,Antioquia,V09,5
https://www.elcolombiano.com/antioquia/comision-humanitaria-llego-a-verificar-violaciones-a-derechos-humanos-en-limites-de-antioquia-con-bolivar-AP22694015,desplazamiento_forzado,Antioquia,V09,6
https://www.elcolombiano.com/opinion/columnistas/un-gigante-en-la-esquina-KH22340129,desplazamiento_forzado,Antioquia,V09,7
https://www.elcolombiano.com/antioquia/petro-no-asistio-al-consejo-de-seguridad-en-yarumal-antioquia-por-condiciones-climaticas-DA20314106,desplazamiento_forzado,Antioquia,V09,8
https://www.elcolombiano.com/colombia/ivan-mordisco-quiere-formar-guardias-campesinas-en-antioquia-y-otros-departamentos-GE23144103,desplazamiento_forzado,Antioquia,V09,9
https://www.elcolombiano.com/medellin/victimas-de-desplazamiento-forzado-en-medellin-mas-de-3000-casos-en-el-primer-semestre-de-2023-AJ21935588,desplazamiento_forzado,Antioquia,V09,10
https://www.elcolombiano.com/antioquia/denuncian-abuso-de-mujeres-por-grupos-armados-en-limites-entre-antioquia-y-bolivar-AP22692266,desplazamiento_forzado,Antioquia,V09,11
https://www.elcolombiano.com/inicio/cese-al-fuego-eln-gobierno-comunidades-regiones-esperan-paz-total-LH22078542,desplazamiento_forzado,Antioquia,V09,12
https://www.elcolombiano.com/antioquia/nueva-asonada-en-antioquia-comunidad-saco-a-80-militares-de-briceno-por-orden-de-disidencias-farc-AJ23080404,desplazamiento_forzado,Antioquia,V10,1
https://www.elcolombiano.com/antioquia/comision-humanitaria-llego-a-verificar-violaciones-a-derechos-humanos-en-limites-de-antioquia-con-bolivar-AP22694015,desplazamiento_forzado,Antioquia,V10,2
https://www.elcolombiano.com/antioquia/autoridades-visitaron-a-puerto-lopez-y-hicieron-compromisos-FD20452214,desplazamiento_forzado,Antioquia,V10,3
https://www.elcolombiano.com/antioquia/asesinaron-a-lider-social-en-segovia-MA22000914,desplazamiento_forzado,Antioquia,V10,4
https://www.elcolombiano.com/colombia/tras-36-horas-liberaron-a-84-secuestrados-en-caqueta-HC20660034,desplazamiento_forzado,Antioquia,V10,5
https://www.elcolombiano.com/colombia/defensor-del-pueblo-prende-las-alarmas-a-una-semana-de-las-elecciones-regionales-MG22719342,desplazamiento_forzado,Antioquia,V10,6
https://www.elcolombiano.com/informes-comerciales/las-marcas-hablan/asi-fueron-atendidas-y-reparadas-las-victimas-del-conflicto-armado-en-antioquia-en-2023-EK23380433,desplazamiento_forzado,Antioquia,V10,7
https://www.elcolombiano.com/colombia/john-fiera-el-disidente-que-siembra-el-terror-en-antioquia-y-bolivar-KG22537058,desplazamiento_forzado,Antioquia,V10,8
https://www.elcolombiano.com/antioquia/reclutamiento-de-ninos-y-adolescentes-en-antioquia-por-grupos-armados-ilegales-HN21681215,desplazamiento_forzado,Antioquia,V10,9
https://www.elcolombiano.com/antioquia/profesores-amenazados-en-antioquia-por-eln-clan-del-golfo-denuncia-gobernacion-OH23063739,desplazamiento_forzado,Antioquia,V10,10
https://www.elcolombiano.com/cultura/artistas-de-teatro-emergentes-en-medellin-NL20907930,desplazamiento_forzado,Antioquia,V10,11
https://www.elcolombiano.com/antioquia/preocupacion-en-ituango-antioquia-por-reclutamiento-de-menores-JA21308551,desplazamiento_forzado,Antioquia,V10,12
https://www.elcolombiano.com/antioquia/petro-no-asistio-al-consejo-de-seguridad-en-yarumal-antioquia-por-condiciones-climaticas-DA20314106,desplazamiento_forzado,Antioquia,V10,13
https://www.elcolombiano.com/medellin/victimas-de-desplazamiento-forzado-en-medellin-mas-de-3000-casos-en-el-primer-semestre-de-2023-AJ21935588,desplazamiento_forzado,Antioquia,V10,14
https://www.elcolombiano.com/antioquia/mensajes-de-las-agc-clan-del-golfo-en-ituango-KC21546419,desplazamiento_forzado,Antioquia,V10,15
https://www.elcolombiano.com/antioquia/dos-soldados-y-un-miembro-de-disidencias-muertos-en-combate-cerca-de-hidroituango-eno-el-norte-de-antioquia-GP21957760,desplazamiento_forzado,Antioquia,V12,1
https://www.elcolombiano.com/tendencias/la-semilla-del-cooperativismo-se-sembro-en-el-oriente-antioqueno-ND23025686,desplazamiento_forzado,Antioquia,V12,2
https://www.elcolombiano.com/antioquia/jep-ordena-medidas-cautelares-cementerios-mutata-y-carepa-AD21993672,desplazamiento_forzado,Antioquia,V12,3
https://www.elcolombiano.com/opinion/columnistas/por-sus-hechos-los-conocereis-BI21832672,desplazamiento_forzado,Antioquia,V12,4
https://www.elcolombiano.com/antioquia/nueva-asonada-en-antioquia-comunidad-saco-a-80-militares-de-briceno-por-orden-de-disidencias-farc-AJ23080404,conflicto_territorial,Antioquia,V01,1
https://www.elcolombiano.com/antioquia/disidencias-frente-36-imponen-manual-convivencia-en-municipios-norte-bajo-cauca-nordeste-antioquia-MD22211269,conflicto_territorial,Antioquia,V01,2
https://www.elcolombiano.com/antioquia/comunidad-de-caceres-esta-confinada-por-combates-entre-eln-y-el-clan-del-golfo-OE22265308,conflicto_territorial,Antioquia,V01,3
https://www.elcolombiano.com/antioquia/restitucion-de-tierras-a-comunidad-negra-entre-frontino-y-urrao-antioquia-CF23370424,conflicto_territorial,Antioquia,V01,4
https://www.elcolombiano.com/antioquia/por-que-el-municipio-de-argelia-cambiara-su-nombre-luego-de-63-anos-BP21956676,conflicto_territorial,Antioquia,V01,5
https://www.elcolombiano.com/inicio/cese-al-fuego-eln-gobierno-comunidades-regiones-esperan-paz-total-LH22078542,conflicto_territorial,Antioquia,V01,6
https://www.elcolombiano.com/colombia/disidencias-usan-a-la-gente-para-controlar-zonas-previo-a-elecciones-CB22760354,conflicto_territorial,Antioquia,V01,7
https://www.elcolombiano.com/colombia/balance-del-primer-mes-de-cese-al-fuego-bilateral-entre-gobierno-y-grupos-armados-MB20219317,conflicto_territorial,Antioquia,V01,8
https://www.elcolombiano.com/antioquia/renuncio-a-aspirar-a-la-goberncion-candidato-robinson-giraldo-GO22682307,conflicto_territorial,Antioquia,V01,9
https://www.elcolombiano.com/negocios/antioquia-es-el-departamento-que-mas-obras-por-impuestos-se-lleva-FE22264067,conflicto_territorial,Antioquia,V01,10
https://www.elcolombiano.com/colombia/defensor-del-pueblo-prende-las-alarmas-a-una-semana-de-las-elecciones-regionales-MG22719342,conflicto_territorial,Antioquia,V01,11
https://www.elcolombiano.com/antioquia/conflicto-armado-amenaza-elecciones-regionales-2023-en-el-norte-de-antioquia-LO22687194,conflicto_territorial,Antioquia,V01,12
https://www.elcolombiano.com/antioquia/comision-humanitaria-llego-a-verificar-violaciones-a-derechos-humanos-en-limites-de-antioquia-con-bolivar-AP22694015,conflicto_territorial,Antioquia,V01,13
https://www.elcolombiano.com/antioquia/disidentes-de-las-farc-piden-excusas-por-tomarse-escuela-en-yarumal-GI20285157,conflicto_territorial,Antioquia,V01,14
https://www.elcolombiano.com/colombia/como-operaba-el-bloque-central-bolivar-de-las-auc-en-colombia-AA22330572,conflicto_territorial,Antioquia,V01,15
https://www.elcolombiano.com/antioquia/nueva-asonada-en-antioquia-comunidad-saco-a-80-militares-de-briceno-por-orden-de-disidencias-farc-AJ23080404,conflicto_territorial,Antioquia,V02,1
https://www.elcolombiano.com/antioquia/disidencias-frente-36-imponen-manual-convivencia-en-municipios-norte-bajo-cauca-nordeste-antioquia-MD22211269,conflicto_territorial,Antioquia,V02,2
https://www.elcolombiano.com/antioquia/posible-nueva-ola-de-migrantes-preocupa-a-las-autoridades-en-antioquia-FM19736056,conflicto_territorial,Antioquia,V02,3
https://www.elcolombiano.com/antioquia/quienes-son-los-candidatos-a-la-gobernacion-de-antioquia-MA22881490,conflicto_territorial,Antioquia,V02,4
https://www.elcolombiano.com/antioquia/planton-empleados-hospital-san-rafael-de-itagui-por-falta-de-pago-FC22759158,conflicto_territorial,Antioquia,V02,5
https://www.elcolombiano.com/antioquia/presencia-grupo-armados-ilegales-en-colegios-de-antioquia-FD20322610,conflicto_territorial,Antioquia,V02,6
https://www.elcolombiano.com/inicio/cese-al-fuego-eln-gobierno-comunidades-regiones-esperan-paz-total-LH22078542,conflicto_territorial,Antioquia,V02,7
https://www.elcolombiano.com/antioquia/aumento-del-secuestro-en-antioquia-este-ano-OG23079766,conflicto_territorial,Antioquia,V02,8
https://www.elcolombiano.com/antioquia/comunidad-de-caceres-esta-confinada-por-combates-entre-eln-y-el-clan-del-golfo-OE22265308,conflicto_territorial,Antioquia,V02,9
https://www.elcolombiano.com/antioquia/restitucion-de-tierras-a-comunidad-negra-entre-frontino-y-urrao-antioquia-CF23370424,conflicto_territorial,Antioquia,V02,10
https://www.elcolombiano.com/antioquia/por-que-el-municipio-de-argelia-cambiara-su-nombre-luego-de-63-anos-BP21956676,conflicto_territorial,Antioquia,V02,11
https://www.elcolombiano.com/medellin/bloqueos-en-la-avenida-regional-en-el-poblado-OC21236190,conflicto_territorial,Antioquia,V02,12
https://www.elcolombiano.com/medellin/elecciones-2023-entrevista-con-mauricio-tobon-candidato-a-la-gobernacion-de-antioquia-OJ20929430,conflicto_territorial,Antioquia,V02,13
https://www.elcolombiano.com/antioquia/unidad-de-busqueda-intervendra-la-escombrera-en-la-comuna-13-y-varios-cementerios-de-antioquia-en-2024-IE23413496,conflicto_territorial,Antioquia,V02,14
https://www.elcolombiano.com/antioquia/liberales-divididos-por-el-aval-de-eugenio-prieto-a-la-gobernacion-de-antioquia-IL22296781,conflicto_territorial,Antioquia,V02,15
https://www.elcolombiano.com/medellin/riesgo-electoral-en-medellin-es-extremo-alerta-la-mision-de-observacion-electoral-moe-FA22660137,conflicto_territorial,Antioquia,V03,1
https://www.elcolombiano.com/antioquia/presencia-grupo-armados-ilegales-en-colegios-de-antioquia-FD20322610,conflicto_territorial,Antioquia,V03,2
https://www.elcolombiano.com/antioquia/comunidad-de-caceres-esta-confinada-por-combates-entre-eln-y-el-clan-del-golfo-OE22265308,conflicto_territorial,Antioquia,V03,3
https://www.elcolombiano.com/antioquia/nueva-asonada-en-antioquia-comunidad-saco-a-80-militares-de-briceno-por-orden-de-disidencias-farc-AJ23080404,conflicto_territorial,Antioquia,V03,4
https://www.elcolombiano.com/inicio/cese-al-fuego-eln-gobierno-comunidades-regiones-esperan-paz-total-LH22078542,conflicto_territorial,Antioquia,V03,5
https://www.elcolombiano.com/colombia/en-colombia-hay-siete-conflictos-armados-cicr-LG21055806,conflicto_territorial,Antioquia,V03,6
https://www.elcolombiano.com/colombia/balance-del-primer-mes-de-cese-al-fuego-bilateral-entre-gobierno-y-grupos-armados-MB20219317,conflicto_territorial,Antioquia,V03,7
https://www.elcolombiano.com/antioquia/disidentes-de-las-farc-piden-excusas-por-tomarse-escuela-en-yarumal-GI20285157,conflicto_territorial,Antioquia,V03,8
https://www.elcolombiano.com/colombia/como-operaba-el-bloque-central-bolivar-de-las-auc-en-colombia-AA22330572,conflicto_territorial,Antioquia,V03,9
https://www.elcolombiano.com/antioquia/unidad-de-busqueda-intervendra-la-escombrera-en-la-comuna-13-y-varios-cementerios-de-antioquia-en-2024-IE23413496,conflicto_territorial,Antioquia,V03,10
https://www.elcolombiano.com/antioquia/comision-humanitaria-llego-a-verificar-violaciones-a-derechos-humanos-en-limites-de-antioquia-con-bolivar-AP22694015,conflicto_territorial,Antioquia,V03,11
https://www.elcolombiano.com/antioquia/conflicto-armado-amenaza-elecciones-regionales-2023-en-el-norte-de-antioquia-LO22687194,conflicto_territorial,Antioquia,V03,12
https://www.elcolombiano.com/colombia/defensor-del-pueblo-alerta-por-aumento-de-secuestros-colombia-BA22110265,conflicto_territorial,Antioquia,V03,13
https://www.elcolombiano.com/antioquia/denuncian-abuso-de-mujeres-por-grupos-armados-en-limites-entre-antioquia-y-bolivar-AP22692266,conflicto_territorial,Antioquia,V03,14
https://www.elcolombiano.com/colombia/uribe-contesta-a-acusaciones-de-mancuso-de-que-si-sabia-de-masacre-del-aro-FD23135918,conflicto_territorial,Antioquia,V03,15
https://www.elcolombiano.com/antioquia/presencia-grupo-armados-ilegales-en-colegios-de-antioquia-FD20322610,conflicto_territorial,Antioquia,V04,1
https://www.elcolombiano.com/antioquia/comunidad-de-caceres-esta-confinada-por-combates-entre-eln-y-el-clan-del-golfo-OE22265308,conflicto_territorial,Antioquia,V04,2
https://www.elcolombiano.com/antioquia/nueva-asonada-en-antioquia-comunidad-saco-a-80-militares-de-briceno-por-orden-de-disidencias-farc-AJ23080404,conflicto_territorial,Antioquia,V04,3
https://www.elcolombiano.com/medellin/riesgo-electoral-en-medellin-es-extremo-alerta-la-mision-de-observacion-electoral-moe-FA22660137,conflicto_territorial,Antioquia,V04,4
https://www.elcolombiano.com/inicio/cese-al-fuego-eln-gobierno-comunidades-regiones-esperan-paz-total-LH22078542,conflicto_territorial,Antioquia,V04,5
https://www.elcolombiano.com/colombia/en-colombia-hay-siete-conflictos-armados-cicr-LG21055806,conflicto_territorial,Antioquia,V04,6
https://www.elcolombiano.com/colombia/balance-del-primer-mes-de-cese-al-fuego-bilateral-entre-gobierno-y-grupos-armados-MB20219317,conflicto_territorial,Antioquia,V04,7
https://www.elcolombiano.com/antioquia/disidentes-de-las-farc-piden-excusas-por-tomarse-escuela-en-yarumal-GI20285157,conflicto_territorial,Antioquia,V04,8
https://www.elcolombiano.com/colombia/como-operaba-el-bloque-central-bolivar-de-las-auc-en-colombia-AA22330572,conflicto_territorial,Antioquia,V04,9
https://www.elcolombiano.com/antioquia/comision-humanitaria-llego-a-verificar-violaciones-a-derechos-humanos-en-limites-de-antioquia-con-bolivar-AP22694015,conflicto_territorial,Antioquia,V04,10
https://www.elcolombiano.com/antioquia/conflicto-armado-amenaza-elecciones-regionales-2023-en-el-norte-de-antioquia-LO22687194,conflicto_territorial,Antioquia,V04,11
https://www.elcolombiano.com/colombia/defensor-del-pueblo-alerta-por-aumento-de-secuestros-colombia-BA22110265,conflicto_territorial,Antioquia,V04,12
https://www.elcolombiano.com/antioquia/denuncian-abuso-de-mujeres-por-grupos-armados-en-limites-entre-antioquia-y-bolivar-AP22692266,conflicto_territorial,Antioquia,V04,13
https://www.elcolombiano.com/colombia/uribe-contesta-a-acusaciones-de-mancuso-de-que-si-sabia-de-masacre-del-aro-FD23135918,conflicto_territorial,Antioquia,V04,14
https://www.elcolombiano.com/colombia/el-general-mario-montoya-fue-imputado-por-falsos-positivos-en-antioquia-EF22277663,conflicto_territorial,Antioquia,V04,15
https://www.elcolombiano.com/antioquia/nueva-asonada-en-antioquia-comunidad-saco-a-80-militares-de-briceno-por-orden-de-disidencias-farc-AJ23080404,conflicto_territorial,Antioquia,V05,1
https://www.elcolombiano.com/inicio/cese-al-fuego-eln-gobierno-comunidades-regiones-esperan-paz-total-LH22078542,conflicto_territorial,Antioquia,V05,2
https://www.elcolombiano.com/medellin/riesgo-electoral-en-medellin-es-extremo-alerta-la-mision-de-observacion-electoral-moe-FA22660137,conflicto_territorial,Antioquia,V05,3
https://www.elcolombiano.com/antioquia/comunidad-de-caceres-esta-confinada-por-combates-entre-eln-y-el-clan-del-golfo-OE22265308,conflicto_territorial,Antioquia,V05,4
https://www.elcolombiano.com/antioquia/disidencias-frente-36-imponen-manual-convivencia-en-municipios-norte-bajo-cauca-nordeste-antioquia-MD22211269,conflicto_territorial,Antioquia,V05,5
https://www.elcolombiano.com/antioquia/unidad-de-busqueda-intervendra-la-escombrera-en-la-comuna-13-y-varios-cementerios-de-antioquia-en-2024-IE23413496,conflicto_territorial,Antioquia,V05,6
https://www.elcolombiano.com/colombia/en-colombia-hay-siete-conflictos-armados-cicr-LG21055806,conflicto_territorial,Antioquia,V05,7
https://www.elcolombiano.com/colombia/como-operaba-el-bloque-central-bolivar-de-las-auc-en-colombia-AA22330572,conflicto_territorial,Antioquia,V05,8
https://www.elcolombiano.com/colombia/balance-del-primer-mes-de-cese-al-fuego-bilateral-entre-gobierno-y-grupos-armados-MB20219317,conflicto_territorial,Antioquia,V05,9
https://www.elcolombiano.com/antioquia/conflicto-armado-amenaza-elecciones-regionales-2023-en-el-norte-de-antioquia-LO22687194,conflicto_territorial,Antioquia,V05,10
https://www.elcolombiano.com/colombia/disidencias-usan-a-la-gente-para-controlar-zonas-previo-a-elecciones-CB22760354,conflicto_territorial,Antioquia,V05,11
https://www.elcolombiano.com/antioquia/denuncian-abuso-de-mujeres-por-grupos-armados-en-limites-entre-antioquia-y-bolivar-AP22692266,conflicto_territorial,Antioquia,V05,12
https://www.elcolombiano.com/colombia/defensor-del-pueblo-alerta-por-aumento-de-secuestros-colombia-BA22110265,conflicto_territorial,Antioquia,V05,13
https://www.elcolombiano.com/antioquia/comision-humanitaria-llego-a-verificar-violaciones-a-derechos-humanos-en-limites-de-antioquia-con-bolivar-AP22694015,conflicto_territorial,Antioquia,V05,14
https://www.elcolombiano.com/antioquia/soldados-heridos-tras-explosion-en-anori-avanzada-de-senador-juan-felipe-lemos-LC22130685,conflicto_territorial,Antioquia,V05,15
https://www.elcolombiano.com/antioquia/por-que-el-municipio-de-argelia-cambiara-su-nombre-luego-de-63-anos-BP21956676,conflicto_territorial,Antioquia,V06,1
https://www.elcolombiano.com/negocios/antioquia-es-el-departamento-que-mas-obras-por-impuestos-se-lleva-FE22264067,conflicto_territorial,Antioquia,V06,2
https://www.elcolombiano.com/informes-comerciales/las-marcas-hablan/pusimos-a-corantioquia-en-el-corazon-de-los-antioquenos-ME23367821,conflicto_territorial,Antioquia,V06,3
https://www.elcolombiano.com/colombia/susana-boreal-explico-su-relacion-con-christian-guzman-miembro-de-su-unidad-legislativa-de-tarbajo-BE20530760,conflicto_territorial,Antioquia,V06,4
https://www.elcolombiano.com/medellin/agencia-nacional-restitucion-tierras-busca-reclamantes-en-antioquia-PF22632937,conflicto_territorial,Antioquia,V06,5
https://www.elcolombiano.com/antioquia/restitucion-de-tierras-a-comunidad-negra-entre-frontino-y-urrao-antioquia-CF23370424,conflicto_territorial,Antioquia,V06,6
https://www.elcolombiano.com/inicio/agenda-antioquia-2040-fue-presentada-en-bogota-con-exito-FD21771127,conflicto_territorial,Antioquia,V06,7
https://www.elcolombiano.com/cultura/panorama-de-la-cultura-en-medellin-para-2023-PH19782519,conflicto_territorial,Antioquia,V06,8
https://www.elcolombiano.com/medellin/emvarias-no-cumplira-en-2023-con-ampliacion-del-relleno-sanitario-la-pradera-AH20635454,conflicto_territorial,Antioquia,V06,9
https://www.elcolombiano.com/antioquia/inauguran-estacion-de-policia-de-fraguas-en-machuca-segovia-y-esta-obra-sale-del-listado-de-elefantes-blancos-CC22136620,conflicto_territorial,Antioquia,V06,10
https://www.elcolombiano.com/antioquia/universidades-de-antioquia-ofrecen-5000-becas-para-estudiantes-del-bajo-cauca-y-el-nordeste-FO21945055,conflicto_territorial,Antioquia,V06,11
https://www.elcolombiano.com/opinion/editoriales/el-suroeste-en-jaque-JB20659231,conflicto_territorial,Antioquia,V06,12
https://www.elcolombiano.com/antioquia/movilidad-puente-militar-en-el-tonusco-tras-colapso-de-puente-en-via-a-santa-fe-de-antioquia-KH23069074,conflicto_territorial,Antioquia,V06,13
https://www.elcolombiano.com/antioquia/paro-minero-en-bajo-cauca-antioqueno-salidas-a-la-crisis-y-programas-sociales-II20824286,conflicto_territorial,Antioquia,V06,14
https://www.elcolombiano.com/medellin/el-70-de-los-que-se-lanzan-al-metro-sobreviven-NA21307381,conflicto_territorial,Antioquia,V06,15
https://www.elcolombiano.com/antioquia/ipc-entrega-casos-documentados-de-desaparicion-forzada-en-antioquia-LH23178366,conflicto_territorial,Antioquia,V07,1
https://www.elcolombiano.com/antioquia/uraba-bajo-cauca-paz-total-petro-clan-golfo-LB21023888,conflicto_territorial,Antioquia,V07,2
https://www.elcolombiano.com/antioquia/unidad-de-busqueda-intervendra-la-escombrera-en-la-comuna-13-y-varios-cementerios-de-antioquia-en-2024-IE23413496,conflicto_territorial,Antioquia,V07,3
https://www.elcolombiano.com/medellin/renovacion-claustro-san-ignacio-comfama-primera-fase-KC22464691,conflicto_territorial,Antioquia,V07,4
https://www.elcolombiano.com/medellin/examen-de-adminision-de-la-universidad-de-antioquia-para-el-semestre-2024-1-EH22166534,conflicto_territorial,Antioquia,V07,5
https://www.elcolombiano.com/antioquia/riesgo-electoral-en-municipios-de-antioquia-moe-KN22492769,conflicto_territorial,Antioquia,V07,6
https://www.elcolombiano.com/tendencias/la-semilla-del-cooperativismo-se-sembro-en-el-oriente-antioqueno-ND23025686,conflicto_territorial,Antioquia,V07,7
https://www.elcolombiano.com/opinion/columnistas/por-sus-hechos-los-conocereis-BI21832672,conflicto_territorial,Antioquia,V07,8
https://www.elcolombiano.com/antioquia/llegaran-mas-policias-a-antioquia-KD22300903,conflicto_territorial,Antioquia,V07,9
https://www.elcolombiano.com/antioquia/jep-ordena-medidas-cautelares-cementerios-mutata-y-carepa-AD21993672,conflicto_territorial,Antioquia,V07,10
https://www.elcolombiano.com/antioquia/plazo-para-pagar-examen-admision-universidad-de-antioquia-medellin-FA22441307,conflicto_territorial,Antioquia,V07,11
https://www.elcolombiano.com/antioquia/paro-minero-en-bajo-cauca-antioqueno-salidas-a-la-crisis-y-programas-sociales-II20824286,conflicto_territorial,Antioquia,V07,12
https://www.elcolombiano.com/antioquia/audiencia-de-victimas-de-falsos-positivos-en-granada-que-dicen-de-mario-montoya-BF21535576,conflicto_territorial,Antioquia,V07,13
https://www.elcolombiano.com/medellin/primer-ano-de-la-entrega-del-informe-final-el-padre-de-roux-sera-homenajeado-en-medellin-AL21912828,conflicto_territorial,Antioquia,V07,14
https://www.elcolombiano.com/antioquia/presencia-grupo-armados-ilegales-en-colegios-de-antioquia-FD20322610,conflicto_territorial,Antioquia,V07,15
https://www.elcolombiano.com/antioquia/nueva-asonada-en-antioquia-comunidad-saco-a-80-militares-de-briceno-por-orden-de-disidencias-farc-AJ23080404,conflicto_territorial,Antioquia,V08,1
https://www.elcolombiano.com/antioquia/disidencias-frente-36-imponen-manual-convivencia-en-municipios-norte-bajo-cauca-nordeste-antioquia-MD22211269,conflicto_territorial,Antioquia,V08,2
https://www.elcolombiano.com/antioquia/comunidad-de-caceres-esta-confinada-por-combates-entre-eln-y-el-clan-del-golfo-OE22265308,conflicto_territorial,Antioquia,V08,3
https://www.elcolombiano.com/inicio/cese-al-fuego-eln-gobierno-comunidades-regiones-esperan-paz-total-LH22078542,conflicto_territorial,Antioquia,V08,4
https://www.elcolombiano.com/colombia/disidencias-usan-a-la-gente-para-controlar-zonas-previo-a-elecciones-CB22760354,conflicto_territorial,Antioquia,V08,5
https://www.elcolombiano.com/antioquia/comision-humanitaria-llego-a-verificar-violaciones-a-derechos-humanos-en-limites-de-antioquia-con-bolivar-AP22694015,conflicto_territorial,Antioquia,V08,6
https://www.elcolombiano.com/antioquia/disidentes-de-las-farc-piden-excusas-por-tomarse-escuela-en-yarumal-GI20285157,conflicto_territorial,Antioquia,V08,7
https://www.elcolombiano.com/antioquia/gobernador-anibal-gaviria-pide-ajustes-a-la-paz-de-gustavo-petro-HN20783136,conflicto_territorial,Antioquia,V08,8
https://www.elcolombiano.com/colombia/el-general-mario-montoya-fue-imputado-por-falsos-positivos-en-antioquia-EF22277663,conflicto_territorial,Antioquia,V08,9
https://www.elcolombiano.com/antioquia/el-cartel-de-los-mas-buscados-en-el-suroeste-de-antioquia-HD23136122,conflicto_territorial,Antioquia,V08,10
https://www.elcolombiano.com/antioquia/mensajes-de-las-agc-clan-del-golfo-en-ituango-KC21546419,conflicto_territorial,Antioquia,V08,11
https://www.elcolombiano.com/antioquia/militares-antioquia-aceptaron-ante-la-jep-crimenes-de-guerra-y-lesa-humanidad-falsos-positivos-OH22709016,conflicto_territorial,Antioquia,V08,12
https://www.elcolombiano.com/colombia/john-fiera-el-disidente-que-siembra-el-terror-en-antioquia-y-bolivar-KG22537058,conflicto_territorial,Antioquia,V08,13
https://www.elcolombiano.com/antioquia/autoridades-visitaron-a-puerto-lopez-y-hicieron-compromisos-FD20452214,conflicto_territorial,Antioquia,V08,14
https://www.elcolombiano.com/antioquia/presencia-grupo-armados-ilegales-en-colegios-de-antioquia-FD20322610,conflicto_territorial,Antioquia,V08,15
https://www.elcolombiano.com/medellin/riesgo-electoral-en-medellin-es-extremo-alerta-la-mision-de-observacion-electoral-moe-FA22660137,conflicto_territorial,Antioquia,V09,1
https://www.elcolombiano.com/antioquia/presencia-grupo-armados-ilegales-en-colegios-de-antioquia-FD20322610,conflicto_territorial,Antioquia,V09,2
https://www.elcolombiano.com/antioquia/comunidad-de-caceres-esta-confinada-por-combates-entre-eln-y-el-clan-del-golfo-OE22265308,conflicto_territorial,Antioquia,V09,3
https://www.elcolombiano.com/antioquia/nueva-asonada-en-antioquia-comunidad-saco-a-80-militares-de-briceno-por-orden-de-disidencias-farc-AJ23080404,conflicto_territorial,Antioquia,V09,4
https://www.elcolombiano.com/inicio/cese-al-fuego-eln-gobierno-comunidades-regiones-esperan-paz-total-LH22078542,conflicto_territorial,Antioquia,V09,5
https://www.elcolombiano.com/colombia/en-colombia-hay-siete-conflictos-armados-cicr-LG21055806,conflicto_territorial,Antioquia,V09,6
https://www.elcolombiano.com/antioquia/disidentes-de-las-farc-piden-excusas-por-tomarse-escuela-en-yarumal-GI20285157,conflicto_territorial,Antioquia,V09,7
https://www.elcolombiano.com/antioquia/comision-humanitaria-llego-a-verificar-violaciones-a-derechos-humanos-en-limites-de-antioquia-con-bolivar-AP22694015,conflicto_territorial,Antioquia,V09,8
https://www.elcolombiano.com/antioquia/denuncian-abuso-de-mujeres-por-grupos-armados-en-limites-entre-antioquia-y-bolivar-AP22692266,conflicto_territorial,Antioquia,V09,9
https://www.elcolombiano.com/colombia/el-general-mario-montoya-fue-imputado-por-falsos-positivos-en-antioquia-EF22277663,conflicto_territorial,Antioquia,V09,10
https://www.elcolombiano.com/antioquia/el-cartel-de-los-mas-buscados-en-el-suroeste-de-antioquia-HD23136122,conflicto_territorial,Antioquia,V09,11
https://www.elcolombiano.com/antioquia/mensajes-de-las-agc-clan-del-golfo-en-ituango-KC21546419,conflicto_territorial,Antioquia,V09,12
https://www.elcolombiano.com/colombia/john-fiera-el-disidente-que-siembra-el-terror-en-antioquia-y-bolivar-KG22537058,conflicto_territorial,Antioquia,V09,13
https://www.elcolombiano.com/antioquia/autoridades-visitaron-a-puerto-lopez-y-hicieron-compromisos-FD20452214,conflicto_territorial,Antioquia,V09,14
https://www.elcolombiano.com/antioquia/asesinaron-a-lider-social-en-segovia-MA22000914,conflicto_territorial,Antioquia,V09,15
https://www.elcolombiano.com/antioquia/nueva-asonada-en-antioquia-comunidad-saco-a-80-militares-de-briceno-por-orden-de-disidencias-farc-AJ23080404,conflicto_territorial,Antioquia,V10,1
https://www.elcolombiano.com/inicio/cese-al-fuego-eln-gobierno-comunidades-regiones-esperan-paz-total-LH22078542,conflicto_territorial,Antioquia,V10,2
https://www.elcolombiano.com/medellin/riesgo-electoral-en-medellin-es-extremo-alerta-la-mision-de-observacion-electoral-moe-FA22660137,conflicto_territorial,Antioquia,V10,3
https://www.elcolombiano.com/antioquia/comunidad-de-caceres-esta-confinada-por-combates-entre-eln-y-el-clan-del-golfo-OE22265308,conflicto_territorial,Antioquia,V10,4
https://www.elcolombiano.com/antioquia/disidencias-frente-36-imponen-manual-convivencia-en-municipios-norte-bajo-cauca-nordeste-antioquia-MD22211269,conflicto_territorial,Antioquia,V10,5
https://www.elcolombiano.com/colombia/en-colombia-hay-siete-conflictos-armados-cicr-LG21055806,conflicto_territorial,Antioquia,V10,6
https://www.elcolombiano.com/colombia/disidencias-usan-a-la-gente-para-controlar-zonas-previo-a-elecciones-CB22760354,conflicto_territorial,Antioquia,V10,7
https://www.elcolombiano.com/antioquia/denuncian-abuso-de-mujeres-por-grupos-armados-en-limites-entre-antioquia-y-bolivar-AP22692266,conflicto_territorial,Antioquia,V10,8
https://www.elcolombiano.com/antioquia/comision-humanitaria-llego-a-verificar-violaciones-a-derechos-humanos-en-limites-de-antioquia-con-bolivar-AP22694015,conflicto_territorial,Antioquia,V10,9
https://www.elcolombiano.com/antioquia/mensajes-de-las-agc-clan-del-golfo-en-ituango-KC21546419,conflicto_territorial,Antioquia,V10,10
https://www.elcolombiano.com/antioquia/el-cartel-de-los-mas-buscados-en-el-suroeste-de-antioquia-HD23136122,conflicto_territorial,Antioquia,V10,11
https://www.elcolombiano.com/antioquia/autoridades-visitaron-a-puerto-lopez-y-hicieron-compromisos-FD20452214,conflicto_territorial,Antioquia,V10,12
https://www.elcolombiano.com/antioquia/presencia-grupo-armados-ilegales-en-colegios-de-antioquia-FD20322610,conflicto_territorial,Antioquia,V10,13
https://www.elcolombiano.com/antioquia/asesinaron-a-lider-social-en-segovia-MA22000914,conflicto_territorial,Antioquia,V10,14
https://www.elcolombiano.com/antioquia/dos-soldados-y-un-miembro-de-disidencias-muertos-en-combate-cerca-de-hidroituango-eno-el-norte-de-antioquia-GP21957760,conflicto_territorial,Antioquia,V10,15
https://www.elcolombiano.com/antioquia/jep-ordena-medidas-cautelares-cementerios-mutata-y-carepa-AD21993672,conflicto_territorial,Antioquia,V11,1
https://www.elcolombiano.com/antioquia/audiencia-de-victimas-de-falsos-positivos-en-granada-que-dicen-de-mario-montoya-BF21535576,conflicto_territorial,Antioquia,V11,2
https://www.elcolombiano.com/antioquia/presencia-grupo-armados-ilegales-en-colegios-de-antioquia-FD20322610,conflicto_territorial,Antioquia,V11,3
https://www.elcolombiano.com/antioquia/denuncian-abuso-de-mujeres-por-grupos-armados-en-limites-entre-antioquia-y-bolivar-AP22692266,conflicto_territorial,Antioquia,V11,4
https://www.elcolombiano.com/medellin/riesgo-electoral-en-medellin-es-extremo-alerta-la-mision-de-observacion-electoral-moe-FA22660137,conflicto_territorial,Antioquia,V11,5
https://www.elcolombiano.com/colombia/en-colombia-hay-siete-conflictos-armados-cicr-LG21055806,conflicto_territorial,Antioquia,V11,6
https://www.elcolombiano.com/antioquia/disidentes-de-las-farc-piden-excusas-por-tomarse-escuela-en-yarumal-GI20285157,conflicto_territorial,Antioquia,V11,7
https://www.elcolombiano.com/antioquia/comunidad-de-caceres-esta-confinada-por-combates-entre-eln-y-el-clan-del-golfo-OE22265308,conflicto_territorial,Antioquia,V11,8
https://www.elcolombiano.com/negocios/antioquia-es-el-departamento-que-mas-obras-por-impuestos-se-lleva-FE22264067,conflicto_territorial,Antioquia,V12,1
https://www.elcolombiano.com/antioquia/jep-ordena-medidas-cautelares-cementerios-mutata-y-carepa-AD21993672,conflicto_territorial,Antioquia,V12,2
https://www.elcolombiano.com/medellin/examen-de-adminision-de-la-universidad-de-antioquia-para-el-semestre-2024-1-EH22166534,conflicto_territorial,Antioquia,V12,3
https://www.elcolombiano.com/antioquia/unidad-de-busqueda-intervendra-la-escombrera-en-la-comuna-13-y-varios-cementerios-de-antioquia-en-2024-IE23413496,conflicto_territorial,Antioquia,V12,4
https://www.elcolombiano.com/antioquia/antioquia-pide-garantias-para-cese-al-fuego-biletaral-entre-gobierno-colombia-y-eln-CK21905160,conflicto_territorial,Antioquia,V12,5
https://www.elcolombiano.com/medellin/renovacion-claustro-san-ignacio-comfama-primera-fase-KC22464691,conflicto_territorial,Antioquia,V12,6
https://www.elcolombiano.com/tendencias/la-semilla-del-cooperativismo-se-sembro-en-el-oriente-antioqueno-ND23025686,conflicto_territorial,Antioquia,V12,7
https://www.elcolombiano.com/medellin/iniciativas-de-firmandes-de-paz-en-medellin-antioquia-AJ22096237,conflicto_territorial,Antioquia,V12,8
https://www.elcolombiano.com/opinion/columnistas/por-sus-hechos-los-conocereis-BI21832672,conflicto_territorial,Antioquia,V12,9
https://www.elcolombiano.com/antioquia/uraba-bajo-cauca-paz-total-petro-clan-golfo-LB21023888,conflicto_territorial,Antioquia,V12,10
https://www.elcolombiano.com/antioquia/llegaran-mas-policias-a-antioquia-KD22300903,conflicto_territorial,Antioquia,V12,11
https://www.elcolombiano.com/medellin/entrevista-con-el-arzobispo-de-sante-fe-de-antioquia-hugo-torres-HL20909358,conflicto_territorial,Antioquia,V12,12
https://www.elcolombiano.com/antioquia/informe-de-la-ungrd-sobre-plan-de-manejo-de-epm-por-hidroituango-PC23128403,conflicto_territorial,Antioquia,V12,13
https://www.elcolombiano.com/antioquia/denuncian-abuso-de-mujeres-por-grupos-armados-en-limites-entre-antioquia-y-bolivar-AP22692266,conflicto_territorial,Antioquia,V12,14
https://www.elcolombiano.com/colombia/balance-del-primer-mes-de-cese-al-fuego-bilateral-entre-gobierno-y-grupos-armados-MB20219317,conflicto_territorial,Antioquia,V12,15
https://www.elcolombiano.com/antioquia/nueva-asonada-en-antioquia-comunidad-saco-a-80-militares-de-briceno-por-orden-de-disidencias-farc-AJ23080404,presencia_grupos_armados,Antioquia,V01,1
https://www.elcolombiano.com/antioquia/comunidad-de-caceres-esta-confinada-por-combates-entre-eln-y-el-clan-del-golfo-OE22265308,presencia_grupos_armados,Antioquia,V01,2
https://www.elcolombiano.com/inicio/cese-al-fuego-eln-gobierno-comunidades-regiones-esperan-paz-total-LH22078542,presencia_grupos_armados,Antioquia,V01,3
https://www.elcolombiano.com/antioquia/aumento-del-secuestro-en-antioquia-este-ano-OG23079766,presencia_grupos_armados,Antioquia,V01,4
https://www.elcolombiano.com/medellin/bloqueos-en-la-avenida-regional-en-el-poblado-OC21236190,presencia_grupos_armados,Antioquia,V01,5
https://www.elcolombiano.com/colombia/en-colombia-hay-siete-conflictos-armados-cicr-LG21055806,presencia_grupos_armados,Antioquia,V01,6
https://www.elcolombiano.com/colombia/como-operaba-el-bloque-central-bolivar-de-las-auc-en-colombia-AA22330572,presencia_grupos_armados,Antioquia,V01,7
https://www.elcolombiano.com/colombia/disidencias-usan-a-la-gente-para-controlar-zonas-previo-a-elecciones-CB22760354,presencia_grupos_armados,Antioquia,V01,8
https://www.elcolombiano.com/antioquia/restitucion-de-tierras-a-comunidad-negra-entre-frontino-y-urrao-antioquia-CF23370424,presencia_grupos_armados,Antioquia,V01,9
https://www.elcolombiano.com/colombia/balance-del-primer-mes-de-cese-al-fuego-bilateral-entre-gobierno-y-grupos-armados-MB20219317,presencia_grupos_armados,Antioquia,V01,10
https://www.elcolombiano.com/antioquia/disidentes-de-las-farc-piden-excusas-por-tomarse-escuela-en-yarumal-GI20285157,presencia_grupos_armados,Antioquia,V01,11
https://www.elcolombiano.com/antioquia/cinco-homicidios-agudizan-crisis-de-seguridad-en-andes-ED22659739,presencia_grupos_armados,Antioquia,V01,12
https://www.elcolombiano.com/antioquia/antioquia-pide-garantias-para-cese-al-fuego-biletaral-entre-gobierno-colombia-y-eln-CK21905160,presencia_grupos_armados,Antioquia,V01,13
https://www.elcolombiano.com/antioquia/uraba-bajo-cauca-paz-total-petro-clan-golfo-LB21023888,presencia_grupos_armados,Antioquia,V01,14
https://www.elcolombiano.com/antioquia/comision-humanitaria-llego-a-verificar-violaciones-a-derechos-humanos-en-limites-de-antioquia-con-bolivar-AP22694015,presencia_grupos_armados,Antioquia,V01,15
https://www.elcolombiano.com/antioquia/nueva-asonada-en-antioquia-comunidad-saco-a-80-militares-de-briceno-por-orden-de-disidencias-farc-AJ23080404,presencia_grupos_armados,Antioquia,V02,1
https://www.elcolombiano.com/antioquia/comunidad-de-caceres-esta-confinada-por-combates-entre-eln-y-el-clan-del-golfo-OE22265308,presencia_grupos_armados,Antioquia,V02,2
https://www.elcolombiano.com/inicio/cese-al-fuego-eln-gobierno-comunidades-regiones-esperan-paz-total-LH22078542,presencia_grupos_armados,Antioquia,V02,3
https://www.elcolombiano.com/antioquia/aumento-del-secuestro-en-antioquia-este-ano-OG23079766,presencia_grupos_armados,Antioquia,V02,4
https://www.elcolombiano.com/antioquia/disidentes-de-las-farc-piden-excusas-por-tomarse-escuela-en-yarumal-GI20285157,presencia_grupos_armados,Antioquia,V02,5
https://www.elcolombiano.com/colombia/como-operaba-el-bloque-central-bolivar-de-las-auc-en-colombia-AA22330572,presencia_grupos_armados,Antioquia,V02,6
https://www.elcolombiano.com/colombia/en-colombia-hay-siete-conflictos-armados-cicr-LG21055806,presencia_grupos_armados,Antioquia,V02,7
https://www.elcolombiano.com/antioquia/comision-humanitaria-llego-a-verificar-violaciones-a-derechos-humanos-en-limites-de-antioquia-con-bolivar-AP22694015,presencia_grupos_armados,Antioquia,V02,8
https://www.elcolombiano.com/informes-comerciales/las-marcas-hablan/pusimos-a-corantioquia-en-el-corazon-de-los-antioquenos-ME23367821,presencia_grupos_armados,Antioquia,V02,9
https://www.elcolombiano.com/antioquia/soldados-heridos-tras-explosion-en-anori-avanzada-de-senador-juan-felipe-lemos-LC22130685,presencia_grupos_armados,Antioquia,V02,10
https://www.elcolombiano.com/antioquia/consejo-de-estado-condena-nacion-por-falsos-positivos-en-santa-rosa-de-osos-CN21798903,presencia_grupos_armados,Antioquia,V02,11
https://www.elcolombiano.com/antioquia/militares-antioquia-aceptaron-ante-la-jep-crimenes-de-guerra-y-lesa-humanidad-falsos-positivos-OH22709016,presencia_grupos_armados,Antioquia,V02,12
https://www.elcolombiano.com/colombia/uribe-contesta-a-acusaciones-de-mancuso-de-que-si-sabia-de-masacre-del-aro-FD23135918,presencia_grupos_armados,Antioquia,V02,13
https://www.elcolombiano.com/colombia/disidencias-usan-a-la-gente-para-controlar-zonas-previo-a-elecciones-CB22760354,presencia_grupos_armados,Antioquia,V02,14
https://www.elcolombiano.com/antioquia/narino-antioquia-espera-por-turistas-en-sus-termales-en-semana-santa-AL20812460,presencia_grupos_armados,Antioquia,V02,15
https://www.elcolombiano.com/antioquia/disidencias-frente-36-imponen-manual-convivencia-en-municipios-norte-bajo-cauca-nordeste-antioquia-MD22211269,presencia_grupos_armados,Antioquia,V03,1
https://www.elcolombiano.com/colombia/balance-del-primer-mes-de-cese-al-fuego-bilateral-entre-gobierno-y-grupos-armados-MB20219317,presencia_grupos_armados,Antioquia,V03,2
https://www.elcolombiano.com/antioquia/disidentes-de-las-farc-piden-excusas-por-tomarse-escuela-en-yarumal-GI20285157,presencia_grupos_armados,Antioquia,V03,3
https://www.elcolombiano.com/antioquia/comision-humanitaria-llego-a-verificar-violaciones-a-derechos-humanos-en-limites-de-antioquia-con-bolivar-AP22694015,presencia_grupos_armados,Antioquia,V03,4
https://www.elcolombiano.com/inicio/cese-al-fuego-eln-gobierno-comunidades-regiones-esperan-paz-total-LH22078542,presencia_grupos_armados,Antioquia,V03,5
https://www.elcolombiano.com/antioquia/conflicto-armado-amenaza-elecciones-regionales-2023-en-el-norte-de-antioquia-LO22687194,presencia_grupos_armados,Antioquia,V03,6
https://www.elcolombiano.com/antioquia/profesores-amenazados-en-antioquia-por-grupos-armados-ilegales-DD20322436,presencia_grupos_armados,Antioquia,V03,7
https://www.elcolombiano.com/antioquia/antioquia-pide-garantias-para-cese-al-fuego-biletaral-entre-gobierno-colombia-y-eln-CK21905160,presencia_grupos_armados,Antioquia,V03,8
https://www.elcolombiano.com/antioquia/docentes-de-antioquia-reubicados-por-amenazas-de-grupos-armados-GD21553713,presencia_grupos_armados,Antioquia,V03,9
https://www.elcolombiano.com/antioquia/narino-antioquia-espera-por-turistas-en-sus-termales-en-semana-santa-AL20812460,presencia_grupos_armados,Antioquia,V03,10
https://www.elcolombiano.com/medellin/iniciativas-de-firmandes-de-paz-en-medellin-antioquia-AJ22096237,presencia_grupos_armados,Antioquia,V03,11
https://www.elcolombiano.com/colombia/ivan-mordisco-quiere-formar-guardias-campesinas-en-antioquia-y-otros-departamentos-GE23144103,presencia_grupos_armados,Antioquia,V03,12
https://www.elcolombiano.com/colombia/elecciones-bajo-amenaza-violencia-tiene-en-jaque-1-de-cada-4-municipios-AH22528769,presencia_grupos_armados,Antioquia,V03,13
https://www.elcolombiano.com/antioquia/nueva-asonada-en-antioquia-comunidad-saco-a-80-militares-de-briceno-por-orden-de-disidencias-farc-AJ23080404,presencia_grupos_armados,Antioquia,V03,14
https://www.elcolombiano.com/antioquia/mensajes-de-las-agc-clan-del-golfo-en-ituango-KC21546419,presencia_grupos_armados,Antioquia,V03,15
https://www.elcolombiano.com/inicio/cese-al-fuego-eln-gobierno-comunidades-regiones-esperan-paz-total-LH22078542,presencia_grupos_armados,Antioquia,V04,1
https://www.elcolombiano.com/antioquia/comision-humanitaria-llego-a-verificar-violaciones-a-derechos-humanos-en-limites-de-antioquia-con-bolivar-AP22694015,presencia_grupos_armados,Antioquia,V04,2
https://www.elcolombiano.com/colombia/balance-del-primer-mes-de-cese-al-fuego-bilateral-entre-gobierno-y-grupos-armados-MB20219317,presencia_grupos_armados,Antioquia,V04,3
https://www.elcolombiano.com/colombia/john-fiera-el-disidente-que-siembra-el-terror-en-antioquia-y-bolivar-KG22537058,presencia_grupos_armados,Antioquia,V04,4
https://www.elcolombiano.com/antioquia/asesinaron-a-lider-social-en-segovia-MA22000914,presencia_grupos_armados,Antioquia,V04,5
https://www.elcolombiano.com/opinion/editoriales/elecciones-bajo-fuego-DJ21938218,presencia_grupos_armados,Antioquia,V04,6
https://www.elcolombiano.com/antioquia/soldados-heridos-tras-explosion-en-anori-avanzada-de-senador-juan-felipe-lemos-LC22130685,presencia_grupos_armados,Antioquia,V04,7
https://www.elcolombiano.com/colombia/alertan-al-gobierno-petro-por-seguridad-que-afecta-elecciones-octubre-74-municipios-DI21926674,presencia_grupos_armados,Antioquia,V04,8
https://www.elcolombiano.com/cultura/festival-de-cine-de-cartagena-se-inaugura-con-la-pelicula-memento-mori-KN20783238,presencia_grupos_armados,Antioquia,V04,9
https://www.elcolombiano.com/antioquia/mensajes-de-las-agc-clan-del-golfo-en-ituango-KC21546419,presencia_grupos_armados,Antioquia,V04,10
https://www.elcolombiano.com/antioquia/autoridades-visitaron-a-puerto-lopez-y-hicieron-compromisos-FD20452214,presencia_grupos_armados,Antioquia,V04,11
https://www.elcolombiano.com/medellin/plantones-en-contra-de-violencia-en-paro-minero-antioquia-PC20773369,presencia_grupos_armados,Antioquia,V04,12
https://www.elcolombiano.com/colombia/ivan-mordisco-quiere-formar-guardias-campesinas-en-antioquia-y-otros-departamentos-GE23144103,presencia_grupos_armados,Antioquia,V04,13
https://www.elcolombiano.com/antioquia/encapuchados-asesinaron-a-firmante-del-acuerdo-de-paz-en-un-bus-en-dabeiba-antioquia-EM21878509,presencia_grupos_armados,Antioquia,V04,14
https://www.elcolombiano.com/antioquia/suroeste-como-en-los-peores-anos-homicidios-aumentaron-532-JF21173684,presencia_grupos_armados,Antioquia,V04,15
https://www.elcolombiano.com/antioquia/nueva-asonada-en-antioquia-comunidad-saco-a-80-militares-de-briceno-por-orden-de-disidencias-farc-AJ23080404,presencia_grupos_armados,Antioquia,V05,1
https://www.elcolombiano.com/antioquia/comunidad-de-caceres-esta-confinada-por-combates-entre-eln-y-el-clan-del-golfo-OE22265308,presencia_grupos_armados,Antioquia,V05,2
https://www.elcolombiano.com/inicio/cese-al-fuego-eln-gobierno-comunidades-regiones-esperan-paz-total-LH22078542,presencia_grupos_armados,Antioquia,V05,3
https://www.elcolombiano.com/colombia/en-colombia-hay-siete-conflictos-armados-cicr-LG21055806,presencia_grupos_armados,Antioquia,V05,4
https://www.elcolombiano.com/colombia/balance-del-primer-mes-de-cese-al-fuego-bilateral-entre-gobierno-y-grupos-armados-MB20219317,presencia_grupos_armados,Antioquia,V05,5
https://www.elcolombiano.com/antioquia/disidentes-de-las-farc-piden-excusas-por-tomarse-escuela-en-yarumal-GI20285157,presencia_grupos_armados,Antioquia,V05,6
https://www.elcolombiano.com/antioquia/uraba-bajo-cauca-paz-total-petro-clan-golfo-LB21023888,presencia_grupos_armados,Antioquia,V05,7
https://www.elcolombiano.com/antioquia/comision-humanitaria-llego-a-verificar-violaciones-a-derechos-humanos-en-limites-de-antioquia-con-bolivar-AP22694015,presencia_grupos_armados,Antioquia,V05,8
https://www.elcolombiano.com/medellin/riesgo-electoral-en-medellin-es-extremo-alerta-la-mision-de-observacion-electoral-moe-FA22660137,presencia_grupos_armados,Antioquia,V05,9
https://www.elcolombiano.com/antioquia/conflicto-armado-amenaza-elecciones-regionales-2023-en-el-norte-de-antioquia-LO22687194,presencia_grupos_armados,Antioquia,V05,10
https://www.elcolombiano.com/colombia/defensor-del-pueblo-alerta-por-aumento-de-secuestros-colombia-BA22110265,presencia_grupos_armados,Antioquia,V05,11
https://www.elcolombiano.com/antioquia/cinco-homicidios-agudizan-crisis-de-seguridad-en-andes-ED22659739,presencia_grupos_armados,Antioquia,V05,12
https://www.elcolombiano.com/colombia/uribe-contesta-a-acusaciones-de-mancuso-de-que-si-sabia-de-masacre-del-aro-FD23135918,presencia_grupos_armados,Antioquia,V05,13
https://www.elcolombiano.com/colombia/el-general-mario-montoya-fue-imputado-por-falsos-positivos-en-antioquia-EF22277663,presencia_grupos_armados,Antioquia,V05,14
https://www.elcolombiano.com/antioquia/docentes-de-antioquia-reubicados-por-amenazas-de-grupos-armados-GD21553713,presencia_grupos_armados,Antioquia,V05,15
https://www.elcolombiano.com/antioquia/antioquia-pide-garantias-para-cese-al-fuego-biletaral-entre-gobierno-colombia-y-eln-CK21905160,presencia_grupos_armados,Antioquia,V06,1
https://www.elcolombiano.com/antioquia/uraba-bajo-cauca-paz-total-petro-clan-golfo-LB21023888,presencia_grupos_armados,Antioquia,V06,2
https://www.elcolombiano.com/medellin/riesgo-electoral-en-medellin-es-extremo-alerta-la-mision-de-observacion-electoral-moe-FA22660137,presencia_grupos_armados,Antioquia,V06,3
https://www.elcolombiano.com/antioquia/conflicto-armado-amenaza-elecciones-regionales-2023-en-el-norte-de-antioquia-LO22687194,presencia_grupos_armados,Antioquia,V06,4
https://www.elcolombiano.com/antioquia/profesores-amenazados-en-antioquia-por-grupos-armados-ilegales-DD20322436,presencia_grupos_armados,Antioquia,V06,5
https://www.elcolombiano.com/antioquia/gobernador-anibal-gaviria-pide-ajustes-a-la-paz-de-gustavo-petro-HN20783136,presencia_grupos_armados,Antioquia,V06,6
https://www.elcolombiano.com/colombia/ivan-mordisco-quiere-formar-guardias-campesinas-en-antioquia-y-otros-departamentos-GE23144103,presencia_grupos_armados,Antioquia,V06,7
https://www.elcolombiano.com/opinion/columnistas/que-podra-conmovernos-HC23307033,presencia_grupos_armados,Antioquia,V06,8
https://www.elcolombiano.com/antioquia/riesgo-electoral-en-municipios-de-antioquia-moe-KN22492769,presencia_grupos_armados,Antioquia,V06,9
https://www.elcolombiano.com/colombia/en-colombia-hay-siete-conflictos-armados-cicr-LG21055806,presencia_grupos_armados,Antioquia,V06,10
https://www.elcolombiano.com/medellin/iniciativas-de-firmandes-de-paz-en-medellin-antioquia-AJ22096237,presencia_grupos_armados,Antioquia,V06,11
https://www.elcolombiano.com/medellin/examen-de-adminision-de-la-universidad-de-antioquia-para-el-semestre-2024-1-EH22166534,presencia_grupos_armados,Antioquia,V06,12
https://www.elcolombiano.com/antioquia/entrevista-a-sergio-fajardo-exalcalde-de-medellin-y-exgobernador-de-antioquia-sobre-elecciones-2023-PO22686678,presencia_grupos_armados,Antioquia,V06,13
https://www.elcolombiano.com/antioquia/sepultureros-de-antioquia-se-formaran-con-el-sena-para-identificacion-de-cuerpos-desaparecidos-CM21787225,presencia_grupos_armados,Antioquia,V06,14
https://www.elcolombiano.com/antioquia/restitucion-de-tierras-a-comunidad-negra-entre-frontino-y-urrao-antioquia-CF23370424,presencia_grupos_armados,Antioquia,V06,15
https://www.elcolombiano.com/antioquia/conflicto-armado-amenaza-elecciones-regionales-2023-en-el-norte-de-antioquia-LO22687194,presencia_grupos_armados,Antioquia,V07,1
https://www.elcolombiano.com/antioquia/profesores-amenazados-en-antioquia-por-grupos-armados-ilegales-DD20322436,presencia_grupos_armados,Antioquia,V07,2
https://www.elcolombiano.com/antioquia/antioquia-pide-garantias-para-cese-al-fuego-biletaral-entre-gobierno-colombia-y-eln-CK21905160,presencia_grupos_armados,Antioquia,V07,3
https://www.elcolombiano.com/colombia/ivan-mordisco-quiere-formar-guardias-campesinas-en-antioquia-y-otros-departamentos-GE23144103,presencia_grupos_armados,Antioquia,V07,4
https://www.elcolombiano.com/opinion/columnistas/que-podra-conmovernos-HC23307033,presencia_grupos_armados,Antioquia,V07,5
https://www.elcolombiano.com/medellin/iniciativas-de-firmandes-de-paz-en-medellin-antioquia-AJ22096237,presencia_grupos_armados,Antioquia,V07,6
https://www.elcolombiano.com/medellin/examen-de-adminision-de-la-universidad-de-antioquia-para-el-semestre-2024-1-EH22166534,presencia_grupos_armados,Antioquia,V07,7
https://www.elcolombiano.com/antioquia/disidencias-frente-36-imponen-manual-convivencia-en-municipios-norte-bajo-cauca-nordeste-antioquia-MD22211269,presencia_grupos_armados,Antioquia,V07,8
https://www.elcolombiano.com/antioquia/suspenden-a-alcalde-de-campamento-antioquia-por-presunta-particiipacion-en-politica-CL22837063,presencia_grupos_armados,Antioquia,V07,9
https://www.elcolombiano.com/antioquia/disidencias-de-las-farc-piden-plata-a-candidatos-a-la-alcaldia-de-briceno-GC21983498,presencia_grupos_armados,Antioquia,V07,10
https://www.elcolombiano.com/cultura/festival-de-cine-de-cartagena-se-inaugura-con-la-pelicula-memento-mori-KN20783238,presencia_grupos_armados,Antioquia,V07,11
https://www.elcolombiano.com/antioquia/paro-armado-en-narino-antioquia-por-clan-del-oriente-NF20348371,presencia_grupos_armados,Antioquia,V07,12
https://www.elcolombiano.com/negocios/paro-minero-genera-perdidas-por-57000-millones-a-transportadores-KC20778002,presencia_grupos_armados,Antioquia,V07,13
https://www.elcolombiano.com/colombia/registros-defensoria-y-comision-de-la-verdad-demuestran-que-eln-si-recluta-menores-de-edad-OB21208699,presencia_grupos_armados,Antioquia,V07,14
https://www.elcolombiano.com/opinion/columnistas/pactemos-por-colombia-por-antioquia-por-medellin-DJ20837015,presencia_grupos_armados,Antioquia,V07,15
https://www.elcolombiano.com/antioquia/nueva-asonada-en-antioquia-comunidad-saco-a-80-militares-de-briceno-por-orden-de-disidencias-farc-AJ23080404,presencia_grupos_armados,Antioquia,V08,1
https://www.elcolombiano.com/antioquia/comunidad-de-caceres-esta-confinada-por-combates-entre-eln-y-el-clan-del-golfo-OE22265308,presencia_grupos_armados,Antioquia,V08,2
https://www.elcolombiano.com/inicio/cese-al-fuego-eln-gobierno-comunidades-regiones-esperan-paz-total-LH22078542,presencia_grupos_armados,Antioquia,V08,3
https://www.elcolombiano.com/colombia/en-colombia-hay-siete-conflictos-armados-cicr-LG21055806,presencia_grupos_armados,Antioquia,V08,4
https://www.elcolombiano.com/colombia/como-operaba-el-bloque-central-bolivar-de-las-auc-en-colombia-AA22330572,presencia_grupos_armados,Antioquia,V08,5
https://www.elcolombiano.com/colombia/balance-del-primer-mes-de-cese-al-fuego-bilateral-entre-gobierno-y-grupos-armados-MB20219317,presencia_grupos_armados,Antioquia,V08,6
https://www.elcolombiano.com/antioquia/disidentes-de-las-farc-piden-excusas-por-tomarse-escuela-en-yarumal-GI20285157,presencia_grupos_armados,Antioquia,V08,7
https://www.elcolombiano.com/antioquia/antioquia-pide-garantias-para-cese-al-fuego-biletaral-entre-gobierno-colombia-y-eln-CK21905160,presencia_grupos_armados,Antioquia,V08,8
https://www.elcolombiano.com/antioquia/uraba-bajo-cauca-paz-total-petro-clan-golfo-LB21023888,presencia_grupos_armados,Antioquia,V08,9
https://www.elcolombiano.com/antioquia/comision-humanitaria-llego-a-verificar-violaciones-a-derechos-humanos-en-limites-de-antioquia-con-bolivar-AP22694015,presencia_grupos_armados,Antioquia,V08,10
https://www.elcolombiano.com/antioquia/conflicto-armado-amenaza-elecciones-regionales-2023-en-el-norte-de-antioquia-LO22687194,presencia_grupos_armados,Antioquia,V08,11
https://www.elcolombiano.com/colombia/uribe-contesta-a-acusaciones-de-mancuso-de-que-si-sabia-de-masacre-del-aro-FD23135918,presencia_grupos_armados,Antioquia,V08,12
https://www.elcolombiano.com/colombia/el-general-mario-montoya-fue-imputado-por-falsos-positivos-en-antioquia-EF22277663,presencia_grupos_armados,Antioquia,V08,13
https://www.elcolombiano.com/antioquia/docentes-de-antioquia-reubicados-por-amenazas-de-grupos-armados-GD21553713,presencia_grupos_armados,Antioquia,V08,14
https://www.elcolombiano.com/antioquia/gobernador-anibal-gaviria-pide-ajustes-a-la-paz-de-gustavo-petro-HN20783136,presencia_grupos_armados,Antioquia,V08,15
https://www.elcolombiano.com/antioquia/disidencias-frente-36-imponen-manual-convivencia-en-municipios-norte-bajo-cauca-nordeste-antioquia-MD22211269,presencia_grupos_armados,Antioquia,V09,1
https://www.elcolombiano.com/colombia/balance-del-primer-mes-de-cese-al-fuego-bilateral-entre-gobierno-y-grupos-armados-MB20219317,presencia_grupos_armados,Antioquia,V09,2
https://www.elcolombiano.com/antioquia/disidentes-de-las-farc-piden-excusas-por-tomarse-escuela-en-yarumal-GI20285157,presencia_grupos_armados,Antioquia,V09,3
https://www.elcolombiano.com/antioquia/comision-humanitaria-llego-a-verificar-violaciones-a-derechos-humanos-en-limites-de-antioquia-con-bolivar-AP22694015,presencia_grupos_armados,Antioquia,V09,4
https://www.elcolombiano.com/inicio/cese-al-fuego-eln-gobierno-comunidades-regiones-esperan-paz-total-LH22078542,presencia_grupos_armados,Antioquia,V09,5
https://www.elcolombiano.com/antioquia/conflicto-armado-amenaza-elecciones-regionales-2023-en-el-norte-de-antioquia-LO22687194,presencia_grupos_armados,Antioquia,V09,6
https://www.elcolombiano.com/antioquia/antioquia-pide-garantias-para-cese-al-fuego-biletaral-entre-gobierno-colombia-y-eln-CK21905160,presencia_grupos_armados,Antioquia,V09,7
https://www.elcolombiano.com/antioquia/docentes-de-antioquia-reubicados-por-amenazas-de-grupos-armados-GD21553713,presencia_grupos_armados,Antioquia,V09,8
https://www.elcolombiano.com/antioquia/narino-antioquia-espera-por-turistas-en-sus-termales-en-semana-santa-AL20812460,presencia_grupos_armados,Antioquia,V09,9
https://www.elcolombiano.com/medellin/iniciativas-de-firmandes-de-paz-en-medellin-antioquia-AJ22096237,presencia_grupos_armados,Antioquia,V09,10
https://www.elcolombiano.com/colombia/ivan-mordisco-quiere-formar-guardias-campesinas-en-antioquia-y-otros-departamentos-GE23144103,presencia_grupos_armados,Antioquia,V09,11
https://www.elcolombiano.com/antioquia/nueva-asonada-en-antioquia-comunidad-saco-a-80-militares-de-briceno-por-orden-de-disidencias-farc-AJ23080404,presencia_grupos_armados,Antioquia,V09,12
https://www.elcolombiano.com/antioquia/mensajes-de-las-agc-clan-del-golfo-en-ituango-KC21546419,presencia_grupos_armados,Antioquia,V09,13
https://www.elcolombiano.com/antioquia/llegaran-mas-policias-a-antioquia-KD22300903,presencia_grupos_armados,Antioquia,V09,14
https://www.elcolombiano.com/colombia/estos-son-17-cabecillas-bandas-crimen-organizado-paz-total-medellin-JG21720779,presencia_grupos_armados,Antioquia,V09,15
https://www.elcolombiano.com/antioquia/nueva-asonada-en-antioquia-comunidad-saco-a-80-militares-de-briceno-por-orden-de-disidencias-farc-AJ23080404,presencia_grupos_armados,Antioquia,V10,1
https://www.elcolombiano.com/antioquia/comunidad-de-caceres-esta-confinada-por-combates-entre-eln-y-el-clan-del-golfo-OE22265308,presencia_grupos_armados,Antioquia,V10,2
https://www.elcolombiano.com/inicio/cese-al-fuego-eln-gobierno-comunidades-regiones-esperan-paz-total-LH22078542,presencia_grupos_armados,Antioquia,V10,3
https://www.elcolombiano.com/colombia/en-colombia-hay-siete-conflictos-armados-cicr-LG21055806,presencia_grupos_armados,Antioquia,V10,4
https://www.elcolombiano.com/colombia/balance-del-primer-mes-de-cese-al-fuego-bilateral-entre-gobierno-y-grupos-armados-MB20219317,presencia_grupos_armados,Antioquia,V10,5
https://www.elcolombiano.com/antioquia/disidentes-de-las-farc-piden-excusas-por-tomarse-escuela-en-yarumal-GI20285157,presencia_grupos_armados,Antioquia,V10,6
https://www.elcolombiano.com/antioquia/uraba-bajo-cauca-paz-total-petro-clan-golfo-LB21023888,presencia_grupos_armados,Antioquia,V10,7
https://www.elcolombiano.com/antioquia/comision-humanitaria-llego-a-verificar-violaciones-a-derechos-humanos-en-limites-de-antioquia-con-bolivar-AP22694015,presencia_grupos_armados,Antioquia,V10,8
https://www.elcolombiano.com/antioquia/conflicto-armado-amenaza-elecciones-regionales-2023-en-el-norte-de-antioquia-LO22687194,presencia_grupos_armados,Antioquia,V10,9
https://www.elcolombiano.com/colombia/uribe-contesta-a-acusaciones-de-mancuso-de-que-si-sabia-de-masacre-del-aro-FD23135918,presencia_grupos_armados,Antioquia,V10,10
https://www.elcolombiano.com/colombia/el-general-mario-montoya-fue-imputado-por-falsos-positivos-en-antioquia-EF22277663,presencia_grupos_armados,Antioquia,V10,11
https://www.elcolombiano.com/antioquia/docentes-de-antioquia-reubicados-por-amenazas-de-grupos-armados-GD21553713,presencia_grupos_armados,Antioquia,V10,12
https://www.elcolombiano.com/antioquia/narino-antioquia-espera-por-turistas-en-sus-termales-en-semana-santa-AL20812460,presencia_grupos_armados,Antioquia,V10,13
https://www.elcolombiano.com/medellin/iniciativas-de-firmandes-de-paz-en-medellin-antioquia-AJ22096237,presencia_grupos_armados,Antioquia,V10,14
https://www.elcolombiano.com/colombia/ivan-mordisco-quiere-formar-guardias-campesinas-en-antioquia-y-otros-departamentos-GE23144103,presencia_grupos_armados,Antioquia,V10,15
https://www.elcolombiano.com/antioquia/conflicto-armado-amenaza-elecciones-regionales-2023-en-el-norte-de-antioquia-LO22687194,presencia_grupos_armados,Antioquia,V11,1
https://www.elcolombiano.com/antioquia/antioquia-pide-garantias-para-cese-al-fuego-biletaral-entre-gobierno-colombia-y-eln-CK21905160,presencia_grupos_armados,Antioquia,V11,2
https://www.elcolombiano.com/colombia/ivan-mordisco-quiere-formar-guardias-campesinas-en-antioquia-y-otros-departamentos-GE23144103,presencia_grupos_armados,Antioquia,V11,3
https://www.elcolombiano.com/opinion/columnistas/que-podra-conmovernos-HC23307033,presencia_grupos_armados,Antioquia,V11,4
https://www.elcolombiano.com/medellin/iniciativas-de-firmandes-de-paz-en-medellin-antioquia-AJ22096237,presencia_grupos_armados,Antioquia,V11,5
https://www.elcolombiano.com/medellin/examen-de-adminision-de-la-universidad-de-antioquia-para-el-semestre-2024-1-EH22166534,presencia_grupos_armados,Antioquia,V11,6
https://www.elcolombiano.com/antioquia/disidencias-frente-36-imponen-manual-convivencia-en-municipios-norte-bajo-cauca-nordeste-antioquia-MD22211269,presencia_grupos_armados,Antioquia,V11,7
https://www.elcolombiano.com/antioquia/disidencias-de-las-farc-piden-plata-a-candidatos-a-la-alcaldia-de-briceno-GC21983498,presencia_grupos_armados,Antioquia,V11,8
https://www.elcolombiano.com/cultura/festival-de-cine-de-cartagena-se-inaugura-con-la-pelicula-memento-mori-KN20783238,presencia_grupos_armados,Antioquia,V11,9
https://www.elcolombiano.com/colombia/registros-defensoria-y-comision-de-la-verdad-demuestran-que-eln-si-recluta-menores-de-edad-OB21208699,presencia_grupos_armados,Antioquia,V11,10
https://www.elcolombiano.com/medellin/entrevista-con-el-arzobispo-de-sante-fe-de-antioquia-hugo-torres-HL20909358,presencia_grupos_armados,Antioquia,V11,11
https://www.elcolombiano.com/antioquia/partido-ecologista-y-electas-presentaron-sus-listas-para-asamblea-de-antioquia-y-concejo-de-medellin-MD22035081,presencia_grupos_armados,Antioquia,V11,12
https://www.elcolombiano.com/inicio/cese-al-fuego-eln-gobierno-comunidades-regiones-esperan-paz-total-LH22078542,presencia_grupos_armados,Antioquia,V11,13
https://www.elcolombiano.com/antioquia/gran-debate-candidatos-a-la-gobernacion-de-antioquia-FD22650566,presencia_grupos_armados,Antioquia,V11,14
https://www.elcolombiano.com/antioquia/dos-soldados-y-un-miembro-de-disidencias-muertos-en-combate-cerca-de-hidroituango-eno-el-norte-de-antioquia-GP21957760,presencia_grupos_armados,Antioquia,V11,15
https://www.elcolombiano.com/antioquia/uraba-bajo-cauca-paz-total-petro-clan-golfo-LB21023888,presencia_grupos_armados,Antioquia,V12,1
https://www.elcolombiano.com/medellin/riesgo-electoral-en-medellin-es-extremo-alerta-la-mision-de-observacion-electoral-moe-FA22660137,presencia_grupos_armados,Antioquia,V12,2
https://www.elcolombiano.com/antioquia/conflicto-armado-amenaza-elecciones-regionales-2023-en-el-norte-de-antioquia-LO22687194,presencia_grupos_armados,Antioquia,V12,3
https://www.elcolombiano.com/colombia/ivan-mordisco-quiere-formar-guardias-campesinas-en-antioquia-y-otros-departamentos-GE23144103,presencia_grupos_armados,Antioquia,V12,4
https://www.elcolombiano.com/opinion/columnistas/que-podra-conmovernos-HC23307033,presencia_grupos_armados,Antioquia,V12,5
https://www.elcolombiano.com/colombia/en-colombia-hay-siete-conflictos-armados-cicr-LG21055806,presencia_grupos_armados,Antioquia,V12,6
https://www.elcolombiano.com/antioquia/antioquia-pide-garantias-para-cese-al-fuego-biletaral-entre-gobierno-colombia-y-eln-CK21905160,presencia_grupos_armados,Antioquia,V12,7
https://www.elcolombiano.com/medellin/iniciativas-de-firmandes-de-paz-en-medellin-antioquia-AJ22096237,presencia_grupos_armados,Antioquia,V12,8
https://www.elcolombiano.com/medellin/examen-de-adminision-de-la-universidad-de-antioquia-para-el-semestre-2024-1-EH22166534,presencia_grupos_armados,Antioquia,V12,9
https://www.elcolombiano.com/antioquia/suspenden-a-alcalde-de-campamento-antioquia-por-presunta-particiipacion-en-politica-CL22837063,presencia_grupos_armados,Antioquia,V12,10
https://www.elcolombiano.com/antioquia/disidencias-de-las-farc-piden-plata-a-candidatos-a-la-alcaldia-de-briceno-GC21983498,presencia_grupos_armados,Antioquia,V12,11
https://www.elcolombiano.com/medellin/entrevista-con-el-arzobispo-de-sante-fe-de-antioquia-hugo-torres-HL20909358,presencia_grupos_armados,Antioquia,V12,12
https://www.elcolombiano.com/cultura/festival-de-cine-de-cartagena-se-inaugura-con-la-pelicula-memento-mori-KN20783238,presencia_grupos_armados,Antioquia,V12,13
https://www.elcolombiano.com/antioquia/riesgo-electoral-en-municipios-de-antioquia-moe-KN22492769,presencia_grupos_armados,Antioquia,V12,14
https://www.elcolombiano.com/antioquia/gobernador-anibal-gaviria-pide-ajustes-a-la-paz-de-gustavo-petro-HN20783136,presencia_grupos_armados,Antioquia,V12,15
https://laguajirahoy.com/judiciales/unidad-de-busqueda-recupera-25-cuerpos-en-cementerio-de-riohacha.html,exclusion_beneficios_economicos,Maicao,V01,1
https://diariodelnorte.net/judiciales/comunidad-bloquea-la-via-maicao-paradero-por-falta-de-agua-potable-y-servicio-electrico/,exclusion_beneficios_economicos,Maicao,V01,2
https://www.eltiempo.com/salud/ahf-inaugura-centros-de-atencion-gratuita-de-its-en-cucuta-y-maicao-para-reforzar-la-respuesta-contra-el-vih-en-colombia-ofrecen-pruebas-gratis-3513439,exclusion_beneficios_economicos,Maicao,V01,3
https://www.eltiempo.com/colombia/otras-ciudades/paraguachon-frontera-cerrada-asi-se-vive-en-la-guajira-el-bloqueo-del-paso-entre-colombia-y-venezuela-tras-la-captura-de-nicolas-maduro-3521565,exclusion_beneficios_economicos,Maicao,V01,4
https://diariodelnorte.net/judiciales/capturan-a-un-hombre-por-receptacion-durante-control-policial-en-maicao/,exclusion_beneficios_economicos,Maicao,V01,5
https://laguajirahoy.com/comunidad/solidaridad-de-guajiros-crece-para-llevar-ayuda-a-damnificados-por-terremoto.html,exclusion_beneficios_economicos,Maicao,V01,6
https://diariodelnorte.net/judiciales/operativos-de-control-dejan-dos-capturados-por-presunto-trafico-de-estupefacientes-en-riohacha-y-maicao/,exclusion_beneficios_economicos,Maicao,V01,7
https://diariodelnorte.net/laguajira/procuraduria-lleva-feria-de-servicios-a-uribia-para-garantizar-derechos-de-la-ninez-wayuu/,exclusion_beneficios_economicos,Maicao,V01,8
https://laguajirahoy.com/maicao/alcaldia-y-contraloria-reactivan-pavimentacion-estancada-y-devuelven-movilidad-a-maicao.html,exclusion_beneficios_economicos,Maicao,V01,9
https://www.eltiempo.com/vida/educacion/medio-millon-de-ninos-se-quedarian-sin-alimentacion-escolar-gobierno-nacional-y-alcaldias-y-gobernaciones-se-responsabilizan-mutuamente-3485785,exclusion_beneficios_economicos,Maicao,V01,10
https://diariodelnorte.net/judiciales/policia-nacional-captura-en-maicao-a-hombre-por-porte-ilegal-de-arma-de-fuego/,exclusion_beneficios_economicos,Maicao,V01,11
https://diariodelnorte.net/laguajira/jarlen-garrido-advierte-sobre-crisis-migratoria-en-maicao-tras-ausencia-de-la-cancilleria-en-foro-internacional/,exclusion_beneficios_economicos,Maicao,V01,12
https://laguajirahoy.com/judiciales/se-reabre-frontera-y-se-normaliza-paso-por-paraguachon-en-la-guajira.html,exclusion_beneficios_economicos,Maicao,V01,13
https://www.eltiempo.com/mas-contenido/uniguajira-consolida-la-inclusion-educativa-en-territorios-vulnerables-3550670,exclusion_beneficios_economicos,Maicao,V01,14
https://laguajirahoy.com/comunidad/la-caravana-navidena-llevo-sonrisas-y-esperanza-a-ninos-vulnerables-de-riohacha.html,exclusion_beneficios_economicos,Maicao,V01,15
https://diariodelnorte.net/laguajira/jarlen-garrido-advierte-sobre-crisis-migratoria-en-maicao-tras-ausencia-de-la-cancilleria-en-foro-internacional/,exclusion_beneficios_economicos,Maicao,V02,1
https://www.eltiempo.com/colombia/otras-ciudades/el-bendito-menor-estaria-detras-de-la-masacre-de-cinco-personas-en-maicao-anuncio-limpieza-social-en-video-de-hombres-armados-3523393,exclusion_beneficios_economicos,Maicao,V02,2
https://laguajirahoy.com/maicao/robaron-llaves-a-cuadrilla-de-aguas-de-la-peninsula-en-maicao.html,exclusion_beneficios_economicos,Maicao,V02,3
https://www.eltiempo.com/colombia/otras-ciudades/piratas-terrestres-vuelven-a-sembrar-terror-en-la-guajira-hombres-armados-asaltan-vehiculo-en-plena-via-y-quedan-en-video-3553317,exclusion_beneficios_economicos,Maicao,V02,4
https://diariodelnorte.net/laguajira/autoridades-y-comunidad-se-unieron-en-maicao-en-un-llamado-por-la-paz-la-vida-y-la-convivencia/,exclusion_beneficios_economicos,Maicao,V02,5
https://laguajirahoy.com/comunidad/venezolanos-en-la-guajira-viven-con-emociones-encontradas-los-recientes-sucesos-politicos-en-su-pais.html,exclusion_beneficios_economicos,Maicao,V02,6
https://diariodelnorte.net/judiciales/levantan-bloqueos-en-las-salidas-de-maicao-hacia-albania-y-riohacha-tras-acuerdos-con-campesinos/,exclusion_beneficios_economicos,Maicao,V02,7
https://laguajirahoy.com/comunidad/solidaridad-de-guajiros-crece-para-llevar-ayuda-a-damnificados-por-terremoto.html,exclusion_beneficios_economicos,Maicao,V02,8
https://laguajirahoy.com/maicao/alcaldia-y-contraloria-reactivan-pavimentacion-estancada-y-devuelven-movilidad-a-maicao.html,exclusion_beneficios_economicos,Maicao,V02,9
https://laguajirahoy.com/politica/senador-guajiro-pide-soluciones-para-la-salud-en-alta-guajira.html,exclusion_beneficios_economicos,Maicao,V02,10
https://diariodelnorte.net/editorial/el-drama-del-agua-en-la-guajira/,exclusion_beneficios_economicos,Maicao,V02,11
https://laguajirahoy.com/opinion/columnista/el-territorio-no-esta-solo-en-el-mapa-se-vive-en-la-cotidianidad.html,exclusion_beneficios_economicos,Maicao,V02,12
https://laguajirahoy.com/judiciales/bloqueo-en-via-riohacha-maicao-fue-levantado-tras-dialogo.html,exclusion_beneficios_economicos,Maicao,V02,13
https://www.eltiempo.com/vida/educacion/medio-millon-de-ninos-se-quedarian-sin-alimentacion-escolar-gobierno-nacional-y-alcaldias-y-gobernaciones-se-responsabilizan-mutuamente-3485785,exclusion_beneficios_economicos,Maicao,V02,14
https://elpilon.com.co/general/minsalud-entrega-lanchas-ambulancia-a-maicao-un-municipio-sin-rio-ni-mar-y-desata-cuestionamientos,exclusion_beneficios_economicos,Maicao,V02,15
https://diariodelnorte.net/judiciales/levantan-bloqueos-en-las-salidas-de-maicao-hacia-albania-y-riohacha-tras-acuerdos-con-campesinos/,exclusion_beneficios_economicos,Maicao,V03,1
https://diariodelnorte.net/laguajira/fuerzas-militares-mantienen-presencia-y-acompanamiento-a-la-poblacion-en-la-guajira/,exclusion_beneficios_economicos,Maicao,V03,2
https://www.eltiempo.com/vida/educacion/medio-millon-de-ninos-se-quedarian-sin-alimentacion-escolar-gobierno-nacional-y-alcaldias-y-gobernaciones-se-responsabilizan-mutuamente-3485785,exclusion_beneficios_economicos,Maicao,V03,3
https://laguajirahoy.com/judiciales/ofrecen-hasta-100-millones-para-lograr-liberacion-de-angie-argaez.html,exclusion_beneficios_economicos,Maicao,V03,4
https://diariodelnorte.net/judiciales/habitantes-de-comunidad-indigena-bloquean-la-via-maicao-riohacha-para-exigir-reconocimiento/,exclusion_beneficios_economicos,Maicao,V03,5
https://www.eltiempo.com/colombia/otras-ciudades/el-bendito-menor-estaria-detras-de-la-masacre-de-cinco-personas-en-maicao-anuncio-limpieza-social-en-video-de-hombres-armados-3523393,exclusion_beneficios_economicos,Maicao,V03,6
https://laguajirahoy.com/maicao/robaron-llaves-a-cuadrilla-de-aguas-de-la-peninsula-en-maicao.html,exclusion_beneficios_economicos,Maicao,V03,7
https://laguajirahoy.com/comunidad/solidaridad-de-guajiros-crece-para-llevar-ayuda-a-damnificados-por-terremoto.html,exclusion_beneficios_economicos,Maicao,V03,8
https://laguajirahoy.com/la-guajira/dia-mundial-de-la-asistencia-humanitaria-la-guajira-enfrenta-crisis-por-recorte-internacional.html,exclusion_beneficios_economicos,Maicao,V03,9
https://www.eltiempo.com/colombia/otras-ciudades/empresa-de-telecomunicaciones-denuncia-millonarias-perdidas-por-actos-vandalicos-en-su-infraestructura-en-la-guajira-3492065,exclusion_beneficios_economicos,Maicao,V03,10
https://diariodelnorte.net/opinion/los-maestros-pagan-para-que-los-dejen-ensenar/,exclusion_beneficios_economicos,Maicao,V03,11
https://diariodelnorte.net/judiciales/restablecen-movilidad-en-alto-pino-tras-bloqueo-comunidades-exigen-dialogo-con-icbf-y-gobernacion/,exclusion_beneficios_economicos,Maicao,V03,12
https://www.eltiempo.com/justicia/cortes/la-alerta-de-la-corte-constitucional-por-grupos-armados-que-frenan-controles-sobre-la-crisis-wayuu-en-la-guajira-3554617,exclusion_beneficios_economicos,Maicao,V03,13
https://diariodelnorte.net/judiciales/comunidad-bloquea-la-via-maicao-paradero-por-falta-de-agua-potable-y-servicio-electrico/,exclusion_beneficios_economicos,Maicao,V03,14
https://diariodelnorte.net/editorial/el-drama-del-agua-en-la-guajira/,exclusion_beneficios_economicos,Maicao,V03,15
https://www.eltiempo.com/vida/educacion/medio-millon-de-ninos-se-quedarian-sin-alimentacion-escolar-gobierno-nacional-y-alcaldias-y-gobernaciones-se-responsabilizan-mutuamente-3485785,exclusion_beneficios_economicos,Maicao,V04,1
https://laguajirahoy.com/maicao/robaron-llaves-a-cuadrilla-de-aguas-de-la-peninsula-en-maicao.html,exclusion_beneficios_economicos,Maicao,V04,2
https://diariodelnorte.net/opinion/los-maestros-pagan-para-que-los-dejen-ensenar/,exclusion_beneficios_economicos,Maicao,V04,3
https://elpilon.com.co/general/minsalud-entrega-lanchas-ambulancia-a-maicao-un-municipio-sin-rio-ni-mar-y-desata-cuestionamientos,exclusion_beneficios_economicos,Maicao,V04,4
https://diariodelnorte.net/opinion/se-pasan/,exclusion_beneficios_economicos,Maicao,V04,5
https://diariodelnorte.net/editorial/lanchas-entre-la-urgencia-y-las-dudas/,exclusion_beneficios_economicos,Maicao,V04,6
https://laguajirahoy.com/judiciales/gaula-captura-a-presunto-extorsionista-que-intimidaba-comerciantes-en-maicao.html,exclusion_beneficios_economicos,Maicao,V04,7
https://laguajirahoy.com/la-guajira/air-e-intervenida-refuerza-acciones-contra-el-hurto-de-energia-en-la-region.html,exclusion_beneficios_economicos,Maicao,V04,8
https://laguajirahoy.com/riohacha/huecos-en-la-calle-15-de-riohacha-ponen-en-riesgo-a-conductores-y-peatones.html,exclusion_beneficios_economicos,Maicao,V04,9
https://diariodelnorte.net/editorial/la-pista-seguira-en-el-anonimato-mundial/,exclusion_beneficios_economicos,Maicao,V04,10
https://diariodelnorte.net/judiciales/capturan-a-hombre-por-hurto-en-vivienda-y-recuperan-vehiculo-en-hechos-aislados-en-maicao/,exclusion_beneficios_economicos,Maicao,V04,11
https://diariodelnorte.net/judiciales/persisten-bloqueos-en-vias-de-la-guajira-por-protestas-indigenas-y-afrodescendientes/,exclusion_beneficios_economicos,Maicao,V04,12
https://www.eltiempo.com/justicia/investigacion/primer-parque-eolico-de-colombia-podria-terminar-como-elefante-blanco-contraloria-alerta-detrimento-patrimonial-en-windpeshi-3554745,exclusion_beneficios_economicos,Maicao,V04,13
https://laguajirahoy.com/judiciales/lider-cafetero-victima-de-fleteo-en-estacion-de-servicio-de-fonseca.html,exclusion_beneficios_economicos,Maicao,V04,14
https://laguajirahoy.com/maicao/maicao-desde-el-cielo-cautiva-con-imagenes-autenticas-y-sin-filtros-urbanos.html,exclusion_beneficios_economicos,Maicao,V04,15
https://www.eltiempo.com/vida/educacion/medio-millon-de-ninos-se-quedarian-sin-alimentacion-escolar-gobierno-nacional-y-alcaldias-y-gobernaciones-se-responsabilizan-mutuamente-3485785,exclusion_beneficios_economicos,Maicao,V05,1
https://laguajirahoy.com/comunidad/solidaridad-de-guajiros-crece-para-llevar-ayuda-a-damnificados-por-terremoto.html,exclusion_beneficios_economicos,Maicao,V05,2
https://laguajirahoy.com/maicao/entregan-pozo-de-agua-potable-a-la-comunidad-de-wamayao-en-maicao.html,exclusion_beneficios_economicos,Maicao,V05,3
https://diariodelnorte.net/opinion/los-maestros-pagan-para-que-los-dejen-ensenar/,exclusion_beneficios_economicos,Maicao,V05,4
https://www.eltiempo.com/colombia/otras-ciudades/empresa-de-telecomunicaciones-denuncia-millonarias-perdidas-por-actos-vandalicos-en-su-infraestructura-en-la-guajira-3492065,exclusion_beneficios_economicos,Maicao,V05,5
https://www.eltiempo.com/mas-contenido/cesar-sucre-y-cordoba-muestran-su-potencial-guajira-capitulo-aparte-3485387,exclusion_beneficios_economicos,Maicao,V05,6
https://www.eltiempo.com/salud/minsalud-defiende-compra-de-lanchas-ambulancia-y-asegura-que-pese-a-estar-intervenido-el-hospital-san-jose-de-maicao-esta-habilitado-para-operarlas-3526278,exclusion_beneficios_economicos,Maicao,V05,7
https://www.eltiempo.com/salud/polemica-por-millonaria-inversion-de-minsalud-entregaron-dos-lanchas-ambulancia-a-maicao-un-municipio-sin-mar-ni-rio-ubicado-en-pleno-desierto-3526037,exclusion_beneficios_economicos,Maicao,V05,8
https://diariodelnorte.net/editorial/nuevo-ataque-contra-cerrejon/,exclusion_beneficios_economicos,Maicao,V05,9
https://diariodelnorte.net/judiciales/restablecen-movilidad-en-alto-pino-tras-bloqueo-comunidades-exigen-dialogo-con-icbf-y-gobernacion/,exclusion_beneficios_economicos,Maicao,V05,10
https://laguajirahoy.com/politica/candidata-de-la-fuerza-sufre-desmayo-durante-recorrido-en-maicao.html,exclusion_beneficios_economicos,Maicao,V05,11
https://diariodelnorte.net/judiciales/persisten-bloqueos-en-vias-de-la-guajira-por-protestas-indigenas-y-afrodescendientes/,exclusion_beneficios_economicos,Maicao,V05,12
https://laguajirahoy.com/judiciales/ofrecen-hasta-100-millones-para-lograr-liberacion-de-angie-argaez.html,exclusion_beneficios_economicos,Maicao,V05,13
https://elpilon.com.co/general/minsalud-entrega-lanchas-ambulancia-a-maicao-un-municipio-sin-rio-ni-mar-y-desata-cuestionamientos,exclusion_beneficios_economicos,Maicao,V05,14
https://diariodelnorte.net/laguajira/fuerzas-militares-mantienen-presencia-y-acompanamiento-a-la-poblacion-en-la-guajira/,exclusion_beneficios_economicos,Maicao,V05,15
https://diariodelnorte.net/judiciales/operativos-de-control-dejan-dos-capturados-por-presunto-trafico-de-estupefacientes-en-riohacha-y-maicao/,exclusion_beneficios_economicos,Maicao,V06,1
https://www.eltiempo.com/justicia/conflicto-y-narcotrafico/acciones-armadas-y-afectaciones-del-eln-se-registran-en-seis-departamentos-este-es-el-balance-3517116,exclusion_beneficios_economicos,Maicao,V06,2
https://laguajirahoy.com/judiciales/disputa-por-economias-criminales-intensifica-violencia-y-retos-de-seguridad-en-la-guajira.html,exclusion_beneficios_economicos,Maicao,V06,3
https://laguajirahoy.com/riohacha/movimiento-irregular-de-pasajeros-es-el-inicio-de-ano-en-terminal-de-riohacha.html,exclusion_beneficios_economicos,Maicao,V06,4
https://laguajirahoy.com/maicao/maicao-fortalece-su-seguridad-con-inteligencia-y-presencia-especializada-contra-el-crimen.html,exclusion_beneficios_economicos,Maicao,V06,5
https://diariodelnorte.net/judiciales/recuperan-dos-motocicletas-hurtadas-capturan-a-un-hombre-por-receptacion-e-incautan-arma-traumatica-en-vias-de-la-guajira/,exclusion_beneficios_economicos,Maicao,V06,6
https://www.eltiempo.com/salud/liquidar-eps-podria-provocar-una-crisis-sin-precedentes-y-pondria-en-riesgo-a-millones-de-pacientes-advierten-exministros-y-actores-del-sector-salud-3526372,exclusion_beneficios_economicos,Maicao,V06,7
https://www.eltiempo.com/colombia/otras-ciudades/la-guajira-normalidad-en-la-frontera-tras-reapertura-del-paso-en-paraguachon-por-parte-de-las-autoridades-venezolanas-maicao-se-mantiene-en-alerta-3521735,exclusion_beneficios_economicos,Maicao,V06,8
https://laguajirahoy.com/exclusivo/nenon-figueroa-responde-a-demanda-y-defiende-legalidad-electoral.html,exclusion_beneficios_economicos,Maicao,V06,9
https://www.eltiempo.com/justicia/conflicto-y-narcotrafico/ataque-del-eln-a-la-subestacion-de-policia-de-cuatro-vias-en-el-municipio-de-maicao-tras-anuncio-de-paro-armado-en-colombia-no-hay-reporte-de-heridos-3516887,exclusion_beneficios_economicos,Maicao,V06,10
https://laguajirahoy.com/judiciales-2/cinco-capturas-dejan-controles-viales-de-policia-en-la-guajira.html,exclusion_beneficios_economicos,Maicao,V06,11
https://www.eltiempo.com/colombia/otras-ciudades/temblor-de-magnitud-3-4-sacudio-la-guajira-y-tiene-en-alerta-a-la-ciudad-fronteriza-el-epicentro-estuvo-en-dibulla-3567507,exclusion_beneficios_economicos,Maicao,V06,12
https://laguajirahoy.com/maicao/manos-rojas-alzan-su-voz-por-la-ninez-de-maicao.html,exclusion_beneficios_economicos,Maicao,V06,13
https://www.eltiempo.com/justicia/conflicto-y-narcotrafico/el-eln-ejecuto-93-acciones-armadas-en-nueve-departamentos-durante-las-72-horas-del-denominado-paro-armado-3517621,exclusion_beneficios_economicos,Maicao,V06,14
https://www.eltiempo.com/colombia/otras-ciudades/la-guajira-paro-armado-golpea-el-comercio-en-riohacha-perdidas-superan-los-35-mil-millones-en-tres-dias-3548966,exclusion_beneficios_economicos,Maicao,V06,15
https://www.eltiempo.com/salud/liquidar-eps-podria-provocar-una-crisis-sin-precedentes-y-pondria-en-riesgo-a-millones-de-pacientes-advierten-exministros-y-actores-del-sector-salud-3526372,exclusion_beneficios_economicos,Maicao,V07,1
https://diariodelnorte.net/laguajira/fuerzas-militares-mantienen-presencia-y-acompanamiento-a-la-poblacion-en-la-guajira/,exclusion_beneficios_economicos,Maicao,V07,2
https://www.eltiempo.com/salud/ministerio-de-salud-y-asociacion-colombiana-de-sociedades-cientificas-se-enfrentan-por-cumplimiento-de-tutela-sobre-equipos-basicos-de-salud-3526282,exclusion_beneficios_economicos,Maicao,V07,3
https://www.eltiempo.com/salud/nueva-polemica-envuelve-a-la-esposa-del-ministro-de-salud-la-salida-de-una-directiva-en-la-supersalud-reaviva-denuncias-por-presuntas-presiones-3526737,exclusion_beneficios_economicos,Maicao,V07,4
https://diariodelnorte.net/opinion/disparadas-las-muertes-violentas-en-la-guajira/,exclusion_beneficios_economicos,Maicao,V07,5
https://diariodelnorte.net/judiciales/incautan-mas-de-9-000-medicamentos-de-presunta-comercializacion-ilegal-en-maicao-una-persona-fue-capturada/,exclusion_beneficios_economicos,Maicao,V07,6
https://diariodelnorte.net/laguajira/somos-guardianes-de-los-recursos-naturales-director-de-corpoguajira-explica-postura-sobre-canaverales-y-otros-retos-ambientales-en-la-guajira/,exclusion_beneficios_economicos,Maicao,V07,7
https://laguajirahoy.com/la-guajira-4/tarifa-de-energia-sube-y-golpea-usuarios-de-la-guajira.html,exclusion_beneficios_economicos,Maicao,V07,8
https://www.eltiempo.com/colombia/otras-ciudades/tension-en-la-guajira-tras-escalada-terrorista-en-ejes-viales-e-infraestructura-ferrea-de-cerrejon-3517505,exclusion_beneficios_economicos,Maicao,V07,9
https://www.eltiempo.com/colombia/otras-ciudades/dormitorios-destruidos-y-zonas-militares-devastadas-asi-quedo-el-batallon-atacado-con-explosivos-en-la-guajira-que-dejo-doce-soldados-heridos-3558725,exclusion_beneficios_economicos,Maicao,V07,10
https://laguajirahoy.com/salud/anas-wayuu-y-la-u-del-rosario-sellaron-alianza-de-cooperacion.html,exclusion_beneficios_economicos,Maicao,V07,11
https://laguajirahoy.com/comunidad/motociclismo-organizado-busca-abrirse-camino-en-la-guajira-con-respaldo-institucional.html,exclusion_beneficios_economicos,Maicao,V07,12
https://diariodelnorte.net/laguajira/maicao-inaugura-la-pavimentacion-de-la-calle-novena/,exclusion_beneficios_economicos,Maicao,V07,13
https://diariodelnorte.net/judiciales/policia-recupera-camion-hurtado-en-maicao-y-captura-a-tres-presuntos-implicados/,exclusion_beneficios_economicos,Maicao,V07,14
https://diariodelnorte.net/judiciales/accidente-en-la-via-riohacha-maicao-deja-personas-heridas-y-saqueos-por-parte-de-la-comunidad/,exclusion_beneficios_economicos,Maicao,V07,15
https://laguajirahoy.com/nacion/gobierno-entrega-5-400-millones-y-avanza-en-reparacion-a-victimas-en-la-guajira.html,exclusion_beneficios_economicos,Maicao,V08,1
https://diariodelnorte.net/editorial/nuevo-ataque-contra-cerrejon/,exclusion_beneficios_economicos,Maicao,V08,2
https://laguajirahoy.com/politica/candidata-de-la-fuerza-sufre-desmayo-durante-recorrido-en-maicao.html,exclusion_beneficios_economicos,Maicao,V08,3
https://laguajirahoy.com/nacion-2/indemnizan-a-victimas-del-conflicto-en-la-guajira.html,exclusion_beneficios_economicos,Maicao,V08,4
https://laguajirahoy.com/la-guajira/unidad-de-victimas-entrega-millonaria-indemnizacion-que-dignifica-a-familias-guajiras.html,exclusion_beneficios_economicos,Maicao,V08,5
https://laguajirahoy.com/exclusivo/acuerdo-indemnizatorio-wayuu-tras-accidente-vial-en-la-guajira.html,exclusion_beneficios_economicos,Maicao,V08,6
https://laguajirahoy.com/nacion/vicecontralor-revisara-avances-de-obras-y-exigira-destrabes-en-la-guajira.html,exclusion_beneficios_economicos,Maicao,V08,7
https://diariodelnorte.net/opinion/no-todo-lo-que-pasa-en-la-guajira-le-interesa-al-resto-de-colombia/,exclusion_beneficios_economicos,Maicao,V08,8
https://diariodelnorte.net/opinion/feliz-navidad-y-venturoso-ano-nuevo/,exclusion_beneficios_economicos,Maicao,V08,9
https://diariodelnorte.net/editorial/pobreza-del-caribe-no-es-para-burla/,exclusion_beneficios_economicos,Maicao,V08,10
https://diariodelnorte.net/judiciales/comunidades-wayuu-levantan-bloqueo-al-relleno-sanitario-del-norte-tras-acuerdos-con-el-alcalde-de-maicao/,exclusion_beneficios_economicos,Maicao,V08,11
https://diariodelnorte.net/opinion/oportunistas-silenciosmatando-el-grillo-para-sacarle-el-pito/,exclusion_beneficios_economicos,Maicao,V08,12
https://laguajirahoy.com/la-guajira/cerrejon-y-comunidades-wayuu-cierran-acuerdos-por-linea-electrica.html,exclusion_beneficios_economicos,Maicao,V08,13
https://diariodelnorte.net/judiciales/incautan-302-500-cajetillas-de-cigarrillo-de-contrabando-en-bodega-del-barrio-san-francisco-de-maicao/,exclusion_beneficios_economicos,Maicao,V08,14
https://diariodelnorte.net/opinion/deuda-ancestral-deuda-eterna-o-dialogo-pendiente/,exclusion_beneficios_economicos,Maicao,V08,15
https://diariodelnorte.net/editorial/nuevo-ataque-contra-cerrejon/,exclusion_beneficios_economicos,Maicao,V09,1
https://laguajirahoy.com/politica/candidata-de-la-fuerza-sufre-desmayo-durante-recorrido-en-maicao.html,exclusion_beneficios_economicos,Maicao,V09,2
https://laguajirahoy.com/nacion/vicecontralor-revisara-avances-de-obras-y-exigira-destrabes-en-la-guajira.html,exclusion_beneficios_economicos,Maicao,V09,3
https://laguajirahoy.com/exclusivo/acuerdo-indemnizatorio-wayuu-tras-accidente-vial-en-la-guajira.html,exclusion_beneficios_economicos,Maicao,V09,4
https://diariodelnorte.net/opinion/no-todo-lo-que-pasa-en-la-guajira-le-interesa-al-resto-de-colombia/,exclusion_beneficios_economicos,Maicao,V09,5
https://diariodelnorte.net/editorial/pobreza-del-caribe-no-es-para-burla/,exclusion_beneficios_economicos,Maicao,V09,6
https://diariodelnorte.net/judiciales/comunidades-wayuu-levantan-bloqueo-al-relleno-sanitario-del-norte-tras-acuerdos-con-el-alcalde-de-maicao/,exclusion_beneficios_economicos,Maicao,V09,7
https://diariodelnorte.net/opinion/oportunistas-silenciosmatando-el-grillo-para-sacarle-el-pito/,exclusion_beneficios_economicos,Maicao,V09,8
https://diariodelnorte.net/opinion/feliz-navidad-y-venturoso-ano-nuevo/,exclusion_beneficios_economicos,Maicao,V09,9
https://laguajirahoy.com/nacion/gobierno-entrega-5-400-millones-y-avanza-en-reparacion-a-victimas-en-la-guajira.html,exclusion_beneficios_economicos,Maicao,V09,10
https://laguajirahoy.com/politica-2/proponen-elevar-a-maicao-a-distrito-especial-desde-el-congreso.html,exclusion_beneficios_economicos,Maicao,V09,11
https://diariodelnorte.net/opinion/deuda-ancestral-deuda-eterna-o-dialogo-pendiente/,exclusion_beneficios_economicos,Maicao,V09,12
https://laguajirahoy.com/medio-ambiente/corpoguajira-implementa-proyecto-de-agua-potable-en-comunidades-indigenas-de-maicao-y-manaure.html,exclusion_beneficios_economicos,Maicao,V09,13
https://diariodelnorte.net/laguajira/corpoguajira-implementara-proyecto-de-agua-para-comunidades-indigenas-de-maicao-y-manaure/,exclusion_beneficios_economicos,Maicao,V09,14
https://laguajirahoy.com/nacion-2/indemnizan-a-victimas-del-conflicto-en-la-guajira.html,exclusion_beneficios_economicos,Maicao,V09,15
https://diariodelnorte.net/editorial/nuevo-ataque-contra-cerrejon/,exclusion_beneficios_economicos,Maicao,V10,1
https://laguajirahoy.com/politica/candidata-de-la-fuerza-sufre-desmayo-durante-recorrido-en-maicao.html,exclusion_beneficios_economicos,Maicao,V10,2
https://diariodelnorte.net/judiciales/incautan-302-500-cajetillas-de-cigarrillo-de-contrabando-en-bodega-del-barrio-san-francisco-de-maicao/,exclusion_beneficios_economicos,Maicao,V10,3
https://laguajirahoy.com/exclusivo/acuerdo-indemnizatorio-wayuu-tras-accidente-vial-en-la-guajira.html,exclusion_beneficios_economicos,Maicao,V10,4
https://diariodelnorte.net/editorial/pobreza-del-caribe-no-es-para-burla/,exclusion_beneficios_economicos,Maicao,V10,5
https://diariodelnorte.net/opinion/no-todo-lo-que-pasa-en-la-guajira-le-interesa-al-resto-de-colombia/,exclusion_beneficios_economicos,Maicao,V10,6
https://laguajirahoy.com/nacion/vicecontralor-revisara-avances-de-obras-y-exigira-destrabes-en-la-guajira.html,exclusion_beneficios_economicos,Maicao,V10,7
https://diariodelnorte.net/judiciales/comunidades-wayuu-levantan-bloqueo-al-relleno-sanitario-del-norte-tras-acuerdos-con-el-alcalde-de-maicao/,exclusion_beneficios_economicos,Maicao,V10,8
https://diariodelnorte.net/opinion/deuda-ancestral-deuda-eterna-o-dialogo-pendiente/,exclusion_beneficios_economicos,Maicao,V10,9
https://diariodelnorte.net/opinion/feliz-navidad-y-venturoso-ano-nuevo/,exclusion_beneficios_economicos,Maicao,V10,10
https://laguajirahoy.com/barrancas-%f0%9f%8e%b5/barrancas-inicia-actualizacion-del-pbot-para-ordenar-su-crecimiento.html,exclusion_beneficios_economicos,Maicao,V10,11
https://diariodelnorte.net/opinion/oportunistas-silenciosmatando-el-grillo-para-sacarle-el-pito/,exclusion_beneficios_economicos,Maicao,V10,12
https://diariodelnorte.net/laguajira/corpoguajira-implementara-proyecto-de-agua-para-comunidades-indigenas-de-maicao-y-manaure/,exclusion_beneficios_economicos,Maicao,V10,13
https://laguajirahoy.com/politica-2/proponen-elevar-a-maicao-a-distrito-especial-desde-el-congreso.html,exclusion_beneficios_economicos,Maicao,V10,14
https://laguajirahoy.com/nacion/gobierno-entrega-5-400-millones-y-avanza-en-reparacion-a-victimas-en-la-guajira.html,exclusion_beneficios_economicos,Maicao,V10,15
https://diariodelnorte.net/opinion/oportunistas-silenciosmatando-el-grillo-para-sacarle-el-pito/,exclusion_beneficios_economicos,Maicao,V11,1
https://diariodelnorte.net/opinion/no-todo-lo-que-pasa-en-la-guajira-le-interesa-al-resto-de-colombia/,exclusion_beneficios_economicos,Maicao,V11,2
https://laguajirahoy.com/nacion/vicecontralor-revisara-avances-de-obras-y-exigira-destrabes-en-la-guajira.html,exclusion_beneficios_economicos,Maicao,V11,3
https://laguajirahoy.com/exclusivo/acuerdo-indemnizatorio-wayuu-tras-accidente-vial-en-la-guajira.html,exclusion_beneficios_economicos,Maicao,V11,4
https://laguajirahoy.com/politica-2/proponen-elevar-a-maicao-a-distrito-especial-desde-el-congreso.html,exclusion_beneficios_economicos,Maicao,V11,5
https://laguajirahoy.com/judiciales/mercancia-ilegal-de-cigarrillos-incautada-en-la-guajira.html,exclusion_beneficios_economicos,Maicao,V11,6
https://laguajirahoy.com/maicao/exalcalde-de-maicao-advierte-los-hogares-ya-no-se-estan-respetando.html,exclusion_beneficios_economicos,Maicao,V11,7
https://diariodelnorte.net/laguajira/fuerzas-militares-mantienen-presencia-y-acompanamiento-a-la-poblacion-en-la-guajira/,exclusion_beneficios_economicos,Maicao,V12,1
https://diariodelnorte.net/judiciales/incautan-302-500-cajetillas-de-cigarrillo-de-contrabando-en-bodega-del-barrio-san-francisco-de-maicao/,exclusion_beneficios_economicos,Maicao,V12,2
https://www.eltiempo.com/salud/ministerio-de-salud-y-asociacion-colombiana-de-sociedades-cientificas-se-enfrentan-por-cumplimiento-de-tutela-sobre-equipos-basicos-de-salud-3526282,exclusion_beneficios_economicos,Maicao,V12,3
https://diariodelnorte.net/judiciales/incautan-mas-de-9-000-medicamentos-de-presunta-comercializacion-ilegal-en-maicao-una-persona-fue-capturada/,exclusion_beneficios_economicos,Maicao,V12,4
https://laguajirahoy.com/comunidad/motociclismo-organizado-busca-abrirse-camino-en-la-guajira-con-respaldo-institucional.html,exclusion_beneficios_economicos,Maicao,V12,5
https://www.eltiempo.com/salud/liquidar-eps-podria-provocar-una-crisis-sin-precedentes-y-pondria-en-riesgo-a-millones-de-pacientes-advierten-exministros-y-actores-del-sector-salud-3526372,exclusion_beneficios_economicos,Maicao,V12,6
https://diariodelnorte.net/opinion/disparadas-las-muertes-violentas-en-la-guajira/,exclusion_beneficios_economicos,Maicao,V12,7
https://diariodelnorte.net/nacion/minminas-elimina-mezcla-de-biocombustibles-en-la-guajira-y-narino-se-proyecta-rebaja-en-gasolina-y-acpm/,exclusion_beneficios_economicos,Maicao,V12,8
https://diariodelnorte.net/laguajira/maicao-inaugura-la-pavimentacion-de-la-calle-novena/,exclusion_beneficios_economicos,Maicao,V12,9
https://laguajirahoy.com/la-guajira/comfaguajira-celebra-semana-del-servicio-con-actividades-de-bienestar-y-compromiso-social.html,exclusion_beneficios_economicos,Maicao,V12,10
https://diariodelnorte.net/opinion/el-desastre-hecho-por-el-concejo-de-maicao-en-la-aprobacion-del-acuerdo-024-del-2026/,exclusion_beneficios_economicos,Maicao,V12,11
https://laguajirahoy.com/judiciales/ejercito-y-policia-incautan-550-kilos-de-marihuana-en-via-de-la-guajira.html,exclusion_beneficios_economicos,Maicao,V12,12
https://laguajirahoy.com/maicao/mercado-comunitario-conecta-a-productores-rurales-con-familias-de-maicao.html,exclusion_beneficios_economicos,Maicao,V12,13
https://laguajirahoy.com/la-guajira-4/tarifa-de-energia-sube-y-golpea-usuarios-de-la-guajira.html,exclusion_beneficios_economicos,Maicao,V12,14
https://diariodelnorte.net/opinion/cuando-la-clase-se-vuelve-sala-de-urgencias/,exclusion_beneficios_economicos,Maicao,V12,15
https://diariodelnorte.net/judiciales/comunidad-bloquea-la-via-maicao-paradero-por-falta-de-agua-potable-y-servicio-electrico/,rechazo_proyecto,Maicao,V01,1
https://diariodelnorte.net/judiciales/levantan-bloqueos-en-las-salidas-de-maicao-hacia-albania-y-riohacha-tras-acuerdos-con-campesinos/,rechazo_proyecto,Maicao,V01,2
https://laguajirahoy.com/judiciales/abogado-ira-a-la-carcel-mientras-investigan-muerte-de-mototaxista-en-fonseca.html,rechazo_proyecto,Maicao,V01,3
https://laguajirahoy.com/judiciales/autoridades-redoblan-acciones-para-esclarecer-masacre-en-maicao-que-dejo-cinco-victimas-mortales.html,rechazo_proyecto,Maicao,V01,4
https://diariodelnorte.net/judiciales/habitantes-de-comunidad-indigena-bloquean-la-via-maicao-riohacha-para-exigir-reconocimiento/,rechazo_proyecto,Maicao,V01,5
https://www.eltiempo.com/colombia/otras-ciudades/dormitorios-destruidos-y-zonas-militares-devastadas-asi-quedo-el-batallon-atacado-con-explosivos-en-la-guajira-que-dejo-doce-soldados-heridos-3558725,rechazo_proyecto,Maicao,V01,6
https://diariodelnorte.net/judiciales/restablecen-movilidad-en-alto-pino-tras-bloqueo-comunidades-exigen-dialogo-con-icbf-y-gobernacion/,rechazo_proyecto,Maicao,V01,7
https://diariodelnorte.net/judiciales/comunidades-wayuu-levantan-bloqueo-en-la-via-riohacha-maicao-tras-acordar-mesa-de-dialogo-por-atentado-en-alto-pino/,rechazo_proyecto,Maicao,V01,8
https://diariodelnorte.net/judiciales/comunidad-wayuu-bloquea-el-paso-vehicular-en-cuatro-vias-para-exigir-reposicion-de-transformador-averiado/,rechazo_proyecto,Maicao,V01,9
https://diariodelnorte.net/judiciales/ediles-de-paraguachon-denuncian-amenazas-tras-recibir-video-intimidante/,rechazo_proyecto,Maicao,V01,10
https://laguajirahoy.com/judiciales/bloqueo-en-via-riohacha-maicao-fue-levantado-tras-dialogo.html,rechazo_proyecto,Maicao,V01,11
https://www.eltiempo.com/vida/educacion/medio-millon-de-ninos-se-quedarian-sin-alimentacion-escolar-gobierno-nacional-y-alcaldias-y-gobernaciones-se-responsabilizan-mutuamente-3485785,rechazo_proyecto,Maicao,V01,12
https://laguajirahoy.com/la-guajira/dia-mundial-de-la-asistencia-humanitaria-la-guajira-enfrenta-crisis-por-recorte-internacional.html,rechazo_proyecto,Maicao,V01,13
https://www.eltiempo.com/justicia/cortes/la-alerta-de-la-corte-constitucional-por-grupos-armados-que-frenan-controles-sobre-la-crisis-wayuu-en-la-guajira-3554617,rechazo_proyecto,Maicao,V01,14
https://diariodelnorte.net/editorial/todos-contra-la-violencia/,rechazo_proyecto,Maicao,V01,15
https://diariodelnorte.net/judiciales/comunidad-bloquea-la-via-maicao-paradero-por-falta-de-agua-potable-y-servicio-electrico/,rechazo_proyecto,Maicao,V02,1
https://diariodelnorte.net/judiciales/levantan-bloqueos-en-las-salidas-de-maicao-hacia-albania-y-riohacha-tras-acuerdos-con-campesinos/,rechazo_proyecto,Maicao,V02,2
https://diariodelnorte.net/judiciales/ediles-de-paraguachon-denuncian-amenazas-tras-recibir-video-intimidante/,rechazo_proyecto,Maicao,V02,3
https://diariodelnorte.net/laguajira/jarlen-garrido-advierte-sobre-crisis-migratoria-en-maicao-tras-ausencia-de-la-cancilleria-en-foro-internacional/,rechazo_proyecto,Maicao,V02,4
https://diariodelnorte.net/judiciales/policia-nacional-captura-en-maicao-a-hombre-por-porte-ilegal-de-arma-de-fuego/,rechazo_proyecto,Maicao,V02,5
https://diariodelnorte.net/laguajira/procuraduria-lleva-feria-de-servicios-a-uribia-para-garantizar-derechos-de-la-ninez-wayuu/,rechazo_proyecto,Maicao,V02,6
https://diariodelnorte.net/judiciales/tras-semanas-de-busqueda-encuentran-restos-que-pertenecerian-a-hombre-desaparecido/,rechazo_proyecto,Maicao,V02,7
https://www.eltiempo.com/vida/educacion/medio-millon-de-ninos-se-quedarian-sin-alimentacion-escolar-gobierno-nacional-y-alcaldias-y-gobernaciones-se-responsabilizan-mutuamente-3485785,rechazo_proyecto,Maicao,V02,8
https://www.eltiempo.com/colombia/otras-ciudades/el-bendito-menor-estaria-detras-de-la-masacre-de-cinco-personas-en-maicao-anuncio-limpieza-social-en-video-de-hombres-armados-3523393,rechazo_proyecto,Maicao,V02,9
https://laguajirahoy.com/judiciales/abogado-ira-a-la-carcel-mientras-investigan-muerte-de-mototaxista-en-fonseca.html,rechazo_proyecto,Maicao,V02,10
https://laguajirahoy.com/judiciales/autoridades-redoblan-acciones-para-esclarecer-masacre-en-maicao-que-dejo-cinco-victimas-mortales.html,rechazo_proyecto,Maicao,V02,11
https://diariodelnorte.net/editorial/todos-contra-la-violencia/,rechazo_proyecto,Maicao,V02,12
https://laguajirahoy.com/nacion-2/corte-exige-acciones-urgentes-para-garantizar-agua-a-ninez-wayuu.html,rechazo_proyecto,Maicao,V02,13
https://laguajirahoy.com/maicao/robaron-llaves-a-cuadrilla-de-aguas-de-la-peninsula-en-maicao.html,rechazo_proyecto,Maicao,V02,14
https://diariodelnorte.net/judiciales/habitantes-de-comunidad-indigena-bloquean-la-via-maicao-riohacha-para-exigir-reconocimiento/,rechazo_proyecto,Maicao,V02,15
https://diariodelnorte.net/judiciales/comunidad-bloquea-la-via-maicao-paradero-por-falta-de-agua-potable-y-servicio-electrico/,rechazo_proyecto,Maicao,V03,1
https://diariodelnorte.net/judiciales/levantan-bloqueos-en-las-salidas-de-maicao-hacia-albania-y-riohacha-tras-acuerdos-con-campesinos/,rechazo_proyecto,Maicao,V03,2
https://diariodelnorte.net/laguajira/procuraduria-lleva-feria-de-servicios-a-uribia-para-garantizar-derechos-de-la-ninez-wayuu/,rechazo_proyecto,Maicao,V03,3
https://diariodelnorte.net/laguajira/jarlen-garrido-advierte-sobre-crisis-migratoria-en-maicao-tras-ausencia-de-la-cancilleria-en-foro-internacional/,rechazo_proyecto,Maicao,V03,4
https://diariodelnorte.net/judiciales/policia-nacional-captura-en-maicao-a-hombre-por-porte-ilegal-de-arma-de-fuego/,rechazo_proyecto,Maicao,V03,5
https://laguajirahoy.com/judiciales/se-reabre-frontera-y-se-normaliza-paso-por-paraguachon-en-la-guajira.html,rechazo_proyecto,Maicao,V03,6
https://diariodelnorte.net/judiciales/ediles-de-paraguachon-denuncian-amenazas-tras-recibir-video-intimidante/,rechazo_proyecto,Maicao,V03,7
https://www.eltiempo.com/colombia/otras-ciudades/el-bendito-menor-estaria-detras-de-la-masacre-de-cinco-personas-en-maicao-anuncio-limpieza-social-en-video-de-hombres-armados-3523393,rechazo_proyecto,Maicao,V03,8
https://laguajirahoy.com/judiciales/autoridades-redoblan-acciones-para-esclarecer-masacre-en-maicao-que-dejo-cinco-victimas-mortales.html,rechazo_proyecto,Maicao,V03,9
https://www.eltiempo.com/salud/polemica-por-millonaria-inversion-de-minsalud-entregaron-dos-lanchas-ambulancia-a-maicao-un-municipio-sin-mar-ni-rio-ubicado-en-pleno-desierto-3526037,rechazo_proyecto,Maicao,V03,10
https://www.eltiempo.com/vida/educacion/medio-millon-de-ninos-se-quedarian-sin-alimentacion-escolar-gobierno-nacional-y-alcaldias-y-gobernaciones-se-responsabilizan-mutuamente-3485785,rechazo_proyecto,Maicao,V03,11
https://www.eltiempo.com/justicia/conflicto-y-narcotrafico/acciones-armadas-y-afectaciones-del-eln-se-registran-en-seis-departamentos-este-es-el-balance-3517116,rechazo_proyecto,Maicao,V03,12
https://www.eltiempo.com/colombia/otras-ciudades/dormitorios-destruidos-y-zonas-militares-devastadas-asi-quedo-el-batallon-atacado-con-explosivos-en-la-guajira-que-dejo-doce-soldados-heridos-3558725,rechazo_proyecto,Maicao,V03,13
https://diariodelnorte.net/judiciales/habitantes-de-comunidad-indigena-bloquean-la-via-maicao-riohacha-para-exigir-reconocimiento/,rechazo_proyecto,Maicao,V03,14
https://www.eltiempo.com/colombia/otras-ciudades/piratas-terrestres-vuelven-a-sembrar-terror-en-la-guajira-hombres-armados-asaltan-vehiculo-en-plena-via-y-quedan-en-video-3553317,rechazo_proyecto,Maicao,V03,15
https://diariodelnorte.net/judiciales/habitantes-de-comunidad-indigena-bloquean-la-via-maicao-riohacha-para-exigir-reconocimiento/,rechazo_proyecto,Maicao,V04,1
https://laguajirahoy.com/judiciales/gaula-captura-a-presunto-extorsionista-que-intimidaba-comerciantes-en-maicao.html,rechazo_proyecto,Maicao,V04,2
https://laguajirahoy.com/judiciales/cinco-jovenes-asesinados-a-bala-en-maicao-estremecen-a-la-guajira.html,rechazo_proyecto,Maicao,V04,3
https://laguajirahoy.com/politica-2/campana-juntos-somos-la-fuerza-rechaza-denuncias-electorales-infundadas.html,rechazo_proyecto,Maicao,V04,4
https://laguajirahoy.com/nacion-2/toma-mi-mano-una-apuesta-humanitaria-con-impacto-en-la-guajira.html,rechazo_proyecto,Maicao,V04,5
https://diariodelnorte.net/judiciales/persisten-bloqueos-en-vias-de-la-guajira-por-protestas-indigenas-y-afrodescendientes/,rechazo_proyecto,Maicao,V04,6
https://laguajirahoy.com/la-guajira/no-mas-bloqueos-el-clamor-ciudadano-en-defensa-de-cerrejon-y-la-guajira.html,rechazo_proyecto,Maicao,V04,7
https://diariodelnorte.net/opinion/deuda-ancestral-deuda-eterna-o-dialogo-pendiente/,rechazo_proyecto,Maicao,V04,8
https://diariodelnorte.net/judiciales/comunidad-bloquea-la-via-maicao-paradero-por-falta-de-agua-potable-y-servicio-electrico/,rechazo_proyecto,Maicao,V04,9
https://laguajirahoy.com/la-guajira/director-de-transito-de-albania-denuncia-intento-de-soborno-y-falsas-acusaciones.html,rechazo_proyecto,Maicao,V04,10
https://diariodelnorte.net/judiciales/atentado-sicarial-contra-lider-wayuu-en-maicao-deja-un-presunto-atacante-muerto/,rechazo_proyecto,Maicao,V04,11
https://laguajirahoy.com/judiciales/la-seguridad-llego-tarde-al-turismo-guajiro.html,rechazo_proyecto,Maicao,V04,12
https://www.eltiempo.com/mundo/venezuela/padrino-lopez-confirmo-el-asesinato-de-varios-miembros-del-equipo-de-seguridad-de-nicolas-maduro-tras-los-bombardeos-de-estados-unidos-3521738,rechazo_proyecto,Maicao,V04,13
https://www.eltiempo.com/colombia/otras-ciudades/misterio-en-la-guajira-por-muerte-de-dos-empresarios-en-una-fiesta-de-cumpleanos-el-anfitrion-era-amigo-cercano-del-cantante-vallenato-martin-elias-3572007,rechazo_proyecto,Maicao,V04,14
https://laguajirahoy.com/maicao/manos-rojas-alzan-su-voz-por-la-ninez-de-maicao.html,rechazo_proyecto,Maicao,V04,15
https://diariodelnorte.net/judiciales/comunidad-bloquea-la-via-maicao-paradero-por-falta-de-agua-potable-y-servicio-electrico/,rechazo_proyecto,Maicao,V05,1
https://laguajirahoy.com/judiciales/bloqueo-en-via-riohacha-maicao-fue-levantado-tras-dialogo.html,rechazo_proyecto,Maicao,V05,2
https://diariodelnorte.net/judiciales/comunidad-wayuu-bloquea-el-paso-vehicular-en-cuatro-vias-para-exigir-reposicion-de-transformador-averiado/,rechazo_proyecto,Maicao,V05,3
https://laguajirahoy.com/politica/senador-guajiro-pide-soluciones-para-la-salud-en-alta-guajira.html,rechazo_proyecto,Maicao,V05,4
https://diariodelnorte.net/judiciales/comunidad-wayuu-bloquea-la-via-paradero-maicao-por-incumplimiento-de-acuerdos-en-servicios-publicos/,rechazo_proyecto,Maicao,V05,5
https://diariodelnorte.net/judiciales/levantan-bloqueo-en-la-via-riohacha-maicao-tras-acuerdos-con-comunidades-wayuu/,rechazo_proyecto,Maicao,V05,6
https://diariodelnorte.net/laguajira/mas-de-20-000-habitantes-de-maicao-completan-tres-dias-con-afectaciones-en-el-servicio-de-agua/,rechazo_proyecto,Maicao,V05,7
https://elpilon.com.co/judicial/gobierno-ofrece-hasta-500-millones-de-recompensa-por-responsables-de-masacre-en-maicao-alias-nain-niega-su-participacion-a-traves-de-un-video,rechazo_proyecto,Maicao,V05,8
https://diariodelnorte.net/politica/uribe-respaldo-a-paloma-valencia-y-critico-al-gobierno-durante-visita-a-riohacha/,rechazo_proyecto,Maicao,V05,9
https://laguajirahoy.com/maicao/maicao-desde-el-cielo-cautiva-con-imagenes-autenticas-y-sin-filtros-urbanos.html,rechazo_proyecto,Maicao,V05,10
https://laguajirahoy.com/nacion/vicecontralor-revisara-avances-de-obras-y-exigira-destrabes-en-la-guajira.html,rechazo_proyecto,Maicao,V05,11
https://www.eltiempo.com/economia/sectores/ecopetrol-reactivara-la-construccion-de-windpeshi-a-partir-de-mayo-obras-podrian-tardar-hasta-dos-anos-3550323,rechazo_proyecto,Maicao,V05,12
https://diariodelnorte.net/judiciales/ejercito-confirma-que-alias-nain-y-su-pareja-escaparon-tras-combates-en-dibulla/,rechazo_proyecto,Maicao,V05,13
https://diariodelnorte.net/laguajira/ministra-de-igualdad-y-equidad-llega-a-la-guajira-con-la-caravana-de-la-igualdad-en-la-lucha-contra-el-hambre/,rechazo_proyecto,Maicao,V05,14
https://diariodelnorte.net/judiciales/bloquean-via-riohacha-maicao-para-exigir-traslado-de-joven-herido-en-accidente/,rechazo_proyecto,Maicao,V05,15
https://laguajirahoy.com/judiciales/abogado-ira-a-la-carcel-mientras-investigan-muerte-de-mototaxista-en-fonseca.html,rechazo_proyecto,Maicao,V06,1
https://diariodelnorte.net/judiciales/levantan-bloqueos-en-las-salidas-de-maicao-hacia-albania-y-riohacha-tras-acuerdos-con-campesinos/,rechazo_proyecto,Maicao,V06,2
https://www.eltiempo.com/colombia/otras-ciudades/dormitorios-destruidos-y-zonas-militares-devastadas-asi-quedo-el-batallon-atacado-con-explosivos-en-la-guajira-que-dejo-doce-soldados-heridos-3558725,rechazo_proyecto,Maicao,V06,3
https://www.eltiempo.com/vida/educacion/medio-millon-de-ninos-se-quedarian-sin-alimentacion-escolar-gobierno-nacional-y-alcaldias-y-gobernaciones-se-responsabilizan-mutuamente-3485785,rechazo_proyecto,Maicao,V06,4
https://www.eltiempo.com/justicia/cortes/la-alerta-de-la-corte-constitucional-por-grupos-armados-que-frenan-controles-sobre-la-crisis-wayuu-en-la-guajira-3554617,rechazo_proyecto,Maicao,V06,5
https://laguajirahoy.com/judiciales/bloqueo-en-via-riohacha-maicao-fue-levantado-tras-dialogo.html,rechazo_proyecto,Maicao,V06,6
https://www.eltiempo.com/salud/liquidar-eps-podria-provocar-una-crisis-sin-precedentes-y-pondria-en-riesgo-a-millones-de-pacientes-advierten-exministros-y-actores-del-sector-salud-3526372,rechazo_proyecto,Maicao,V06,7
https://www.eltiempo.com/colombia/otras-ciudades/piratas-terrestres-vuelven-a-sembrar-terror-en-la-guajira-hombres-armados-asaltan-vehiculo-en-plena-via-y-quedan-en-video-3553317,rechazo_proyecto,Maicao,V06,8
https://diariodelnorte.net/editorial/nuevo-ataque-contra-cerrejon/,rechazo_proyecto,Maicao,V06,9
https://www.eltiempo.com/justicia/conflicto-y-narcotrafico/autodefensas-conquistadoras-de-la-sierra-nevada-dicen-que-no-ejecutaron-masacre-de-maicao-3523635,rechazo_proyecto,Maicao,V06,10
https://diariodelnorte.net/editorial/todos-contra-la-violencia/,rechazo_proyecto,Maicao,V06,11
https://diariodelnorte.net/laguajira/maicao-inaugura-la-pavimentacion-de-la-calle-novena/,rechazo_proyecto,Maicao,V06,12
https://laguajirahoy.com/la-guajira/dia-mundial-de-la-asistencia-humanitaria-la-guajira-enfrenta-crisis-por-recorte-internacional.html,rechazo_proyecto,Maicao,V06,13
https://diariodelnorte.net/editorial/se-recrudece-la-violencia-en-la-guajira/,rechazo_proyecto,Maicao,V06,14
https://laguajirahoy.com/judiciales/delincuentes-armados-irrumpen-y-saquean-vivienda-en-fonseca.html,rechazo_proyecto,Maicao,V06,15
https://laguajirahoy.com/judiciales/se-reabre-frontera-y-se-normaliza-paso-por-paraguachon-en-la-guajira.html,rechazo_proyecto,Maicao,V07,1
https://diariodelnorte.net/laguajira/procuraduria-lleva-feria-de-servicios-a-uribia-para-garantizar-derechos-de-la-ninez-wayuu/,rechazo_proyecto,Maicao,V07,2
https://diariodelnorte.net/judiciales/levantan-bloqueos-en-las-salidas-de-maicao-hacia-albania-y-riohacha-tras-acuerdos-con-campesinos/,rechazo_proyecto,Maicao,V07,3
https://www.eltiempo.com/vida/educacion/medio-millon-de-ninos-se-quedarian-sin-alimentacion-escolar-gobierno-nacional-y-alcaldias-y-gobernaciones-se-responsabilizan-mutuamente-3485785,rechazo_proyecto,Maicao,V07,4
https://www.eltiempo.com/colombia/otras-ciudades/dormitorios-destruidos-y-zonas-militares-devastadas-asi-quedo-el-batallon-atacado-con-explosivos-en-la-guajira-que-dejo-doce-soldados-heridos-3558725,rechazo_proyecto,Maicao,V07,5
https://diariodelnorte.net/judiciales/policia-nacional-captura-en-maicao-a-hombre-por-porte-ilegal-de-arma-de-fuego/,rechazo_proyecto,Maicao,V07,6
https://www.eltiempo.com/colombia/otras-ciudades/piratas-terrestres-vuelven-a-sembrar-terror-en-la-guajira-hombres-armados-asaltan-vehiculo-en-plena-via-y-quedan-en-video-3553317,rechazo_proyecto,Maicao,V07,7
https://www.eltiempo.com/justicia/conflicto-y-narcotrafico/acciones-armadas-y-afectaciones-del-eln-se-registran-en-seis-departamentos-este-es-el-balance-3517116,rechazo_proyecto,Maicao,V07,8
https://www.eltiempo.com/justicia/cortes/la-alerta-de-la-corte-constitucional-por-grupos-armados-que-frenan-controles-sobre-la-crisis-wayuu-en-la-guajira-3554617,rechazo_proyecto,Maicao,V07,9
https://laguajirahoy.com/nacion-2/abren-proceso-para-elegir-comision-asesora-nacional-de-derechos-humanos.html,rechazo_proyecto,Maicao,V07,10
https://diariodelnorte.net/laguajira/homicidios-en-la-guajira-estarian-ligados-a-disputas-entre-estructuras-criminales-segun-secretario-de-gobierno/,rechazo_proyecto,Maicao,V07,11
https://laguajirahoy.com/judiciales/hombre-resulto-herido-durante-presunto-asalto-entre-uribia-y-maicao.html,rechazo_proyecto,Maicao,V07,12
https://diariodelnorte.net/editorial/el-drama-del-agua-en-la-guajira/,rechazo_proyecto,Maicao,V07,13
https://www.eltiempo.com/justicia/conflicto-y-narcotrafico/el-bloqueo-en-la-troncal-del-caribe-con-la-que-se-busco-evitar-el-traslado-de-la-bebecita-companera-sentimental-de-cabecilla-de-los-pachencas-3494162,rechazo_proyecto,Maicao,V07,14
https://laguajirahoy.com/judiciales/abogado-ira-a-la-carcel-mientras-investigan-muerte-de-mototaxista-en-fonseca.html,rechazo_proyecto,Maicao,V07,15
https://diariodelnorte.net/judiciales/restablecen-movilidad-en-alto-pino-tras-bloqueo-comunidades-exigen-dialogo-con-icbf-y-gobernacion/,rechazo_proyecto,Maicao,V08,1
https://diariodelnorte.net/judiciales/comunidades-wayuu-levantan-bloqueo-en-la-via-riohacha-maicao-tras-acordar-mesa-de-dialogo-por-atentado-en-alto-pino/,rechazo_proyecto,Maicao,V08,2
https://laguajirahoy.com/la-guajira/dia-mundial-de-la-asistencia-humanitaria-la-guajira-enfrenta-crisis-por-recorte-internacional.html,rechazo_proyecto,Maicao,V08,3
https://www.eltiempo.com/justicia/cortes/la-alerta-de-la-corte-constitucional-por-grupos-armados-que-frenan-controles-sobre-la-crisis-wayuu-en-la-guajira-3554617,rechazo_proyecto,Maicao,V08,4
https://laguajirahoy.com/politica/senador-guajiro-pide-soluciones-para-la-salud-en-alta-guajira.html,rechazo_proyecto,Maicao,V08,5
https://diariodelnorte.net/laguajira/maicao-inaugura-la-pavimentacion-de-la-calle-novena/,rechazo_proyecto,Maicao,V08,6
https://diariodelnorte.net/editorial/nuevo-ataque-contra-cerrejon/,rechazo_proyecto,Maicao,V08,7
https://diariodelnorte.net/editorial/lanchas-entre-la-urgencia-y-las-dudas/,rechazo_proyecto,Maicao,V08,8
https://diariodelnorte.net/editorial/vias-para-la-guajira/,rechazo_proyecto,Maicao,V08,9
https://diariodelnorte.net/judiciales/comunidades-wayuu-bloquean-nuevamente-la-via-maicao-riohacha-en-el-sector-de-alto-pino/,rechazo_proyecto,Maicao,V08,10
https://www.eltiempo.com/salud/minsalud-defiende-compra-de-lanchas-ambulancia-y-asegura-que-pese-a-estar-intervenido-el-hospital-san-jose-de-maicao-esta-habilitado-para-operarlas-3526278,rechazo_proyecto,Maicao,V08,11
https://diariodelnorte.net/laguajira/recoleccion-de-basuras-en-riohacha-sigue-en-crisis-alcaldia-exige-a-interaseo-cumplir-el-contrato/,rechazo_proyecto,Maicao,V08,12
https://diariodelnorte.net/laguajira/somos-guardianes-de-los-recursos-naturales-director-de-corpoguajira-explica-postura-sobre-canaverales-y-otros-retos-ambientales-en-la-guajira/,rechazo_proyecto,Maicao,V08,13
https://laguajirahoy.com/nacion/ecopetrol-da-luz-verde-al-mayor-parque-eolico-del-pais-en-la-guajira.html,rechazo_proyecto,Maicao,V08,14
https://laguajirahoy.com/nacion-2/corte-ordena-garantizar-educacion-wayuu-en-cuatro-comunidades-de-la-guajira.html,rechazo_proyecto,Maicao,V08,15
https://laguajirahoy.com/judiciales/se-reabre-frontera-y-se-normaliza-paso-por-paraguachon-en-la-guajira.html,rechazo_proyecto,Maicao,V09,1
https://www.eltiempo.com/salud/polemica-por-millonaria-inversion-de-minsalud-entregaron-dos-lanchas-ambulancia-a-maicao-un-municipio-sin-mar-ni-rio-ubicado-en-pleno-desierto-3526037,rechazo_proyecto,Maicao,V09,2
https://www.eltiempo.com/justicia/conflicto-y-narcotrafico/acciones-armadas-y-afectaciones-del-eln-se-registran-en-seis-departamentos-este-es-el-balance-3517116,rechazo_proyecto,Maicao,V09,3
https://www.eltiempo.com/justicia/cortes/la-alerta-de-la-corte-constitucional-por-grupos-armados-que-frenan-controles-sobre-la-crisis-wayuu-en-la-guajira-3554617,rechazo_proyecto,Maicao,V09,4
https://diariodelnorte.net/judiciales/restablecen-movilidad-en-alto-pino-tras-bloqueo-comunidades-exigen-dialogo-con-icbf-y-gobernacion/,rechazo_proyecto,Maicao,V09,5
https://diariodelnorte.net/judiciales/comunidades-wayuu-levantan-bloqueo-en-la-via-riohacha-maicao-tras-acordar-mesa-de-dialogo-por-atentado-en-alto-pino/,rechazo_proyecto,Maicao,V09,6
https://diariodelnorte.net/editorial/el-drama-del-agua-en-la-guajira/,rechazo_proyecto,Maicao,V09,7
https://www.eltiempo.com/justicia/conflicto-y-narcotrafico/ataque-del-eln-a-la-subestacion-de-policia-de-cuatro-vias-en-el-municipio-de-maicao-tras-anuncio-de-paro-armado-en-colombia-no-hay-reporte-de-heridos-3516887,rechazo_proyecto,Maicao,V09,8
https://www.eltiempo.com/salud/minsalud-defiende-compra-de-lanchas-ambulancia-y-asegura-que-pese-a-estar-intervenido-el-hospital-san-jose-de-maicao-esta-habilitado-para-operarlas-3526278,rechazo_proyecto,Maicao,V09,9
https://laguajirahoy.com/politica/senador-guajiro-pide-soluciones-para-la-salud-en-alta-guajira.html,rechazo_proyecto,Maicao,V09,10
https://diariodelnorte.net/editorial/nuevo-ataque-contra-cerrejon/,rechazo_proyecto,Maicao,V09,11
https://diariodelnorte.net/editorial/la-pista-seguira-en-el-anonimato-mundial/,rechazo_proyecto,Maicao,V09,12
https://diariodelnorte.net/editorial/lanchas-entre-la-urgencia-y-las-dudas/,rechazo_proyecto,Maicao,V09,13
https://laguajirahoy.com/maicao/alcaldia-y-contraloria-reactivan-pavimentacion-estancada-y-devuelven-movilidad-a-maicao.html,rechazo_proyecto,Maicao,V09,14
https://www.eltiempo.com/justicia/paz-y-derechos-humanos/atentados-confinamientos-y-homicidios-el-balance-de-la-defensoria-sobre-los-paros-armados-del-eln-y-mordisco-3516965,rechazo_proyecto,Maicao,V09,15
https://laguajirahoy.com/politica/senador-guajiro-pide-soluciones-para-la-salud-en-alta-guajira.html,rechazo_proyecto,Maicao,V10,1
https://laguajirahoy.com/nacion/vicecontralor-revisara-avances-de-obras-y-exigira-destrabes-en-la-guajira.html,rechazo_proyecto,Maicao,V10,2
https://www.eltiempo.com/economia/sectores/ecopetrol-reactivara-la-construccion-de-windpeshi-a-partir-de-mayo-obras-podrian-tardar-hasta-dos-anos-3550323,rechazo_proyecto,Maicao,V10,3
https://diariodelnorte.net/laguajira/maicao-inaugura-la-pavimentacion-de-la-calle-novena/,rechazo_proyecto,Maicao,V10,4
https://www.eltiempo.com/colombia/otras-ciudades/la-guajira-comunidades-wayus-y-ecopetrol-comienzan-a-tejer-juntos-el-futuro-energetico-del-pais-avanza-consulta-previa-en-windpeshi-3512443,rechazo_proyecto,Maicao,V10,5
https://diariodelnorte.net/sociales/policia-y-entidades-locales-lideran-jornada-comunitaria-por-la-convivencia-en-el-barrio-altos-de-parrantial-de-maicao/,rechazo_proyecto,Maicao,V10,6
https://diariodelnorte.net/laguajira/levantan-bloqueo-en-la-bocatoma-del-rio-jordan-tras-acuerdos-entre-alcaldia-aqualia-y-comunidades/,rechazo_proyecto,Maicao,V10,7
https://diariodelnorte.net/opinion/deuda-ancestral-deuda-eterna-o-dialogo-pendiente/,rechazo_proyecto,Maicao,V10,8
https://diariodelnorte.net/judiciales/atentado-sicarial-contra-lider-wayuu-en-maicao-deja-un-presunto-atacante-muerto/,rechazo_proyecto,Maicao,V10,9
https://diariodelnorte.net/opinion/el-pueblo-wayuu-de-la-guajira-protagonista-en-el-ficci-2026/,rechazo_proyecto,Maicao,V10,10
https://laguajirahoy.com/politica/autoridades-indigenas-respaldan-campana-juntos-somos-la-fuerza-en-maicao.html,rechazo_proyecto,Maicao,V10,11
https://www.eltiempo.com/datos/la-sombra-del-escandalo-de-la-ungrd-en-votos-de-la-guajira-asi-les-fue-a-wadith-manzur-a-ficha-del-jefe-politico-de-olmedo-lopez-y-a-martha-peralta-3541945,rechazo_proyecto,Maicao,V10,12
https://laguajirahoy.com/nacion/ecopetrol-da-luz-verde-al-mayor-parque-eolico-del-pais-en-la-guajira.html,rechazo_proyecto,Maicao,V10,13
https://laguajirahoy.com/politica-2/campesino-y-lider-social-busca-impulsar-cambios-en-carraipia.html,rechazo_proyecto,Maicao,V10,14
https://laguajirahoy.com/maicao/maicao-refuerza-acciones-para-prevenir-violencias-de-genero.html,rechazo_proyecto,Maicao,V10,15
https://laguajirahoy.com/judiciales/se-reabre-frontera-y-se-normaliza-paso-por-paraguachon-en-la-guajira.html,rechazo_proyecto,Maicao,V11,1
https://www.eltiempo.com/justicia/conflicto-y-narcotrafico/acciones-armadas-y-afectaciones-del-eln-se-registran-en-seis-departamentos-este-es-el-balance-3517116,rechazo_proyecto,Maicao,V11,2
https://www.eltiempo.com/justicia/cortes/la-alerta-de-la-corte-constitucional-por-grupos-armados-que-frenan-controles-sobre-la-crisis-wayuu-en-la-guajira-3554617,rechazo_proyecto,Maicao,V11,3
https://diariodelnorte.net/editorial/el-drama-del-agua-en-la-guajira/,rechazo_proyecto,Maicao,V11,4
https://www.eltiempo.com/justicia/conflicto-y-narcotrafico/ataque-del-eln-a-la-subestacion-de-policia-de-cuatro-vias-en-el-municipio-de-maicao-tras-anuncio-de-paro-armado-en-colombia-no-hay-reporte-de-heridos-3516887,rechazo_proyecto,Maicao,V11,5
https://diariodelnorte.net/editorial/nuevo-ataque-contra-cerrejon/,rechazo_proyecto,Maicao,V11,6
https://diariodelnorte.net/editorial/la-pista-seguira-en-el-anonimato-mundial/,rechazo_proyecto,Maicao,V11,7
https://laguajirahoy.com/maicao/alcaldia-y-contraloria-reactivan-pavimentacion-estancada-y-devuelven-movilidad-a-maicao.html,rechazo_proyecto,Maicao,V11,8
https://www.eltiempo.com/salud/las-polemicas-del-ministerio-de-salud-en-maicao-entregaron-lanchas-ambulancia-en-el-desierto-y-denuncias-que-salpican-a-la-esposa-del-ministro-3526064,rechazo_proyecto,Maicao,V11,9
https://www.eltiempo.com/justicia/conflicto-y-narcotrafico/el-eln-ejecuto-93-acciones-armadas-en-nueve-departamentos-durante-las-72-horas-del-denominado-paro-armado-3517621,rechazo_proyecto,Maicao,V11,10
https://laguajirahoy.com/judiciales/dos-extranjeros-fueron-asesinados-en-hechos-aislados-en-la-guajira.html,rechazo_proyecto,Maicao,V11,11
https://laguajirahoy.com/riohacha/huecos-en-la-calle-15-de-riohacha-ponen-en-riesgo-a-conductores-y-peatones.html,rechazo_proyecto,Maicao,V11,12
https://laguajirahoy.com/judiciales/capturan-en-riohacha-presunto-cabecilla-de-autodefensas-conquistadoras-de-la-sierra-nevada.html,rechazo_proyecto,Maicao,V11,13
https://diariodelnorte.net/judiciales/identifican-a-hombre-wayuu-asesinado-de-dos-impactos-de-bala-en-la-carretera-maicao-cuatro-vias/,rechazo_proyecto,Maicao,V11,14
https://laguajirahoy.com/nacion/gobierno-entrega-5-400-millones-y-avanza-en-reparacion-a-victimas-en-la-guajira.html,rechazo_proyecto,Maicao,V11,15
https://laguajirahoy.com/judiciales/bloqueo-en-via-riohacha-maicao-fue-levantado-tras-dialogo.html,rechazo_proyecto,Maicao,V12,1
https://diariodelnorte.net/politica/uribe-respaldo-a-paloma-valencia-y-critico-al-gobierno-durante-visita-a-riohacha/,rechazo_proyecto,Maicao,V12,2
https://laguajirahoy.com/nacion/vicecontralor-revisara-avances-de-obras-y-exigira-destrabes-en-la-guajira.html,rechazo_proyecto,Maicao,V12,3
https://www.eltiempo.com/economia/sectores/ecopetrol-reactivara-la-construccion-de-windpeshi-a-partir-de-mayo-obras-podrian-tardar-hasta-dos-anos-3550323,rechazo_proyecto,Maicao,V12,4
https://laguajirahoy.com/maicao/administracion-insiste-en-uso-responsable-y-en-alianzas-con-la-comunidad.html,rechazo_proyecto,Maicao,V12,5
https://www.eltiempo.com/colombia/otras-ciudades/la-guajira-comunidades-wayus-y-ecopetrol-comienzan-a-tejer-juntos-el-futuro-energetico-del-pais-avanza-consulta-previa-en-windpeshi-3512443,rechazo_proyecto,Maicao,V12,6
https://diariodelnorte.net/laguajira/maicao-inaugura-la-pavimentacion-de-la-calle-novena/,rechazo_proyecto,Maicao,V12,7
https://diariodelnorte.net/sociales/policia-y-entidades-locales-lideran-jornada-comunitaria-por-la-convivencia-en-el-barrio-altos-de-parrantial-de-maicao/,rechazo_proyecto,Maicao,V12,8
https://diariodelnorte.net/judiciales/ejercito-confirma-que-alias-nain-y-su-pareja-escaparon-tras-combates-en-dibulla/,rechazo_proyecto,Maicao,V12,9
https://laguajirahoy.com/judiciales/hostigamientos-del-eln-generan-panico-explosivos-y-miedo-en-la-guajira.html,rechazo_proyecto,Maicao,V12,10
https://diariodelnorte.net/opinion/deuda-ancestral-deuda-eterna-o-dialogo-pendiente/,rechazo_proyecto,Maicao,V12,11
https://www.eltiempo.com/colombia/otras-ciudades/de-pdvsa-a-las-trochas-y-del-miedo-al-arraigo-las-historias-de-venezolanos-en-colombia-en-medio-de-la-caida-de-maduro-y-la-promesa-de-una-transicion-3521813,rechazo_proyecto,Maicao,V12,12
https://diariodelnorte.net/judiciales/levantan-bloqueo-en-la-via-riohacha-maicao-tras-acuerdos-con-comunidades-wayuu/,rechazo_proyecto,Maicao,V12,13
https://laguajirahoy.com/nacion/ecopetrol-da-luz-verde-al-mayor-parque-eolico-del-pais-en-la-guajira.html,rechazo_proyecto,Maicao,V12,14
https://laguajirahoy.com/politica/autoridades-indigenas-respaldan-campana-juntos-somos-la-fuerza-en-maicao.html,rechazo_proyecto,Maicao,V12,15
https://diariodelnorte.net/judiciales/ediles-de-paraguachon-denuncian-amenazas-tras-recibir-video-intimidante/,desplazamiento_forzado,Maicao,V01,1
https://laguajirahoy.com/judiciales/ofrecen-hasta-100-millones-para-lograr-liberacion-de-angie-argaez.html,desplazamiento_forzado,Maicao,V01,2
https://laguajirahoy.com/comunidad/venezolanos-en-la-guajira-viven-con-emociones-encontradas-los-recientes-sucesos-politicos-en-su-pais.html,desplazamiento_forzado,Maicao,V01,3
https://diariodelnorte.net/judiciales/habitantes-de-comunidad-indigena-bloquean-la-via-maicao-riohacha-para-exigir-reconocimiento/,desplazamiento_forzado,Maicao,V01,4
https://www.eltiempo.com/colombia/otras-ciudades/el-bendito-menor-estaria-detras-de-la-masacre-de-cinco-personas-en-maicao-anuncio-limpieza-social-en-video-de-hombres-armados-3523393,desplazamiento_forzado,Maicao,V01,5
https://www.eltiempo.com/colombia/otras-ciudades/la-guajira-paro-armado-golpea-el-comercio-en-riohacha-perdidas-superan-los-35-mil-millones-en-tres-dias-3548966,desplazamiento_forzado,Maicao,V01,6
https://diariodelnorte.net/laguajira/maicao-se-posiciona-en-la-agenda-global-de-migracion-margarita-crespo-habib-lidera-representacion-ante-la-onu/,desplazamiento_forzado,Maicao,V01,7
https://diariodelnorte.net/laguajira/jarlen-garrido-advierte-sobre-crisis-migratoria-en-maicao-tras-ausencia-de-la-cancilleria-en-foro-internacional/,desplazamiento_forzado,Maicao,V01,8
https://www.eltiempo.com/colombia/otras-ciudades/piratas-terrestres-vuelven-a-sembrar-terror-en-la-guajira-hombres-armados-asaltan-vehiculo-en-plena-via-y-quedan-en-video-3553317,desplazamiento_forzado,Maicao,V01,9
https://laguajirahoy.com/judiciales/se-reabre-frontera-y-se-normaliza-paso-por-paraguachon-en-la-guajira.html,desplazamiento_forzado,Maicao,V01,10
https://www.eltiempo.com/colombia/barranquilla/barranquilla-un-avance-para-la-justicia-y-la-democracia-de-la-region-esto-dijo-el-alcalde-char-acerca-de-la-captura-de-nicolas-maduro-3521761,desplazamiento_forzado,Maicao,V01,11
https://diariodelnorte.net/laguajira/con-inversion-social-air-e-intervenida-y-aliados-entregan-transporte-escolar-para-los-ninos-de-yotojorotshi/,desplazamiento_forzado,Maicao,V01,12
https://diariodelnorte.net/judiciales/restablecen-movilidad-en-alto-pino-tras-bloqueo-comunidades-exigen-dialogo-con-icbf-y-gobernacion/,desplazamiento_forzado,Maicao,V01,13
https://laguajirahoy.com/nacion/satena-gestiona-vuelos-diarios-entre-riohacha-y-barranquilla-tras-colapso-del-puente.html,desplazamiento_forzado,Maicao,V01,14
https://www.eltiempo.com/mas-contenido/uniguajira-consolida-la-inclusion-educativa-en-territorios-vulnerables-3550670,desplazamiento_forzado,Maicao,V01,15
https://diariodelnorte.net/judiciales/ediles-de-paraguachon-denuncian-amenazas-tras-recibir-video-intimidante/,desplazamiento_forzado,Maicao,V02,1
https://laguajirahoy.com/comunidad/solidaridad-de-guajiros-crece-para-llevar-ayuda-a-damnificados-por-terremoto.html,desplazamiento_forzado,Maicao,V02,2
https://diariodelnorte.net/laguajira/jarlen-garrido-advierte-sobre-crisis-migratoria-en-maicao-tras-ausencia-de-la-cancilleria-en-foro-internacional/,desplazamiento_forzado,Maicao,V02,3
https://www.eltiempo.com/mas-contenido/uniguajira-consolida-la-inclusion-educativa-en-territorios-vulnerables-3550670,desplazamiento_forzado,Maicao,V02,4
https://laguajirahoy.com/judiciales/unidad-de-busqueda-recupera-25-cuerpos-en-cementerio-de-riohacha.html,desplazamiento_forzado,Maicao,V02,5
https://laguajirahoy.com/comunidad/venezolanos-en-la-guajira-viven-con-emociones-encontradas-los-recientes-sucesos-politicos-en-su-pais.html,desplazamiento_forzado,Maicao,V02,6
https://laguajirahoy.com/judiciales/ofrecen-hasta-100-millones-para-lograr-liberacion-de-angie-argaez.html,desplazamiento_forzado,Maicao,V02,7
https://laguajirahoy.com/la-guajira/dia-mundial-de-la-asistencia-humanitaria-la-guajira-enfrenta-crisis-por-recorte-internacional.html,desplazamiento_forzado,Maicao,V02,8
https://www.eltiempo.com/colombia/otras-ciudades/piratas-terrestres-vuelven-a-sembrar-terror-en-la-guajira-hombres-armados-asaltan-vehiculo-en-plena-via-y-quedan-en-video-3553317,desplazamiento_forzado,Maicao,V02,9
https://diariodelnorte.net/judiciales/tras-semanas-de-busqueda-encuentran-restos-que-pertenecerian-a-hombre-desaparecido/,desplazamiento_forzado,Maicao,V02,10
https://diariodelnorte.net/judiciales/comunidad-bloquea-la-via-maicao-paradero-por-falta-de-agua-potable-y-servicio-electrico/,desplazamiento_forzado,Maicao,V02,11
https://www.eltiempo.com/colombia/otras-ciudades/la-guajira-paro-armado-golpea-el-comercio-en-riohacha-perdidas-superan-los-35-mil-millones-en-tres-dias-3548966,desplazamiento_forzado,Maicao,V02,12
https://www.eltiempo.com/justicia/cortes/la-alerta-de-la-corte-constitucional-por-grupos-armados-que-frenan-controles-sobre-la-crisis-wayuu-en-la-guajira-3554617,desplazamiento_forzado,Maicao,V02,13
https://laguajirahoy.com/judiciales/hombre-murio-tras-caer-de-un-hotel-en-la-guajira.html,desplazamiento_forzado,Maicao,V02,14
https://diariodelnorte.net/opinion/los-maestros-pagan-para-que-los-dejen-ensenar/,desplazamiento_forzado,Maicao,V02,15
https://laguajirahoy.com/judiciales/siete-muertes-enlutan-a-la-guajira-en-2026-cinco-de-las-victimas-son-mujeres.html,desplazamiento_forzado,Maicao,V03,1
https://laguajirahoy.com/judiciales/unidad-de-busqueda-recupera-25-cuerpos-en-cementerio-de-riohacha.html,desplazamiento_forzado,Maicao,V03,2
https://diariodelnorte.net/editorial/la-pista-seguira-en-el-anonimato-mundial/,desplazamiento_forzado,Maicao,V03,3
https://diariodelnorte.net/judiciales/con-pronostico-reservado-permanece-hombre-herido-de-bala-en-atentado-sicarial-en-maicao/,desplazamiento_forzado,Maicao,V03,4
https://diariodelnorte.net/laguajira/maicao-se-posiciona-en-la-agenda-global-de-migracion-margarita-crespo-habib-lidera-representacion-ante-la-onu/,desplazamiento_forzado,Maicao,V03,5
https://diariodelnorte.net/judiciales/video-de-seguridad-revela-ingreso-de-sicarios-a-discoteca-en-riohacha-atentado-dejo-dos-jovenes-sin-vida/,desplazamiento_forzado,Maicao,V03,6
https://laguajirahoy.com/judiciales/combates-entre-ejercito-y-eln-en-la-guajira.html,desplazamiento_forzado,Maicao,V03,7
https://diariodelnorte.net/editorial/nuevo-ataque-contra-cerrejon/,desplazamiento_forzado,Maicao,V03,8
https://www.eltiempo.com/colombia/otras-ciudades/masacre-en-maicao-ataque-armado-en-el-barrio-altos-de-parrantial-deja-cinco-muertos-y-dos-heridos-3523292,desplazamiento_forzado,Maicao,V03,9
https://www.eltiempo.com/colombia/otras-ciudades/habla-madre-de-la-menor-que-fue-encontrada-sin-vida-dentro-de-un-costal-en-la-guajira-tras-haber-desaparecido-manana-se-me-graduaba-de-preescolar-3516032,desplazamiento_forzado,Maicao,V03,10
https://laguajirahoy.com/judiciales/turista-aleman-muere-baleado-en-la-guajira-durante-presunto-robo.html,desplazamiento_forzado,Maicao,V03,11
https://www.eltiempo.com/justicia/conflicto-y-narcotrafico/mindefensa-anuncia-el-despliegue-de-mas-de-30-000-uniformados-en-la-frontera-con-venezuela-y-activa-cinco-pmu-3521730,desplazamiento_forzado,Maicao,V03,12
https://www.eltiempo.com/colombia/otras-ciudades/de-pdvsa-a-las-trochas-y-del-miedo-al-arraigo-las-historias-de-venezolanos-en-colombia-en-medio-de-la-caida-de-maduro-y-la-promesa-de-una-transicion-3521813,desplazamiento_forzado,Maicao,V03,13
https://laguajirahoy.com/nacion/gobernacion-de-la-guajira-lidero-cuarta-mesa-de-coordinacion-de-asuntos-migratorios.html,desplazamiento_forzado,Maicao,V03,14
https://www.eltiempo.com/colombia/barranquilla/barranquilla-un-avance-para-la-justicia-y-la-democracia-de-la-region-esto-dijo-el-alcalde-char-acerca-de-la-captura-de-nicolas-maduro-3521761,desplazamiento_forzado,Maicao,V03,15
https://laguajirahoy.com/judiciales/siete-muertes-enlutan-a-la-guajira-en-2026-cinco-de-las-victimas-son-mujeres.html,desplazamiento_forzado,Maicao,V04,1
https://diariodelnorte.net/editorial/la-pista-seguira-en-el-anonimato-mundial/,desplazamiento_forzado,Maicao,V04,2
https://diariodelnorte.net/judiciales/video-de-seguridad-revela-ingreso-de-sicarios-a-discoteca-en-riohacha-atentado-dejo-dos-jovenes-sin-vida/,desplazamiento_forzado,Maicao,V04,3
https://diariodelnorte.net/judiciales/con-pronostico-reservado-permanece-hombre-herido-de-bala-en-atentado-sicarial-en-maicao/,desplazamiento_forzado,Maicao,V04,4
https://laguajirahoy.com/judiciales/unidad-de-busqueda-recupera-25-cuerpos-en-cementerio-de-riohacha.html,desplazamiento_forzado,Maicao,V04,5
https://diariodelnorte.net/laguajira/maicao-se-posiciona-en-la-agenda-global-de-migracion-margarita-crespo-habib-lidera-representacion-ante-la-onu/,desplazamiento_forzado,Maicao,V04,6
https://www.eltiempo.com/colombia/otras-ciudades/masacre-en-maicao-ataque-armado-en-el-barrio-altos-de-parrantial-deja-cinco-muertos-y-dos-heridos-3523292,desplazamiento_forzado,Maicao,V04,7
https://laguajirahoy.com/judiciales/turista-aleman-muere-baleado-en-la-guajira-durante-presunto-robo.html,desplazamiento_forzado,Maicao,V04,8
https://www.eltiempo.com/colombia/otras-ciudades/de-pdvsa-a-las-trochas-y-del-miedo-al-arraigo-las-historias-de-venezolanos-en-colombia-en-medio-de-la-caida-de-maduro-y-la-promesa-de-una-transicion-3521813,desplazamiento_forzado,Maicao,V04,9
https://www.eltiempo.com/justicia/conflicto-y-narcotrafico/mindefensa-anuncia-el-despliegue-de-mas-de-30-000-uniformados-en-la-frontera-con-venezuela-y-activa-cinco-pmu-3521730,desplazamiento_forzado,Maicao,V04,10
https://www.eltiempo.com/colombia/barranquilla/barranquilla-un-avance-para-la-justicia-y-la-democracia-de-la-region-esto-dijo-el-alcalde-char-acerca-de-la-captura-de-nicolas-maduro-3521761,desplazamiento_forzado,Maicao,V04,11
https://www.eltiempo.com/colombia/otras-ciudades/alias-bendito-menor-envia-carta-al-gobierno-nacional-solicitando-frenar-la-persecucion-en-su-contra-y-retomar-dialogos-esto-dice-la-comunicacion-3527262,desplazamiento_forzado,Maicao,V04,12
https://www.eltiempo.com/unidad-investigativa/el-poderoso-capo-pedido-en-extradicion-por-narcotrafico-por-ee-uu-que-se-movia-en-camionetas-con-placa-extranjera-en-la-guajira-3481127,desplazamiento_forzado,Maicao,V04,13
https://laguajirahoy.com/nacion/gobierno-del-cambio-entrega-obras-educativas-y-comunitarias-en-la-guajira.html,desplazamiento_forzado,Maicao,V04,14
https://laguajirahoy.com/judiciales/la-guajira-busca-seguridad-y-apoyo-a-comunidades-tras-consejo-de-seguridad.html,desplazamiento_forzado,Maicao,V04,15
https://www.eltiempo.com/colombia/otras-ciudades/el-bendito-menor-estaria-detras-de-la-masacre-de-cinco-personas-en-maicao-anuncio-limpieza-social-en-video-de-hombres-armados-3523393,desplazamiento_forzado,Maicao,V05,1
https://diariodelnorte.net/editorial/todos-contra-la-violencia/,desplazamiento_forzado,Maicao,V05,2
https://www.eltiempo.com/colombia/otras-ciudades/dormitorios-destruidos-y-zonas-militares-devastadas-asi-quedo-el-batallon-atacado-con-explosivos-en-la-guajira-que-dejo-doce-soldados-heridos-3558725,desplazamiento_forzado,Maicao,V05,3
https://www.eltiempo.com/justicia/cortes/la-alerta-de-la-corte-constitucional-por-grupos-armados-que-frenan-controles-sobre-la-crisis-wayuu-en-la-guajira-3554617,desplazamiento_forzado,Maicao,V05,4
https://laguajirahoy.com/nacion/gobierno-entrega-5-400-millones-y-avanza-en-reparacion-a-victimas-en-la-guajira.html,desplazamiento_forzado,Maicao,V05,5
https://laguajirahoy.com/judiciales/la-guajira-busca-seguridad-y-apoyo-a-comunidades-tras-consejo-de-seguridad.html,desplazamiento_forzado,Maicao,V05,6
https://laguajirahoy.com/judiciales/siete-muertes-enlutan-a-la-guajira-en-2026-cinco-de-las-victimas-son-mujeres.html,desplazamiento_forzado,Maicao,V05,7
https://diariodelnorte.net/judiciales/atentado-sicarial-en-maicao-deja-dos-muertos-y-un-herido-en-el-barrio-torres-de-la-majayura/,desplazamiento_forzado,Maicao,V05,8
https://www.eltiempo.com/colombia/otras-ciudades/misterio-en-la-guajira-por-muerte-de-dos-empresarios-en-una-fiesta-de-cumpleanos-el-anfitrion-era-amigo-cercano-del-cantante-vallenato-martin-elias-3572007,desplazamiento_forzado,Maicao,V05,9
https://laguajirahoy.com/nacion-2/indemnizan-a-victimas-del-conflicto-en-la-guajira.html,desplazamiento_forzado,Maicao,V05,10
https://www.eltiempo.com/colombia/barranquilla/otra-violenta-ola-de-extorsion-en-barranquilla-el-asesinato-de-dos-hombres-en-un-restaurante-de-la-manga-seria-por-no-pagar-la-renta-ilicita-3515086,desplazamiento_forzado,Maicao,V05,11
https://diariodelnorte.net/judiciales/evangelico-de-35-anos-fue-asesinado-en-un-ataque-sicarial-en-zona-rural-de-albania/,desplazamiento_forzado,Maicao,V05,12
https://laguajirahoy.com/judiciales/cinco-jovenes-asesinados-a-bala-en-maicao-estremecen-a-la-guajira.html,desplazamiento_forzado,Maicao,V05,13
https://laguajirahoy.com/judiciales/delincuentes-armados-irrumpen-y-saquean-vivienda-en-fonseca.html,desplazamiento_forzado,Maicao,V05,14
https://diariodelnorte.net/judiciales/con-pronostico-reservado-permanece-hombre-herido-de-bala-en-atentado-sicarial-en-maicao/,desplazamiento_forzado,Maicao,V05,15
https://diariodelnorte.net/judiciales/tras-semanas-de-busqueda-encuentran-restos-que-pertenecerian-a-hombre-desaparecido/,desplazamiento_forzado,Maicao,V06,1
https://laguajirahoy.com/maicao/maicao-desde-el-cielo-cautiva-con-imagenes-autenticas-y-sin-filtros-urbanos.html,desplazamiento_forzado,Maicao,V06,2
https://diariodelnorte.net/judiciales/autoridades-investigan-muerte-de-mujer-wayuu-tras-ser-arrollada-en-la-via-riohacha-maicao/,desplazamiento_forzado,Maicao,V06,3
https://laguajirahoy.com/educacion/maicao-ofrece-nuevas-oportunidades-educativas-con-convenio-entre-alcaldia-y-universidad-de-pamplona.html,desplazamiento_forzado,Maicao,V06,4
https://laguajirahoy.com/nacion/satena-gestiona-vuelos-diarios-entre-riohacha-y-barranquilla-tras-colapso-del-puente.html,desplazamiento_forzado,Maicao,V06,5
https://diariodelnorte.net/laguajira/con-inversion-social-air-e-intervenida-y-aliados-entregan-transporte-escolar-para-los-ninos-de-yotojorotshi/,desplazamiento_forzado,Maicao,V06,6
https://diariodelnorte.net/judiciales/comunidades-wayuu-levantan-bloqueo-al-relleno-sanitario-del-norte-tras-acuerdos-con-el-alcalde-de-maicao/,desplazamiento_forzado,Maicao,V06,7
https://laguajirahoy.com/la-guajira/arrancan-obras-para-reconectar-a-la-guajira-con-magdalena.html,desplazamiento_forzado,Maicao,V06,8
https://laguajirahoy.com/medio-ambiente/consejo-directivo-de-corpoguajira-aprobo-gestion-de-la-entidad-durante-el-primer-semestre-del-2025.html,desplazamiento_forzado,Maicao,V06,9
https://www.eltiempo.com/colombia/barranquilla/mas-luz-para-el-caribe-air-e-intervenida-garantiza-97-116-millones-del-prone-para-normalizar-redes-electricas-en-atlantico-magdalena-y-la-guajira-3507150,desplazamiento_forzado,Maicao,V06,10
https://laguajirahoy.com/nacion/gobierno-del-cambio-entrega-obras-educativas-y-comunitarias-en-la-guajira.html,desplazamiento_forzado,Maicao,V06,11
https://laguajirahoy.com/opinion/columnista/el-territorio-no-esta-solo-en-el-mapa-se-vive-en-la-cotidianidad.html,desplazamiento_forzado,Maicao,V06,12
https://laguajirahoy.com/la-guajira/parques-biosaludables-devuelven-encuentro-y-propicia-salud-a-la-guajira.html,desplazamiento_forzado,Maicao,V06,13
https://diariodelnorte.net/judiciales/levantan-bloqueo-en-la-via-riohacha-maicao-tras-acuerdos-con-comunidades-wayuu/,desplazamiento_forzado,Maicao,V06,14
https://laguajirahoy.com/la-guajira/proyecto-de-acueducto-devolvera-servicio-continuo-de-agua-potable-a-carraipia.html,desplazamiento_forzado,Maicao,V06,15
https://laguajirahoy.com/riohacha/riohacha-moderniza-apoyo-investigativo-con-tecnologia-para-la-fiscalia.html,desplazamiento_forzado,Maicao,V07,1
https://laguajirahoy.com/judiciales/unidad-de-busqueda-recupera-25-cuerpos-en-cementerio-de-riohacha.html,desplazamiento_forzado,Maicao,V07,2
https://laguajirahoy.com/nacion/gobierno-del-cambio-entrega-obras-educativas-y-comunitarias-en-la-guajira.html,desplazamiento_forzado,Maicao,V07,3
https://diariodelnorte.net/laguajira/gran-asamblea-reunira-a-5-000-autoridades-del-pueblo-wayuu-en-uribia-para-concertar-soluciones/,desplazamiento_forzado,Maicao,V07,4
https://laguajirahoy.com/politica/jovenes-de-la-guajira-asumen-liderazgo-en-nuevo-consejo-departamental.html,desplazamiento_forzado,Maicao,V07,5
https://laguajirahoy.com/nacion-2/de-la-espriella-llevara-su-primer-consejo-de-ministros-a-la-guajira.html,desplazamiento_forzado,Maicao,V07,6
https://laguajirahoy.com/maicao-3/mas-pie-de-fuerza-mejora-vigilancia-y-seguridad-en-maicao.html,desplazamiento_forzado,Maicao,V07,7
https://www.eltiempo.com/colombia/otras-ciudades/riohacha-estrena-transporte-publico-urbano-tras-mas-de-dos-decadas-sin-un-sistema-organizado-asi-entro-a-funcionar-el-servicio-3559285,desplazamiento_forzado,Maicao,V07,8
https://www.eltiempo.com/salud/crecen-versiones-sobre-posible-salida-del-superintendente-de-salud-bernardo-camacho-por-presiones-ligadas-a-la-esposa-del-ministro-3527308,desplazamiento_forzado,Maicao,V07,9
https://laguajirahoy.com/judiciales/ofrecen-hasta-100-millones-para-lograr-liberacion-de-angie-argaez.html,desplazamiento_forzado,Maicao,V08,1
https://www.eltiempo.com/colombia/otras-ciudades/el-bendito-menor-estaria-detras-de-la-masacre-de-cinco-personas-en-maicao-anuncio-limpieza-social-en-video-de-hombres-armados-3523393,desplazamiento_forzado,Maicao,V08,2
https://www.eltiempo.com/colombia/otras-ciudades/piratas-terrestres-vuelven-a-sembrar-terror-en-la-guajira-hombres-armados-asaltan-vehiculo-en-plena-via-y-quedan-en-video-3553317,desplazamiento_forzado,Maicao,V08,3
https://diariodelnorte.net/laguajira/con-inversion-social-air-e-intervenida-y-aliados-entregan-transporte-escolar-para-los-ninos-de-yotojorotshi/,desplazamiento_forzado,Maicao,V08,4
https://diariodelnorte.net/judiciales/levantan-bloqueo-en-la-via-riohacha-maicao-tras-acuerdos-con-comunidades-wayuu/,desplazamiento_forzado,Maicao,V08,5
https://diariodelnorte.net/judiciales/identifican-a-comerciante-que-murio-en-accidente-de-transito-en-la-via-maicao-carraipia/,desplazamiento_forzado,Maicao,V08,6
https://diariodelnorte.net/judiciales/tras-semanas-de-busqueda-encuentran-restos-que-pertenecerian-a-hombre-desaparecido/,desplazamiento_forzado,Maicao,V08,7
https://diariodelnorte.net/judiciales/comunidad-wayuu-bloquea-el-paso-vehicular-en-cuatro-vias-para-exigir-reposicion-de-transformador-averiado/,desplazamiento_forzado,Maicao,V08,8
https://diariodelnorte.net/judiciales/fallece-funcionario-del-sisben-en-maicao-tras-accidente-de-transito/,desplazamiento_forzado,Maicao,V08,9
https://laguajirahoy.com/nacion-2/corte-ordena-garantizar-educacion-wayuu-en-cuatro-comunidades-de-la-guajira.html,desplazamiento_forzado,Maicao,V08,10
https://www.eltiempo.com/justicia/cortes/la-alerta-de-la-corte-constitucional-por-grupos-armados-que-frenan-controles-sobre-la-crisis-wayuu-en-la-guajira-3554617,desplazamiento_forzado,Maicao,V08,11
https://diariodelnorte.net/laguajira/capturan-en-manaure-a-joven-que-conducia-una-motocicleta-reportada-por-hurto/,desplazamiento_forzado,Maicao,V08,12
https://laguajirahoy.com/judiciales/dos-personas-fallecieron-en-accidente-de-transito-entre-riohacha-y-maicao.html,desplazamiento_forzado,Maicao,V08,13
https://laguajirahoy.com/judiciales/en-menos-de-24-horas-dos-accidentes-viales-en-zona-escolar-de-riohacha.html,desplazamiento_forzado,Maicao,V08,14
https://www.eltiempo.com/colombia/barranquilla/que-significa-estar-en-alistamiento-o-aviso-asi-se-lee-el-mapa-de-alertas-por-la-tormenta-melissa-en-el-caribe-colombiano-3502498,desplazamiento_forzado,Maicao,V08,15
https://laguajirahoy.com/judiciales/siete-muertes-enlutan-a-la-guajira-en-2026-cinco-de-las-victimas-son-mujeres.html,desplazamiento_forzado,Maicao,V09,1
https://diariodelnorte.net/judiciales/con-pronostico-reservado-permanece-hombre-herido-de-bala-en-atentado-sicarial-en-maicao/,desplazamiento_forzado,Maicao,V09,2
https://diariodelnorte.net/judiciales/video-de-seguridad-revela-ingreso-de-sicarios-a-discoteca-en-riohacha-atentado-dejo-dos-jovenes-sin-vida/,desplazamiento_forzado,Maicao,V09,3
https://www.eltiempo.com/colombia/otras-ciudades/masacre-en-maicao-ataque-armado-en-el-barrio-altos-de-parrantial-deja-cinco-muertos-y-dos-heridos-3523292,desplazamiento_forzado,Maicao,V09,4
https://laguajirahoy.com/judiciales/turista-aleman-muere-baleado-en-la-guajira-durante-presunto-robo.html,desplazamiento_forzado,Maicao,V09,5
https://www.eltiempo.com/colombia/otras-ciudades/de-pdvsa-a-las-trochas-y-del-miedo-al-arraigo-las-historias-de-venezolanos-en-colombia-en-medio-de-la-caida-de-maduro-y-la-promesa-de-una-transicion-3521813,desplazamiento_forzado,Maicao,V09,6
https://www.eltiempo.com/unidad-investigativa/el-poderoso-capo-pedido-en-extradicion-por-narcotrafico-por-ee-uu-que-se-movia-en-camionetas-con-placa-extranjera-en-la-guajira-3481127,desplazamiento_forzado,Maicao,V09,7
https://laguajirahoy.com/nacion/gobierno-del-cambio-entrega-obras-educativas-y-comunitarias-en-la-guajira.html,desplazamiento_forzado,Maicao,V09,8
https://laguajirahoy.com/judiciales/policia-captura-a-presunto-asesino-de-mujer-en-maicao.html,desplazamiento_forzado,Maicao,V09,9
https://laguajirahoy.com/riohacha-4/guardianes-del-saber-proteger-la-infancia-es-sembrar-esperanza-en-abuwimake.html,desplazamiento_forzado,Maicao,V09,10
https://laguajirahoy.com/judiciales-2/alerta-de-secuestro-sacude-campana-politica-en-la-guajira.html,desplazamiento_forzado,Maicao,V09,11
https://diariodelnorte.net/judiciales/en-video-quedo-registrado-el-secuestro-de-un-tendero-en-el-barrio-torre-de-la-majayura-en-maicao/,desplazamiento_forzado,Maicao,V09,12
https://laguajirahoy.com/judiciales-2/asesinan-a-joven-wayuu-en-zona-limitrofe-entre-colombia-y-venezuela.html,desplazamiento_forzado,Maicao,V09,13
https://www.eltiempo.com/colombia/otras-ciudades/piratas-terrestres-vuelven-a-sembrar-terror-en-la-guajira-hombres-armados-asaltan-vehiculo-en-plena-via-y-quedan-en-video-3553317,desplazamiento_forzado,Maicao,V09,14
https://www.eltiempo.com/colombia/otras-ciudades/la-ofensiva-del-ejercito-en-la-guajira-autoridades-van-tras-la-pista-de-alias-nain-y-la-bebecita-en-las-estribaciones-de-la-sierra-nevada-3524388,desplazamiento_forzado,Maicao,V09,15
https://www.eltiempo.com/colombia/otras-ciudades/el-bendito-menor-estaria-detras-de-la-masacre-de-cinco-personas-en-maicao-anuncio-limpieza-social-en-video-de-hombres-armados-3523393,desplazamiento_forzado,Maicao,V10,1
https://www.eltiempo.com/justicia/cortes/la-alerta-de-la-corte-constitucional-por-grupos-armados-que-frenan-controles-sobre-la-crisis-wayuu-en-la-guajira-3554617,desplazamiento_forzado,Maicao,V10,2
https://laguajirahoy.com/judiciales/siete-muertes-enlutan-a-la-guajira-en-2026-cinco-de-las-victimas-son-mujeres.html,desplazamiento_forzado,Maicao,V10,3
https://diariodelnorte.net/judiciales/atentado-sicarial-en-maicao-deja-dos-muertos-y-un-herido-en-el-barrio-torres-de-la-majayura/,desplazamiento_forzado,Maicao,V10,4
https://www.eltiempo.com/colombia/barranquilla/otra-violenta-ola-de-extorsion-en-barranquilla-el-asesinato-de-dos-hombres-en-un-restaurante-de-la-manga-seria-por-no-pagar-la-renta-ilicita-3515086,desplazamiento_forzado,Maicao,V10,5
https://diariodelnorte.net/judiciales/evangelico-de-35-anos-fue-asesinado-en-un-ataque-sicarial-en-zona-rural-de-albania/,desplazamiento_forzado,Maicao,V10,6
https://diariodelnorte.net/judiciales/con-pronostico-reservado-permanece-hombre-herido-de-bala-en-atentado-sicarial-en-maicao/,desplazamiento_forzado,Maicao,V10,7
https://laguajirahoy.com/judiciales/un-hombre-muerto-y-otro-herido-a-tiros-dentro-de-establecimiento-en-maicao.html,desplazamiento_forzado,Maicao,V10,8
https://diariodelnorte.net/judiciales/video-de-seguridad-revela-ingreso-de-sicarios-a-discoteca-en-riohacha-atentado-dejo-dos-jovenes-sin-vida/,desplazamiento_forzado,Maicao,V10,9
https://diariodelnorte.net/judiciales/identifican-a-hombre-wayuu-asesinado-de-dos-impactos-de-bala-en-la-carretera-maicao-cuatro-vias/,desplazamiento_forzado,Maicao,V10,10
https://laguajirahoy.com/judiciales/turista-aleman-muere-baleado-en-la-guajira-durante-presunto-robo.html,desplazamiento_forzado,Maicao,V10,11
https://laguajirahoy.com/judiciales/asesinan-una-joven-en-maicao-por-posible-ajuste-de-cuentas-venganza.html,desplazamiento_forzado,Maicao,V10,12
https://laguajirahoy.com/judiciales-2/alerta-de-secuestro-sacude-campana-politica-en-la-guajira.html,desplazamiento_forzado,Maicao,V10,13
https://laguajirahoy.com/judiciales/senalan-a-alias-guajiro-de-haber-asesinado-a-dos-policias.html,desplazamiento_forzado,Maicao,V10,14
https://laguajirahoy.com/judiciales/lider-cafetero-victima-de-fleteo-en-estacion-de-servicio-de-fonseca.html,desplazamiento_forzado,Maicao,V10,15
https://laguajirahoy.com/nacion/gobierno-del-cambio-entrega-obras-educativas-y-comunitarias-en-la-guajira.html,desplazamiento_forzado,Maicao,V11,1
https://www.eltiempo.com/colombia/otras-ciudades/riohacha-estrena-transporte-publico-urbano-tras-mas-de-dos-decadas-sin-un-sistema-organizado-asi-entro-a-funcionar-el-servicio-3559285,desplazamiento_forzado,Maicao,V11,2
https://diariodelnorte.net/judiciales/identifican-a-hombre-wayuu-asesinado-de-dos-impactos-de-bala-en-la-carretera-maicao-cuatro-vias/,desplazamiento_forzado,Maicao,V12,1
https://laguajirahoy.com/judiciales/asesinan-una-joven-en-maicao-por-posible-ajuste-de-cuentas-venganza.html,desplazamiento_forzado,Maicao,V12,2
https://laguajirahoy.com/nacion-2/indemnizan-a-victimas-del-conflicto-en-la-guajira.html,desplazamiento_forzado,Maicao,V12,3
https://diariodelnorte.net/judiciales/evangelico-de-35-anos-fue-asesinado-en-un-ataque-sicarial-en-zona-rural-de-albania/,desplazamiento_forzado,Maicao,V12,4
https://diariodelnorte.net/judiciales/comunidad-bloquea-la-via-maicao-paradero-por-falta-de-agua-potable-y-servicio-electrico/,conflicto_territorial,Maicao,V01,1
https://diariodelnorte.net/judiciales/levantan-bloqueos-en-las-salidas-de-maicao-hacia-albania-y-riohacha-tras-acuerdos-con-campesinos/,conflicto_territorial,Maicao,V01,2
https://diariodelnorte.net/laguajira/procuraduria-lleva-feria-de-servicios-a-uribia-para-garantizar-derechos-de-la-ninez-wayuu/,conflicto_territorial,Maicao,V01,3
https://diariodelnorte.net/judiciales/ediles-de-paraguachon-denuncian-amenazas-tras-recibir-video-intimidante/,conflicto_territorial,Maicao,V01,4
https://www.eltiempo.com/colombia/otras-ciudades/el-bendito-menor-estaria-detras-de-la-masacre-de-cinco-personas-en-maicao-anuncio-limpieza-social-en-video-de-hombres-armados-3523393,conflicto_territorial,Maicao,V01,5
https://www.eltiempo.com/salud/polemica-por-millonaria-inversion-de-minsalud-entregaron-dos-lanchas-ambulancia-a-maicao-un-municipio-sin-mar-ni-rio-ubicado-en-pleno-desierto-3526037,conflicto_territorial,Maicao,V01,6
https://laguajirahoy.com/judiciales/abogado-ira-a-la-carcel-mientras-investigan-muerte-de-mototaxista-en-fonseca.html,conflicto_territorial,Maicao,V01,7
https://diariodelnorte.net/laguajira/homicidios-en-la-guajira-estarian-ligados-a-disputas-entre-estructuras-criminales-segun-secretario-de-gobierno/,conflicto_territorial,Maicao,V01,8
https://laguajirahoy.com/judiciales/se-reabre-frontera-y-se-normaliza-paso-por-paraguachon-en-la-guajira.html,conflicto_territorial,Maicao,V01,9
https://diariodelnorte.net/editorial/todos-contra-la-violencia/,conflicto_territorial,Maicao,V01,10
https://diariodelnorte.net/laguajira/jarlen-garrido-advierte-sobre-crisis-migratoria-en-maicao-tras-ausencia-de-la-cancilleria-en-foro-internacional/,conflicto_territorial,Maicao,V01,11
https://www.eltiempo.com/colombia/otras-ciudades/dormitorios-destruidos-y-zonas-militares-devastadas-asi-quedo-el-batallon-atacado-con-explosivos-en-la-guajira-que-dejo-doce-soldados-heridos-3558725,conflicto_territorial,Maicao,V01,12
https://diariodelnorte.net/judiciales/habitantes-de-comunidad-indigena-bloquean-la-via-maicao-riohacha-para-exigir-reconocimiento/,conflicto_territorial,Maicao,V01,13
https://elpilon.com.co/judicial/instalan-pmu-en-valledupar-por-crisis-en-venezuela-y-posibles-impactos-fronterizos,conflicto_territorial,Maicao,V01,14
https://laguajirahoy.com/comunidad/venezolanos-en-la-guajira-viven-con-emociones-encontradas-los-recientes-sucesos-politicos-en-su-pais.html,conflicto_territorial,Maicao,V01,15
https://diariodelnorte.net/judiciales/comunidad-bloquea-la-via-maicao-paradero-por-falta-de-agua-potable-y-servicio-electrico/,conflicto_territorial,Maicao,V02,1
https://diariodelnorte.net/judiciales/en-vias-de-la-guajira-capturan-a-tres-personas-por-porte-de-documento-falso-y-una-por-receptacion/,conflicto_territorial,Maicao,V02,2
https://laguajirahoy.com/comunidad/solidaridad-de-guajiros-crece-para-llevar-ayuda-a-damnificados-por-terremoto.html,conflicto_territorial,Maicao,V02,3
https://diariodelnorte.net/judiciales/levantan-bloqueos-en-las-salidas-de-maicao-hacia-albania-y-riohacha-tras-acuerdos-con-campesinos/,conflicto_territorial,Maicao,V02,4
https://diariodelnorte.net/judiciales/ediles-de-paraguachon-denuncian-amenazas-tras-recibir-video-intimidante/,conflicto_territorial,Maicao,V02,5
https://www.eltiempo.com/mas-contenido/uniguajira-consolida-la-inclusion-educativa-en-territorios-vulnerables-3550670,conflicto_territorial,Maicao,V02,6
https://laguajirahoy.com/judiciales/se-reabre-frontera-y-se-normaliza-paso-por-paraguachon-en-la-guajira.html,conflicto_territorial,Maicao,V02,7
https://www.eltiempo.com/colombia/otras-ciudades/cerrejon-y-comunidades-wayuu-cierran-los-primeros-acuerdos-de-consulta-previa-de-un-conflicto-historico-3488134,conflicto_territorial,Maicao,V02,8
https://laguajirahoy.com/nacion-2/abren-proceso-para-elegir-comision-asesora-nacional-de-derechos-humanos.html,conflicto_territorial,Maicao,V02,9
https://laguajirahoy.com/judiciales/abogado-ira-a-la-carcel-mientras-investigan-muerte-de-mototaxista-en-fonseca.html,conflicto_territorial,Maicao,V02,10
https://www.eltiempo.com/colombia/otras-ciudades/el-bendito-menor-estaria-detras-de-la-masacre-de-cinco-personas-en-maicao-anuncio-limpieza-social-en-video-de-hombres-armados-3523393,conflicto_territorial,Maicao,V02,11
https://www.eltiempo.com/colombia/otras-ciudades/paraguachon-frontera-cerrada-asi-se-vive-en-la-guajira-el-bloqueo-del-paso-entre-colombia-y-venezuela-tras-la-captura-de-nicolas-maduro-3521565,conflicto_territorial,Maicao,V02,12
https://www.eltiempo.com/politica/abelardo-de-la-espriella/ciudades-intermedias-hacen-llamado-al-gobierno-de-abelardo-de-la-espriella-para-priorizar-a-las-regiones-3570466,conflicto_territorial,Maicao,V02,13
https://diariodelnorte.net/laguajira/homicidios-en-la-guajira-estarian-ligados-a-disputas-entre-estructuras-criminales-segun-secretario-de-gobierno/,conflicto_territorial,Maicao,V02,14
https://www.eltiempo.com/salud/polemica-por-millonaria-inversion-de-minsalud-entregaron-dos-lanchas-ambulancia-a-maicao-un-municipio-sin-mar-ni-rio-ubicado-en-pleno-desierto-3526037,conflicto_territorial,Maicao,V02,15
https://diariodelnorte.net/laguajira/homicidios-en-la-guajira-estarian-ligados-a-disputas-entre-estructuras-criminales-segun-secretario-de-gobierno/,conflicto_territorial,Maicao,V03,1
https://www.eltiempo.com/colombia/otras-ciudades/el-bendito-menor-estaria-detras-de-la-masacre-de-cinco-personas-en-maicao-anuncio-limpieza-social-en-video-de-hombres-armados-3523393,conflicto_territorial,Maicao,V03,2
https://laguajirahoy.com/judiciales/autoridades-redoblan-acciones-para-esclarecer-masacre-en-maicao-que-dejo-cinco-victimas-mortales.html,conflicto_territorial,Maicao,V03,3
https://diariodelnorte.net/editorial/todos-contra-la-violencia/,conflicto_territorial,Maicao,V03,4
https://www.eltiempo.com/colombia/otras-ciudades/dormitorios-destruidos-y-zonas-militares-devastadas-asi-quedo-el-batallon-atacado-con-explosivos-en-la-guajira-que-dejo-doce-soldados-heridos-3558725,conflicto_territorial,Maicao,V03,5
https://www.eltiempo.com/salud/ataques-contra-misiones-medicas-en-conflictos-armados-alcanzan-niveles-record-en-todo-el-mundo-en-colombia-se-usan-ambulancias-como-escudo-3526307,conflicto_territorial,Maicao,V03,6
https://laguajirahoy.com/nacion/gobierno-entrega-5-400-millones-y-avanza-en-reparacion-a-victimas-en-la-guajira.html,conflicto_territorial,Maicao,V03,7
https://laguajirahoy.com/judiciales/disputa-por-economias-criminales-intensifica-violencia-y-retos-de-seguridad-en-la-guajira.html,conflicto_territorial,Maicao,V03,8
https://laguajirahoy.com/judiciales/la-guajira-busca-seguridad-y-apoyo-a-comunidades-tras-consejo-de-seguridad.html,conflicto_territorial,Maicao,V03,9
https://diariodelnorte.net/judiciales/ejercito-refuerza-la-seguridad-en-maicao-tras-recientes-hechos-de-violencia/,conflicto_territorial,Maicao,V03,10
https://www.eltiempo.com/colombia/otras-ciudades/asi-se-reconfigura-el-nuevo-mapa-de-la-violencia-en-la-sierra-nevada-280-muertos-en-magdalena-la-guajira-y-cesar-en-primer-trimestre-de-3545748,conflicto_territorial,Maicao,V03,11
https://www.eltiempo.com/colombia/otras-ciudades/misterio-en-la-guajira-por-muerte-de-dos-empresarios-en-una-fiesta-de-cumpleanos-el-anfitrion-era-amigo-cercano-del-cantante-vallenato-martin-elias-3572007,conflicto_territorial,Maicao,V03,12
https://www.eltiempo.com/colombia/otras-ciudades/la-guajira-paro-armado-golpea-el-comercio-en-riohacha-perdidas-superan-los-35-mil-millones-en-tres-dias-3548966,conflicto_territorial,Maicao,V03,13
https://diariodelnorte.net/editorial/nuevo-ataque-contra-cerrejon/,conflicto_territorial,Maicao,V03,14
https://www.eltiempo.com/justicia/conflicto-y-narcotrafico/autodefensas-conquistadoras-de-la-sierra-nevada-dicen-que-no-ejecutaron-masacre-de-maicao-3523635,conflicto_territorial,Maicao,V03,15
https://www.eltiempo.com/colombia/otras-ciudades/el-bendito-menor-estaria-detras-de-la-masacre-de-cinco-personas-en-maicao-anuncio-limpieza-social-en-video-de-hombres-armados-3523393,conflicto_territorial,Maicao,V04,1
https://diariodelnorte.net/editorial/todos-contra-la-violencia/,conflicto_territorial,Maicao,V04,2
https://www.eltiempo.com/colombia/otras-ciudades/dormitorios-destruidos-y-zonas-militares-devastadas-asi-quedo-el-batallon-atacado-con-explosivos-en-la-guajira-que-dejo-doce-soldados-heridos-3558725,conflicto_territorial,Maicao,V04,3
https://diariodelnorte.net/laguajira/homicidios-en-la-guajira-estarian-ligados-a-disputas-entre-estructuras-criminales-segun-secretario-de-gobierno/,conflicto_territorial,Maicao,V04,4
https://www.eltiempo.com/salud/ataques-contra-misiones-medicas-en-conflictos-armados-alcanzan-niveles-record-en-todo-el-mundo-en-colombia-se-usan-ambulancias-como-escudo-3526307,conflicto_territorial,Maicao,V04,5
https://laguajirahoy.com/judiciales/disputa-por-economias-criminales-intensifica-violencia-y-retos-de-seguridad-en-la-guajira.html,conflicto_territorial,Maicao,V04,6
https://laguajirahoy.com/judiciales/la-guajira-busca-seguridad-y-apoyo-a-comunidades-tras-consejo-de-seguridad.html,conflicto_territorial,Maicao,V04,7
https://diariodelnorte.net/judiciales/ejercito-refuerza-la-seguridad-en-maicao-tras-recientes-hechos-de-violencia/,conflicto_territorial,Maicao,V04,8
https://www.eltiempo.com/colombia/otras-ciudades/asi-se-reconfigura-el-nuevo-mapa-de-la-violencia-en-la-sierra-nevada-280-muertos-en-magdalena-la-guajira-y-cesar-en-primer-trimestre-de-3545748,conflicto_territorial,Maicao,V04,9
https://diariodelnorte.net/editorial/nuevo-ataque-contra-cerrejon/,conflicto_territorial,Maicao,V04,10
https://www.eltiempo.com/justicia/conflicto-y-narcotrafico/autodefensas-conquistadoras-de-la-sierra-nevada-dicen-que-no-ejecutaron-masacre-de-maicao-3523635,conflicto_territorial,Maicao,V04,11
https://www.eltiempo.com/justicia/cortes/la-alerta-de-la-corte-constitucional-por-grupos-armados-que-frenan-controles-sobre-la-crisis-wayuu-en-la-guajira-3554617,conflicto_territorial,Maicao,V04,12
https://laguajirahoy.com/judiciales-2/maicao-ofrece-recompensa-historica-contra-rafita-200-millones-de-pesos.html,conflicto_territorial,Maicao,V04,13
https://diariodelnorte.net/judiciales/atracadores-en-maicao-intimidan-con-fusil-de-alto-calibre-a-ciudadano-para-hurtarle-su-motocicleta/,conflicto_territorial,Maicao,V04,14
https://diariodelnorte.net/editorial/se-recrudece-la-violencia-en-la-guajira/,conflicto_territorial,Maicao,V04,15
https://www.eltiempo.com/colombia/otras-ciudades/el-bendito-menor-estaria-detras-de-la-masacre-de-cinco-personas-en-maicao-anuncio-limpieza-social-en-video-de-hombres-armados-3523393,conflicto_territorial,Maicao,V05,1
https://laguajirahoy.com/judiciales/unidad-de-busqueda-recupera-25-cuerpos-en-cementerio-de-riohacha.html,conflicto_territorial,Maicao,V05,2
https://diariodelnorte.net/laguajira/homicidios-en-la-guajira-estarian-ligados-a-disputas-entre-estructuras-criminales-segun-secretario-de-gobierno/,conflicto_territorial,Maicao,V05,3
https://www.eltiempo.com/colombia/otras-ciudades/dormitorios-destruidos-y-zonas-militares-devastadas-asi-quedo-el-batallon-atacado-con-explosivos-en-la-guajira-que-dejo-doce-soldados-heridos-3558725,conflicto_territorial,Maicao,V05,4
https://diariodelnorte.net/editorial/todos-contra-la-violencia/,conflicto_territorial,Maicao,V05,5
https://www.eltiempo.com/salud/ataques-contra-misiones-medicas-en-conflictos-armados-alcanzan-niveles-record-en-todo-el-mundo-en-colombia-se-usan-ambulancias-como-escudo-3526307,conflicto_territorial,Maicao,V05,6
https://laguajirahoy.com/judiciales/disputa-por-economias-criminales-intensifica-violencia-y-retos-de-seguridad-en-la-guajira.html,conflicto_territorial,Maicao,V05,7
https://www.eltiempo.com/justicia/cortes/la-alerta-de-la-corte-constitucional-por-grupos-armados-que-frenan-controles-sobre-la-crisis-wayuu-en-la-guajira-3554617,conflicto_territorial,Maicao,V05,8
https://laguajirahoy.com/judiciales/la-guajira-busca-seguridad-y-apoyo-a-comunidades-tras-consejo-de-seguridad.html,conflicto_territorial,Maicao,V05,9
https://www.eltiempo.com/justicia/conflicto-y-narcotrafico/caen-tres-presuntos-integrantes-del-eln-en-maicao-la-guajira-estarian-encargados-de-realizar-extorsiones-a-pequenos-y-medianos-comerciantes-3493365,conflicto_territorial,Maicao,V05,10
https://www.eltiempo.com/justicia/conflicto-y-narcotrafico/ataque-del-eln-a-la-subestacion-de-policia-de-cuatro-vias-en-el-municipio-de-maicao-tras-anuncio-de-paro-armado-en-colombia-no-hay-reporte-de-heridos-3516887,conflicto_territorial,Maicao,V05,11
https://www.eltiempo.com/colombia/otras-ciudades/asi-se-reconfigura-el-nuevo-mapa-de-la-violencia-en-la-sierra-nevada-280-muertos-en-magdalena-la-guajira-y-cesar-en-primer-trimestre-de-3545748,conflicto_territorial,Maicao,V05,12
https://diariodelnorte.net/judiciales/ejercito-confirma-que-alias-nain-y-su-pareja-escaparon-tras-combates-en-dibulla/,conflicto_territorial,Maicao,V05,13
https://www.eltiempo.com/justicia/conflicto-y-narcotrafico/autodefensas-conquistadoras-de-la-sierra-nevada-dicen-que-no-ejecutaron-masacre-de-maicao-3523635,conflicto_territorial,Maicao,V05,14
https://diariodelnorte.net/judiciales/ejercito-refuerza-la-seguridad-en-maicao-tras-recientes-hechos-de-violencia/,conflicto_territorial,Maicao,V05,15
https://www.eltiempo.com/salud/polemica-por-millonaria-inversion-de-minsalud-entregaron-dos-lanchas-ambulancia-a-maicao-un-municipio-sin-mar-ni-rio-ubicado-en-pleno-desierto-3526037,conflicto_territorial,Maicao,V06,1
https://diariodelnorte.net/judiciales/tras-semanas-de-busqueda-encuentran-restos-que-pertenecerian-a-hombre-desaparecido/,conflicto_territorial,Maicao,V06,2
https://www.eltiempo.com/colombia/otras-ciudades/cerrejon-y-comunidades-wayuu-cierran-los-primeros-acuerdos-de-consulta-previa-de-un-conflicto-historico-3488134,conflicto_territorial,Maicao,V06,3
https://www.eltiempo.com/salud/minsalud-defiende-compra-de-lanchas-ambulancia-y-asegura-que-pese-a-estar-intervenido-el-hospital-san-jose-de-maicao-esta-habilitado-para-operarlas-3526278,conflicto_territorial,Maicao,V06,4
https://www.eltiempo.com/colombia/otras-ciudades/temblor-de-magnitud-3-4-sacudio-la-guajira-y-tiene-en-alerta-a-la-ciudad-fronteriza-el-epicentro-estuvo-en-dibulla-3567507,conflicto_territorial,Maicao,V06,5
https://www.eltiempo.com/salud/gobierno-oficializa-a-drogas-la-rebaja-como-el-principal-operador-del-estado-para-entrega-de-medicamentos-tras-fase-de-intervencion-3526169,conflicto_territorial,Maicao,V06,6
https://www.eltiempo.com/salud/las-polemicas-del-ministerio-de-salud-en-maicao-entregaron-lanchas-ambulancia-en-el-desierto-y-denuncias-que-salpican-a-la-esposa-del-ministro-3526064,conflicto_territorial,Maicao,V06,7
https://diariodelnorte.net/laguajira/maicao-conmemorara-el-7-de-agosto-con-desfile-civico-y-multicultural-en-honor-a-la-batalla-de-boyaca/,conflicto_territorial,Maicao,V06,8
https://diariodelnorte.net/sociales/lideres-sociales-y-comunitarios-fueron-capacitados-en-mecanismos-de-justicia-y-resolucion-pacifica-de-conflictos/,conflicto_territorial,Maicao,V06,9
https://www.eltiempo.com/mas-contenido/hoy-27-de-marzo-en-el-dia-mundial-del-teatro-habra-150-obras-gratuitas-3543379,conflicto_territorial,Maicao,V06,10
https://www.eltiempo.com/salud/ministerio-de-salud-justifica-la-compra-de-lanchas-ambulancia-para-maicao-municipio-en-medio-del-desierto-sin-acceso-a-mar-ni-rio-3526191,conflicto_territorial,Maicao,V06,11
https://diariodelnorte.net/editorial/reduccion-presupuestal-para-el-sector-del-agua/,conflicto_territorial,Maicao,V06,12
https://laguajirahoy.com/educacion/la-guajira-celebra-la-graduacion-de-estudiantes-rurales-que-vencieron-brechas-educativas.html,conflicto_territorial,Maicao,V06,13
https://www.eltiempo.com/salud/ministerio-de-salud-y-asociacion-colombiana-de-sociedades-cientificas-se-enfrentan-por-cumplimiento-de-tutela-sobre-equipos-basicos-de-salud-3526282,conflicto_territorial,Maicao,V06,14
https://www.eltiempo.com/colombia/otras-ciudades/la-guajira-normalidad-en-la-frontera-tras-reapertura-del-paso-en-paraguachon-por-parte-de-las-autoridades-venezolanas-maicao-se-mantiene-en-alerta-3521735,conflicto_territorial,Maicao,V06,15
https://diariodelnorte.net/laguajira/maicao-conmemorara-el-7-de-agosto-con-desfile-civico-y-multicultural-en-honor-a-la-batalla-de-boyaca/,conflicto_territorial,Maicao,V07,1
https://laguajirahoy.com/la-guajira/unidad-de-victimas-entrega-millonaria-indemnizacion-que-dignifica-a-familias-guajiras.html,conflicto_territorial,Maicao,V07,2
https://laguajirahoy.com/judiciales/unidad-de-busqueda-recupera-25-cuerpos-en-cementerio-de-riohacha.html,conflicto_territorial,Maicao,V07,3
https://www.eltiempo.com/colombia/otras-ciudades/asi-se-reconfigura-el-nuevo-mapa-de-la-violencia-en-la-sierra-nevada-280-muertos-en-magdalena-la-guajira-y-cesar-en-primer-trimestre-de-3545748,conflicto_territorial,Maicao,V07,4
https://www.eltiempo.com/justicia/conflicto-y-narcotrafico/lo-que-implica-el-reconocimiento-de-los-pachencas-como-grupo-armado-organizado-ya-hace-presencia-en-14-municipios-de-tres-departamentos-3479807,conflicto_territorial,Maicao,V07,5
https://laguajirahoy.com/maicao/maicao-desde-el-cielo-cautiva-con-imagenes-autenticas-y-sin-filtros-urbanos.html,conflicto_territorial,Maicao,V07,6
https://www.eltiempo.com/colombia/otras-ciudades/cerrejon-y-comunidades-wayuu-cierran-los-primeros-acuerdos-de-consulta-previa-de-un-conflicto-historico-3488134,conflicto_territorial,Maicao,V07,7
https://www.eltiempo.com/colombia/otras-ciudades/angustiosa-busqueda-de-pasajero-de-buseta-que-cayo-al-rio-magdalena-en-huila-habria-sucumbido-a-las-aguas-tras-el-fatal-accidente-que-dejo-15-heridos-3523714,conflicto_territorial,Maicao,V07,8
https://www.eltiempo.com/colombia/otras-ciudades/la-guajira-paro-armado-golpea-el-comercio-en-riohacha-perdidas-superan-los-35-mil-millones-en-tres-dias-3548966,conflicto_territorial,Maicao,V07,9
https://laguajirahoy.com/comunidad/familias-vulnerables-de-maicao-recibieron-ayuda-alimentaria.html,conflicto_territorial,Maicao,V07,10
https://www.eltiempo.com/colombia/otras-ciudades/temblor-de-magnitud-3-4-sacudio-la-guajira-y-tiene-en-alerta-a-la-ciudad-fronteriza-el-epicentro-estuvo-en-dibulla-3567507,conflicto_territorial,Maicao,V07,11
https://laguajirahoy.com/nacion-2/escuelas-que-transforman-territorios-y-dignidad-educativa-en-la-guajira.html,conflicto_territorial,Maicao,V07,12
https://laguajirahoy.com/maicao/comisaria-de-familia-de-maicao-busca-certificacion-de-municipio-protector.html,conflicto_territorial,Maicao,V07,13
https://laguajirahoy.com/barrancas/barrancas-promueve-convivencia-y-educacion-vial-en-jornada-comunitaria.html,conflicto_territorial,Maicao,V07,14
https://laguajirahoy.com/nacion/ubpd-ampliara-busqueda-forense-en-maicao-para-esclarecer-identidades-pendientes.html,conflicto_territorial,Maicao,V07,15
https://www.eltiempo.com/colombia/otras-ciudades/el-bendito-menor-estaria-detras-de-la-masacre-de-cinco-personas-en-maicao-anuncio-limpieza-social-en-video-de-hombres-armados-3523393,conflicto_territorial,Maicao,V08,1
https://laguajirahoy.com/judiciales/abogado-ira-a-la-carcel-mientras-investigan-muerte-de-mototaxista-en-fonseca.html,conflicto_territorial,Maicao,V08,2
https://laguajirahoy.com/judiciales/disputa-por-economias-criminales-intensifica-violencia-y-retos-de-seguridad-en-la-guajira.html,conflicto_territorial,Maicao,V08,3
https://www.eltiempo.com/colombia/otras-ciudades/asi-se-reconfigura-el-nuevo-mapa-de-la-violencia-en-la-sierra-nevada-280-muertos-en-magdalena-la-guajira-y-cesar-en-primer-trimestre-de-3545748,conflicto_territorial,Maicao,V08,4
https://diariodelnorte.net/judiciales/ejercito-confirma-que-alias-nain-y-su-pareja-escaparon-tras-combates-en-dibulla/,conflicto_territorial,Maicao,V08,5
https://diariodelnorte.net/judiciales/59-capturas-e-incautacion-de-marihuana-y-cocaina-fueron-parte-de-los-resultados-de-operatividad-en-la-guajira/,conflicto_territorial,Maicao,V08,6
https://diariodelnorte.net/judiciales/atracadores-en-maicao-intimidan-con-fusil-de-alto-calibre-a-ciudadano-para-hurtarle-su-motocicleta/,conflicto_territorial,Maicao,V08,7
https://diariodelnorte.net/editorial/elecciones-en-medio-del-miedo/,conflicto_territorial,Maicao,V08,8
https://laguajirahoy.com/judiciales-2/maicao-ofrece-recompensa-historica-contra-rafita-200-millones-de-pesos.html,conflicto_territorial,Maicao,V08,9
https://laguajirahoy.com/judiciales/capturan-en-maicao-a-tres-presuntos-integrantes-del-eln-durante-operativo-militar.html,conflicto_territorial,Maicao,V08,10
https://diariodelnorte.net/judiciales/golpe-al-contrabando-en-maicao-capturan-a-tres-personas-y-decomisan-81-galones-de-gasolina/,conflicto_territorial,Maicao,V08,11
https://diariodelnorte.net/judiciales/capturan-a-hombre-portando-varias-dosis-de-marihuana-y-cocaina-en-el-municipio-de-maicao/,conflicto_territorial,Maicao,V08,12
https://www.eltiempo.com/colombia/otras-ciudades/tension-en-la-guajira-tras-escalada-terrorista-en-ejes-viales-e-infraestructura-ferrea-de-cerrejon-3517505,conflicto_territorial,Maicao,V08,13
https://laguajirahoy.com/judiciales/combates-entre-ejercito-y-eln-en-la-guajira.html,conflicto_territorial,Maicao,V08,14
https://www.eltiempo.com/salud/ministerio-de-salud-y-asociacion-colombiana-de-sociedades-cientificas-se-enfrentan-por-cumplimiento-de-tutela-sobre-equipos-basicos-de-salud-3526282,conflicto_territorial,Maicao,V08,15
https://www.eltiempo.com/colombia/otras-ciudades/el-bendito-menor-estaria-detras-de-la-masacre-de-cinco-personas-en-maicao-anuncio-limpieza-social-en-video-de-hombres-armados-3523393,conflicto_territorial,Maicao,V09,1
https://laguajirahoy.com/judiciales/disputa-por-economias-criminales-intensifica-violencia-y-retos-de-seguridad-en-la-guajira.html,conflicto_territorial,Maicao,V09,2
https://diariodelnorte.net/judiciales/ejercito-refuerza-la-seguridad-en-maicao-tras-recientes-hechos-de-violencia/,conflicto_territorial,Maicao,V09,3
https://www.eltiempo.com/colombia/otras-ciudades/asi-se-reconfigura-el-nuevo-mapa-de-la-violencia-en-la-sierra-nevada-280-muertos-en-magdalena-la-guajira-y-cesar-en-primer-trimestre-de-3545748,conflicto_territorial,Maicao,V09,4
https://laguajirahoy.com/judiciales-2/maicao-ofrece-recompensa-historica-contra-rafita-200-millones-de-pesos.html,conflicto_territorial,Maicao,V09,5
https://diariodelnorte.net/judiciales/atracadores-en-maicao-intimidan-con-fusil-de-alto-calibre-a-ciudadano-para-hurtarle-su-motocicleta/,conflicto_territorial,Maicao,V09,6
https://laguajirahoy.com/judiciales/capturan-en-maicao-a-tres-presuntos-integrantes-del-eln-durante-operativo-militar.html,conflicto_territorial,Maicao,V09,7
https://diariodelnorte.net/editorial/elecciones-en-medio-del-miedo/,conflicto_territorial,Maicao,V09,8
https://www.eltiempo.com/justicia/conflicto-y-narcotrafico/el-eln-ejecuto-93-acciones-armadas-en-nueve-departamentos-durante-las-72-horas-del-denominado-paro-armado-3517621,conflicto_territorial,Maicao,V09,9
https://laguajirahoy.com/judiciales/combates-entre-ejercito-y-eln-en-la-guajira.html,conflicto_territorial,Maicao,V09,10
https://laguajirahoy.com/la-guajira-4/defensoria-exige-proteger-la-vida-y-el-futuro-de-jovenes-en-la-guajira.html,conflicto_territorial,Maicao,V09,11
https://www.eltiempo.com/colombia/otras-ciudades/masacre-en-abejorral-y-crimenes-con-sevicia-en-remedios-antioquia-sacuden-el-inicio-de-2026-en-esta-zona-del-pais-3523470,conflicto_territorial,Maicao,V09,12
https://www.eltiempo.com/justicia/conflicto-y-narcotrafico/caen-tres-presuntos-integrantes-del-eln-en-maicao-la-guajira-estarian-encargados-de-realizar-extorsiones-a-pequenos-y-medianos-comerciantes-3493365,conflicto_territorial,Maicao,V09,13
https://diariodelnorte.net/laguajira/defensoria-emite-alerta-por-expansion-de-las-acsn-y-escalada-del-riesgo-en-maicao/,conflicto_territorial,Maicao,V09,14
https://laguajirahoy.com/nacion/ubpd-ampliara-busqueda-forense-en-maicao-para-esclarecer-identidades-pendientes.html,conflicto_territorial,Maicao,V09,15
https://www.eltiempo.com/colombia/otras-ciudades/el-bendito-menor-estaria-detras-de-la-masacre-de-cinco-personas-en-maicao-anuncio-limpieza-social-en-video-de-hombres-armados-3523393,conflicto_territorial,Maicao,V10,1
https://laguajirahoy.com/judiciales/disputa-por-economias-criminales-intensifica-violencia-y-retos-de-seguridad-en-la-guajira.html,conflicto_territorial,Maicao,V10,2
https://www.eltiempo.com/justicia/conflicto-y-narcotrafico/caen-tres-presuntos-integrantes-del-eln-en-maicao-la-guajira-estarian-encargados-de-realizar-extorsiones-a-pequenos-y-medianos-comerciantes-3493365,conflicto_territorial,Maicao,V10,3
https://www.eltiempo.com/colombia/otras-ciudades/asi-se-reconfigura-el-nuevo-mapa-de-la-violencia-en-la-sierra-nevada-280-muertos-en-magdalena-la-guajira-y-cesar-en-primer-trimestre-de-3545748,conflicto_territorial,Maicao,V10,4
https://diariodelnorte.net/judiciales/ejercito-confirma-que-alias-nain-y-su-pareja-escaparon-tras-combates-en-dibulla/,conflicto_territorial,Maicao,V10,5
https://diariodelnorte.net/judiciales/ejercito-refuerza-la-seguridad-en-maicao-tras-recientes-hechos-de-violencia/,conflicto_territorial,Maicao,V10,6
https://diariodelnorte.net/judiciales/refuerzan-patrullajes-en-maicao-con-presencia-conjunta-de-ejercito-y-policia/,conflicto_territorial,Maicao,V10,7
https://laguajirahoy.com/judiciales-2/maicao-ofrece-recompensa-historica-contra-rafita-200-millones-de-pesos.html,conflicto_territorial,Maicao,V10,8
https://diariodelnorte.net/judiciales/capturan-a-dos-hombres-tras-protagonizar-una-rina-en-el-centro-de-maicao/,conflicto_territorial,Maicao,V10,9
https://laguajirahoy.com/judiciales/capturan-en-maicao-a-tres-presuntos-integrantes-del-eln-durante-operativo-militar.html,conflicto_territorial,Maicao,V10,10
https://diariodelnorte.net/judiciales/ejercito-descarta-enfrentamiento-con-el-eln-en-sector-de-cuatro-vias/,conflicto_territorial,Maicao,V10,11
https://diariodelnorte.net/editorial/elecciones-en-medio-del-miedo/,conflicto_territorial,Maicao,V10,12
https://www.eltiempo.com/justicia/conflicto-y-narcotrafico/el-eln-ejecuto-93-acciones-armadas-en-nueve-departamentos-durante-las-72-horas-del-denominado-paro-armado-3517621,conflicto_territorial,Maicao,V10,13
https://www.eltiempo.com/colombia/otras-ciudades/tension-en-la-guajira-tras-escalada-terrorista-en-ejes-viales-e-infraestructura-ferrea-de-cerrejon-3517505,conflicto_territorial,Maicao,V10,14
https://diariodelnorte.net/judiciales/capturan-a-hombre-senalado-de-herir-a-otro-con-arma-blanca-durante-rina-en-el-centro-de-maicao/,conflicto_territorial,Maicao,V10,15
https://www.eltiempo.com/colombia/otras-ciudades/asi-se-reconfigura-el-nuevo-mapa-de-la-violencia-en-la-sierra-nevada-280-muertos-en-magdalena-la-guajira-y-cesar-en-primer-trimestre-de-3545748,conflicto_territorial,Maicao,V11,1
https://www.eltiempo.com/justicia/conflicto-y-narcotrafico/lo-que-implica-el-reconocimiento-de-los-pachencas-como-grupo-armado-organizado-ya-hace-presencia-en-14-municipios-de-tres-departamentos-3479807,conflicto_territorial,Maicao,V11,2
https://laguajirahoy.com/nacion/ubpd-ampliara-busqueda-forense-en-maicao-para-esclarecer-identidades-pendientes.html,conflicto_territorial,Maicao,V11,3
https://laguajirahoy.com/judiciales/disputa-por-economias-criminales-intensifica-violencia-y-retos-de-seguridad-en-la-guajira.html,conflicto_territorial,Maicao,V11,4
https://laguajirahoy.com/judiciales/combates-entre-ejercito-y-eln-en-la-guajira.html,conflicto_territorial,Maicao,V11,5
https://diariodelnorte.net/judiciales/ejercito-refuerza-la-seguridad-en-maicao-tras-recientes-hechos-de-violencia/,conflicto_territorial,Maicao,V11,6
https://www.eltiempo.com/colombia/otras-ciudades/defensoria-lanza-alerta-por-disputa-armada-en-tres-municipios-de-la-guajira-el-organismo-pidio-al-estado-implementar-medidas-urgentes-de-proteccion-3477744,conflicto_territorial,Maicao,V11,7
https://laguajirahoy.com/la-guajira/consejo-de-seguridad-en-riohacha-busca-brindar-tranquilidad-en-el-departamento.html,conflicto_territorial,Maicao,V11,8
https://www.eltiempo.com/colombia/otras-ciudades/masacre-en-abejorral-y-crimenes-con-sevicia-en-remedios-antioquia-sacuden-el-inicio-de-2026-en-esta-zona-del-pais-3523470,conflicto_territorial,Maicao,V11,9
https://laguajirahoy.com/judiciales/unidad-de-busqueda-recupera-25-cuerpos-en-cementerio-de-riohacha.html,conflicto_territorial,Maicao,V12,1
https://diariodelnorte.net/judiciales/refuerzan-patrullajes-en-maicao-con-presencia-conjunta-de-ejercito-y-policia/,conflicto_territorial,Maicao,V12,2
https://diariodelnorte.net/judiciales/ejercito-descarta-enfrentamiento-con-el-eln-en-sector-de-cuatro-vias/,conflicto_territorial,Maicao,V12,3
https://diariodelnorte.net/judiciales/hallan-cuerpo-en-avanzado-estado-de-descomposicion-en-zona-rural-de-maicao/,conflicto_territorial,Maicao,V12,4
https://www.eltiempo.com/justicia/conflicto-y-narcotrafico/lo-que-implica-el-reconocimiento-de-los-pachencas-como-grupo-armado-organizado-ya-hace-presencia-en-14-municipios-de-tres-departamentos-3479807,conflicto_territorial,Maicao,V12,5
https://www.eltiempo.com/colombia/otras-ciudades/asi-se-reconfigura-el-nuevo-mapa-de-la-violencia-en-la-sierra-nevada-280-muertos-en-magdalena-la-guajira-y-cesar-en-primer-trimestre-de-3545748,conflicto_territorial,Maicao,V12,6
https://laguajirahoy.com/deportes/odiseo-fc-un-equipo-de-amigos-que-juega-con-pasion-en-maicao.html,conflicto_territorial,Maicao,V12,7
https://laguajirahoy.com/la-guajira/una-carretera-de-120-kilometros-podria-cambiar-el-rumbo-de-la-alta-guajira.html,conflicto_territorial,Maicao,V12,8
https://www.eltiempo.com/justicia/conflicto-y-narcotrafico/mindefensa-anuncia-el-despliegue-de-mas-de-30-000-uniformados-en-la-frontera-con-venezuela-y-activa-cinco-pmu-3521730,conflicto_territorial,Maicao,V12,9
https://diariodelnorte.net/judiciales/gaula-de-la-policia-fortalece-la-confianza-ciudadana-en-maicao-y-albania-para-prevenir-la-extorsion/,conflicto_territorial,Maicao,V12,10
https://www.eltiempo.com/colombia/otras-ciudades/muerte-de-yeison-jimenez-las-escenas-del-accidente-de-la-avioneta-de-yeison-jimenez-que-en-la-vereda-romita-de-paipa-nunca-olvidaran-3523540,conflicto_territorial,Maicao,V12,11
https://diariodelnorte.net/sociales/lideres-sociales-y-comunitarios-fueron-capacitados-en-mecanismos-de-justicia-y-resolucion-pacifica-de-conflictos/,conflicto_territorial,Maicao,V12,12
https://diariodelnorte.net/judiciales/incautan-mercancia-de-contrabando-avaluada-en-400-millones-durante-operativo-en-maicao/,conflicto_territorial,Maicao,V12,13
https://laguajirahoy.com/la-guajira/la-guajira-ordena-uso-de-casa-indigena-en-riohacha.html,conflicto_territorial,Maicao,V12,14
https://laguajirahoy.com/comunidad/familias-vulnerables-de-maicao-recibieron-ayuda-alimentaria.html,conflicto_territorial,Maicao,V12,15
https://laguajirahoy.com/maicao/maicao-fortalece-su-seguridad-con-inteligencia-y-presencia-especializada-contra-el-crimen.html,presencia_grupos_armados,Maicao,V01,1
https://laguajirahoy.com/judiciales/autoridades-redoblan-acciones-para-esclarecer-masacre-en-maicao-que-dejo-cinco-victimas-mortales.html,presencia_grupos_armados,Maicao,V01,2
https://laguajirahoy.com/judiciales/hombre-fue-asesinado-a-tiros-en-el-barrio-el-bosque-de-maicao.html,presencia_grupos_armados,Maicao,V01,3
https://diariodelnorte.net/judiciales/capturan-a-un-hombre-por-porte-ilegal-de-arma-de-fuego-durante-controles-policiales-en-uribia/,presencia_grupos_armados,Maicao,V01,4
https://diariodelnorte.net/editorial/todos-contra-la-violencia/,presencia_grupos_armados,Maicao,V01,5
https://www.eltiempo.com/justicia/conflicto-y-narcotrafico/acciones-armadas-y-afectaciones-del-eln-se-registran-en-seis-departamentos-este-es-el-balance-3517116,presencia_grupos_armados,Maicao,V01,6
https://diariodelnorte.net/laguajira/fuerzas-militares-mantienen-presencia-y-acompanamiento-a-la-poblacion-en-la-guajira/,presencia_grupos_armados,Maicao,V01,7
https://diariodelnorte.net/judiciales/refuerzan-en-maicao-la-estrategia-turismo-seguro-con-acciones-preventivas-en-zonas-de-alta-afluencia/,presencia_grupos_armados,Maicao,V01,8
https://diariodelnorte.net/laguajira/homicidios-en-la-guajira-estarian-ligados-a-disputas-entre-estructuras-criminales-segun-secretario-de-gobierno/,presencia_grupos_armados,Maicao,V01,9
https://www.eltiempo.com/colombia/otras-ciudades/piratas-terrestres-vuelven-a-sembrar-terror-en-la-guajira-hombres-armados-asaltan-vehiculo-en-plena-via-y-quedan-en-video-3553317,presencia_grupos_armados,Maicao,V01,10
https://diariodelnorte.net/judiciales/capturan-a-un-hombre-por-receptacion-durante-control-policial-en-maicao/,presencia_grupos_armados,Maicao,V01,11
https://www.eltiempo.com/salud/ataques-contra-misiones-medicas-en-conflictos-armados-alcanzan-niveles-record-en-todo-el-mundo-en-colombia-se-usan-ambulancias-como-escudo-3526307,presencia_grupos_armados,Maicao,V01,12
https://laguajirahoy.com/nacion/gobierno-entrega-5-400-millones-y-avanza-en-reparacion-a-victimas-en-la-guajira.html,presencia_grupos_armados,Maicao,V01,13
https://www.eltiempo.com/justicia/conflicto-y-narcotrafico/caen-tres-presuntos-integrantes-del-eln-en-maicao-la-guajira-estarian-encargados-de-realizar-extorsiones-a-pequenos-y-medianos-comerciantes-3493365,presencia_grupos_armados,Maicao,V01,14
https://www.eltiempo.com/justicia/cortes/la-alerta-de-la-corte-constitucional-por-grupos-armados-que-frenan-controles-sobre-la-crisis-wayuu-en-la-guajira-3554617,presencia_grupos_armados,Maicao,V01,15
https://www.eltiempo.com/colombia/otras-ciudades/el-bendito-menor-estaria-detras-de-la-masacre-de-cinco-personas-en-maicao-anuncio-limpieza-social-en-video-de-hombres-armados-3523393,presencia_grupos_armados,Maicao,V02,1
https://diariodelnorte.net/editorial/todos-contra-la-violencia/,presencia_grupos_armados,Maicao,V02,2
https://www.eltiempo.com/colombia/otras-ciudades/dormitorios-destruidos-y-zonas-militares-devastadas-asi-quedo-el-batallon-atacado-con-explosivos-en-la-guajira-que-dejo-doce-soldados-heridos-3558725,presencia_grupos_armados,Maicao,V02,3
https://www.eltiempo.com/justicia/cortes/la-alerta-de-la-corte-constitucional-por-grupos-armados-que-frenan-controles-sobre-la-crisis-wayuu-en-la-guajira-3554617,presencia_grupos_armados,Maicao,V02,4
https://www.eltiempo.com/justicia/conflicto-y-narcotrafico/caen-tres-presuntos-integrantes-del-eln-en-maicao-la-guajira-estarian-encargados-de-realizar-extorsiones-a-pequenos-y-medianos-comerciantes-3493365,presencia_grupos_armados,Maicao,V02,5
https://laguajirahoy.com/nacion/gobierno-entrega-5-400-millones-y-avanza-en-reparacion-a-victimas-en-la-guajira.html,presencia_grupos_armados,Maicao,V02,6
https://www.eltiempo.com/colombia/otras-ciudades/la-guajira-paro-armado-golpea-el-comercio-en-riohacha-perdidas-superan-los-35-mil-millones-en-tres-dias-3548966,presencia_grupos_armados,Maicao,V02,7
https://www.eltiempo.com/salud/ataques-contra-misiones-medicas-en-conflictos-armados-alcanzan-niveles-record-en-todo-el-mundo-en-colombia-se-usan-ambulancias-como-escudo-3526307,presencia_grupos_armados,Maicao,V02,8
https://www.eltiempo.com/justicia/conflicto-y-narcotrafico/el-bloqueo-en-la-troncal-del-caribe-con-la-que-se-busco-evitar-el-traslado-de-la-bebecita-companera-sentimental-de-cabecilla-de-los-pachencas-3494162,presencia_grupos_armados,Maicao,V02,9
https://laguajirahoy.com/judiciales/cae-en-maicao-supuesto-integrante-de-red-criminal-dedicada-a-homicidios-y-fleteo.html,presencia_grupos_armados,Maicao,V02,10
https://www.eltiempo.com/colombia/otras-ciudades/empresa-de-telecomunicaciones-denuncia-millonarias-perdidas-por-actos-vandalicos-en-su-infraestructura-en-la-guajira-3492065,presencia_grupos_armados,Maicao,V02,11
https://laguajirahoy.com/judiciales/la-guajira-busca-seguridad-y-apoyo-a-comunidades-tras-consejo-de-seguridad.html,presencia_grupos_armados,Maicao,V02,12
https://www.eltiempo.com/justicia/conflicto-y-narcotrafico/ataque-del-eln-a-la-subestacion-de-policia-de-cuatro-vias-en-el-municipio-de-maicao-tras-anuncio-de-paro-armado-en-colombia-no-hay-reporte-de-heridos-3516887,presencia_grupos_armados,Maicao,V02,13
https://laguajirahoy.com/judiciales/hombre-fue-asesinado-a-tiros-en-el-barrio-el-bosque-de-maicao.html,presencia_grupos_armados,Maicao,V02,14
https://www.eltiempo.com/colombia/otras-ciudades/asi-se-reconfigura-el-nuevo-mapa-de-la-violencia-en-la-sierra-nevada-280-muertos-en-magdalena-la-guajira-y-cesar-en-primer-trimestre-de-3545748,presencia_grupos_armados,Maicao,V02,15
https://www.eltiempo.com/salud/ataques-contra-misiones-medicas-en-conflictos-armados-alcanzan-niveles-record-en-todo-el-mundo-en-colombia-se-usan-ambulancias-como-escudo-3526307,presencia_grupos_armados,Maicao,V03,1
https://diariodelnorte.net/laguajira/autoridades-y-comunidad-se-unieron-en-maicao-en-un-llamado-por-la-paz-la-vida-y-la-convivencia/,presencia_grupos_armados,Maicao,V03,2
https://www.eltiempo.com/justicia/conflicto-y-narcotrafico/ataque-del-eln-a-la-subestacion-de-policia-de-cuatro-vias-en-el-municipio-de-maicao-tras-anuncio-de-paro-armado-en-colombia-no-hay-reporte-de-heridos-3516887,presencia_grupos_armados,Maicao,V03,3
https://laguajirahoy.com/judiciales/la-guajira-busca-seguridad-y-apoyo-a-comunidades-tras-consejo-de-seguridad.html,presencia_grupos_armados,Maicao,V03,4
https://diariodelnorte.net/judiciales/refuerzan-patrullajes-en-maicao-con-presencia-conjunta-de-ejercito-y-policia/,presencia_grupos_armados,Maicao,V03,5
https://diariodelnorte.net/judiciales/ejercito-confirma-que-alias-nain-y-su-pareja-escaparon-tras-combates-en-dibulla/,presencia_grupos_armados,Maicao,V03,6
https://www.eltiempo.com/justicia/conflicto-y-narcotrafico/con-35-masacres-2026-pasa-a-tener-el-primer-trimestre-mas-violento-en-colombia-en-los-ultimos-10-anos-3544984,presencia_grupos_armados,Maicao,V03,7
https://www.eltiempo.com/justicia/cortes/la-alerta-de-la-corte-constitucional-por-grupos-armados-que-frenan-controles-sobre-la-crisis-wayuu-en-la-guajira-3554617,presencia_grupos_armados,Maicao,V03,8
https://diariodelnorte.net/judiciales/ejercito-refuerza-la-seguridad-en-maicao-tras-recientes-hechos-de-violencia/,presencia_grupos_armados,Maicao,V03,9
https://diariodelnorte.net/judiciales/gobernacion-de-la-guajira-refuerza-acciones-de-seguridad-e-investigacion-tras-consejo-departamental/,presencia_grupos_armados,Maicao,V03,10
https://laguajirahoy.com/nacion-2/indemnizan-a-victimas-del-conflicto-en-la-guajira.html,presencia_grupos_armados,Maicao,V03,11
https://www.eltiempo.com/colombia/otras-ciudades/la-guajira-paro-armado-golpea-el-comercio-en-riohacha-perdidas-superan-los-35-mil-millones-en-tres-dias-3548966,presencia_grupos_armados,Maicao,V03,12
https://www.eltiempo.com/justicia/paz-y-derechos-humanos/atentados-confinamientos-y-homicidios-el-balance-de-la-defensoria-sobre-los-paros-armados-del-eln-y-mordisco-3516965,presencia_grupos_armados,Maicao,V03,13
https://diariodelnorte.net/opinion/disparadas-las-muertes-violentas-en-la-guajira/,presencia_grupos_armados,Maicao,V03,14
https://diariodelnorte.net/judiciales/gaula-captura-a-presunto-integrante-del-eln-con-material-belico-en-uribia/,presencia_grupos_armados,Maicao,V03,15
https://laguajirahoy.com/judiciales/la-guajira-busca-seguridad-y-apoyo-a-comunidades-tras-consejo-de-seguridad.html,presencia_grupos_armados,Maicao,V04,1
https://diariodelnorte.net/laguajira/autoridades-y-comunidad-se-unieron-en-maicao-en-un-llamado-por-la-paz-la-vida-y-la-convivencia/,presencia_grupos_armados,Maicao,V04,2
https://www.eltiempo.com/justicia/cortes/la-alerta-de-la-corte-constitucional-por-grupos-armados-que-frenan-controles-sobre-la-crisis-wayuu-en-la-guajira-3554617,presencia_grupos_armados,Maicao,V04,3
https://diariodelnorte.net/judiciales/ejercito-refuerza-la-seguridad-en-maicao-tras-recientes-hechos-de-violencia/,presencia_grupos_armados,Maicao,V04,4
https://diariodelnorte.net/judiciales/refuerzan-patrullajes-en-maicao-con-presencia-conjunta-de-ejercito-y-policia/,presencia_grupos_armados,Maicao,V04,5
https://www.eltiempo.com/justicia/conflicto-y-narcotrafico/ataque-del-eln-a-la-subestacion-de-policia-de-cuatro-vias-en-el-municipio-de-maicao-tras-anuncio-de-paro-armado-en-colombia-no-hay-reporte-de-heridos-3516887,presencia_grupos_armados,Maicao,V04,6
https://diariodelnorte.net/judiciales/gaula-captura-a-presunto-integrante-del-eln-con-material-belico-en-uribia/,presencia_grupos_armados,Maicao,V04,7
https://diariodelnorte.net/judiciales/ejercito-descarta-enfrentamiento-con-el-eln-en-sector-de-cuatro-vias/,presencia_grupos_armados,Maicao,V04,8
https://laguajirahoy.com/nacion/prorroga-del-pacto-funcional-cesar-la-guajira-impulsara-nuevos-proyectos-para-riohacha.html,presencia_grupos_armados,Maicao,V04,9
https://diariodelnorte.net/editorial/elecciones-en-medio-del-miedo/,presencia_grupos_armados,Maicao,V04,10
https://www.eltiempo.com/justicia/conflicto-y-narcotrafico/ataque-contra-el-ejercito-con-drones-cargados-con-explosivos-en-norte-de-santander-reportan-varios-soldados-heridos-3578713,presencia_grupos_armados,Maicao,V04,11
https://diariodelnorte.net/laguajira/fuerzas-militares-mantienen-presencia-y-acompanamiento-a-la-poblacion-en-la-guajira/,presencia_grupos_armados,Maicao,V04,12
https://diariodelnorte.net/judiciales/dirigente-politico-y-gerente-de-una-ipsi-resulta-herido-en-hechos-confusos-en-la-via-maicao-carraipia/,presencia_grupos_armados,Maicao,V04,13
https://diariodelnorte.net/judiciales/capturan-a-dos-presuntos-delincuentes-en-maicao-durante-operativos-de-allanamientos/,presencia_grupos_armados,Maicao,V04,14
https://www.eltiempo.com/colombia/otras-ciudades/tension-en-la-guajira-tras-escalada-terrorista-en-ejes-viales-e-infraestructura-ferrea-de-cerrejon-3517505,presencia_grupos_armados,Maicao,V04,15
https://diariodelnorte.net/editorial/todos-contra-la-violencia/,presencia_grupos_armados,Maicao,V05,1
https://www.eltiempo.com/justicia/conflicto-y-narcotrafico/acciones-armadas-y-afectaciones-del-eln-se-registran-en-seis-departamentos-este-es-el-balance-3517116,presencia_grupos_armados,Maicao,V05,2
https://laguajirahoy.com/judiciales/autoridades-redoblan-acciones-para-esclarecer-masacre-en-maicao-que-dejo-cinco-victimas-mortales.html,presencia_grupos_armados,Maicao,V05,3
https://diariodelnorte.net/laguajira/homicidios-en-la-guajira-estarian-ligados-a-disputas-entre-estructuras-criminales-segun-secretario-de-gobierno/,presencia_grupos_armados,Maicao,V05,4
https://www.eltiempo.com/salud/ataques-contra-misiones-medicas-en-conflictos-armados-alcanzan-niveles-record-en-todo-el-mundo-en-colombia-se-usan-ambulancias-como-escudo-3526307,presencia_grupos_armados,Maicao,V05,5
https://laguajirahoy.com/nacion/gobierno-entrega-5-400-millones-y-avanza-en-reparacion-a-victimas-en-la-guajira.html,presencia_grupos_armados,Maicao,V05,6
https://www.eltiempo.com/justicia/conflicto-y-narcotrafico/caen-tres-presuntos-integrantes-del-eln-en-maicao-la-guajira-estarian-encargados-de-realizar-extorsiones-a-pequenos-y-medianos-comerciantes-3493365,presencia_grupos_armados,Maicao,V05,7
https://www.eltiempo.com/colombia/otras-ciudades/dormitorios-destruidos-y-zonas-militares-devastadas-asi-quedo-el-batallon-atacado-con-explosivos-en-la-guajira-que-dejo-doce-soldados-heridos-3558725,presencia_grupos_armados,Maicao,V05,8
https://www.eltiempo.com/colombia/otras-ciudades/el-bendito-menor-estaria-detras-de-la-masacre-de-cinco-personas-en-maicao-anuncio-limpieza-social-en-video-de-hombres-armados-3523393,presencia_grupos_armados,Maicao,V05,9
https://laguajirahoy.com/judiciales/disputa-por-economias-criminales-intensifica-violencia-y-retos-de-seguridad-en-la-guajira.html,presencia_grupos_armados,Maicao,V05,10
https://www.eltiempo.com/justicia/conflicto-y-narcotrafico/el-bloqueo-en-la-troncal-del-caribe-con-la-que-se-busco-evitar-el-traslado-de-la-bebecita-companera-sentimental-de-cabecilla-de-los-pachencas-3494162,presencia_grupos_armados,Maicao,V05,11
https://www.eltiempo.com/justicia/conflicto-y-narcotrafico/con-35-masacres-2026-pasa-a-tener-el-primer-trimestre-mas-violento-en-colombia-en-los-ultimos-10-anos-3544984,presencia_grupos_armados,Maicao,V05,12
https://www.eltiempo.com/justicia/cortes/la-alerta-de-la-corte-constitucional-por-grupos-armados-que-frenan-controles-sobre-la-crisis-wayuu-en-la-guajira-3554617,presencia_grupos_armados,Maicao,V05,13
https://laguajirahoy.com/judiciales/la-guajira-busca-seguridad-y-apoyo-a-comunidades-tras-consejo-de-seguridad.html,presencia_grupos_armados,Maicao,V05,14
https://diariodelnorte.net/judiciales/ejercito-refuerza-la-seguridad-en-maicao-tras-recientes-hechos-de-violencia/,presencia_grupos_armados,Maicao,V05,15
https://diariodelnorte.net/laguajira/fuerzas-militares-mantienen-presencia-y-acompanamiento-a-la-poblacion-en-la-guajira/,presencia_grupos_armados,Maicao,V06,1
https://diariodelnorte.net/judiciales/refuerzan-en-maicao-la-estrategia-turismo-seguro-con-acciones-preventivas-en-zonas-de-alta-afluencia/,presencia_grupos_armados,Maicao,V06,2
https://www.eltiempo.com/justicia/conflicto-y-narcotrafico/acciones-armadas-y-afectaciones-del-eln-se-registran-en-seis-departamentos-este-es-el-balance-3517116,presencia_grupos_armados,Maicao,V06,3
https://diariodelnorte.net/judiciales/policia-nacional-captura-en-maicao-a-hombre-por-porte-ilegal-de-arma-de-fuego/,presencia_grupos_armados,Maicao,V06,4
https://diariodelnorte.net/judiciales/restablecen-movilidad-en-alto-pino-tras-bloqueo-comunidades-exigen-dialogo-con-icbf-y-gobernacion/,presencia_grupos_armados,Maicao,V06,5
https://diariodelnorte.net/judiciales/ejercito-refuerza-la-seguridad-en-maicao-tras-recientes-hechos-de-violencia/,presencia_grupos_armados,Maicao,V06,6
https://laguajirahoy.com/maicao/maicao-fortalece-su-seguridad-con-inteligencia-y-presencia-especializada-contra-el-crimen.html,presencia_grupos_armados,Maicao,V06,7
https://diariodelnorte.net/judiciales/capturado-en-maicao-por-porte-ilegal-de-arma-de-fuego-durante-labores-de-patrullaje-y-control/,presencia_grupos_armados,Maicao,V06,8
https://diariodelnorte.net/judiciales/refuerzan-patrullajes-en-maicao-con-presencia-conjunta-de-ejercito-y-policia/,presencia_grupos_armados,Maicao,V06,9
https://diariodelnorte.net/laguajira/riohacha-fortalece-la-capacidad-investigativa-de-la-fiscalia-con-nueva-dotacion-tecnologica/,presencia_grupos_armados,Maicao,V06,10
https://diariodelnorte.net/judiciales/capturan-a-hombre-portando-varias-dosis-de-marihuana-y-cocaina-en-el-municipio-de-maicao/,presencia_grupos_armados,Maicao,V06,11
https://diariodelnorte.net/judiciales/capturado-hombre-por-presunto-trafico-de-estupefacientes-en-maicao/,presencia_grupos_armados,Maicao,V06,12
https://diariodelnorte.net/judiciales/capturado-por-porte-ilegal-de-arma-y-recuperada-motocicleta-requerida-por-la-justicia-en-maicao/,presencia_grupos_armados,Maicao,V06,13
https://www.eltiempo.com/justicia/paz-y-derechos-humanos/atentados-confinamientos-y-homicidios-el-balance-de-la-defensoria-sobre-los-paros-armados-del-eln-y-mordisco-3516965,presencia_grupos_armados,Maicao,V06,14
https://laguajirahoy.com/la-guajira/unidad-de-victimas-entrega-millonaria-indemnizacion-que-dignifica-a-familias-guajiras.html,presencia_grupos_armados,Maicao,V06,15
https://diariodelnorte.net/judiciales/refuerzan-patrullajes-en-maicao-con-presencia-conjunta-de-ejercito-y-policia/,presencia_grupos_armados,Maicao,V07,1
https://diariodelnorte.net/judiciales/ejercito-refuerza-la-seguridad-en-maicao-tras-recientes-hechos-de-violencia/,presencia_grupos_armados,Maicao,V07,2
https://www.eltiempo.com/colombia/otras-ciudades/la-guajira-paro-armado-golpea-el-comercio-en-riohacha-perdidas-superan-los-35-mil-millones-en-tres-dias-3548966,presencia_grupos_armados,Maicao,V07,3
https://www.eltiempo.com/justicia/paz-y-derechos-humanos/atentados-confinamientos-y-homicidios-el-balance-de-la-defensoria-sobre-los-paros-armados-del-eln-y-mordisco-3516965,presencia_grupos_armados,Maicao,V07,4
https://diariodelnorte.net/judiciales/ejercito-descarta-enfrentamiento-con-el-eln-en-sector-de-cuatro-vias/,presencia_grupos_armados,Maicao,V07,5
https://diariodelnorte.net/laguajira/fuerzas-militares-mantienen-presencia-y-acompanamiento-a-la-poblacion-en-la-guajira/,presencia_grupos_armados,Maicao,V07,6
https://diariodelnorte.net/judiciales/operativo-en-maicao-deja-dos-capturados-por-presunto-trafico-de-armas/,presencia_grupos_armados,Maicao,V07,7
https://laguajirahoy.com/nacion-2/abren-proceso-para-elegir-comision-asesora-nacional-de-derechos-humanos.html,presencia_grupos_armados,Maicao,V07,8
https://diariodelnorte.net/politica/uribe-respaldo-a-paloma-valencia-y-critico-al-gobierno-durante-visita-a-riohacha/,presencia_grupos_armados,Maicao,V07,9
https://diariodelnorte.net/judiciales/capturan-a-presunto-traficante-de-base-de-coca-en-el-centro-de-maicao/,presencia_grupos_armados,Maicao,V07,10
https://diariodelnorte.net/judiciales/capturan-en-maicao-a-hombre-con-dos-ordenes-judiciales-por-porte-ilegal-de-armas-y-concierto-para-delinquir/,presencia_grupos_armados,Maicao,V07,11
https://laguajirahoy.com/politica/congreso-condecoro-a-aqualia-por-su-gestion-del-agua-en-la-guajira.html,presencia_grupos_armados,Maicao,V07,12
https://diariodelnorte.net/judiciales/capturan-en-maicao-a-mujer-senalada-de-causar-lesiones-personales/,presencia_grupos_armados,Maicao,V07,13
https://diariodelnorte.net/laguajira/procuraduria-propone-politica-de-integracion-para-migrantes-asentados-en-la-pista-maicao/,presencia_grupos_armados,Maicao,V07,14
https://laguajirahoy.com/cultura/majayut-de-maicao-se-inscribe-en-el-xxx-festival-de-la-cultura-wayuu-en-uribia.html,presencia_grupos_armados,Maicao,V07,15
https://laguajirahoy.com/judiciales/autoridades-redoblan-acciones-para-esclarecer-masacre-en-maicao-que-dejo-cinco-victimas-mortales.html,presencia_grupos_armados,Maicao,V08,1
https://www.eltiempo.com/justicia/conflicto-y-narcotrafico/acciones-armadas-y-afectaciones-del-eln-se-registran-en-seis-departamentos-este-es-el-balance-3517116,presencia_grupos_armados,Maicao,V08,2
https://www.eltiempo.com/justicia/conflicto-y-narcotrafico/caen-tres-presuntos-integrantes-del-eln-en-maicao-la-guajira-estarian-encargados-de-realizar-extorsiones-a-pequenos-y-medianos-comerciantes-3493365,presencia_grupos_armados,Maicao,V08,3
https://www.eltiempo.com/justicia/cortes/la-alerta-de-la-corte-constitucional-por-grupos-armados-que-frenan-controles-sobre-la-crisis-wayuu-en-la-guajira-3554617,presencia_grupos_armados,Maicao,V08,4
https://www.eltiempo.com/colombia/otras-ciudades/dormitorios-destruidos-y-zonas-militares-devastadas-asi-quedo-el-batallon-atacado-con-explosivos-en-la-guajira-que-dejo-doce-soldados-heridos-3558725,presencia_grupos_armados,Maicao,V08,5
https://www.eltiempo.com/colombia/otras-ciudades/el-bendito-menor-estaria-detras-de-la-masacre-de-cinco-personas-en-maicao-anuncio-limpieza-social-en-video-de-hombres-armados-3523393,presencia_grupos_armados,Maicao,V08,6
https://www.eltiempo.com/justicia/conflicto-y-narcotrafico/el-bloqueo-en-la-troncal-del-caribe-con-la-que-se-busco-evitar-el-traslado-de-la-bebecita-companera-sentimental-de-cabecilla-de-los-pachencas-3494162,presencia_grupos_armados,Maicao,V08,7
https://laguajirahoy.com/judiciales/la-guajira-busca-seguridad-y-apoyo-a-comunidades-tras-consejo-de-seguridad.html,presencia_grupos_armados,Maicao,V08,8
https://www.eltiempo.com/justicia/conflicto-y-narcotrafico/con-35-masacres-2026-pasa-a-tener-el-primer-trimestre-mas-violento-en-colombia-en-los-ultimos-10-anos-3544984,presencia_grupos_armados,Maicao,V08,9
https://www.eltiempo.com/justicia/conflicto-y-narcotrafico/ataque-del-eln-a-la-subestacion-de-policia-de-cuatro-vias-en-el-municipio-de-maicao-tras-anuncio-de-paro-armado-en-colombia-no-hay-reporte-de-heridos-3516887,presencia_grupos_armados,Maicao,V08,10
https://www.eltiempo.com/colombia/otras-ciudades/asi-se-reconfigura-el-nuevo-mapa-de-la-violencia-en-la-sierra-nevada-280-muertos-en-magdalena-la-guajira-y-cesar-en-primer-trimestre-de-3545748,presencia_grupos_armados,Maicao,V08,11
https://www.eltiempo.com/justicia/conflicto-y-narcotrafico/autodefensas-conquistadoras-de-la-sierra-nevada-dicen-que-no-ejecutaron-masacre-de-maicao-3523635,presencia_grupos_armados,Maicao,V08,12
https://diariodelnorte.net/judiciales/ejercito-y-policia-refuerzan-ofensiva-contra-los-pachenca-y-bandas-criminales-en-la-guajira/,presencia_grupos_armados,Maicao,V08,13
https://diariodelnorte.net/judiciales/ejercito-confirma-que-alias-nain-y-su-pareja-escaparon-tras-combates-en-dibulla/,presencia_grupos_armados,Maicao,V08,14
https://laguajirahoy.com/judiciales-2/capturan-presuntos-integrantes-de-estructura-criminal-en-la-guajira.html,presencia_grupos_armados,Maicao,V08,15
https://www.eltiempo.com/justicia/conflicto-y-narcotrafico/ataque-del-eln-a-la-subestacion-de-policia-de-cuatro-vias-en-el-municipio-de-maicao-tras-anuncio-de-paro-armado-en-colombia-no-hay-reporte-de-heridos-3516887,presencia_grupos_armados,Maicao,V09,1
https://laguajirahoy.com/judiciales/la-guajira-busca-seguridad-y-apoyo-a-comunidades-tras-consejo-de-seguridad.html,presencia_grupos_armados,Maicao,V09,2
https://diariodelnorte.net/judiciales/ejercito-confirma-que-alias-nain-y-su-pareja-escaparon-tras-combates-en-dibulla/,presencia_grupos_armados,Maicao,V09,3
https://www.eltiempo.com/justicia/conflicto-y-narcotrafico/con-35-masacres-2026-pasa-a-tener-el-primer-trimestre-mas-violento-en-colombia-en-los-ultimos-10-anos-3544984,presencia_grupos_armados,Maicao,V09,4
https://www.eltiempo.com/justicia/cortes/la-alerta-de-la-corte-constitucional-por-grupos-armados-que-frenan-controles-sobre-la-crisis-wayuu-en-la-guajira-3554617,presencia_grupos_armados,Maicao,V09,5
https://www.eltiempo.com/justicia/paz-y-derechos-humanos/atentados-confinamientos-y-homicidios-el-balance-de-la-defensoria-sobre-los-paros-armados-del-eln-y-mordisco-3516965,presencia_grupos_armados,Maicao,V09,6
https://diariodelnorte.net/opinion/disparadas-las-muertes-violentas-en-la-guajira/,presencia_grupos_armados,Maicao,V09,7
https://diariodelnorte.net/judiciales/gaula-captura-a-presunto-integrante-del-eln-con-material-belico-en-uribia/,presencia_grupos_armados,Maicao,V09,8
https://diariodelnorte.net/judiciales/ejercito-descarta-enfrentamiento-con-el-eln-en-sector-de-cuatro-vias/,presencia_grupos_armados,Maicao,V09,9
https://www.eltiempo.com/justicia/conflicto-y-narcotrafico/mindefensa-revela-los-coletazos-en-materia-de-seguridad-para-colombia-con-la-presencia-indefinida-de-ee-uu-en-venezuela-3523340,presencia_grupos_armados,Maicao,V09,10
https://www.eltiempo.com/justicia/conflicto-y-narcotrafico/autodefensas-conquistadoras-de-la-sierra-nevada-dicen-que-no-ejecutaron-masacre-de-maicao-3523635,presencia_grupos_armados,Maicao,V09,11
https://diariodelnorte.net/editorial/elecciones-en-medio-del-miedo/,presencia_grupos_armados,Maicao,V09,12
https://www.eltiempo.com/justicia/conflicto-y-narcotrafico/ataque-contra-el-ejercito-con-drones-cargados-con-explosivos-en-norte-de-santander-reportan-varios-soldados-heridos-3578713,presencia_grupos_armados,Maicao,V09,13
https://www.eltiempo.com/colombia/otras-ciudades/tension-en-la-guajira-tras-escalada-terrorista-en-ejes-viales-e-infraestructura-ferrea-de-cerrejon-3517505,presencia_grupos_armados,Maicao,V09,14
https://www.eltiempo.com/colombia/otras-ciudades/gobierno-ofrece-recompensa-de-hasta-70-millones-por-responsables-de-masacre-de-cinco-personas-en-maicao-la-guajira-3523525,presencia_grupos_armados,Maicao,V09,15
https://www.eltiempo.com/justicia/conflicto-y-narcotrafico/acciones-armadas-y-afectaciones-del-eln-se-registran-en-seis-departamentos-este-es-el-balance-3517116,presencia_grupos_armados,Maicao,V10,1
https://laguajirahoy.com/judiciales/autoridades-redoblan-acciones-para-esclarecer-masacre-en-maicao-que-dejo-cinco-victimas-mortales.html,presencia_grupos_armados,Maicao,V10,2
https://www.eltiempo.com/justicia/conflicto-y-narcotrafico/caen-tres-presuntos-integrantes-del-eln-en-maicao-la-guajira-estarian-encargados-de-realizar-extorsiones-a-pequenos-y-medianos-comerciantes-3493365,presencia_grupos_armados,Maicao,V10,3
https://www.eltiempo.com/colombia/otras-ciudades/dormitorios-destruidos-y-zonas-militares-devastadas-asi-quedo-el-batallon-atacado-con-explosivos-en-la-guajira-que-dejo-doce-soldados-heridos-3558725,presencia_grupos_armados,Maicao,V10,4
https://www.eltiempo.com/colombia/otras-ciudades/el-bendito-menor-estaria-detras-de-la-masacre-de-cinco-personas-en-maicao-anuncio-limpieza-social-en-video-de-hombres-armados-3523393,presencia_grupos_armados,Maicao,V10,5
https://www.eltiempo.com/justicia/conflicto-y-narcotrafico/el-bloqueo-en-la-troncal-del-caribe-con-la-que-se-busco-evitar-el-traslado-de-la-bebecita-companera-sentimental-de-cabecilla-de-los-pachencas-3494162,presencia_grupos_armados,Maicao,V10,6
https://www.eltiempo.com/justicia/conflicto-y-narcotrafico/con-35-masacres-2026-pasa-a-tener-el-primer-trimestre-mas-violento-en-colombia-en-los-ultimos-10-anos-3544984,presencia_grupos_armados,Maicao,V10,7
https://www.eltiempo.com/justicia/cortes/la-alerta-de-la-corte-constitucional-por-grupos-armados-que-frenan-controles-sobre-la-crisis-wayuu-en-la-guajira-3554617,presencia_grupos_armados,Maicao,V10,8
https://laguajirahoy.com/judiciales/la-guajira-busca-seguridad-y-apoyo-a-comunidades-tras-consejo-de-seguridad.html,presencia_grupos_armados,Maicao,V10,9
https://www.eltiempo.com/justicia/conflicto-y-narcotrafico/ataque-del-eln-a-la-subestacion-de-policia-de-cuatro-vias-en-el-municipio-de-maicao-tras-anuncio-de-paro-armado-en-colombia-no-hay-reporte-de-heridos-3516887,presencia_grupos_armados,Maicao,V10,10
https://www.eltiempo.com/colombia/otras-ciudades/asi-se-reconfigura-el-nuevo-mapa-de-la-violencia-en-la-sierra-nevada-280-muertos-en-magdalena-la-guajira-y-cesar-en-primer-trimestre-de-3545748,presencia_grupos_armados,Maicao,V10,11
https://www.eltiempo.com/justicia/conflicto-y-narcotrafico/autodefensas-conquistadoras-de-la-sierra-nevada-dicen-que-no-ejecutaron-masacre-de-maicao-3523635,presencia_grupos_armados,Maicao,V10,12
https://diariodelnorte.net/judiciales/ejercito-y-policia-refuerzan-ofensiva-contra-los-pachenca-y-bandas-criminales-en-la-guajira/,presencia_grupos_armados,Maicao,V10,13
https://diariodelnorte.net/judiciales/ejercito-confirma-que-alias-nain-y-su-pareja-escaparon-tras-combates-en-dibulla/,presencia_grupos_armados,Maicao,V10,14
https://www.eltiempo.com/justicia/paz-y-derechos-humanos/atentados-confinamientos-y-homicidios-el-balance-de-la-defensoria-sobre-los-paros-armados-del-eln-y-mordisco-3516965,presencia_grupos_armados,Maicao,V10,15
https://www.eltiempo.com/justicia/paz-y-derechos-humanos/atentados-confinamientos-y-homicidios-el-balance-de-la-defensoria-sobre-los-paros-armados-del-eln-y-mordisco-3516965,presencia_grupos_armados,Maicao,V11,1
https://diariodelnorte.net/judiciales/ejercito-descarta-enfrentamiento-con-el-eln-en-sector-de-cuatro-vias/,presencia_grupos_armados,Maicao,V11,2
https://laguajirahoy.com/judiciales/nain-perez-anuncia-cese-al-fuego-y-abre-dialogo-con-petro.html,presencia_grupos_armados,Maicao,V11,3
https://laguajirahoy.com/judiciales/combates-entre-ejercito-y-eln-en-la-guajira.html,presencia_grupos_armados,Maicao,V11,4
https://laguajirahoy.com/judiciales/hostigamientos-del-eln-generan-panico-explosivos-y-miedo-en-la-guajira.html,presencia_grupos_armados,Maicao,V11,5
https://diariodelnorte.net/judiciales/ejercito-confirma-que-alias-nain-y-su-pareja-escaparon-tras-combates-en-dibulla/,presencia_grupos_armados,Maicao,V11,6
https://www.eltiempo.com/justicia/conflicto-y-narcotrafico/capturan-a-22-integrantes-de-los-pachencas-en-magdalena-cesar-y-la-guajira-3493281,presencia_grupos_armados,Maicao,V11,7
https://www.eltiempo.com/colombia/otras-ciudades/tension-en-la-guajira-tras-escalada-terrorista-en-ejes-viales-e-infraestructura-ferrea-de-cerrejon-3517505,presencia_grupos_armados,Maicao,V11,8
https://www.eltiempo.com/justicia/conflicto-y-narcotrafico/ataque-del-eln-a-la-subestacion-de-policia-de-cuatro-vias-en-el-municipio-de-maicao-tras-anuncio-de-paro-armado-en-colombia-no-hay-reporte-de-heridos-3516887,presencia_grupos_armados,Maicao,V11,9
https://laguajirahoy.com/judiciales/12-militares-heridos-en-atentado-terrorista-en-guarnicion-militar-en-la-guajira.html,presencia_grupos_armados,Maicao,V11,10
https://www.eltiempo.com/justicia/conflicto-y-narcotrafico/lo-que-implica-el-reconocimiento-de-los-pachencas-como-grupo-armado-organizado-ya-hace-presencia-en-14-municipios-de-tres-departamentos-3479807,presencia_grupos_armados,Maicao,V11,11
https://www.eltiempo.com/colombia/otras-ciudades/alias-bendito-menor-envia-carta-al-gobierno-nacional-solicitando-frenar-la-persecucion-en-su-contra-y-retomar-dialogos-esto-dice-la-comunicacion-3527262,presencia_grupos_armados,Maicao,V11,12
https://elpilon.com.co/judicial/gobierno-ofrece-hasta-500-millones-de-recompensa-por-responsables-de-masacre-en-maicao-alias-nain-niega-su-participacion-a-traves-de-un-video,presencia_grupos_armados,Maicao,V11,13
https://www.eltiempo.com/justicia/conflicto-y-narcotrafico/ataque-contra-el-ejercito-con-drones-cargados-con-explosivos-en-norte-de-santander-reportan-varios-soldados-heridos-3578713,presencia_grupos_armados,Maicao,V11,14
https://laguajirahoy.com/judiciales/bloqueos-en-troncal-del-caribe-mantienen-incomunicada-a-la-guajira.html,presencia_grupos_armados,Maicao,V11,15
https://www.eltiempo.com/justicia/conflicto-y-narcotrafico/acciones-armadas-y-afectaciones-del-eln-se-registran-en-seis-departamentos-este-es-el-balance-3517116,presencia_grupos_armados,Maicao,V12,1
https://diariodelnorte.net/judiciales/ejercito-refuerza-la-seguridad-en-maicao-tras-recientes-hechos-de-violencia/,presencia_grupos_armados,Maicao,V12,2
https://www.eltiempo.com/justicia/paz-y-derechos-humanos/atentados-confinamientos-y-homicidios-el-balance-de-la-defensoria-sobre-los-paros-armados-del-eln-y-mordisco-3516965,presencia_grupos_armados,Maicao,V12,3
https://laguajirahoy.com/la-guajira/unidad-de-victimas-entrega-millonaria-indemnizacion-que-dignifica-a-familias-guajiras.html,presencia_grupos_armados,Maicao,V12,4
https://www.eltiempo.com/colombia/otras-ciudades/dormitorios-destruidos-y-zonas-militares-devastadas-asi-quedo-el-batallon-atacado-con-explosivos-en-la-guajira-que-dejo-doce-soldados-heridos-3558725,presencia_grupos_armados,Maicao,V12,5
https://laguajirahoy.com/judiciales-2/nuevo-ataque-con-explosivos-agrava-seguridad-en-via-de-la-guajira.html,presencia_grupos_armados,Maicao,V12,6
https://laguajirahoy.com/nacion/gobierno-entrega-5-400-millones-y-avanza-en-reparacion-a-victimas-en-la-guajira.html,presencia_grupos_armados,Maicao,V12,7
https://www.eltiempo.com/colombia/otras-ciudades/la-guajira-paro-armado-golpea-el-comercio-en-riohacha-perdidas-superan-los-35-mil-millones-en-tres-dias-3548966,presencia_grupos_armados,Maicao,V12,8
https://diariodelnorte.net/judiciales/capturan-a-mujer-por-lesiones-personales-en-el-barrio-la-paz-de-maicao/,presencia_grupos_armados,Maicao,V12,9
https://diariodelnorte.net/judiciales/capturan-a-dos-hombres-tras-protagonizar-una-rina-en-el-centro-de-maicao/,presencia_grupos_armados,Maicao,V12,10
https://diariodelnorte.net/judiciales/capturan-en-maicao-a-mujer-senalada-de-causar-lesiones-personales/,presencia_grupos_armados,Maicao,V12,11
https://laguajirahoy.com/judiciales/bloqueos-en-troncal-del-caribe-mantienen-incomunicada-a-la-guajira.html,presencia_grupos_armados,Maicao,V12,12
https://diariodelnorte.net/politica/uribe-respaldo-a-paloma-valencia-y-critico-al-gobierno-durante-visita-a-riohacha/,presencia_grupos_armados,Maicao,V12,13
https://laguajirahoy.com/la-guajira/la-guajira-ordena-uso-de-casa-indigena-en-riohacha.html,presencia_grupos_armados,Maicao,V12,14
https://diariodelnorte.net/editorial/la-busqueda-de-desaparecidos/,presencia_grupos_armados,Maicao,V12,15
https://boyaca7dias.com.co/2025/11/13/la-unidad-de-busqueda-de-personas-recupero-diez-cuerpos-en-el-cementerio-de-oicata/,exclusion_beneficios_economicos,Oicata,V01,1
https://boyaca7dias.com.co/2026/04/09/bloqueos-en-boyaca-este-jueves-por-paro-nacional-en-rechazo-al-aumento-del-impuesto-predial-estos-son-los-puntos-confirmados/,exclusion_beneficios_economicos,Oicata,V01,2
https://boyaca7dias.com.co/2026/06/06/estos-fueron-los-compromisos-acordados-tras-las-protestas-en-el-peaje-de-tuta/,exclusion_beneficios_economicos,Oicata,V01,3
https://boyaca7dias.com.co/2026/06/05/peaje-gratis-anoche-en-la-caseta-de-tuta-tolditos7dias/,exclusion_beneficios_economicos,Oicata,V01,4
https://www.eltiempo.com/colombia/otras-ciudades/asi-fue-la-cadena-de-fallas-que-llevo-al-choque-mortal-del-camion-de-gas-en-la-via-simijaca-chiquinquira-cundinamarca-la-tragedia-pudo-ser-peor-3530470,exclusion_beneficios_economicos,Oicata,V01,5
https://boyaca7dias.com.co/2026/02/21/biologa-de-la-uptc-gana-beca-colombia-biodiversa-por-crear-investigacion-que-estudiara-los-riesgos-sanitarios-en-el-rio-chicamocha/,exclusion_beneficios_economicos,Oicata,V01,6
https://boyaca7dias.com.co/2025/11/09/duitama-fue-escenario-del-reencuentro-regional-de-madres-comunitarias-tras-mas-de-diez-anos/,exclusion_beneficios_economicos,Oicata,V01,7
https://www.eltiempo.com/colombia/otras-ciudades/invertiran-19-000-millones-en-estufas-ecoeficientes-para-reducir-el-uso-de-lena-y-prevenir-enfermedades-en-39-municipios-de-boyaca-3506932,exclusion_beneficios_economicos,Oicata,V01,8
https://boyaca7dias.com.co/2025/08/26/escuela-rural-de-cienega-busca-recursos-para-construir-un-parque-infantil-que-beneficiaria-a-mas-de-20-ninos/,exclusion_beneficios_economicos,Oicata,V01,9
https://www.eltiempo.com/politica/elecciones-colombia-2026/empate-tecnico-entre-ivan-cepeda-y-paloma-valencia-en-segunda-vuelta-de-acuerdo-con-la-encuesta-de-marzo-de-guarumo-3543649,exclusion_beneficios_economicos,Oicata,V01,10
https://boyaca7dias.com.co/2026/04/24/capturan-a-presunto-responsable-de-millonario-hurto-en-zona-rural-de-combita/,exclusion_beneficios_economicos,Oicata,V01,11
https://boyaca7dias.com.co/2025/08/24/empresas-que-han-hecho-historia-en-boyaca-y-que-han-impulsado-su-desarrollo-hector-h-rodriguez-aelinforme-h-h/,exclusion_beneficios_economicos,Oicata,V01,12
https://www.eltiempo.com/politica/elecciones-colombia-2026/los-escenarios-de-las-elecciones-presidenciales-tras-encuesta-de-guarumo-y-ecoanalitica-que-lidera-cepeda-y-le-siguen-de-la-espriella-y-valencia-3543783,exclusion_beneficios_economicos,Oicata,V01,13
https://www.eltiempo.com/colombia/otras-ciudades/familia-y-bomberos-exigen-a-fiscalia-recapturar-al-tatuador-senalado-de-agredir-al-comandante-jairo-bolivar-sigue-en-uci-tras-brutal-golpiza-en-tunja-3572450,exclusion_beneficios_economicos,Oicata,V01,14
https://boyaca7dias.com.co/2026/08/03/comunidades-advierten-con-bloquear-por-completo-la-via-en-el-peaje-de-tuta-ante-incumplimientos-de-la-ani/,exclusion_beneficios_economicos,Oicata,V01,15
https://boyaca7dias.com.co/2026/06/05/peaje-gratis-anoche-en-la-caseta-de-tuta-tolditos7dias/,exclusion_beneficios_economicos,Oicata,V02,1
https://boyaca7dias.com.co/2026/04/09/bloqueos-en-boyaca-este-jueves-por-paro-nacional-en-rechazo-al-aumento-del-impuesto-predial-estos-son-los-puntos-confirmados/,exclusion_beneficios_economicos,Oicata,V02,2
https://boyaca7dias.com.co/2025/08/26/escuela-rural-de-cienega-busca-recursos-para-construir-un-parque-infantil-que-beneficiaria-a-mas-de-20-ninos/,exclusion_beneficios_economicos,Oicata,V02,3
https://boyaca7dias.com.co/2026/08/03/comunidades-advierten-con-bloquear-por-completo-la-via-en-el-peaje-de-tuta-ante-incumplimientos-de-la-ani/,exclusion_beneficios_economicos,Oicata,V02,4
https://www.eltiempo.com/colombia/otras-ciudades/familia-y-bomberos-exigen-a-fiscalia-recapturar-al-tatuador-senalado-de-agredir-al-comandante-jairo-bolivar-sigue-en-uci-tras-brutal-golpiza-en-tunja-3572450,exclusion_beneficios_economicos,Oicata,V02,5
https://boyaca7dias.com.co/2026/08/04/capturaron-a-tres-presuntos-integrantes-de-banda-dedicada-al-hurto-de-viviendas-en-boyaca/,exclusion_beneficios_economicos,Oicata,V02,6
https://www.eltiempo.com/politica/elecciones-colombia-2026/empate-tecnico-entre-ivan-cepeda-y-paloma-valencia-en-segunda-vuelta-de-acuerdo-con-la-encuesta-de-marzo-de-guarumo-3543649,exclusion_beneficios_economicos,Oicata,V02,7
https://www.eltiempo.com/economia/sectores/ani-adjudico-obras-publicas-de-los-corredores-ferreos-bogota-belencito-y-pacifico-por-mas-de-564-958-millones-3572794,exclusion_beneficios_economicos,Oicata,V02,8
https://www.eltiempo.com/politica/elecciones-colombia-2026/nueva-encuesta-guarumo-asi-ha-sido-la-intencion-de-voto-de-paloma-valencia-paso-de-6-9-por-ciento-en-enero-a-19-9-por-ciento-en-marzo-3543646,exclusion_beneficios_economicos,Oicata,V02,9
https://boyaca7dias.com.co/2025/12/05/unidad-de-busqueda-de-personas-dadas-por-desaparecidas-esta-hoy-en-la-terminal-de-transportes-de-tunja-ofreciendo-sus-servicios-humanitarios/,exclusion_beneficios_economicos,Oicata,V02,10
https://boyaca7dias.com.co/2025/11/13/la-unidad-de-busqueda-de-personas-recupero-diez-cuerpos-en-el-cementerio-de-oicata/,exclusion_beneficios_economicos,Oicata,V02,11
https://boyaca7dias.com.co/2026/08/07/de-los-dos-megaproyectos-de-petro-para-boyaca-uno-arranco-y-el-otro-se-quedo-estancado/,exclusion_beneficios_economicos,Oicata,V02,12
https://boyaca7dias.com.co/2026/04/09/bloqueos-en-boyaca-este-jueves-por-paro-nacional-en-rechazo-al-aumento-del-impuesto-predial-estos-son-los-puntos-confirmados/,exclusion_beneficios_economicos,Oicata,V03,1
https://boyaca7dias.com.co/2025/11/13/la-unidad-de-busqueda-de-personas-recupero-diez-cuerpos-en-el-cementerio-de-oicata/,exclusion_beneficios_economicos,Oicata,V03,2
https://boyaca7dias.com.co/2026/06/05/peaje-gratis-anoche-en-la-caseta-de-tuta-tolditos7dias/,exclusion_beneficios_economicos,Oicata,V03,3
https://boyaca7dias.com.co/2026/06/06/estos-fueron-los-compromisos-acordados-tras-las-protestas-en-el-peaje-de-tuta/,exclusion_beneficios_economicos,Oicata,V03,4
https://boyaca7dias.com.co/2025/08/26/escuela-rural-de-cienega-busca-recursos-para-construir-un-parque-infantil-que-beneficiaria-a-mas-de-20-ninos/,exclusion_beneficios_economicos,Oicata,V03,5
https://boyaca7dias.com.co/2026/04/24/capturan-a-presunto-responsable-de-millonario-hurto-en-zona-rural-de-combita/,exclusion_beneficios_economicos,Oicata,V03,6
https://boyaca7dias.com.co/2026/08/03/comunidades-advierten-con-bloquear-por-completo-la-via-en-el-peaje-de-tuta-ante-incumplimientos-de-la-ani/,exclusion_beneficios_economicos,Oicata,V03,7
https://www.eltiempo.com/colombia/otras-ciudades/familia-y-bomberos-exigen-a-fiscalia-recapturar-al-tatuador-senalado-de-agredir-al-comandante-jairo-bolivar-sigue-en-uci-tras-brutal-golpiza-en-tunja-3572450,exclusion_beneficios_economicos,Oicata,V03,8
https://boyaca7dias.com.co/2026/08/04/desde-la-medianoche-de-hoy-se-restablecera-el-cobro-en-el-peaje-de-tuta/,exclusion_beneficios_economicos,Oicata,V03,9
https://www.eltiempo.com/colombia/otras-ciudades/invertiran-19-000-millones-en-estufas-ecoeficientes-para-reducir-el-uso-de-lena-y-prevenir-enfermedades-en-39-municipios-de-boyaca-3506932,exclusion_beneficios_economicos,Oicata,V03,10
https://boyaca7dias.com.co/2026/08/07/de-los-dos-megaproyectos-de-petro-para-boyaca-uno-arranco-y-el-otro-se-quedo-estancado/,exclusion_beneficios_economicos,Oicata,V03,11
https://www.eltiempo.com/politica/elecciones-colombia-2026/nueva-encuesta-guarumo-asi-ha-sido-la-intencion-de-voto-de-paloma-valencia-paso-de-6-9-por-ciento-en-enero-a-19-9-por-ciento-en-marzo-3543646,exclusion_beneficios_economicos,Oicata,V03,12
https://www.eltiempo.com/colombia/otras-ciudades/el-conmovedor-funeral-en-el-que-despidieron-a-yudi-castellanos-la-joven-que-fallecio-en-una-excursion-en-el-meta-su-perro-benji-acompano-el-feretro-3490812,exclusion_beneficios_economicos,Oicata,V03,13
https://boyaca7dias.com.co/2026/02/21/biologa-de-la-uptc-gana-beca-colombia-biodiversa-por-crear-investigacion-que-estudiara-los-riesgos-sanitarios-en-el-rio-chicamocha/,exclusion_beneficios_economicos,Oicata,V03,14
https://www.eltiempo.com/politica/elecciones-colombia-2026/empate-tecnico-entre-ivan-cepeda-y-paloma-valencia-en-segunda-vuelta-de-acuerdo-con-la-encuesta-de-marzo-de-guarumo-3543649,exclusion_beneficios_economicos,Oicata,V03,15
https://boyaca7dias.com.co/2026/06/05/peaje-gratis-anoche-en-la-caseta-de-tuta-tolditos7dias/,exclusion_beneficios_economicos,Oicata,V04,1
https://boyaca7dias.com.co/2025/08/26/escuela-rural-de-cienega-busca-recursos-para-construir-un-parque-infantil-que-beneficiaria-a-mas-de-20-ninos/,exclusion_beneficios_economicos,Oicata,V04,2
https://boyaca7dias.com.co/2026/08/03/comunidades-advierten-con-bloquear-por-completo-la-via-en-el-peaje-de-tuta-ante-incumplimientos-de-la-ani/,exclusion_beneficios_economicos,Oicata,V04,3
https://boyaca7dias.com.co/2026/04/09/bloqueos-en-boyaca-este-jueves-por-paro-nacional-en-rechazo-al-aumento-del-impuesto-predial-estos-son-los-puntos-confirmados/,exclusion_beneficios_economicos,Oicata,V04,4
https://boyaca7dias.com.co/2025/08/05/paros-en-boyaca-bloqueos-ley-seca-y-represamiento-de-alimentos-marcaron-el-primer-dia-de-la-jornada/,exclusion_beneficios_economicos,Oicata,V04,5
https://boyaca7dias.com.co/2025/08/24/empresas-que-han-hecho-historia-en-boyaca-y-que-han-impulsado-su-desarrollo-hector-h-rodriguez-aelinforme-h-h/,exclusion_beneficios_economicos,Oicata,V04,6
https://www.eltiempo.com/colombia/otras-ciudades/asi-fue-la-cadena-de-fallas-que-llevo-al-choque-mortal-del-camion-de-gas-en-la-via-simijaca-chiquinquira-cundinamarca-la-tragedia-pudo-ser-peor-3530470,exclusion_beneficios_economicos,Oicata,V04,7
https://boyaca7dias.com.co/2026/06/06/estos-fueron-los-compromisos-acordados-tras-las-protestas-en-el-peaje-de-tuta/,exclusion_beneficios_economicos,Oicata,V04,8
https://boyaca7dias.com.co/2025/11/13/la-unidad-de-busqueda-de-personas-recupero-diez-cuerpos-en-el-cementerio-de-oicata/,exclusion_beneficios_economicos,Oicata,V04,9
https://boyaca7dias.com.co/2026/04/09/bloqueos-en-boyaca-este-jueves-por-paro-nacional-en-rechazo-al-aumento-del-impuesto-predial-estos-son-los-puntos-confirmados/,exclusion_beneficios_economicos,Oicata,V05,1
https://boyaca7dias.com.co/2026/06/05/peaje-gratis-anoche-en-la-caseta-de-tuta-tolditos7dias/,exclusion_beneficios_economicos,Oicata,V05,2
https://boyaca7dias.com.co/2025/08/26/escuela-rural-de-cienega-busca-recursos-para-construir-un-parque-infantil-que-beneficiaria-a-mas-de-20-ninos/,exclusion_beneficios_economicos,Oicata,V05,3
https://boyaca7dias.com.co/2026/08/04/desde-la-medianoche-de-hoy-se-restablecera-el-cobro-en-el-peaje-de-tuta/,exclusion_beneficios_economicos,Oicata,V05,4
https://boyaca7dias.com.co/2026/08/03/comunidades-advierten-con-bloquear-por-completo-la-via-en-el-peaje-de-tuta-ante-incumplimientos-de-la-ani/,exclusion_beneficios_economicos,Oicata,V05,5
https://boyaca7dias.com.co/2025/08/24/empresas-que-han-hecho-historia-en-boyaca-y-que-han-impulsado-su-desarrollo-hector-h-rodriguez-aelinforme-h-h/,exclusion_beneficios_economicos,Oicata,V05,6
https://boyaca7dias.com.co/2026/04/24/capturan-a-presunto-responsable-de-millonario-hurto-en-zona-rural-de-combita/,exclusion_beneficios_economicos,Oicata,V05,7
https://boyaca7dias.com.co/2026/02/21/biologa-de-la-uptc-gana-beca-colombia-biodiversa-por-crear-investigacion-que-estudiara-los-riesgos-sanitarios-en-el-rio-chicamocha/,exclusion_beneficios_economicos,Oicata,V05,8
https://boyaca7dias.com.co/2026/06/06/estos-fueron-los-compromisos-acordados-tras-las-protestas-en-el-peaje-de-tuta/,exclusion_beneficios_economicos,Oicata,V05,9
https://www.eltiempo.com/colombia/otras-ciudades/invertiran-19-000-millones-en-estufas-ecoeficientes-para-reducir-el-uso-de-lena-y-prevenir-enfermedades-en-39-municipios-de-boyaca-3506932,exclusion_beneficios_economicos,Oicata,V05,10
https://boyaca7dias.com.co/2026/08/07/de-los-dos-megaproyectos-de-petro-para-boyaca-uno-arranco-y-el-otro-se-quedo-estancado/,exclusion_beneficios_economicos,Oicata,V05,11
https://boyaca7dias.com.co/2026/05/29/comunidad-protesta-en-el-peaje-de-tuta-y-exige-tarifa-cero-para-habitantes-de-cuatro-municipios/,exclusion_beneficios_economicos,Oicata,V05,12
https://boyaca7dias.com.co/2026/08/06/proteger-al-venado-cola-blanca-una-prioridad-para-salvaguardar-la-biodiversidad-en-boyaca/,exclusion_beneficios_economicos,Oicata,V05,13
https://www.eltiempo.com/colombia/otras-ciudades/asi-fue-la-cadena-de-fallas-que-llevo-al-choque-mortal-del-camion-de-gas-en-la-via-simijaca-chiquinquira-cundinamarca-la-tragedia-pudo-ser-peor-3530470,exclusion_beneficios_economicos,Oicata,V05,14
https://boyaca7dias.com.co/2025/11/13/la-unidad-de-busqueda-de-personas-recupero-diez-cuerpos-en-el-cementerio-de-oicata/,exclusion_beneficios_economicos,Oicata,V05,15
https://boyaca7dias.com.co/2026/06/06/estos-fueron-los-compromisos-acordados-tras-las-protestas-en-el-peaje-de-tuta/,exclusion_beneficios_economicos,Oicata,V06,1
https://boyaca7dias.com.co/2026/04/09/bloqueos-en-boyaca-este-jueves-por-paro-nacional-en-rechazo-al-aumento-del-impuesto-predial-estos-son-los-puntos-confirmados/,exclusion_beneficios_economicos,Oicata,V06,2
https://www.eltiempo.com/politica/elecciones-colombia-2026/empate-tecnico-entre-ivan-cepeda-y-paloma-valencia-en-segunda-vuelta-de-acuerdo-con-la-encuesta-de-marzo-de-guarumo-3543649,exclusion_beneficios_economicos,Oicata,V06,3
https://www.eltiempo.com/politica/elecciones-colombia-2026/nueva-encuesta-guarumo-asi-ha-sido-la-intencion-de-voto-de-paloma-valencia-paso-de-6-9-por-ciento-en-enero-a-19-9-por-ciento-en-marzo-3543646,exclusion_beneficios_economicos,Oicata,V06,4
https://boyaca7dias.com.co/2025/12/29/en-lo-que-va-de-diciembre-en-boyaca-se-han-presentado-27-incendios/,exclusion_beneficios_economicos,Oicata,V06,5
https://boyaca7dias.com.co/2026/02/21/biologa-de-la-uptc-gana-beca-colombia-biodiversa-por-crear-investigacion-que-estudiara-los-riesgos-sanitarios-en-el-rio-chicamocha/,exclusion_beneficios_economicos,Oicata,V06,6
https://boyaca7dias.com.co/2025/08/24/empresas-que-han-hecho-historia-en-boyaca-y-que-han-impulsado-su-desarrollo-hector-h-rodriguez-aelinforme-h-h/,exclusion_beneficios_economicos,Oicata,V06,7
https://boyaca7dias.com.co/2026/08/06/proteger-al-venado-cola-blanca-una-prioridad-para-salvaguardar-la-biodiversidad-en-boyaca/,exclusion_beneficios_economicos,Oicata,V06,8
https://boyaca7dias.com.co/2026/07/27/el-gobierno-del-presidente-petro-adjudico-las-obras-publicas-del-corredor-ferreo-bogota-belencito/,exclusion_beneficios_economicos,Oicata,V06,9
https://boyaca7dias.com.co/2026/04/24/capturan-a-presunto-responsable-de-millonario-hurto-en-zona-rural-de-combita/,exclusion_beneficios_economicos,Oicata,V06,10
https://boyaca7dias.com.co/2025/08/05/paros-en-boyaca-bloqueos-ley-seca-y-represamiento-de-alimentos-marcaron-el-primer-dia-de-la-jornada/,exclusion_beneficios_economicos,Oicata,V06,11
https://boyaca7dias.com.co/2026/01/26/gestion-del-riesgo-de-boyaca-mantiene-alerta-en-47-municipios-por-amenaza-de-incendios-forestales/,exclusion_beneficios_economicos,Oicata,V06,12
https://boyaca7dias.com.co/2026/08/04/capturaron-a-tres-presuntos-integrantes-de-banda-dedicada-al-hurto-de-viviendas-en-boyaca/,exclusion_beneficios_economicos,Oicata,V06,13
https://boyaca7dias.com.co/2026/08/03/comunidades-advierten-con-bloquear-por-completo-la-via-en-el-peaje-de-tuta-ante-incumplimientos-de-la-ani/,exclusion_beneficios_economicos,Oicata,V06,14
https://www.eltiempo.com/economia/sectores/ani-adjudico-obras-publicas-de-los-corredores-ferreos-bogota-belencito-y-pacifico-por-mas-de-564-958-millones-3572794,exclusion_beneficios_economicos,Oicata,V06,15
https://boyaca7dias.com.co/2026/04/09/bloqueos-en-boyaca-este-jueves-por-paro-nacional-en-rechazo-al-aumento-del-impuesto-predial-estos-son-los-puntos-confirmados/,exclusion_beneficios_economicos,Oicata,V07,1
https://boyaca7dias.com.co/2026/06/06/estos-fueron-los-compromisos-acordados-tras-las-protestas-en-el-peaje-de-tuta/,exclusion_beneficios_economicos,Oicata,V07,2
https://www.eltiempo.com/politica/elecciones-colombia-2026/nueva-encuesta-guarumo-asi-ha-sido-la-intencion-de-voto-de-paloma-valencia-paso-de-6-9-por-ciento-en-enero-a-19-9-por-ciento-en-marzo-3543646,exclusion_beneficios_economicos,Oicata,V07,3
https://boyaca7dias.com.co/2026/08/04/desde-la-medianoche-de-hoy-se-restablecera-el-cobro-en-el-peaje-de-tuta/,exclusion_beneficios_economicos,Oicata,V07,4
https://boyaca7dias.com.co/2026/04/24/capturan-a-presunto-responsable-de-millonario-hurto-en-zona-rural-de-combita/,exclusion_beneficios_economicos,Oicata,V07,5
https://boyaca7dias.com.co/2026/08/03/comunidades-advierten-con-bloquear-por-completo-la-via-en-el-peaje-de-tuta-ante-incumplimientos-de-la-ani/,exclusion_beneficios_economicos,Oicata,V07,6
https://www.eltiempo.com/politica/elecciones-colombia-2026/empate-tecnico-entre-ivan-cepeda-y-paloma-valencia-en-segunda-vuelta-de-acuerdo-con-la-encuesta-de-marzo-de-guarumo-3543649,exclusion_beneficios_economicos,Oicata,V07,7
https://boyaca7dias.com.co/2026/06/05/peaje-gratis-anoche-en-la-caseta-de-tuta-tolditos7dias/,exclusion_beneficios_economicos,Oicata,V07,8
https://boyaca7dias.com.co/2025/08/26/escuela-rural-de-cienega-busca-recursos-para-construir-un-parque-infantil-que-beneficiaria-a-mas-de-20-ninos/,exclusion_beneficios_economicos,Oicata,V07,9
https://boyaca7dias.com.co/2026/05/29/comunidad-protesta-en-el-peaje-de-tuta-y-exige-tarifa-cero-para-habitantes-de-cuatro-municipios/,exclusion_beneficios_economicos,Oicata,V08,1
https://boyaca7dias.com.co/2026/05/29/comunidad-protesta-en-el-peaje-de-tuta-y-exige-tarifa-cero-para-habitantes-de-cuatro-municipios/,exclusion_beneficios_economicos,Oicata,V10,1
https://boyaca7dias.com.co/2026/04/09/bloqueos-en-boyaca-este-jueves-por-paro-nacional-en-rechazo-al-aumento-del-impuesto-predial-estos-son-los-puntos-confirmados/,exclusion_beneficios_economicos,Oicata,V12,1
https://boyaca7dias.com.co/2026/08/04/desde-la-medianoche-de-hoy-se-restablecera-el-cobro-en-el-peaje-de-tuta/,exclusion_beneficios_economicos,Oicata,V12,2
https://boyaca7dias.com.co/2025/08/24/empresas-que-han-hecho-historia-en-boyaca-y-que-han-impulsado-su-desarrollo-hector-h-rodriguez-aelinforme-h-h/,exclusion_beneficios_economicos,Oicata,V12,3
https://boyaca7dias.com.co/2026/06/06/estos-fueron-los-compromisos-acordados-tras-las-protestas-en-el-peaje-de-tuta/,exclusion_beneficios_economicos,Oicata,V12,4
https://boyaca7dias.com.co/2026/06/06/estos-fueron-los-compromisos-acordados-tras-las-protestas-en-el-peaje-de-tuta/,rechazo_proyecto,Oicata,V01,1
https://boyaca7dias.com.co/2026/04/09/bloqueos-en-boyaca-este-jueves-por-paro-nacional-en-rechazo-al-aumento-del-impuesto-predial-estos-son-los-puntos-confirmados/,rechazo_proyecto,Oicata,V01,2
https://boyaca7dias.com.co/2026/06/05/peaje-gratis-anoche-en-la-caseta-de-tuta-tolditos7dias/,rechazo_proyecto,Oicata,V01,3
https://www.eltiempo.com/politica/elecciones-colombia-2026/empate-tecnico-entre-ivan-cepeda-y-paloma-valencia-en-segunda-vuelta-de-acuerdo-con-la-encuesta-de-marzo-de-guarumo-3543649,rechazo_proyecto,Oicata,V01,4
https://www.eltiempo.com/politica/elecciones-colombia-2026/nueva-encuesta-guarumo-asi-ha-sido-la-intencion-de-voto-de-paloma-valencia-paso-de-6-9-por-ciento-en-enero-a-19-9-por-ciento-en-marzo-3543646,rechazo_proyecto,Oicata,V01,5
https://www.eltiempo.com/colombia/otras-ciudades/familia-y-bomberos-exigen-a-fiscalia-recapturar-al-tatuador-senalado-de-agredir-al-comandante-jairo-bolivar-sigue-en-uci-tras-brutal-golpiza-en-tunja-3572450,rechazo_proyecto,Oicata,V01,6
https://boyaca7dias.com.co/2026/08/03/comunidades-advierten-con-bloquear-por-completo-la-via-en-el-peaje-de-tuta-ante-incumplimientos-de-la-ani/,rechazo_proyecto,Oicata,V01,7
https://boyaca7dias.com.co/2025/08/26/escuela-rural-de-cienega-busca-recursos-para-construir-un-parque-infantil-que-beneficiaria-a-mas-de-20-ninos/,rechazo_proyecto,Oicata,V01,8
https://www.eltiempo.com/politica/elecciones-colombia-2026/los-escenarios-de-las-elecciones-presidenciales-tras-encuesta-de-guarumo-y-ecoanalitica-que-lidera-cepeda-y-le-siguen-de-la-espriella-y-valencia-3543783,rechazo_proyecto,Oicata,V01,9
https://boyaca7dias.com.co/2026/08/04/desde-la-medianoche-de-hoy-se-restablecera-el-cobro-en-el-peaje-de-tuta/,rechazo_proyecto,Oicata,V01,10
https://boyaca7dias.com.co/2025/08/05/paros-en-boyaca-bloqueos-ley-seca-y-represamiento-de-alimentos-marcaron-el-primer-dia-de-la-jornada/,rechazo_proyecto,Oicata,V01,11
https://www.eltiempo.com/politica/elecciones-colombia-2026/asi-recibieron-los-sectores-politicos-la-mas-reciente-encuesta-de-intencion-de-voto-de-guarumo-y-ecoanalitica-para-el-tiempo-3543844,rechazo_proyecto,Oicata,V01,12
https://boyaca7dias.com.co/2026/05/29/comunidad-protesta-en-el-peaje-de-tuta-y-exige-tarifa-cero-para-habitantes-de-cuatro-municipios/,rechazo_proyecto,Oicata,V01,13
https://boyaca7dias.com.co/2026/06/06/estos-fueron-los-compromisos-acordados-tras-las-protestas-en-el-peaje-de-tuta/,rechazo_proyecto,Oicata,V02,1
https://boyaca7dias.com.co/2026/04/09/bloqueos-en-boyaca-este-jueves-por-paro-nacional-en-rechazo-al-aumento-del-impuesto-predial-estos-son-los-puntos-confirmados/,rechazo_proyecto,Oicata,V02,2
https://boyaca7dias.com.co/2026/06/05/peaje-gratis-anoche-en-la-caseta-de-tuta-tolditos7dias/,rechazo_proyecto,Oicata,V02,3
https://www.eltiempo.com/politica/elecciones-colombia-2026/empate-tecnico-entre-ivan-cepeda-y-paloma-valencia-en-segunda-vuelta-de-acuerdo-con-la-encuesta-de-marzo-de-guarumo-3543649,rechazo_proyecto,Oicata,V02,4
https://boyaca7dias.com.co/2025/08/26/escuela-rural-de-cienega-busca-recursos-para-construir-un-parque-infantil-que-beneficiaria-a-mas-de-20-ninos/,rechazo_proyecto,Oicata,V02,5
https://www.eltiempo.com/colombia/otras-ciudades/familia-y-bomberos-exigen-a-fiscalia-recapturar-al-tatuador-senalado-de-agredir-al-comandante-jairo-bolivar-sigue-en-uci-tras-brutal-golpiza-en-tunja-3572450,rechazo_proyecto,Oicata,V02,6
https://boyaca7dias.com.co/2026/04/24/capturan-a-presunto-responsable-de-millonario-hurto-en-zona-rural-de-combita/,rechazo_proyecto,Oicata,V02,7
https://boyaca7dias.com.co/2026/08/03/comunidades-advierten-con-bloquear-por-completo-la-via-en-el-peaje-de-tuta-ante-incumplimientos-de-la-ani/,rechazo_proyecto,Oicata,V02,8
https://boyaca7dias.com.co/2026/08/04/capturaron-a-tres-presuntos-integrantes-de-banda-dedicada-al-hurto-de-viviendas-en-boyaca/,rechazo_proyecto,Oicata,V02,9
https://boyaca7dias.com.co/2026/08/04/desde-la-medianoche-de-hoy-se-restablecera-el-cobro-en-el-peaje-de-tuta/,rechazo_proyecto,Oicata,V02,10
https://www.eltiempo.com/politica/elecciones-colombia-2026/asi-recibieron-los-sectores-politicos-la-mas-reciente-encuesta-de-intencion-de-voto-de-guarumo-y-ecoanalitica-para-el-tiempo-3543844,rechazo_proyecto,Oicata,V02,11
https://www.eltiempo.com/politica/elecciones-colombia-2026/los-escenarios-de-las-elecciones-presidenciales-tras-encuesta-de-guarumo-y-ecoanalitica-que-lidera-cepeda-y-le-siguen-de-la-espriella-y-valencia-3543783,rechazo_proyecto,Oicata,V02,12
https://www.eltiempo.com/politica/elecciones-colombia-2026/nueva-encuesta-guarumo-asi-ha-sido-la-intencion-de-voto-de-paloma-valencia-paso-de-6-9-por-ciento-en-enero-a-19-9-por-ciento-en-marzo-3543646,rechazo_proyecto,Oicata,V02,13
https://boyaca7dias.com.co/2025/11/13/la-unidad-de-busqueda-de-personas-recupero-diez-cuerpos-en-el-cementerio-de-oicata/,rechazo_proyecto,Oicata,V02,14
https://boyaca7dias.com.co/2026/05/29/comunidad-protesta-en-el-peaje-de-tuta-y-exige-tarifa-cero-para-habitantes-de-cuatro-municipios/,rechazo_proyecto,Oicata,V02,15
https://boyaca7dias.com.co/2026/04/09/bloqueos-en-boyaca-este-jueves-por-paro-nacional-en-rechazo-al-aumento-del-impuesto-predial-estos-son-los-puntos-confirmados/,rechazo_proyecto,Oicata,V03,1
https://boyaca7dias.com.co/2026/06/06/estos-fueron-los-compromisos-acordados-tras-las-protestas-en-el-peaje-de-tuta/,rechazo_proyecto,Oicata,V03,2
https://boyaca7dias.com.co/2026/06/05/peaje-gratis-anoche-en-la-caseta-de-tuta-tolditos7dias/,rechazo_proyecto,Oicata,V03,3
https://www.eltiempo.com/politica/elecciones-colombia-2026/empate-tecnico-entre-ivan-cepeda-y-paloma-valencia-en-segunda-vuelta-de-acuerdo-con-la-encuesta-de-marzo-de-guarumo-3543649,rechazo_proyecto,Oicata,V03,4
https://boyaca7dias.com.co/2025/08/26/escuela-rural-de-cienega-busca-recursos-para-construir-un-parque-infantil-que-beneficiaria-a-mas-de-20-ninos/,rechazo_proyecto,Oicata,V03,5
https://www.eltiempo.com/colombia/otras-ciudades/familia-y-bomberos-exigen-a-fiscalia-recapturar-al-tatuador-senalado-de-agredir-al-comandante-jairo-bolivar-sigue-en-uci-tras-brutal-golpiza-en-tunja-3572450,rechazo_proyecto,Oicata,V03,6
https://boyaca7dias.com.co/2026/08/03/comunidades-advierten-con-bloquear-por-completo-la-via-en-el-peaje-de-tuta-ante-incumplimientos-de-la-ani/,rechazo_proyecto,Oicata,V03,7
https://boyaca7dias.com.co/2026/08/04/capturaron-a-tres-presuntos-integrantes-de-banda-dedicada-al-hurto-de-viviendas-en-boyaca/,rechazo_proyecto,Oicata,V03,8
https://www.eltiempo.com/politica/elecciones-colombia-2026/nueva-encuesta-guarumo-asi-ha-sido-la-intencion-de-voto-de-paloma-valencia-paso-de-6-9-por-ciento-en-enero-a-19-9-por-ciento-en-marzo-3543646,rechazo_proyecto,Oicata,V03,9
https://www.eltiempo.com/politica/elecciones-colombia-2026/los-escenarios-de-las-elecciones-presidenciales-tras-encuesta-de-guarumo-y-ecoanalitica-que-lidera-cepeda-y-le-siguen-de-la-espriella-y-valencia-3543783,rechazo_proyecto,Oicata,V03,10
https://boyaca7dias.com.co/2025/08/05/paros-en-boyaca-bloqueos-ley-seca-y-represamiento-de-alimentos-marcaron-el-primer-dia-de-la-jornada/,rechazo_proyecto,Oicata,V03,11
https://boyaca7dias.com.co/2026/01/26/gestion-del-riesgo-de-boyaca-mantiene-alerta-en-47-municipios-por-amenaza-de-incendios-forestales/,rechazo_proyecto,Oicata,V03,12
https://www.eltiempo.com/colombia/otras-ciudades/invertiran-19-000-millones-en-estufas-ecoeficientes-para-reducir-el-uso-de-lena-y-prevenir-enfermedades-en-39-municipios-de-boyaca-3506932,rechazo_proyecto,Oicata,V03,13
https://boyaca7dias.com.co/2026/08/06/proteger-al-venado-cola-blanca-una-prioridad-para-salvaguardar-la-biodiversidad-en-boyaca/,rechazo_proyecto,Oicata,V03,14
https://www.eltiempo.com/politica/elecciones-colombia-2026/resultados-presidenciales-2026-primera-vuelta/en-vivo-elecciones-presidenciales-2026-siga-la-jornada-de-votacion-en-oicata-boyaca-ultimas-noticias-3560006,rechazo_proyecto,Oicata,V03,15
https://boyaca7dias.com.co/2026/06/06/estos-fueron-los-compromisos-acordados-tras-las-protestas-en-el-peaje-de-tuta/,rechazo_proyecto,Oicata,V04,1
https://boyaca7dias.com.co/2026/08/04/desde-la-medianoche-de-hoy-se-restablecera-el-cobro-en-el-peaje-de-tuta/,rechazo_proyecto,Oicata,V05,1
https://boyaca7dias.com.co/2025/08/26/escuela-rural-de-cienega-busca-recursos-para-construir-un-parque-infantil-que-beneficiaria-a-mas-de-20-ninos/,rechazo_proyecto,Oicata,V05,2
https://boyaca7dias.com.co/2026/06/05/peaje-gratis-anoche-en-la-caseta-de-tuta-tolditos7dias/,rechazo_proyecto,Oicata,V05,3
https://www.eltiempo.com/politica/elecciones-colombia-2026/nueva-encuesta-guarumo-asi-ha-sido-la-intencion-de-voto-de-paloma-valencia-paso-de-6-9-por-ciento-en-enero-a-19-9-por-ciento-en-marzo-3543646,rechazo_proyecto,Oicata,V05,4
https://boyaca7dias.com.co/2026/04/09/bloqueos-en-boyaca-este-jueves-por-paro-nacional-en-rechazo-al-aumento-del-impuesto-predial-estos-son-los-puntos-confirmados/,rechazo_proyecto,Oicata,V05,5
https://boyaca7dias.com.co/2026/08/03/comunidades-advierten-con-bloquear-por-completo-la-via-en-el-peaje-de-tuta-ante-incumplimientos-de-la-ani/,rechazo_proyecto,Oicata,V05,6
https://boyaca7dias.com.co/2026/06/06/estos-fueron-los-compromisos-acordados-tras-las-protestas-en-el-peaje-de-tuta/,rechazo_proyecto,Oicata,V05,7
https://boyaca7dias.com.co/2026/05/29/comunidad-protesta-en-el-peaje-de-tuta-y-exige-tarifa-cero-para-habitantes-de-cuatro-municipios/,rechazo_proyecto,Oicata,V05,8
https://boyaca7dias.com.co/2026/06/06/estos-fueron-los-compromisos-acordados-tras-las-protestas-en-el-peaje-de-tuta/,rechazo_proyecto,Oicata,V06,1
https://boyaca7dias.com.co/2026/04/09/bloqueos-en-boyaca-este-jueves-por-paro-nacional-en-rechazo-al-aumento-del-impuesto-predial-estos-son-los-puntos-confirmados/,rechazo_proyecto,Oicata,V06,2
https://boyaca7dias.com.co/2026/06/05/peaje-gratis-anoche-en-la-caseta-de-tuta-tolditos7dias/,rechazo_proyecto,Oicata,V06,3
https://www.eltiempo.com/politica/elecciones-colombia-2026/nueva-encuesta-guarumo-asi-ha-sido-la-intencion-de-voto-de-paloma-valencia-paso-de-6-9-por-ciento-en-enero-a-19-9-por-ciento-en-marzo-3543646,rechazo_proyecto,Oicata,V06,4
https://boyaca7dias.com.co/2026/08/04/desde-la-medianoche-de-hoy-se-restablecera-el-cobro-en-el-peaje-de-tuta/,rechazo_proyecto,Oicata,V06,5
https://www.eltiempo.com/politica/elecciones-colombia-2026/empate-tecnico-entre-ivan-cepeda-y-paloma-valencia-en-segunda-vuelta-de-acuerdo-con-la-encuesta-de-marzo-de-guarumo-3543649,rechazo_proyecto,Oicata,V06,6
https://boyaca7dias.com.co/2025/08/05/paros-en-boyaca-bloqueos-ley-seca-y-represamiento-de-alimentos-marcaron-el-primer-dia-de-la-jornada/,rechazo_proyecto,Oicata,V06,7
https://www.eltiempo.com/politica/elecciones-colombia-2026/los-escenarios-de-las-elecciones-presidenciales-tras-encuesta-de-guarumo-y-ecoanalitica-que-lidera-cepeda-y-le-siguen-de-la-espriella-y-valencia-3543783,rechazo_proyecto,Oicata,V06,8
https://boyaca7dias.com.co/2026/08/03/comunidades-advierten-con-bloquear-por-completo-la-via-en-el-peaje-de-tuta-ante-incumplimientos-de-la-ani/,rechazo_proyecto,Oicata,V06,9
https://www.eltiempo.com/politica/elecciones-colombia-2026/asi-recibieron-los-sectores-politicos-la-mas-reciente-encuesta-de-intencion-de-voto-de-guarumo-y-ecoanalitica-para-el-tiempo-3543844,rechazo_proyecto,Oicata,V06,10
https://boyaca7dias.com.co/2025/08/26/escuela-rural-de-cienega-busca-recursos-para-construir-un-parque-infantil-que-beneficiaria-a-mas-de-20-ninos/,rechazo_proyecto,Oicata,V06,11
https://www.eltiempo.com/colombia/otras-ciudades/familia-y-bomberos-exigen-a-fiscalia-recapturar-al-tatuador-senalado-de-agredir-al-comandante-jairo-bolivar-sigue-en-uci-tras-brutal-golpiza-en-tunja-3572450,rechazo_proyecto,Oicata,V06,12
https://boyaca7dias.com.co/2026/05/29/comunidad-protesta-en-el-peaje-de-tuta-y-exige-tarifa-cero-para-habitantes-de-cuatro-municipios/,rechazo_proyecto,Oicata,V06,13
https://boyaca7dias.com.co/2026/04/09/bloqueos-en-boyaca-este-jueves-por-paro-nacional-en-rechazo-al-aumento-del-impuesto-predial-estos-son-los-puntos-confirmados/,rechazo_proyecto,Oicata,V07,1
https://boyaca7dias.com.co/2026/06/06/estos-fueron-los-compromisos-acordados-tras-las-protestas-en-el-peaje-de-tuta/,rechazo_proyecto,Oicata,V07,2
https://boyaca7dias.com.co/2026/06/05/peaje-gratis-anoche-en-la-caseta-de-tuta-tolditos7dias/,rechazo_proyecto,Oicata,V07,3
https://www.eltiempo.com/politica/elecciones-colombia-2026/empate-tecnico-entre-ivan-cepeda-y-paloma-valencia-en-segunda-vuelta-de-acuerdo-con-la-encuesta-de-marzo-de-guarumo-3543649,rechazo_proyecto,Oicata,V07,4
https://boyaca7dias.com.co/2026/08/04/capturaron-a-tres-presuntos-integrantes-de-banda-dedicada-al-hurto-de-viviendas-en-boyaca/,rechazo_proyecto,Oicata,V07,5
https://boyaca7dias.com.co/2026/01/26/gestion-del-riesgo-de-boyaca-mantiene-alerta-en-47-municipios-por-amenaza-de-incendios-forestales/,rechazo_proyecto,Oicata,V07,6
https://boyaca7dias.com.co/2025/08/05/paros-en-boyaca-bloqueos-ley-seca-y-represamiento-de-alimentos-marcaron-el-primer-dia-de-la-jornada/,rechazo_proyecto,Oicata,V07,7
https://www.eltiempo.com/politica/elecciones-colombia-2026/nueva-encuesta-guarumo-asi-ha-sido-la-intencion-de-voto-de-paloma-valencia-paso-de-6-9-por-ciento-en-enero-a-19-9-por-ciento-en-marzo-3543646,rechazo_proyecto,Oicata,V07,8
https://boyaca7dias.com.co/2026/08/03/comunidades-advierten-con-bloquear-por-completo-la-via-en-el-peaje-de-tuta-ante-incumplimientos-de-la-ani/,rechazo_proyecto,Oicata,V07,9
https://www.eltiempo.com/politica/elecciones-colombia-2026/los-escenarios-de-las-elecciones-presidenciales-tras-encuesta-de-guarumo-y-ecoanalitica-que-lidera-cepeda-y-le-siguen-de-la-espriella-y-valencia-3543783,rechazo_proyecto,Oicata,V07,10
https://www.eltiempo.com/colombia/otras-ciudades/invertiran-19-000-millones-en-estufas-ecoeficientes-para-reducir-el-uso-de-lena-y-prevenir-enfermedades-en-39-municipios-de-boyaca-3506932,rechazo_proyecto,Oicata,V07,11
https://boyaca7dias.com.co/2026/08/06/proteger-al-venado-cola-blanca-una-prioridad-para-salvaguardar-la-biodiversidad-en-boyaca/,rechazo_proyecto,Oicata,V07,12
https://www.eltiempo.com/politica/elecciones-colombia-2026/resultados-presidenciales-2026-primera-vuelta/en-vivo-elecciones-presidenciales-2026-siga-la-jornada-de-votacion-en-oicata-boyaca-ultimas-noticias-3560006,rechazo_proyecto,Oicata,V07,13
https://boyaca7dias.com.co/2025/08/26/escuela-rural-de-cienega-busca-recursos-para-construir-un-parque-infantil-que-beneficiaria-a-mas-de-20-ninos/,rechazo_proyecto,Oicata,V07,14
https://www.eltiempo.com/politica/elecciones-colombia-2026/asi-recibieron-los-sectores-politicos-la-mas-reciente-encuesta-de-intencion-de-voto-de-guarumo-y-ecoanalitica-para-el-tiempo-3543844,rechazo_proyecto,Oicata,V07,15
https://boyaca7dias.com.co/2026/06/06/estos-fueron-los-compromisos-acordados-tras-las-protestas-en-el-peaje-de-tuta/,rechazo_proyecto,Oicata,V08,1
https://boyaca7dias.com.co/2026/06/05/peaje-gratis-anoche-en-la-caseta-de-tuta-tolditos7dias/,rechazo_proyecto,Oicata,V08,2
https://boyaca7dias.com.co/2026/08/03/comunidades-advierten-con-bloquear-por-completo-la-via-en-el-peaje-de-tuta-ante-incumplimientos-de-la-ani/,rechazo_proyecto,Oicata,V08,3
https://boyaca7dias.com.co/2025/08/26/escuela-rural-de-cienega-busca-recursos-para-construir-un-parque-infantil-que-beneficiaria-a-mas-de-20-ninos/,rechazo_proyecto,Oicata,V08,4
https://boyaca7dias.com.co/2026/08/04/desde-la-medianoche-de-hoy-se-restablecera-el-cobro-en-el-peaje-de-tuta/,rechazo_proyecto,Oicata,V08,5
https://boyaca7dias.com.co/2025/08/05/paros-en-boyaca-bloqueos-ley-seca-y-represamiento-de-alimentos-marcaron-el-primer-dia-de-la-jornada/,rechazo_proyecto,Oicata,V08,6
https://boyaca7dias.com.co/2026/05/29/comunidad-protesta-en-el-peaje-de-tuta-y-exige-tarifa-cero-para-habitantes-de-cuatro-municipios/,rechazo_proyecto,Oicata,V08,7
https://boyaca7dias.com.co/2026/06/06/estos-fueron-los-compromisos-acordados-tras-las-protestas-en-el-peaje-de-tuta/,rechazo_proyecto,Oicata,V09,1
https://boyaca7dias.com.co/2026/06/05/peaje-gratis-anoche-en-la-caseta-de-tuta-tolditos7dias/,rechazo_proyecto,Oicata,V09,2
https://boyaca7dias.com.co/2025/08/26/escuela-rural-de-cienega-busca-recursos-para-construir-un-parque-infantil-que-beneficiaria-a-mas-de-20-ninos/,rechazo_proyecto,Oicata,V09,3
https://boyaca7dias.com.co/2026/08/03/comunidades-advierten-con-bloquear-por-completo-la-via-en-el-peaje-de-tuta-ante-incumplimientos-de-la-ani/,rechazo_proyecto,Oicata,V09,4
https://boyaca7dias.com.co/2025/08/05/paros-en-boyaca-bloqueos-ley-seca-y-represamiento-de-alimentos-marcaron-el-primer-dia-de-la-jornada/,rechazo_proyecto,Oicata,V09,5
https://www.eltiempo.com/colombia/otras-ciudades/invertiran-19-000-millones-en-estufas-ecoeficientes-para-reducir-el-uso-de-lena-y-prevenir-enfermedades-en-39-municipios-de-boyaca-3506932,rechazo_proyecto,Oicata,V09,6
https://www.eltiempo.com/economia/sectores/ani-adjudico-obras-publicas-de-los-corredores-ferreos-bogota-belencito-y-pacifico-por-mas-de-564-958-millones-3572794,rechazo_proyecto,Oicata,V09,7
https://boyaca7dias.com.co/2026/05/29/comunidad-protesta-en-el-peaje-de-tuta-y-exige-tarifa-cero-para-habitantes-de-cuatro-municipios/,rechazo_proyecto,Oicata,V09,8
https://boyaca7dias.com.co/2026/08/07/de-los-dos-megaproyectos-de-petro-para-boyaca-uno-arranco-y-el-otro-se-quedo-estancado/,rechazo_proyecto,Oicata,V09,9
https://boyaca7dias.com.co/2026/08/04/desde-la-medianoche-de-hoy-se-restablecera-el-cobro-en-el-peaje-de-tuta/,rechazo_proyecto,Oicata,V10,1
https://boyaca7dias.com.co/2025/08/26/escuela-rural-de-cienega-busca-recursos-para-construir-un-parque-infantil-que-beneficiaria-a-mas-de-20-ninos/,rechazo_proyecto,Oicata,V10,2
https://boyaca7dias.com.co/2026/06/05/peaje-gratis-anoche-en-la-caseta-de-tuta-tolditos7dias/,rechazo_proyecto,Oicata,V10,3
https://boyaca7dias.com.co/2026/08/03/comunidades-advierten-con-bloquear-por-completo-la-via-en-el-peaje-de-tuta-ante-incumplimientos-de-la-ani/,rechazo_proyecto,Oicata,V10,4
https://boyaca7dias.com.co/2026/06/06/estos-fueron-los-compromisos-acordados-tras-las-protestas-en-el-peaje-de-tuta/,rechazo_proyecto,Oicata,V10,5
https://boyaca7dias.com.co/2026/05/29/comunidad-protesta-en-el-peaje-de-tuta-y-exige-tarifa-cero-para-habitantes-de-cuatro-municipios/,rechazo_proyecto,Oicata,V10,6
https://boyaca7dias.com.co/2026/06/06/estos-fueron-los-compromisos-acordados-tras-las-protestas-en-el-peaje-de-tuta/,rechazo_proyecto,Oicata,V11,1
https://boyaca7dias.com.co/2026/06/05/peaje-gratis-anoche-en-la-caseta-de-tuta-tolditos7dias/,rechazo_proyecto,Oicata,V11,2
https://boyaca7dias.com.co/2025/08/05/paros-en-boyaca-bloqueos-ley-seca-y-represamiento-de-alimentos-marcaron-el-primer-dia-de-la-jornada/,rechazo_proyecto,Oicata,V11,3
https://boyaca7dias.com.co/2026/08/03/comunidades-advierten-con-bloquear-por-completo-la-via-en-el-peaje-de-tuta-ante-incumplimientos-de-la-ani/,rechazo_proyecto,Oicata,V11,4
https://www.eltiempo.com/colombia/otras-ciudades/invertiran-19-000-millones-en-estufas-ecoeficientes-para-reducir-el-uso-de-lena-y-prevenir-enfermedades-en-39-municipios-de-boyaca-3506932,rechazo_proyecto,Oicata,V11,5
https://boyaca7dias.com.co/2025/08/26/escuela-rural-de-cienega-busca-recursos-para-construir-un-parque-infantil-que-beneficiaria-a-mas-de-20-ninos/,rechazo_proyecto,Oicata,V11,6
https://boyaca7dias.com.co/2026/05/29/comunidad-protesta-en-el-peaje-de-tuta-y-exige-tarifa-cero-para-habitantes-de-cuatro-municipios/,rechazo_proyecto,Oicata,V11,7
https://boyaca7dias.com.co/2026/08/04/desde-la-medianoche-de-hoy-se-restablecera-el-cobro-en-el-peaje-de-tuta/,rechazo_proyecto,Oicata,V12,1
https://boyaca7dias.com.co/2026/04/09/bloqueos-en-boyaca-este-jueves-por-paro-nacional-en-rechazo-al-aumento-del-impuesto-predial-estos-son-los-puntos-confirmados/,rechazo_proyecto,Oicata,V12,2
https://boyaca7dias.com.co/2026/06/06/estos-fueron-los-compromisos-acordados-tras-las-protestas-en-el-peaje-de-tuta/,rechazo_proyecto,Oicata,V12,3
https://www.eltiempo.com/politica/elecciones-colombia-2026/nueva-encuesta-guarumo-asi-ha-sido-la-intencion-de-voto-de-paloma-valencia-paso-de-6-9-por-ciento-en-enero-a-19-9-por-ciento-en-marzo-3543646,rechazo_proyecto,Oicata,V12,4
https://boyaca7dias.com.co/2026/05/29/comunidad-protesta-en-el-peaje-de-tuta-y-exige-tarifa-cero-para-habitantes-de-cuatro-municipios/,rechazo_proyecto,Oicata,V12,5
https://www.eltiempo.com/politica/elecciones-colombia-2026/nueva-encuesta-guarumo-asi-ha-sido-la-intencion-de-voto-de-paloma-valencia-paso-de-6-9-por-ciento-en-enero-a-19-9-por-ciento-en-marzo-3543646,desplazamiento_forzado,Oicata,V01,1
https://boyaca7dias.com.co/2026/08/03/comunidades-advierten-con-bloquear-por-completo-la-via-en-el-peaje-de-tuta-ante-incumplimientos-de-la-ani/,desplazamiento_forzado,Oicata,V01,2
https://boyaca7dias.com.co/2026/06/05/peaje-gratis-anoche-en-la-caseta-de-tuta-tolditos7dias/,desplazamiento_forzado,Oicata,V01,3
https://boyaca7dias.com.co/2025/12/05/unidad-de-busqueda-de-personas-dadas-por-desaparecidas-esta-hoy-en-la-terminal-de-transportes-de-tunja-ofreciendo-sus-servicios-humanitarios/,desplazamiento_forzado,Oicata,V01,4
https://boyaca7dias.com.co/2026/04/24/capturan-a-presunto-responsable-de-millonario-hurto-en-zona-rural-de-combita/,desplazamiento_forzado,Oicata,V01,5
https://boyaca7dias.com.co/2026/02/21/biologa-de-la-uptc-gana-beca-colombia-biodiversa-por-crear-investigacion-que-estudiara-los-riesgos-sanitarios-en-el-rio-chicamocha/,desplazamiento_forzado,Oicata,V01,6
https://boyaca7dias.com.co/2026/06/06/estos-fueron-los-compromisos-acordados-tras-las-protestas-en-el-peaje-de-tuta/,desplazamiento_forzado,Oicata,V01,7
https://boyaca7dias.com.co/2026/04/09/bloqueos-en-boyaca-este-jueves-por-paro-nacional-en-rechazo-al-aumento-del-impuesto-predial-estos-son-los-puntos-confirmados/,desplazamiento_forzado,Oicata,V01,8
https://www.eltiempo.com/colombia/otras-ciudades/familia-y-bomberos-exigen-a-fiscalia-recapturar-al-tatuador-senalado-de-agredir-al-comandante-jairo-bolivar-sigue-en-uci-tras-brutal-golpiza-en-tunja-3572450,desplazamiento_forzado,Oicata,V02,1
https://boyaca7dias.com.co/2026/08/04/capturaron-a-tres-presuntos-integrantes-de-banda-dedicada-al-hurto-de-viviendas-en-boyaca/,desplazamiento_forzado,Oicata,V02,2
https://boyaca7dias.com.co/2026/04/24/capturan-a-presunto-responsable-de-millonario-hurto-en-zona-rural-de-combita/,desplazamiento_forzado,Oicata,V02,3
https://www.eltiempo.com/politica/elecciones-colombia-2026/resultados-presidenciales-2026-primera-vuelta/en-vivo-elecciones-presidenciales-2026-siga-la-jornada-de-votacion-en-oicata-boyaca-ultimas-noticias-3560006,desplazamiento_forzado,Oicata,V02,4
https://boyaca7dias.com.co/2026/08/03/comunidades-advierten-con-bloquear-por-completo-la-via-en-el-peaje-de-tuta-ante-incumplimientos-de-la-ani/,desplazamiento_forzado,Oicata,V02,5
https://boyaca7dias.com.co/2026/06/05/peaje-gratis-anoche-en-la-caseta-de-tuta-tolditos7dias/,desplazamiento_forzado,Oicata,V02,6
https://boyaca7dias.com.co/2025/12/05/unidad-de-busqueda-de-personas-dadas-por-desaparecidas-esta-hoy-en-la-terminal-de-transportes-de-tunja-ofreciendo-sus-servicios-humanitarios/,desplazamiento_forzado,Oicata,V02,7
https://boyaca7dias.com.co/2025/11/09/duitama-fue-escenario-del-reencuentro-regional-de-madres-comunitarias-tras-mas-de-diez-anos/,desplazamiento_forzado,Oicata,V02,8
https://boyaca7dias.com.co/2026/08/07/de-los-dos-megaproyectos-de-petro-para-boyaca-uno-arranco-y-el-otro-se-quedo-estancado/,desplazamiento_forzado,Oicata,V02,9
https://boyaca7dias.com.co/2026/06/06/estos-fueron-los-compromisos-acordados-tras-las-protestas-en-el-peaje-de-tuta/,desplazamiento_forzado,Oicata,V02,10
https://boyaca7dias.com.co/2025/11/13/la-unidad-de-busqueda-de-personas-recupero-diez-cuerpos-en-el-cementerio-de-oicata/,desplazamiento_forzado,Oicata,V02,11
https://boyaca7dias.com.co/2026/04/09/bloqueos-en-boyaca-este-jueves-por-paro-nacional-en-rechazo-al-aumento-del-impuesto-predial-estos-son-los-puntos-confirmados/,desplazamiento_forzado,Oicata,V02,12
https://boyaca7dias.com.co/2026/08/04/capturaron-a-tres-presuntos-integrantes-de-banda-dedicada-al-hurto-de-viviendas-en-boyaca/,desplazamiento_forzado,Oicata,V03,1
https://www.eltiempo.com/economia/sectores/ani-adjudico-obras-publicas-de-los-corredores-ferreos-bogota-belencito-y-pacifico-por-mas-de-564-958-millones-3572794,desplazamiento_forzado,Oicata,V03,2
https://boyaca7dias.com.co/2026/08/07/de-los-dos-megaproyectos-de-petro-para-boyaca-uno-arranco-y-el-otro-se-quedo-estancado/,desplazamiento_forzado,Oicata,V03,3
https://boyaca7dias.com.co/2026/08/04/capturaron-a-tres-presuntos-integrantes-de-banda-dedicada-al-hurto-de-viviendas-en-boyaca/,desplazamiento_forzado,Oicata,V04,1
https://www.eltiempo.com/economia/sectores/ani-adjudico-obras-publicas-de-los-corredores-ferreos-bogota-belencito-y-pacifico-por-mas-de-564-958-millones-3572794,desplazamiento_forzado,Oicata,V04,2
https://boyaca7dias.com.co/2026/08/07/de-los-dos-megaproyectos-de-petro-para-boyaca-uno-arranco-y-el-otro-se-quedo-estancado/,desplazamiento_forzado,Oicata,V04,3
https://boyaca7dias.com.co/2025/12/05/unidad-de-busqueda-de-personas-dadas-por-desaparecidas-esta-hoy-en-la-terminal-de-transportes-de-tunja-ofreciendo-sus-servicios-humanitarios/,desplazamiento_forzado,Oicata,V05,1
https://www.eltiempo.com/politica/elecciones-colombia-2026/nueva-encuesta-guarumo-asi-ha-sido-la-intencion-de-voto-de-paloma-valencia-paso-de-6-9-por-ciento-en-enero-a-19-9-por-ciento-en-marzo-3543646,desplazamiento_forzado,Oicata,V06,1
https://boyaca7dias.com.co/2026/06/05/peaje-gratis-anoche-en-la-caseta-de-tuta-tolditos7dias/,desplazamiento_forzado,Oicata,V06,2
https://boyaca7dias.com.co/2025/12/05/unidad-de-busqueda-de-personas-dadas-por-desaparecidas-esta-hoy-en-la-terminal-de-transportes-de-tunja-ofreciendo-sus-servicios-humanitarios/,desplazamiento_forzado,Oicata,V06,3
https://boyaca7dias.com.co/2026/08/04/capturaron-a-tres-presuntos-integrantes-de-banda-dedicada-al-hurto-de-viviendas-en-boyaca/,desplazamiento_forzado,Oicata,V07,1
https://boyaca7dias.com.co/2026/08/04/capturaron-a-tres-presuntos-integrantes-de-banda-dedicada-al-hurto-de-viviendas-en-boyaca/,desplazamiento_forzado,Oicata,V09,1
https://boyaca7dias.com.co/2026/08/04/capturaron-a-tres-presuntos-integrantes-de-banda-dedicada-al-hurto-de-viviendas-en-boyaca/,desplazamiento_forzado,Oicata,V11,1
https://boyaca7dias.com.co/2025/12/05/unidad-de-busqueda-de-personas-dadas-por-desaparecidas-esta-hoy-en-la-terminal-de-transportes-de-tunja-ofreciendo-sus-servicios-humanitarios/,desplazamiento_forzado,Oicata,V12,1
https://boyaca7dias.com.co/2026/06/05/peaje-gratis-anoche-en-la-caseta-de-tuta-tolditos7dias/,conflicto_territorial,Oicata,V01,1
https://boyaca7dias.com.co/2026/04/09/bloqueos-en-boyaca-este-jueves-por-paro-nacional-en-rechazo-al-aumento-del-impuesto-predial-estos-son-los-puntos-confirmados/,conflicto_territorial,Oicata,V01,2
https://www.eltiempo.com/politica/elecciones-colombia-2026/empate-tecnico-entre-ivan-cepeda-y-paloma-valencia-en-segunda-vuelta-de-acuerdo-con-la-encuesta-de-marzo-de-guarumo-3543649,conflicto_territorial,Oicata,V01,3
https://www.eltiempo.com/politica/elecciones-colombia-2026/nueva-encuesta-guarumo-asi-ha-sido-la-intencion-de-voto-de-paloma-valencia-paso-de-6-9-por-ciento-en-enero-a-19-9-por-ciento-en-marzo-3543646,conflicto_territorial,Oicata,V01,4
https://boyaca7dias.com.co/2026/08/04/desde-la-medianoche-de-hoy-se-restablecera-el-cobro-en-el-peaje-de-tuta/,conflicto_territorial,Oicata,V01,5
https://boyaca7dias.com.co/2026/08/03/comunidades-advierten-con-bloquear-por-completo-la-via-en-el-peaje-de-tuta-ante-incumplimientos-de-la-ani/,conflicto_territorial,Oicata,V01,6
https://www.eltiempo.com/politica/elecciones-colombia-2026/resultados-presidenciales-2026-primera-vuelta/en-vivo-elecciones-presidenciales-2026-siga-la-jornada-de-votacion-en-oicata-boyaca-ultimas-noticias-3560006,conflicto_territorial,Oicata,V01,7
https://www.eltiempo.com/colombia/otras-ciudades/familia-y-bomberos-exigen-a-fiscalia-recapturar-al-tatuador-senalado-de-agredir-al-comandante-jairo-bolivar-sigue-en-uci-tras-brutal-golpiza-en-tunja-3572450,conflicto_territorial,Oicata,V01,8
https://boyaca7dias.com.co/2025/12/05/unidad-de-busqueda-de-personas-dadas-por-desaparecidas-esta-hoy-en-la-terminal-de-transportes-de-tunja-ofreciendo-sus-servicios-humanitarios/,conflicto_territorial,Oicata,V01,9
https://boyaca7dias.com.co/2026/08/06/proteger-al-venado-cola-blanca-una-prioridad-para-salvaguardar-la-biodiversidad-en-boyaca/,conflicto_territorial,Oicata,V01,10
https://boyaca7dias.com.co/2026/06/06/estos-fueron-los-compromisos-acordados-tras-las-protestas-en-el-peaje-de-tuta/,conflicto_territorial,Oicata,V01,11
https://www.eltiempo.com/politica/elecciones-colombia-2026/asi-recibieron-los-sectores-politicos-la-mas-reciente-encuesta-de-intencion-de-voto-de-guarumo-y-ecoanalitica-para-el-tiempo-3543844,conflicto_territorial,Oicata,V01,12
https://www.eltiempo.com/politica/elecciones-colombia-2026/los-escenarios-de-las-elecciones-presidenciales-tras-encuesta-de-guarumo-y-ecoanalitica-que-lidera-cepeda-y-le-siguen-de-la-espriella-y-valencia-3543783,conflicto_territorial,Oicata,V01,13
https://boyaca7dias.com.co/2026/05/29/comunidad-protesta-en-el-peaje-de-tuta-y-exige-tarifa-cero-para-habitantes-de-cuatro-municipios/,conflicto_territorial,Oicata,V01,14
https://www.eltiempo.com/colombia/otras-ciudades/asi-fue-la-cadena-de-fallas-que-llevo-al-choque-mortal-del-camion-de-gas-en-la-via-simijaca-chiquinquira-cundinamarca-la-tragedia-pudo-ser-peor-3530470,conflicto_territorial,Oicata,V02,1
https://boyaca7dias.com.co/2026/04/09/bloqueos-en-boyaca-este-jueves-por-paro-nacional-en-rechazo-al-aumento-del-impuesto-predial-estos-son-los-puntos-confirmados/,conflicto_territorial,Oicata,V02,2
https://boyaca7dias.com.co/2025/11/13/la-unidad-de-busqueda-de-personas-recupero-diez-cuerpos-en-el-cementerio-de-oicata/,conflicto_territorial,Oicata,V02,3
https://boyaca7dias.com.co/2026/06/05/peaje-gratis-anoche-en-la-caseta-de-tuta-tolditos7dias/,conflicto_territorial,Oicata,V02,4
https://boyaca7dias.com.co/2026/08/07/de-los-dos-megaproyectos-de-petro-para-boyaca-uno-arranco-y-el-otro-se-quedo-estancado/,conflicto_territorial,Oicata,V02,5
https://www.eltiempo.com/politica/elecciones-colombia-2026/asi-recibieron-los-sectores-politicos-la-mas-reciente-encuesta-de-intencion-de-voto-de-guarumo-y-ecoanalitica-para-el-tiempo-3543844,conflicto_territorial,Oicata,V02,6
https://www.eltiempo.com/politica/elecciones-colombia-2026/empate-tecnico-entre-ivan-cepeda-y-paloma-valencia-en-segunda-vuelta-de-acuerdo-con-la-encuesta-de-marzo-de-guarumo-3543649,conflicto_territorial,Oicata,V02,7
https://www.eltiempo.com/politica/elecciones-colombia-2026/los-escenarios-de-las-elecciones-presidenciales-tras-encuesta-de-guarumo-y-ecoanalitica-que-lidera-cepeda-y-le-siguen-de-la-espriella-y-valencia-3543783,conflicto_territorial,Oicata,V02,8
https://www.eltiempo.com/colombia/otras-ciudades/invertiran-19-000-millones-en-estufas-ecoeficientes-para-reducir-el-uso-de-lena-y-prevenir-enfermedades-en-39-municipios-de-boyaca-3506932,conflicto_territorial,Oicata,V02,9
https://www.eltiempo.com/politica/elecciones-colombia-2026/nueva-encuesta-guarumo-asi-ha-sido-la-intencion-de-voto-de-paloma-valencia-paso-de-6-9-por-ciento-en-enero-a-19-9-por-ciento-en-marzo-3543646,conflicto_territorial,Oicata,V02,10
https://boyaca7dias.com.co/2026/08/05/gobierno-fija-en-2-500-la-tarifa-diferencial-del-peaje-de-tuta-y-amplia-los-cupos-para-beneficiarios/,conflicto_territorial,Oicata,V02,11
https://boyaca7dias.com.co/2026/04/24/capturan-a-presunto-responsable-de-millonario-hurto-en-zona-rural-de-combita/,conflicto_territorial,Oicata,V02,12
https://boyaca7dias.com.co/2025/08/26/escuela-rural-de-cienega-busca-recursos-para-construir-un-parque-infantil-que-beneficiaria-a-mas-de-20-ninos/,conflicto_territorial,Oicata,V02,13
https://boyaca7dias.com.co/2025/08/24/empresas-que-han-hecho-historia-en-boyaca-y-que-han-impulsado-su-desarrollo-hector-h-rodriguez-aelinforme-h-h/,conflicto_territorial,Oicata,V02,14
https://www.eltiempo.com/colombia/otras-ciudades/familia-y-bomberos-exigen-a-fiscalia-recapturar-al-tatuador-senalado-de-agredir-al-comandante-jairo-bolivar-sigue-en-uci-tras-brutal-golpiza-en-tunja-3572450,conflicto_territorial,Oicata,V02,15
https://www.eltiempo.com/politica/elecciones-colombia-2026/asi-recibieron-los-sectores-politicos-la-mas-reciente-encuesta-de-intencion-de-voto-de-guarumo-y-ecoanalitica-para-el-tiempo-3543844,conflicto_territorial,Oicata,V03,1
https://www.eltiempo.com/colombia/otras-ciudades/familia-y-bomberos-exigen-a-fiscalia-recapturar-al-tatuador-senalado-de-agredir-al-comandante-jairo-bolivar-sigue-en-uci-tras-brutal-golpiza-en-tunja-3572450,conflicto_territorial,Oicata,V03,2
https://boyaca7dias.com.co/2025/12/05/unidad-de-busqueda-de-personas-dadas-por-desaparecidas-esta-hoy-en-la-terminal-de-transportes-de-tunja-ofreciendo-sus-servicios-humanitarios/,conflicto_territorial,Oicata,V03,3
https://boyaca7dias.com.co/2025/11/13/la-unidad-de-busqueda-de-personas-recupero-diez-cuerpos-en-el-cementerio-de-oicata/,conflicto_territorial,Oicata,V03,4
https://www.eltiempo.com/politica/elecciones-colombia-2026/asi-recibieron-los-sectores-politicos-la-mas-reciente-encuesta-de-intencion-de-voto-de-guarumo-y-ecoanalitica-para-el-tiempo-3543844,conflicto_territorial,Oicata,V04,1
https://www.eltiempo.com/colombia/otras-ciudades/familia-y-bomberos-exigen-a-fiscalia-recapturar-al-tatuador-senalado-de-agredir-al-comandante-jairo-bolivar-sigue-en-uci-tras-brutal-golpiza-en-tunja-3572450,conflicto_territorial,Oicata,V04,2
https://boyaca7dias.com.co/2025/12/05/unidad-de-busqueda-de-personas-dadas-por-desaparecidas-esta-hoy-en-la-terminal-de-transportes-de-tunja-ofreciendo-sus-servicios-humanitarios/,conflicto_territorial,Oicata,V04,3
https://boyaca7dias.com.co/2026/08/07/de-los-dos-megaproyectos-de-petro-para-boyaca-uno-arranco-y-el-otro-se-quedo-estancado/,conflicto_territorial,Oicata,V05,1
https://boyaca7dias.com.co/2025/12/05/unidad-de-busqueda-de-personas-dadas-por-desaparecidas-esta-hoy-en-la-terminal-de-transportes-de-tunja-ofreciendo-sus-servicios-humanitarios/,conflicto_territorial,Oicata,V06,1
https://boyaca7dias.com.co/2026/08/06/proteger-al-venado-cola-blanca-una-prioridad-para-salvaguardar-la-biodiversidad-en-boyaca/,conflicto_territorial,Oicata,V06,2
https://www.eltiempo.com/politica/elecciones-colombia-2026/resultados-presidenciales-2026-primera-vuelta/en-vivo-elecciones-presidenciales-2026-siga-la-jornada-de-votacion-en-oicata-boyaca-ultimas-noticias-3560006,conflicto_territorial,Oicata,V06,3
https://boyaca7dias.com.co/2026/08/04/desde-la-medianoche-de-hoy-se-restablecera-el-cobro-en-el-peaje-de-tuta/,conflicto_territorial,Oicata,V06,4
https://boyaca7dias.com.co/2026/05/29/comunidad-protesta-en-el-peaje-de-tuta-y-exige-tarifa-cero-para-habitantes-de-cuatro-municipios/,conflicto_territorial,Oicata,V06,5
https://boyaca7dias.com.co/2025/12/05/unidad-de-busqueda-de-personas-dadas-por-desaparecidas-esta-hoy-en-la-terminal-de-transportes-de-tunja-ofreciendo-sus-servicios-humanitarios/,conflicto_territorial,Oicata,V07,1
https://boyaca7dias.com.co/2025/11/13/la-unidad-de-busqueda-de-personas-recupero-diez-cuerpos-en-el-cementerio-de-oicata/,conflicto_territorial,Oicata,V07,2
https://boyaca7dias.com.co/2026/08/07/de-los-dos-megaproyectos-de-petro-para-boyaca-uno-arranco-y-el-otro-se-quedo-estancado/,conflicto_territorial,Oicata,V12,1
https://boyaca7dias.com.co/2026/04/24/capturan-a-presunto-responsable-de-millonario-hurto-en-zona-rural-de-combita/,presencia_grupos_armados,Oicata,V01,1
https://boyaca7dias.com.co/2026/08/04/capturaron-a-tres-presuntos-integrantes-de-banda-dedicada-al-hurto-de-viviendas-en-boyaca/,presencia_grupos_armados,Oicata,V01,2
https://boyaca7dias.com.co/2025/08/05/paros-en-boyaca-bloqueos-ley-seca-y-represamiento-de-alimentos-marcaron-el-primer-dia-de-la-jornada/,presencia_grupos_armados,Oicata,V01,3
https://www.eltiempo.com/colombia/otras-ciudades/familia-y-bomberos-exigen-a-fiscalia-recapturar-al-tatuador-senalado-de-agredir-al-comandante-jairo-bolivar-sigue-en-uci-tras-brutal-golpiza-en-tunja-3572450,presencia_grupos_armados,Oicata,V01,4
https://boyaca7dias.com.co/2026/08/06/proteger-al-venado-cola-blanca-una-prioridad-para-salvaguardar-la-biodiversidad-en-boyaca/,presencia_grupos_armados,Oicata,V01,5
https://boyaca7dias.com.co/2025/12/05/unidad-de-busqueda-de-personas-dadas-por-desaparecidas-esta-hoy-en-la-terminal-de-transportes-de-tunja-ofreciendo-sus-servicios-humanitarios/,presencia_grupos_armados,Oicata,V01,6
https://boyaca7dias.com.co/2025/11/13/la-unidad-de-busqueda-de-personas-recupero-diez-cuerpos-en-el-cementerio-de-oicata/,presencia_grupos_armados,Oicata,V01,7
https://boyaca7dias.com.co/2026/04/24/capturan-a-presunto-responsable-de-millonario-hurto-en-zona-rural-de-combita/,presencia_grupos_armados,Oicata,V02,1
https://boyaca7dias.com.co/2026/08/04/capturaron-a-tres-presuntos-integrantes-de-banda-dedicada-al-hurto-de-viviendas-en-boyaca/,presencia_grupos_armados,Oicata,V02,2
https://www.eltiempo.com/colombia/otras-ciudades/familia-y-bomberos-exigen-a-fiscalia-recapturar-al-tatuador-senalado-de-agredir-al-comandante-jairo-bolivar-sigue-en-uci-tras-brutal-golpiza-en-tunja-3572450,presencia_grupos_armados,Oicata,V02,3
https://boyaca7dias.com.co/2025/12/05/unidad-de-busqueda-de-personas-dadas-por-desaparecidas-esta-hoy-en-la-terminal-de-transportes-de-tunja-ofreciendo-sus-servicios-humanitarios/,presencia_grupos_armados,Oicata,V02,4
https://boyaca7dias.com.co/2026/08/07/de-los-dos-megaproyectos-de-petro-para-boyaca-uno-arranco-y-el-otro-se-quedo-estancado/,presencia_grupos_armados,Oicata,V02,5
https://boyaca7dias.com.co/2026/08/06/proteger-al-venado-cola-blanca-una-prioridad-para-salvaguardar-la-biodiversidad-en-boyaca/,presencia_grupos_armados,Oicata,V03,1
https://boyaca7dias.com.co/2025/12/05/unidad-de-busqueda-de-personas-dadas-por-desaparecidas-esta-hoy-en-la-terminal-de-transportes-de-tunja-ofreciendo-sus-servicios-humanitarios/,presencia_grupos_armados,Oicata,V03,2
https://boyaca7dias.com.co/2026/08/04/capturaron-a-tres-presuntos-integrantes-de-banda-dedicada-al-hurto-de-viviendas-en-boyaca/,presencia_grupos_armados,Oicata,V03,3
https://boyaca7dias.com.co/2026/02/21/biologa-de-la-uptc-gana-beca-colombia-biodiversa-por-crear-investigacion-que-estudiara-los-riesgos-sanitarios-en-el-rio-chicamocha/,presencia_grupos_armados,Oicata,V03,4
https://boyaca7dias.com.co/2026/05/29/comunidad-protesta-en-el-peaje-de-tuta-y-exige-tarifa-cero-para-habitantes-de-cuatro-municipios/,presencia_grupos_armados,Oicata,V03,5
https://boyaca7dias.com.co/2026/08/07/de-los-dos-megaproyectos-de-petro-para-boyaca-uno-arranco-y-el-otro-se-quedo-estancado/,presencia_grupos_armados,Oicata,V03,6
https://boyaca7dias.com.co/2026/04/09/bloqueos-en-boyaca-este-jueves-por-paro-nacional-en-rechazo-al-aumento-del-impuesto-predial-estos-son-los-puntos-confirmados/,presencia_grupos_armados,Oicata,V03,7
https://boyaca7dias.com.co/2026/08/06/proteger-al-venado-cola-blanca-una-prioridad-para-salvaguardar-la-biodiversidad-en-boyaca/,presencia_grupos_armados,Oicata,V04,1
https://boyaca7dias.com.co/2025/12/05/unidad-de-busqueda-de-personas-dadas-por-desaparecidas-esta-hoy-en-la-terminal-de-transportes-de-tunja-ofreciendo-sus-servicios-humanitarios/,presencia_grupos_armados,Oicata,V04,2
https://boyaca7dias.com.co/2026/08/07/de-los-dos-megaproyectos-de-petro-para-boyaca-uno-arranco-y-el-otro-se-quedo-estancado/,presencia_grupos_armados,Oicata,V04,3
https://boyaca7dias.com.co/2025/08/05/paros-en-boyaca-bloqueos-ley-seca-y-represamiento-de-alimentos-marcaron-el-primer-dia-de-la-jornada/,presencia_grupos_armados,Oicata,V05,1
https://boyaca7dias.com.co/2026/08/04/capturaron-a-tres-presuntos-integrantes-de-banda-dedicada-al-hurto-de-viviendas-en-boyaca/,presencia_grupos_armados,Oicata,V05,2
https://boyaca7dias.com.co/2025/12/05/unidad-de-busqueda-de-personas-dadas-por-desaparecidas-esta-hoy-en-la-terminal-de-transportes-de-tunja-ofreciendo-sus-servicios-humanitarios/,presencia_grupos_armados,Oicata,V05,3
https://boyaca7dias.com.co/2025/11/13/la-unidad-de-busqueda-de-personas-recupero-diez-cuerpos-en-el-cementerio-de-oicata/,presencia_grupos_armados,Oicata,V05,4
https://boyaca7dias.com.co/2025/08/05/paros-en-boyaca-bloqueos-ley-seca-y-represamiento-de-alimentos-marcaron-el-primer-dia-de-la-jornada/,presencia_grupos_armados,Oicata,V06,1
https://boyaca7dias.com.co/2026/08/06/proteger-al-venado-cola-blanca-una-prioridad-para-salvaguardar-la-biodiversidad-en-boyaca/,presencia_grupos_armados,Oicata,V06,2
https://boyaca7dias.com.co/2025/12/05/unidad-de-busqueda-de-personas-dadas-por-desaparecidas-esta-hoy-en-la-terminal-de-transportes-de-tunja-ofreciendo-sus-servicios-humanitarios/,presencia_grupos_armados,Oicata,V06,3
https://boyaca7dias.com.co/2025/11/13/la-unidad-de-busqueda-de-personas-recupero-diez-cuerpos-en-el-cementerio-de-oicata/,presencia_grupos_armados,Oicata,V06,4
https://boyaca7dias.com.co/2026/08/06/proteger-al-venado-cola-blanca-una-prioridad-para-salvaguardar-la-biodiversidad-en-boyaca/,presencia_grupos_armados,Oicata,V07,1
https://boyaca7dias.com.co/2025/12/05/unidad-de-busqueda-de-personas-dadas-por-desaparecidas-esta-hoy-en-la-terminal-de-transportes-de-tunja-ofreciendo-sus-servicios-humanitarios/,presencia_grupos_armados,Oicata,V07,2
https://boyaca7dias.com.co/2026/02/21/biologa-de-la-uptc-gana-beca-colombia-biodiversa-por-crear-investigacion-que-estudiara-los-riesgos-sanitarios-en-el-rio-chicamocha/,presencia_grupos_armados,Oicata,V07,3
https://boyaca7dias.com.co/2025/08/05/paros-en-boyaca-bloqueos-ley-seca-y-represamiento-de-alimentos-marcaron-el-primer-dia-de-la-jornada/,presencia_grupos_armados,Oicata,V12,1
https://boyaca7dias.com.co/2025/12/05/unidad-de-busqueda-de-personas-dadas-por-desaparecidas-esta-hoy-en-la-terminal-de-transportes-de-tunja-ofreciendo-sus-servicios-humanitarios/,presencia_grupos_armados,Oicata,V12,2
https://boyaca7dias.com.co/2025/11/13/la-unidad-de-busqueda-de-personas-recupero-diez-cuerpos-en-el-cementerio-de-oicata/,presencia_grupos_armados,Oicata,V12,3
https://www.eltiempo.com/colombia/otras-ciudades/paraguachon-frontera-cerrada-asi-se-vive-en-la-guajira-el-bloqueo-del-paso-entre-colombia-y-venezuela-tras-la-captura-de-nicolas-maduro-3521565,exclusion_beneficios_economicos,Paraguachon,V01,1
https://laguajirahoy.com/maicao-3/tension-del-lado-venezolano-por-caso-judicial-afecta-comercio-binacional.html,exclusion_beneficios_economicos,Paraguachon,V01,2
https://laguajirahoy.com/judiciales/se-reabre-frontera-y-se-normaliza-paso-por-paraguachon-en-la-guajira.html,exclusion_beneficios_economicos,Paraguachon,V01,3
https://laguajirahoy.com/judiciales/secuestro-en-la-guajira-voces-policiales-explican-causas-cifras-y-retos.html,exclusion_beneficios_economicos,Paraguachon,V01,4
https://laguajirahoy.com/comunidad/venezolanos-en-la-guajira-viven-con-emociones-encontradas-los-recientes-sucesos-politicos-en-su-pais.html,exclusion_beneficios_economicos,Paraguachon,V01,5
https://www.eltiempo.com/mundo/europa/presidente-macron-confirma-la-liberacion-de-camilo-castro-frances-detenido-en-venezuela-desde-junio-y-anuncia-que-ya-viaja-hacia-francia-3509354,exclusion_beneficios_economicos,Paraguachon,V01,6
https://laguajirahoy.com/riohacha/riohacha-celebro-480-anos-esperando-que-la-concesion-repara-la-avenida-del-progreso.html,exclusion_beneficios_economicos,Paraguachon,V01,7
https://laguajirahoy.com/nacion/satena-gestiona-vuelos-diarios-entre-riohacha-y-barranquilla-tras-colapso-del-puente.html,exclusion_beneficios_economicos,Paraguachon,V01,8
https://diariodelnorte.net/judiciales/deportan-a-ciudadano-irani-que-ingreso-irregularmente-a-colombia-por-la-frontera-de-maicao-con-venezuela/,exclusion_beneficios_economicos,Paraguachon,V01,9
https://diariodelnorte.net/judiciales/operativos-en-la-guajira-dejan-seis-capturados-y-recuperacion-de-tres-motocicletas-hurtadas/,exclusion_beneficios_economicos,Paraguachon,V01,10
https://diariodelnorte.net/judiciales/recuperan-dos-motocicletas-hurtadas-capturan-a-un-hombre-por-receptacion-e-incautan-arma-traumatica-en-vias-de-la-guajira/,exclusion_beneficios_economicos,Paraguachon,V01,11
https://laguajirahoy.com/la-guajira/educacion-vial-para-proteger-la-vida-en-corredores-escolares.html,exclusion_beneficios_economicos,Paraguachon,V01,12
https://www.eltiempo.com/colombia/otras-ciudades/la-guajira-normalidad-en-la-frontera-tras-reapertura-del-paso-en-paraguachon-por-parte-de-las-autoridades-venezolanas-maicao-se-mantiene-en-alerta-3521735,exclusion_beneficios_economicos,Paraguachon,V01,13
https://laguajirahoy.com/judiciales/capturan-en-paraguachon-a-hombre-requerido-por-delito-informatico.html,exclusion_beneficios_economicos,Paraguachon,V01,14
https://laguajirahoy.com/judiciales/por-presion-de-autoridades-venezolanas-captores-liberan-secuestrados-colombianos.html,exclusion_beneficios_economicos,Paraguachon,V01,15
https://laguajirahoy.com/comunidad/venezolanos-en-la-guajira-viven-con-emociones-encontradas-los-recientes-sucesos-politicos-en-su-pais.html,exclusion_beneficios_economicos,Paraguachon,V02,1
https://diariodelnorte.net/judiciales/deportan-a-ciudadano-irani-que-ingreso-irregularmente-a-colombia-por-la-frontera-de-maicao-con-venezuela/,exclusion_beneficios_economicos,Paraguachon,V02,2
https://diariodelnorte.net/judiciales/capturan-en-zona-rural-de-maicao-a-hombre-requerido-por-homicidio/,exclusion_beneficios_economicos,Paraguachon,V02,3
https://diariodelnorte.net/laguajira/ejercito-nacional-reporta-cobertura-total-de-seguridad-en-zonas-rurales-de-la-guajira-durante-elecciones/,exclusion_beneficios_economicos,Paraguachon,V02,4
https://diariodelnorte.net/opinion/agua-para-todos-donde-esta-el-centavo-para-el-peso/,exclusion_beneficios_economicos,Paraguachon,V02,5
https://laguajirahoy.com/maicao-3/tension-del-lado-venezolano-por-caso-judicial-afecta-comercio-binacional.html,exclusion_beneficios_economicos,Paraguachon,V02,6
https://laguajirahoy.com/judiciales/autoridades-sin-pistas-tras-hurto-de-camioneta-en-manaure-en-la-guajira.html,exclusion_beneficios_economicos,Paraguachon,V02,7
https://laguajirahoy.com/riohacha/dirigentes-exigen-a-concesion-santa-marta-paraguachon-reparar-la-deteriorada-calle-15-de-riohacha.html,exclusion_beneficios_economicos,Paraguachon,V02,8
https://diariodelnorte.net/opinion/el-regreso-de-venezuela-al-mapa-guajiro/,exclusion_beneficios_economicos,Paraguachon,V02,9
https://laguajirahoy.com/judiciales/se-reabre-frontera-y-se-normaliza-paso-por-paraguachon-en-la-guajira.html,exclusion_beneficios_economicos,Paraguachon,V02,10
https://laguajirahoy.com/judiciales/por-presion-de-autoridades-venezolanas-captores-liberan-secuestrados-colombianos.html,exclusion_beneficios_economicos,Paraguachon,V02,11
https://diariodelnorte.net/judiciales/capturan-a-joven-con-mas-de-170-dosis-de-estupefacientes-en-paraguachon/,exclusion_beneficios_economicos,Paraguachon,V02,12
https://laguajirahoy.com/judiciales/venezuela-libero-a-ciudadano-frances-quien-fue-capturado-en-la-frontera-con-la-guajira.html,exclusion_beneficios_economicos,Paraguachon,V02,13
https://diariodelnorte.net/judiciales/operativos-en-vias-de-la-guajira-dejan-un-capturado-y-licor-de-contrabando-incautado/,exclusion_beneficios_economicos,Paraguachon,V02,14
https://www.eltiempo.com/mundo/europa/presidente-macron-confirma-la-liberacion-de-camilo-castro-frances-detenido-en-venezuela-desde-junio-y-anuncia-que-ya-viaja-hacia-francia-3509354,exclusion_beneficios_economicos,Paraguachon,V02,15
https://www.eltiempo.com/mundo/europa/presidente-macron-confirma-la-liberacion-de-camilo-castro-frances-detenido-en-venezuela-desde-junio-y-anuncia-que-ya-viaja-hacia-francia-3509354,exclusion_beneficios_economicos,Paraguachon,V03,1
https://laguajirahoy.com/maicao-3/tension-del-lado-venezolano-por-caso-judicial-afecta-comercio-binacional.html,exclusion_beneficios_economicos,Paraguachon,V03,2
https://laguajirahoy.com/judiciales/por-presion-de-autoridades-venezolanas-captores-liberan-secuestrados-colombianos.html,exclusion_beneficios_economicos,Paraguachon,V03,3
https://diariodelnorte.net/judiciales/ediles-de-paraguachon-denuncian-amenazas-tras-recibir-video-intimidante/,exclusion_beneficios_economicos,Paraguachon,V03,4
https://laguajirahoy.com/la-guajira/educacion-vial-para-proteger-la-vida-en-corredores-escolares.html,exclusion_beneficios_economicos,Paraguachon,V03,5
https://diariodelnorte.net/judiciales/capturan-a-un-hombre-por-presunta-falsedad-documental-y-recuperan-moto-hurtada-en-la-guajira/,exclusion_beneficios_economicos,Paraguachon,V03,6
https://laguajirahoy.com/riohacha/huecos-en-la-calle-15-de-riohacha-ponen-en-riesgo-a-conductores-y-peatones.html,exclusion_beneficios_economicos,Paraguachon,V03,7
https://diariodelnorte.net/laguajira/movimiento-quinto-poder-presenta-propuestas-para-el-desarrollo-de-la-guajira/,exclusion_beneficios_economicos,Paraguachon,V03,8
https://diariodelnorte.net/judiciales/autoridades-capturan-a-13-personas-en-maicao-por-homicidio-extorsion-y-microtrafico/,exclusion_beneficios_economicos,Paraguachon,V03,9
https://diariodelnorte.net/judiciales/capturan-a-hombre-que-conducia-vehiculo-reportado-como-hurtado-en-paraguachon/,exclusion_beneficios_economicos,Paraguachon,V03,10
https://laguajirahoy.com/judiciales/se-reabre-frontera-y-se-normaliza-paso-por-paraguachon-en-la-guajira.html,exclusion_beneficios_economicos,Paraguachon,V03,11
https://diariodelnorte.net/judiciales/capturan-en-la-via-maicao-paraguachon-a-hombre-requerido-por-hurto-calificado-agravado/,exclusion_beneficios_economicos,Paraguachon,V03,12
https://diariodelnorte.net/laguajira/ejercito-nacional-reporta-cobertura-total-de-seguridad-en-zonas-rurales-de-la-guajira-durante-elecciones/,exclusion_beneficios_economicos,Paraguachon,V03,13
https://diariodelnorte.net/judiciales/capturan-en-zona-rural-de-maicao-a-hombre-requerido-por-homicidio/,exclusion_beneficios_economicos,Paraguachon,V03,14
https://laguajirahoy.com/judiciales-2/operativos-en-maicao-dejan-13-capturados-por-graves-delitos.html,exclusion_beneficios_economicos,Paraguachon,V03,15
https://laguajirahoy.com/riohacha/huecos-en-la-calle-15-de-riohacha-ponen-en-riesgo-a-conductores-y-peatones.html,exclusion_beneficios_economicos,Paraguachon,V04,1
https://laguajirahoy.com/riohacha/dirigentes-exigen-a-concesion-santa-marta-paraguachon-reparar-la-deteriorada-calle-15-de-riohacha.html,exclusion_beneficios_economicos,Paraguachon,V04,2
https://laguajirahoy.com/riohacha/cuatro-anos-despues-puentes-y-arte-publico-siguen-desaparecidos-en-riohacha.html,exclusion_beneficios_economicos,Paraguachon,V04,3
https://laguajirahoy.com/judiciales/venezuela-libero-a-ciudadano-frances-quien-fue-capturado-en-la-frontera-con-la-guajira.html,exclusion_beneficios_economicos,Paraguachon,V04,4
https://diariodelnorte.net/editorial/quienes-secuestran/,exclusion_beneficios_economicos,Paraguachon,V04,5
https://laguajirahoy.com/comunidad/venezolanos-en-la-guajira-viven-con-emociones-encontradas-los-recientes-sucesos-politicos-en-su-pais.html,exclusion_beneficios_economicos,Paraguachon,V04,6
https://diariodelnorte.net/judiciales/conductor-denuncia-presunta-extorsion-por-parte-de-un-agente-de-transito-en-maicao/,exclusion_beneficios_economicos,Paraguachon,V04,7
https://laguajirahoy.com/judiciales/por-presion-de-autoridades-venezolanas-captores-liberan-secuestrados-colombianos.html,exclusion_beneficios_economicos,Paraguachon,V04,8
https://laguajirahoy.com/politica/maicao-esta-en-modo-consejos-de-juventud.html,exclusion_beneficios_economicos,Paraguachon,V04,9
https://diariodelnorte.net/opinion/el-regreso-de-venezuela-al-mapa-guajiro/,exclusion_beneficios_economicos,Paraguachon,V04,10
https://laguajirahoy.com/judiciales-2/operativos-en-maicao-dejan-13-capturados-por-graves-delitos.html,exclusion_beneficios_economicos,Paraguachon,V04,11
https://laguajirahoy.com/educacion/nueva-estrategia-educativa-impulsa-integracion-infantil-en-la-guajira.html,exclusion_beneficios_economicos,Paraguachon,V04,12
https://www.eltiempo.com/mundo/europa/presidente-macron-confirma-la-liberacion-de-camilo-castro-frances-detenido-en-venezuela-desde-junio-y-anuncia-que-ya-viaja-hacia-francia-3509354,exclusion_beneficios_economicos,Paraguachon,V04,13
https://laguajirahoy.com/nacion/satena-gestiona-vuelos-diarios-entre-riohacha-y-barranquilla-tras-colapso-del-puente.html,exclusion_beneficios_economicos,Paraguachon,V04,14
https://laguajirahoy.com/maicao/maicao-enfrenta-creciente-riesgo-por-expansion-de-grupos-armados.html,exclusion_beneficios_economicos,Paraguachon,V04,15
https://www.eltiempo.com/colombia/barranquilla/barranquilla-un-avance-para-la-justicia-y-la-democracia-de-la-region-esto-dijo-el-alcalde-char-acerca-de-la-captura-de-nicolas-maduro-3521761,exclusion_beneficios_economicos,Paraguachon,V05,1
https://diariodelnorte.net/laguajira/movimiento-quinto-poder-presenta-propuestas-para-el-desarrollo-de-la-guajira/,exclusion_beneficios_economicos,Paraguachon,V05,2
https://laguajirahoy.com/judiciales/por-presion-de-autoridades-venezolanas-captores-liberan-secuestrados-colombianos.html,exclusion_beneficios_economicos,Paraguachon,V05,3
https://laguajirahoy.com/judiciales-2/operativos-en-maicao-dejan-13-capturados-por-graves-delitos.html,exclusion_beneficios_economicos,Paraguachon,V05,4
https://diariodelnorte.net/editorial/quienes-secuestran/,exclusion_beneficios_economicos,Paraguachon,V05,5
https://laguajirahoy.com/riohacha/dirigentes-exigen-a-concesion-santa-marta-paraguachon-reparar-la-deteriorada-calle-15-de-riohacha.html,exclusion_beneficios_economicos,Paraguachon,V05,6
https://laguajirahoy.com/judiciales/venezuela-libero-a-ciudadano-frances-quien-fue-capturado-en-la-frontera-con-la-guajira.html,exclusion_beneficios_economicos,Paraguachon,V05,7
https://diariodelnorte.net/judiciales/capturan-a-presunto-integrante-de-estructura-criminal-por-extorsion-en-paraguachon/,exclusion_beneficios_economicos,Paraguachon,V05,8
https://laguajirahoy.com/politica/maicao-esta-en-modo-consejos-de-juventud.html,exclusion_beneficios_economicos,Paraguachon,V05,9
https://diariodelnorte.net/judiciales/conductor-denuncia-presunta-extorsion-por-parte-de-un-agente-de-transito-en-maicao/,exclusion_beneficios_economicos,Paraguachon,V05,10
https://laguajirahoy.com/riohacha/huecos-en-la-calle-15-de-riohacha-ponen-en-riesgo-a-conductores-y-peatones.html,exclusion_beneficios_economicos,Paraguachon,V05,11
https://diariodelnorte.net/judiciales/policia-captura-a-dos-personas-por-receptacion-y-recupera-motocicletas-hurtadas-en-vias-de-la-guajira/,exclusion_beneficios_economicos,Paraguachon,V05,12
https://laguajirahoy.com/judiciales/autoridades-sin-pistas-tras-hurto-de-camioneta-en-manaure-en-la-guajira.html,exclusion_beneficios_economicos,Paraguachon,V05,13
https://diariodelnorte.net/opinion/el-regreso-de-venezuela-al-mapa-guajiro/,exclusion_beneficios_economicos,Paraguachon,V05,14
https://diariodelnorte.net/judiciales/autoridades-capturan-a-13-personas-en-maicao-por-homicidio-extorsion-y-microtrafico/,exclusion_beneficios_economicos,Paraguachon,V05,15
https://laguajirahoy.com/judiciales/secuestro-en-la-guajira-voces-policiales-explican-causas-cifras-y-retos.html,exclusion_beneficios_economicos,Paraguachon,V06,1
https://diariodelnorte.net/judiciales/operativos-en-la-guajira-dejan-seis-capturados-y-recuperacion-de-tres-motocicletas-hurtadas/,exclusion_beneficios_economicos,Paraguachon,V06,2
https://diariodelnorte.net/judiciales/recuperan-dos-motocicletas-hurtadas-capturan-a-un-hombre-por-receptacion-e-incautan-arma-traumatica-en-vias-de-la-guajira/,exclusion_beneficios_economicos,Paraguachon,V06,3
https://www.eltiempo.com/colombia/otras-ciudades/la-guajira-normalidad-en-la-frontera-tras-reapertura-del-paso-en-paraguachon-por-parte-de-las-autoridades-venezolanas-maicao-se-mantiene-en-alerta-3521735,exclusion_beneficios_economicos,Paraguachon,V06,4
https://laguajirahoy.com/judiciales-2/cinco-capturas-dejan-controles-viales-de-policia-en-la-guajira.html,exclusion_beneficios_economicos,Paraguachon,V06,5
https://www.eltiempo.com/colombia/otras-ciudades/temblor-de-magnitud-3-4-sacudio-la-guajira-y-tiene-en-alerta-a-la-ciudad-fronteriza-el-epicentro-estuvo-en-dibulla-3567507,exclusion_beneficios_economicos,Paraguachon,V06,6
https://laguajirahoy.com/riohacha/riohacha-celebro-480-anos-esperando-que-la-concesion-repara-la-avenida-del-progreso.html,exclusion_beneficios_economicos,Paraguachon,V06,7
https://laguajirahoy.com/politica/elecciones-de-consejo-de-juventud-ya-tienen-jurados-definidos-en-maicao.html,exclusion_beneficios_economicos,Paraguachon,V06,8
https://laguajirahoy.com/maicao/alcaldia-de-maicao-mantiene-alerta-permanente-y-refuerza-seguridad-en-la-zona-fronteriza.html,exclusion_beneficios_economicos,Paraguachon,V06,9
https://laguajirahoy.com/nacion/satena-gestiona-vuelos-diarios-entre-riohacha-y-barranquilla-tras-colapso-del-puente.html,exclusion_beneficios_economicos,Paraguachon,V06,10
https://www.eltiempo.com/colombia/otras-ciudades/paraguachon-frontera-cerrada-asi-se-vive-en-la-guajira-el-bloqueo-del-paso-entre-colombia-y-venezuela-tras-la-captura-de-nicolas-maduro-3521565,exclusion_beneficios_economicos,Paraguachon,V06,11
https://laguajirahoy.com/riohacha/cuatro-anos-despues-puentes-y-arte-publico-siguen-desaparecidos-en-riohacha.html,exclusion_beneficios_economicos,Paraguachon,V06,12
https://laguajirahoy.com/la-guajira/autoridades-ponen-a-prueba-protocolos-en-simulacro-de-accidente-vial.html,exclusion_beneficios_economicos,Paraguachon,V06,13
https://laguajirahoy.com/judiciales/hombres-armados-habrian-sacado-a-comerciante-de-su-vivienda-en-maicao-la-guajira.html,exclusion_beneficios_economicos,Paraguachon,V06,14
https://diariodelnorte.net/laguajira/policia-fortalece-acciones-de-seguridad-en-el-paso-fronterizo-de-paraguachon/,exclusion_beneficios_economicos,Paraguachon,V06,15
https://laguajirahoy.com/riohacha/cuatro-anos-despues-puentes-y-arte-publico-siguen-desaparecidos-en-riohacha.html,exclusion_beneficios_economicos,Paraguachon,V07,1
https://laguajirahoy.com/riohacha/riohacha-celebro-480-anos-esperando-que-la-concesion-repara-la-avenida-del-progreso.html,exclusion_beneficios_economicos,Paraguachon,V07,2
https://laguajirahoy.com/judiciales-2/cinco-capturas-dejan-controles-viales-de-policia-en-la-guajira.html,exclusion_beneficios_economicos,Paraguachon,V07,3
https://diariodelnorte.net/judiciales/operativos-en-la-guajira-dejan-seis-capturados-y-recuperacion-de-tres-motocicletas-hurtadas/,exclusion_beneficios_economicos,Paraguachon,V07,4
https://laguajirahoy.com/politica/maicao-esta-en-modo-consejos-de-juventud.html,exclusion_beneficios_economicos,Paraguachon,V07,5
https://diariodelnorte.net/judiciales/conductor-denuncia-presunta-extorsion-por-parte-de-un-agente-de-transito-en-maicao/,exclusion_beneficios_economicos,Paraguachon,V07,6
https://www.eltiempo.com/justicia/paz-y-derechos-humanos/defensoria-alerta-por-expansion-de-los-pachenca-en-maicao-comunidades-wayuu-y-migrantes-en-medio-del-fuego-cruzado-3567775,exclusion_beneficios_economicos,Paraguachon,V07,7
https://www.eltiempo.com/justicia/conflicto-y-narcotrafico/el-eln-tiene-un-plan-de-saboteo-a-las-elecciones-investigador-de-campo-explica-las-razones-detras-del-atentado-al-batallon-de-riohacha-la-guajira-3558798,exclusion_beneficios_economicos,Paraguachon,V07,8
https://laguajirahoy.com/riohacha/huecos-en-la-calle-15-de-riohacha-ponen-en-riesgo-a-conductores-y-peatones.html,exclusion_beneficios_economicos,Paraguachon,V07,9
https://laguajirahoy.com/maicao-3/tension-del-lado-venezolano-por-caso-judicial-afecta-comercio-binacional.html,exclusion_beneficios_economicos,Paraguachon,V07,10
https://laguajirahoy.com/judiciales/mercancia-ilegal-de-cigarrillos-incautada-en-la-guajira.html,exclusion_beneficios_economicos,Paraguachon,V07,11
https://laguajirahoy.com/judiciales/por-presion-de-autoridades-venezolanas-captores-liberan-secuestrados-colombianos.html,exclusion_beneficios_economicos,Paraguachon,V07,12
https://diariodelnorte.net/judiciales/capturan-a-presunto-integrante-de-estructura-criminal-por-extorsion-en-paraguachon/,exclusion_beneficios_economicos,Paraguachon,V07,13
https://diariodelnorte.net/judiciales/autoridades-capturan-a-13-personas-en-maicao-por-homicidio-extorsion-y-microtrafico/,exclusion_beneficios_economicos,Paraguachon,V07,14
https://www.eltiempo.com/mundo/venezuela/padrino-lopez-confirmo-el-asesinato-de-varios-miembros-del-equipo-de-seguridad-de-nicolas-maduro-tras-los-bombardeos-de-estados-unidos-3521738,exclusion_beneficios_economicos,Paraguachon,V07,15
https://laguajirahoy.com/judiciales/mercancia-ilegal-de-cigarrillos-incautada-en-la-guajira.html,exclusion_beneficios_economicos,Paraguachon,V08,1
https://laguajirahoy.com/judiciales/mercancia-ilegal-de-cigarrillos-incautada-en-la-guajira.html,exclusion_beneficios_economicos,Paraguachon,V09,1
https://laguajirahoy.com/judiciales/mercancia-ilegal-de-cigarrillos-incautada-en-la-guajira.html,exclusion_beneficios_economicos,Paraguachon,V11,1
https://laguajirahoy.com/riohacha/cuatro-anos-despues-puentes-y-arte-publico-siguen-desaparecidos-en-riohacha.html,exclusion_beneficios_economicos,Paraguachon,V12,1
https://diariodelnorte.net/judiciales/conductor-denuncia-presunta-extorsion-por-parte-de-un-agente-de-transito-en-maicao/,exclusion_beneficios_economicos,Paraguachon,V12,2
https://laguajirahoy.com/maicao-3/tension-del-lado-venezolano-por-caso-judicial-afecta-comercio-binacional.html,rechazo_proyecto,Paraguachon,V01,1
https://diariodelnorte.net/judiciales/comunidades-wayuu-levantan-bloqueo-en-la-via-riohacha-maicao-tras-acordar-mesa-de-dialogo-por-atentado-en-alto-pino/,rechazo_proyecto,Paraguachon,V01,2
https://diariodelnorte.net/judiciales/ediles-de-paraguachon-denuncian-amenazas-tras-recibir-video-intimidante/,rechazo_proyecto,Paraguachon,V01,3
https://www.eltiempo.com/mundo/europa/presidente-macron-confirma-la-liberacion-de-camilo-castro-frances-detenido-en-venezuela-desde-junio-y-anuncia-que-ya-viaja-hacia-francia-3509354,rechazo_proyecto,Paraguachon,V01,4
https://laguajirahoy.com/comunidad/venezolanos-en-la-guajira-viven-con-emociones-encontradas-los-recientes-sucesos-politicos-en-su-pais.html,rechazo_proyecto,Paraguachon,V01,5
https://laguajirahoy.com/riohacha/huecos-en-la-calle-15-de-riohacha-ponen-en-riesgo-a-conductores-y-peatones.html,rechazo_proyecto,Paraguachon,V01,6
https://diariodelnorte.net/laguajira/defensoria-emite-alerta-por-expansion-de-las-acsn-y-escalada-del-riesgo-en-maicao/,rechazo_proyecto,Paraguachon,V01,7
https://diariodelnorte.net/judiciales/tras-semanas-de-busqueda-encuentran-restos-que-pertenecerian-a-hombre-desaparecido/,rechazo_proyecto,Paraguachon,V01,8
https://laguajirahoy.com/judiciales/autoridades-sin-pistas-tras-hurto-de-camioneta-en-manaure-en-la-guajira.html,rechazo_proyecto,Paraguachon,V01,9
https://www.eltiempo.com/justicia/conflicto-y-narcotrafico/el-eln-tiene-un-plan-de-saboteo-a-las-elecciones-investigador-de-campo-explica-las-razones-detras-del-atentado-al-batallon-de-riohacha-la-guajira-3558798,rechazo_proyecto,Paraguachon,V01,10
https://diariodelnorte.net/opinion/el-regreso-de-venezuela-al-mapa-guajiro/,rechazo_proyecto,Paraguachon,V01,11
https://laguajirahoy.com/riohacha/cuatro-anos-despues-puentes-y-arte-publico-siguen-desaparecidos-en-riohacha.html,rechazo_proyecto,Paraguachon,V01,12
https://diariodelnorte.net/editorial/quienes-secuestran/,rechazo_proyecto,Paraguachon,V01,13
https://laguajirahoy.com/judiciales/venezuela-libero-a-ciudadano-frances-quien-fue-capturado-en-la-frontera-con-la-guajira.html,rechazo_proyecto,Paraguachon,V01,14
https://laguajirahoy.com/riohacha/dirigentes-exigen-a-concesion-santa-marta-paraguachon-reparar-la-deteriorada-calle-15-de-riohacha.html,rechazo_proyecto,Paraguachon,V01,15
https://diariodelnorte.net/judiciales/ediles-de-paraguachon-denuncian-amenazas-tras-recibir-video-intimidante/,rechazo_proyecto,Paraguachon,V02,1
https://laguajirahoy.com/maicao-3/tension-del-lado-venezolano-por-caso-judicial-afecta-comercio-binacional.html,rechazo_proyecto,Paraguachon,V02,2
https://diariodelnorte.net/judiciales/tras-semanas-de-busqueda-encuentran-restos-que-pertenecerian-a-hombre-desaparecido/,rechazo_proyecto,Paraguachon,V02,3
https://laguajirahoy.com/comunidad/venezolanos-en-la-guajira-viven-con-emociones-encontradas-los-recientes-sucesos-politicos-en-su-pais.html,rechazo_proyecto,Paraguachon,V02,4
https://www.eltiempo.com/colombia/otras-ciudades/paraguachon-frontera-cerrada-asi-se-vive-en-la-guajira-el-bloqueo-del-paso-entre-colombia-y-venezuela-tras-la-captura-de-nicolas-maduro-3521565,rechazo_proyecto,Paraguachon,V02,5
https://www.eltiempo.com/mundo/europa/presidente-macron-confirma-la-liberacion-de-camilo-castro-frances-detenido-en-venezuela-desde-junio-y-anuncia-que-ya-viaja-hacia-francia-3509354,rechazo_proyecto,Paraguachon,V02,6
https://diariodelnorte.net/judiciales/comunidades-wayuu-levantan-bloqueo-en-la-via-riohacha-maicao-tras-acordar-mesa-de-dialogo-por-atentado-en-alto-pino/,rechazo_proyecto,Paraguachon,V02,7
https://laguajirahoy.com/judiciales/capturan-en-paraguachon-a-hombre-requerido-por-delito-informatico.html,rechazo_proyecto,Paraguachon,V02,8
https://laguajirahoy.com/judiciales/por-presion-de-autoridades-venezolanas-captores-liberan-secuestrados-colombianos.html,rechazo_proyecto,Paraguachon,V02,9
https://www.eltiempo.com/colombia/otras-ciudades/temblor-de-magnitud-3-4-sacudio-la-guajira-y-tiene-en-alerta-a-la-ciudad-fronteriza-el-epicentro-estuvo-en-dibulla-3567507,rechazo_proyecto,Paraguachon,V02,10
https://laguajirahoy.com/riohacha/huecos-en-la-calle-15-de-riohacha-ponen-en-riesgo-a-conductores-y-peatones.html,rechazo_proyecto,Paraguachon,V02,11
https://diariodelnorte.net/judiciales/operativo-conjunto-en-maicao-deja-un-capturado-y-cuatro-armas-de-fuego-incautadas/,rechazo_proyecto,Paraguachon,V02,12
https://diariodelnorte.net/judiciales/autoridades-capturan-a-13-personas-en-maicao-por-homicidio-extorsion-y-microtrafico/,rechazo_proyecto,Paraguachon,V02,13
https://diariodelnorte.net/judiciales/capturan-en-paraguachon-a-hombre-requerido-por-delito-informatico/,rechazo_proyecto,Paraguachon,V02,14
https://diariodelnorte.net/judiciales/capturan-en-zona-rural-de-maicao-a-hombre-requerido-por-homicidio/,rechazo_proyecto,Paraguachon,V02,15
https://laguajirahoy.com/maicao-3/tension-del-lado-venezolano-por-caso-judicial-afecta-comercio-binacional.html,rechazo_proyecto,Paraguachon,V03,1
https://laguajirahoy.com/judiciales/se-reabre-frontera-y-se-normaliza-paso-por-paraguachon-en-la-guajira.html,rechazo_proyecto,Paraguachon,V03,2
https://diariodelnorte.net/judiciales/ediles-de-paraguachon-denuncian-amenazas-tras-recibir-video-intimidante/,rechazo_proyecto,Paraguachon,V03,3
https://www.eltiempo.com/mundo/europa/presidente-macron-confirma-la-liberacion-de-camilo-castro-frances-detenido-en-venezuela-desde-junio-y-anuncia-que-ya-viaja-hacia-francia-3509354,rechazo_proyecto,Paraguachon,V03,4
https://laguajirahoy.com/comunidad/venezolanos-en-la-guajira-viven-con-emociones-encontradas-los-recientes-sucesos-politicos-en-su-pais.html,rechazo_proyecto,Paraguachon,V03,5
https://diariodelnorte.net/judiciales/comunidades-wayuu-levantan-bloqueo-en-la-via-riohacha-maicao-tras-acordar-mesa-de-dialogo-por-atentado-en-alto-pino/,rechazo_proyecto,Paraguachon,V03,6
https://diariodelnorte.net/judiciales/tras-semanas-de-busqueda-encuentran-restos-que-pertenecerian-a-hombre-desaparecido/,rechazo_proyecto,Paraguachon,V03,7
https://laguajirahoy.com/judiciales/capturan-en-paraguachon-a-hombre-requerido-por-delito-informatico.html,rechazo_proyecto,Paraguachon,V03,8
https://diariodelnorte.net/judiciales/deportan-a-ciudadano-irani-que-ingreso-irregularmente-a-colombia-por-la-frontera-de-maicao-con-venezuela/,rechazo_proyecto,Paraguachon,V03,9
https://laguajirahoy.com/judiciales/por-presion-de-autoridades-venezolanas-captores-liberan-secuestrados-colombianos.html,rechazo_proyecto,Paraguachon,V03,10
https://www.eltiempo.com/colombia/otras-ciudades/temblor-de-magnitud-3-4-sacudio-la-guajira-y-tiene-en-alerta-a-la-ciudad-fronteriza-el-epicentro-estuvo-en-dibulla-3567507,rechazo_proyecto,Paraguachon,V03,11
https://diariodelnorte.net/laguajira/maicao-refuerza-seguridad-y-activa-pmu-ante-la-situacion-actual-en-la-frontera/,rechazo_proyecto,Paraguachon,V03,12
https://diariodelnorte.net/opinion/agua-para-todos-donde-esta-el-centavo-para-el-peso/,rechazo_proyecto,Paraguachon,V03,13
https://laguajirahoy.com/riohacha/huecos-en-la-calle-15-de-riohacha-ponen-en-riesgo-a-conductores-y-peatones.html,rechazo_proyecto,Paraguachon,V03,14
https://laguajirahoy.com/la-guajira/educacion-vial-para-proteger-la-vida-en-corredores-escolares.html,rechazo_proyecto,Paraguachon,V03,15
https://www.eltiempo.com/mundo/venezuela/padrino-lopez-confirmo-el-asesinato-de-varios-miembros-del-equipo-de-seguridad-de-nicolas-maduro-tras-los-bombardeos-de-estados-unidos-3521738,rechazo_proyecto,Paraguachon,V04,1
https://diariodelnorte.net/judiciales/ediles-de-paraguachon-denuncian-amenazas-tras-recibir-video-intimidante/,rechazo_proyecto,Paraguachon,V04,2
https://www.eltiempo.com/colombia/otras-ciudades/paraguachon-frontera-cerrada-asi-se-vive-en-la-guajira-el-bloqueo-del-paso-entre-colombia-y-venezuela-tras-la-captura-de-nicolas-maduro-3521565,rechazo_proyecto,Paraguachon,V04,3
https://diariodelnorte.net/judiciales/conductor-denuncia-presunta-extorsion-por-parte-de-un-agente-de-transito-en-maicao/,rechazo_proyecto,Paraguachon,V05,1
https://laguajirahoy.com/politica/maicao-esta-en-modo-consejos-de-juventud.html,rechazo_proyecto,Paraguachon,V05,2
https://laguajirahoy.com/judiciales/venezuela-libero-a-ciudadano-frances-quien-fue-capturado-en-la-frontera-con-la-guajira.html,rechazo_proyecto,Paraguachon,V05,3
https://laguajirahoy.com/educacion/nueva-estrategia-educativa-impulsa-integracion-infantil-en-la-guajira.html,rechazo_proyecto,Paraguachon,V05,4
https://diariodelnorte.net/laguajira/ejercito-nacional-reporta-cobertura-total-de-seguridad-en-zonas-rurales-de-la-guajira-durante-elecciones/,rechazo_proyecto,Paraguachon,V05,5
https://laguajirahoy.com/maicao/maicao-enfrenta-creciente-riesgo-por-expansion-de-grupos-armados.html,rechazo_proyecto,Paraguachon,V05,6
https://www.eltiempo.com/mundo/venezuela/padrino-lopez-confirmo-el-asesinato-de-varios-miembros-del-equipo-de-seguridad-de-nicolas-maduro-tras-los-bombardeos-de-estados-unidos-3521738,rechazo_proyecto,Paraguachon,V05,7
https://www.eltiempo.com/justicia/paz-y-derechos-humanos/defensoria-alerta-por-expansion-de-los-pachenca-en-maicao-comunidades-wayuu-y-migrantes-en-medio-del-fuego-cruzado-3567775,rechazo_proyecto,Paraguachon,V05,8
https://www.eltiempo.com/colombia/barranquilla/barranquilla-un-avance-para-la-justicia-y-la-democracia-de-la-region-esto-dijo-el-alcalde-char-acerca-de-la-captura-de-nicolas-maduro-3521761,rechazo_proyecto,Paraguachon,V05,9
https://laguajirahoy.com/comunidad/venezolanos-en-la-guajira-viven-con-emociones-encontradas-los-recientes-sucesos-politicos-en-su-pais.html,rechazo_proyecto,Paraguachon,V05,10
https://diariodelnorte.net/laguajira/policia-fortalece-acciones-de-seguridad-en-el-paso-fronterizo-de-paraguachon/,rechazo_proyecto,Paraguachon,V05,11
https://laguajirahoy.com/maicao-3/tension-del-lado-venezolano-por-caso-judicial-afecta-comercio-binacional.html,rechazo_proyecto,Paraguachon,V05,12
https://laguajirahoy.com/judiciales/se-reabre-frontera-y-se-normaliza-paso-por-paraguachon-en-la-guajira.html,rechazo_proyecto,Paraguachon,V05,13
https://diariodelnorte.net/judiciales/ediles-de-paraguachon-denuncian-amenazas-tras-recibir-video-intimidante/,rechazo_proyecto,Paraguachon,V05,14
https://laguajirahoy.com/maicao-3/tension-del-lado-venezolano-por-caso-judicial-afecta-comercio-binacional.html,rechazo_proyecto,Paraguachon,V06,1
https://www.eltiempo.com/mundo/europa/presidente-macron-confirma-la-liberacion-de-camilo-castro-frances-detenido-en-venezuela-desde-junio-y-anuncia-que-ya-viaja-hacia-francia-3509354,rechazo_proyecto,Paraguachon,V06,2
https://laguajirahoy.com/riohacha/huecos-en-la-calle-15-de-riohacha-ponen-en-riesgo-a-conductores-y-peatones.html,rechazo_proyecto,Paraguachon,V06,3
https://laguajirahoy.com/comunidad/venezolanos-en-la-guajira-viven-con-emociones-encontradas-los-recientes-sucesos-politicos-en-su-pais.html,rechazo_proyecto,Paraguachon,V06,4
https://diariodelnorte.net/laguajira/defensoria-emite-alerta-por-expansion-de-las-acsn-y-escalada-del-riesgo-en-maicao/,rechazo_proyecto,Paraguachon,V06,5
https://diariodelnorte.net/judiciales/tras-semanas-de-busqueda-encuentran-restos-que-pertenecerian-a-hombre-desaparecido/,rechazo_proyecto,Paraguachon,V06,6
https://laguajirahoy.com/judiciales/autoridades-sin-pistas-tras-hurto-de-camioneta-en-manaure-en-la-guajira.html,rechazo_proyecto,Paraguachon,V06,7
https://laguajirahoy.com/riohacha/cuatro-anos-despues-puentes-y-arte-publico-siguen-desaparecidos-en-riohacha.html,rechazo_proyecto,Paraguachon,V06,8
https://diariodelnorte.net/editorial/quienes-secuestran/,rechazo_proyecto,Paraguachon,V06,9
https://laguajirahoy.com/judiciales-2/asesinan-a-joven-wayuu-en-zona-limitrofe-entre-colombia-y-venezuela.html,rechazo_proyecto,Paraguachon,V06,10
https://diariodelnorte.net/opinion/el-regreso-de-venezuela-al-mapa-guajiro/,rechazo_proyecto,Paraguachon,V06,11
https://laguajirahoy.com/politica/maicao-esta-en-modo-consejos-de-juventud.html,rechazo_proyecto,Paraguachon,V06,12
https://diariodelnorte.net/judiciales/conductor-denuncia-presunta-extorsion-por-parte-de-un-agente-de-transito-en-maicao/,rechazo_proyecto,Paraguachon,V06,13
https://diariodelnorte.net/laguajira/ejercito-nacional-reporta-cobertura-total-de-seguridad-en-zonas-rurales-de-la-guajira-durante-elecciones/,rechazo_proyecto,Paraguachon,V06,14
https://diariodelnorte.net/judiciales/comunidades-wayuu-levantan-bloqueo-en-la-via-riohacha-maicao-tras-acordar-mesa-de-dialogo-por-atentado-en-alto-pino/,rechazo_proyecto,Paraguachon,V06,15
https://laguajirahoy.com/judiciales/se-reabre-frontera-y-se-normaliza-paso-por-paraguachon-en-la-guajira.html,rechazo_proyecto,Paraguachon,V07,1
https://laguajirahoy.com/maicao-3/tension-del-lado-venezolano-por-caso-judicial-afecta-comercio-binacional.html,rechazo_proyecto,Paraguachon,V07,2
https://diariodelnorte.net/judiciales/tras-semanas-de-busqueda-encuentran-restos-que-pertenecerian-a-hombre-desaparecido/,rechazo_proyecto,Paraguachon,V07,3
https://laguajirahoy.com/judiciales/capturan-en-paraguachon-a-hombre-requerido-por-delito-informatico.html,rechazo_proyecto,Paraguachon,V07,4
https://diariodelnorte.net/judiciales/deportan-a-ciudadano-irani-que-ingreso-irregularmente-a-colombia-por-la-frontera-de-maicao-con-venezuela/,rechazo_proyecto,Paraguachon,V07,5
https://laguajirahoy.com/judiciales/por-presion-de-autoridades-venezolanas-captores-liberan-secuestrados-colombianos.html,rechazo_proyecto,Paraguachon,V07,6
https://www.eltiempo.com/colombia/otras-ciudades/temblor-de-magnitud-3-4-sacudio-la-guajira-y-tiene-en-alerta-a-la-ciudad-fronteriza-el-epicentro-estuvo-en-dibulla-3567507,rechazo_proyecto,Paraguachon,V07,7
https://diariodelnorte.net/laguajira/maicao-refuerza-seguridad-y-activa-pmu-ante-la-situacion-actual-en-la-frontera/,rechazo_proyecto,Paraguachon,V07,8
https://www.eltiempo.com/mundo/europa/presidente-macron-confirma-la-liberacion-de-camilo-castro-frances-detenido-en-venezuela-desde-junio-y-anuncia-que-ya-viaja-hacia-francia-3509354,rechazo_proyecto,Paraguachon,V07,9
https://diariodelnorte.net/opinion/agua-para-todos-donde-esta-el-centavo-para-el-peso/,rechazo_proyecto,Paraguachon,V07,10
https://laguajirahoy.com/comunidad/venezolanos-en-la-guajira-viven-con-emociones-encontradas-los-recientes-sucesos-politicos-en-su-pais.html,rechazo_proyecto,Paraguachon,V07,11
https://laguajirahoy.com/riohacha/huecos-en-la-calle-15-de-riohacha-ponen-en-riesgo-a-conductores-y-peatones.html,rechazo_proyecto,Paraguachon,V07,12
https://laguajirahoy.com/la-guajira/educacion-vial-para-proteger-la-vida-en-corredores-escolares.html,rechazo_proyecto,Paraguachon,V07,13
https://diariodelnorte.net/judiciales/capturan-en-zona-rural-de-maicao-a-hombre-requerido-por-homicidio/,rechazo_proyecto,Paraguachon,V07,14
https://diariodelnorte.net/judiciales/autoridades-capturan-a-13-personas-en-maicao-por-homicidio-extorsion-y-microtrafico/,rechazo_proyecto,Paraguachon,V07,15
https://diariodelnorte.net/judiciales/comunidades-wayuu-levantan-bloqueo-en-la-via-riohacha-maicao-tras-acordar-mesa-de-dialogo-por-atentado-en-alto-pino/,rechazo_proyecto,Paraguachon,V08,1
https://laguajirahoy.com/riohacha/huecos-en-la-calle-15-de-riohacha-ponen-en-riesgo-a-conductores-y-peatones.html,rechazo_proyecto,Paraguachon,V08,2
https://laguajirahoy.com/riohacha/cuatro-anos-despues-puentes-y-arte-publico-siguen-desaparecidos-en-riohacha.html,rechazo_proyecto,Paraguachon,V08,3
https://laguajirahoy.com/riohacha/dirigentes-exigen-a-concesion-santa-marta-paraguachon-reparar-la-deteriorada-calle-15-de-riohacha.html,rechazo_proyecto,Paraguachon,V08,4
https://laguajirahoy.com/educacion/nueva-estrategia-educativa-impulsa-integracion-infantil-en-la-guajira.html,rechazo_proyecto,Paraguachon,V08,5
https://laguajirahoy.com/judiciales/se-reabre-frontera-y-se-normaliza-paso-por-paraguachon-en-la-guajira.html,rechazo_proyecto,Paraguachon,V08,6
https://laguajirahoy.com/judiciales/se-reabre-frontera-y-se-normaliza-paso-por-paraguachon-en-la-guajira.html,rechazo_proyecto,Paraguachon,V09,1
https://diariodelnorte.net/judiciales/comunidades-wayuu-levantan-bloqueo-en-la-via-riohacha-maicao-tras-acordar-mesa-de-dialogo-por-atentado-en-alto-pino/,rechazo_proyecto,Paraguachon,V09,2
https://diariodelnorte.net/opinion/agua-para-todos-donde-esta-el-centavo-para-el-peso/,rechazo_proyecto,Paraguachon,V09,3
https://laguajirahoy.com/riohacha/huecos-en-la-calle-15-de-riohacha-ponen-en-riesgo-a-conductores-y-peatones.html,rechazo_proyecto,Paraguachon,V09,4
https://laguajirahoy.com/la-guajira/educacion-vial-para-proteger-la-vida-en-corredores-escolares.html,rechazo_proyecto,Paraguachon,V09,5
https://laguajirahoy.com/riohacha/dirigentes-exigen-a-concesion-santa-marta-paraguachon-reparar-la-deteriorada-calle-15-de-riohacha.html,rechazo_proyecto,Paraguachon,V09,6
https://laguajirahoy.com/riohacha/cuatro-anos-despues-puentes-y-arte-publico-siguen-desaparecidos-en-riohacha.html,rechazo_proyecto,Paraguachon,V09,7
https://laguajirahoy.com/maicao/mercados-comunitarios-abren-nuevas-oportunidades-para-productores-rurales-de-maicao.html,rechazo_proyecto,Paraguachon,V09,8
https://laguajirahoy.com/educacion/nueva-estrategia-educativa-impulsa-integracion-infantil-en-la-guajira.html,rechazo_proyecto,Paraguachon,V09,9
https://laguajirahoy.com/nacion/satena-gestiona-vuelos-diarios-entre-riohacha-y-barranquilla-tras-colapso-del-puente.html,rechazo_proyecto,Paraguachon,V09,10
https://laguajirahoy.com/riohacha/riohacha-celebro-480-anos-esperando-que-la-concesion-repara-la-avenida-del-progreso.html,rechazo_proyecto,Paraguachon,V09,11
https://laguajirahoy.com/educacion/nueva-estrategia-educativa-impulsa-integracion-infantil-en-la-guajira.html,rechazo_proyecto,Paraguachon,V10,1
https://laguajirahoy.com/judiciales/se-reabre-frontera-y-se-normaliza-paso-por-paraguachon-en-la-guajira.html,rechazo_proyecto,Paraguachon,V10,2
https://laguajirahoy.com/judiciales/se-reabre-frontera-y-se-normaliza-paso-por-paraguachon-en-la-guajira.html,rechazo_proyecto,Paraguachon,V11,1
https://diariodelnorte.net/opinion/agua-para-todos-donde-esta-el-centavo-para-el-peso/,rechazo_proyecto,Paraguachon,V11,2
https://laguajirahoy.com/riohacha/huecos-en-la-calle-15-de-riohacha-ponen-en-riesgo-a-conductores-y-peatones.html,rechazo_proyecto,Paraguachon,V11,3
https://laguajirahoy.com/la-guajira/educacion-vial-para-proteger-la-vida-en-corredores-escolares.html,rechazo_proyecto,Paraguachon,V11,4
https://laguajirahoy.com/riohacha/cuatro-anos-despues-puentes-y-arte-publico-siguen-desaparecidos-en-riohacha.html,rechazo_proyecto,Paraguachon,V11,5
https://laguajirahoy.com/maicao/mercados-comunitarios-abren-nuevas-oportunidades-para-productores-rurales-de-maicao.html,rechazo_proyecto,Paraguachon,V11,6
https://diariodelnorte.net/judiciales/comunidades-wayuu-levantan-bloqueo-en-la-via-riohacha-maicao-tras-acordar-mesa-de-dialogo-por-atentado-en-alto-pino/,rechazo_proyecto,Paraguachon,V11,7
https://laguajirahoy.com/nacion/satena-gestiona-vuelos-diarios-entre-riohacha-y-barranquilla-tras-colapso-del-puente.html,rechazo_proyecto,Paraguachon,V11,8
https://laguajirahoy.com/educacion/nueva-estrategia-educativa-impulsa-integracion-infantil-en-la-guajira.html,rechazo_proyecto,Paraguachon,V11,9
https://laguajirahoy.com/riohacha/riohacha-celebro-480-anos-esperando-que-la-concesion-repara-la-avenida-del-progreso.html,rechazo_proyecto,Paraguachon,V11,10
https://laguajirahoy.com/riohacha/dirigentes-exigen-a-concesion-santa-marta-paraguachon-reparar-la-deteriorada-calle-15-de-riohacha.html,rechazo_proyecto,Paraguachon,V11,11
https://diariodelnorte.net/judiciales/conductor-denuncia-presunta-extorsion-por-parte-de-un-agente-de-transito-en-maicao/,rechazo_proyecto,Paraguachon,V12,1
https://laguajirahoy.com/politica/maicao-esta-en-modo-consejos-de-juventud.html,rechazo_proyecto,Paraguachon,V12,2
https://diariodelnorte.net/laguajira/ejercito-nacional-reporta-cobertura-total-de-seguridad-en-zonas-rurales-de-la-guajira-durante-elecciones/,rechazo_proyecto,Paraguachon,V12,3
https://laguajirahoy.com/maicao/maicao-enfrenta-creciente-riesgo-por-expansion-de-grupos-armados.html,rechazo_proyecto,Paraguachon,V12,4
https://laguajirahoy.com/educacion/nueva-estrategia-educativa-impulsa-integracion-infantil-en-la-guajira.html,rechazo_proyecto,Paraguachon,V12,5
https://laguajirahoy.com/judiciales/se-reabre-frontera-y-se-normaliza-paso-por-paraguachon-en-la-guajira.html,rechazo_proyecto,Paraguachon,V12,6
https://diariodelnorte.net/judiciales/ediles-de-paraguachon-denuncian-amenazas-tras-recibir-video-intimidante/,desplazamiento_forzado,Paraguachon,V01,1
https://laguajirahoy.com/comunidad/venezolanos-en-la-guajira-viven-con-emociones-encontradas-los-recientes-sucesos-politicos-en-su-pais.html,desplazamiento_forzado,Paraguachon,V01,2
https://laguajirahoy.com/judiciales/se-reabre-frontera-y-se-normaliza-paso-por-paraguachon-en-la-guajira.html,desplazamiento_forzado,Paraguachon,V01,3
https://www.eltiempo.com/colombia/barranquilla/barranquilla-un-avance-para-la-justicia-y-la-democracia-de-la-region-esto-dijo-el-alcalde-char-acerca-de-la-captura-de-nicolas-maduro-3521761,desplazamiento_forzado,Paraguachon,V01,4
https://laguajirahoy.com/nacion/satena-gestiona-vuelos-diarios-entre-riohacha-y-barranquilla-tras-colapso-del-puente.html,desplazamiento_forzado,Paraguachon,V01,5
https://www.eltiempo.com/colombia/otras-ciudades/temblor-de-magnitud-3-4-sacudio-la-guajira-y-tiene-en-alerta-a-la-ciudad-fronteriza-el-epicentro-estuvo-en-dibulla-3567507,desplazamiento_forzado,Paraguachon,V01,6
https://diariodelnorte.net/judiciales/tras-semanas-de-busqueda-encuentran-restos-que-pertenecerian-a-hombre-desaparecido/,desplazamiento_forzado,Paraguachon,V01,7
https://laguajirahoy.com/judiciales/por-presion-de-autoridades-venezolanas-captores-liberan-secuestrados-colombianos.html,desplazamiento_forzado,Paraguachon,V01,8
https://diariodelnorte.net/laguajira/defensoria-emite-alerta-por-expansion-de-las-acsn-y-escalada-del-riesgo-en-maicao/,desplazamiento_forzado,Paraguachon,V01,9
https://laguajirahoy.com/la-guajira/autoridades-ponen-a-prueba-protocolos-en-simulacro-de-accidente-vial.html,desplazamiento_forzado,Paraguachon,V01,10
https://laguajirahoy.com/la-guajira/educacion-vial-para-proteger-la-vida-en-corredores-escolares.html,desplazamiento_forzado,Paraguachon,V01,11
https://www.eltiempo.com/justicia/conflicto-y-narcotrafico/el-eln-tiene-un-plan-de-saboteo-a-las-elecciones-investigador-de-campo-explica-las-razones-detras-del-atentado-al-batallon-de-riohacha-la-guajira-3558798,desplazamiento_forzado,Paraguachon,V01,12
https://laguajirahoy.com/riohacha/dirigentes-exigen-a-concesion-santa-marta-paraguachon-reparar-la-deteriorada-calle-15-de-riohacha.html,desplazamiento_forzado,Paraguachon,V01,13
https://laguajirahoy.com/judiciales/hombres-armados-habrian-sacado-a-comerciante-de-su-vivienda-en-maicao-la-guajira.html,desplazamiento_forzado,Paraguachon,V01,14
https://laguajirahoy.com/judiciales/venezuela-libero-a-ciudadano-frances-quien-fue-capturado-en-la-frontera-con-la-guajira.html,desplazamiento_forzado,Paraguachon,V01,15
https://diariodelnorte.net/judiciales/ediles-de-paraguachon-denuncian-amenazas-tras-recibir-video-intimidante/,desplazamiento_forzado,Paraguachon,V02,1
https://diariodelnorte.net/judiciales/migracion-colombia-expulsa-a-venezolana-detectada-durante-tramite-medico/,desplazamiento_forzado,Paraguachon,V02,2
https://laguajirahoy.com/maicao-3/tension-del-lado-venezolano-por-caso-judicial-afecta-comercio-binacional.html,desplazamiento_forzado,Paraguachon,V02,3
https://laguajirahoy.com/comunidad/venezolanos-en-la-guajira-viven-con-emociones-encontradas-los-recientes-sucesos-politicos-en-su-pais.html,desplazamiento_forzado,Paraguachon,V02,4
https://diariodelnorte.net/judiciales/tras-semanas-de-busqueda-encuentran-restos-que-pertenecerian-a-hombre-desaparecido/,desplazamiento_forzado,Paraguachon,V02,5
https://www.eltiempo.com/mundo/europa/presidente-macron-confirma-la-liberacion-de-camilo-castro-frances-detenido-en-venezuela-desde-junio-y-anuncia-que-ya-viaja-hacia-francia-3509354,desplazamiento_forzado,Paraguachon,V02,6
https://www.eltiempo.com/colombia/barranquilla/barranquilla-un-avance-para-la-justicia-y-la-democracia-de-la-region-esto-dijo-el-alcalde-char-acerca-de-la-captura-de-nicolas-maduro-3521761,desplazamiento_forzado,Paraguachon,V02,7
https://diariodelnorte.net/judiciales/deportan-a-ciudadano-irani-que-ingreso-irregularmente-a-colombia-por-la-frontera-de-maicao-con-venezuela/,desplazamiento_forzado,Paraguachon,V02,8
https://laguajirahoy.com/judiciales/por-presion-de-autoridades-venezolanas-captores-liberan-secuestrados-colombianos.html,desplazamiento_forzado,Paraguachon,V02,9
https://laguajirahoy.com/nacion/satena-gestiona-vuelos-diarios-entre-riohacha-y-barranquilla-tras-colapso-del-puente.html,desplazamiento_forzado,Paraguachon,V02,10
https://laguajirahoy.com/la-guajira/migracion-colombia-anuncia-cierre-en-paraguachon-por-eleccion-presidencial.html,desplazamiento_forzado,Paraguachon,V02,11
https://laguajirahoy.com/judiciales/capturan-en-paraguachon-a-hombre-requerido-por-delito-informatico.html,desplazamiento_forzado,Paraguachon,V02,12
https://diariodelnorte.net/judiciales/capturan-en-la-via-maicao-paraguachon-a-hombre-requerido-por-hurto-calificado-agravado/,desplazamiento_forzado,Paraguachon,V02,13
https://www.eltiempo.com/colombia/otras-ciudades/migracion-deporta-a-venezolana-que-tenia-orden-de-expulsion-vigente-fue-identificada-durante-atencion-en-una-clinica-de-valledupar-3562637,desplazamiento_forzado,Paraguachon,V02,14
https://laguajirahoy.com/judiciales/se-reabre-frontera-y-se-normaliza-paso-por-paraguachon-en-la-guajira.html,desplazamiento_forzado,Paraguachon,V02,15
https://www.eltiempo.com/colombia/barranquilla/barranquilla-un-avance-para-la-justicia-y-la-democracia-de-la-region-esto-dijo-el-alcalde-char-acerca-de-la-captura-de-nicolas-maduro-3521761,desplazamiento_forzado,Paraguachon,V03,1
https://www.eltiempo.com/colombia/otras-ciudades/temblor-de-magnitud-3-4-sacudio-la-guajira-y-tiene-en-alerta-a-la-ciudad-fronteriza-el-epicentro-estuvo-en-dibulla-3567507,desplazamiento_forzado,Paraguachon,V03,2
https://laguajirahoy.com/judiciales/venezuela-libero-a-ciudadano-frances-quien-fue-capturado-en-la-frontera-con-la-guajira.html,desplazamiento_forzado,Paraguachon,V03,3
https://laguajirahoy.com/judiciales/se-reabre-frontera-y-se-normaliza-paso-por-paraguachon-en-la-guajira.html,desplazamiento_forzado,Paraguachon,V03,4
https://laguajirahoy.com/judiciales-2/asesinan-a-joven-wayuu-en-zona-limitrofe-entre-colombia-y-venezuela.html,desplazamiento_forzado,Paraguachon,V03,5
https://laguajirahoy.com/educacion/nueva-estrategia-educativa-impulsa-integracion-infantil-en-la-guajira.html,desplazamiento_forzado,Paraguachon,V03,6
https://laguajirahoy.com/maicao/maicao-enfrenta-creciente-riesgo-por-expansion-de-grupos-armados.html,desplazamiento_forzado,Paraguachon,V03,7
https://www.eltiempo.com/mundo/venezuela/padrino-lopez-confirmo-el-asesinato-de-varios-miembros-del-equipo-de-seguridad-de-nicolas-maduro-tras-los-bombardeos-de-estados-unidos-3521738,desplazamiento_forzado,Paraguachon,V03,8
https://laguajirahoy.com/nacion/satena-gestiona-vuelos-diarios-entre-riohacha-y-barranquilla-tras-colapso-del-puente.html,desplazamiento_forzado,Paraguachon,V03,9
https://laguajirahoy.com/la-guajira/en-la-guajira-reportan-normalidad-tras-cierre-preventivo-de-frontera-con-venezuela.html,desplazamiento_forzado,Paraguachon,V03,10
https://laguajirahoy.com/judiciales/por-presion-de-autoridades-venezolanas-captores-liberan-secuestrados-colombianos.html,desplazamiento_forzado,Paraguachon,V03,11
https://diariodelnorte.net/laguajira/maicao-refuerza-seguridad-y-activa-pmu-ante-la-situacion-actual-en-la-frontera/,desplazamiento_forzado,Paraguachon,V03,12
https://www.eltiempo.com/colombia/otras-ciudades/la-guajira-normalidad-en-la-frontera-tras-reapertura-del-paso-en-paraguachon-por-parte-de-las-autoridades-venezolanas-maicao-se-mantiene-en-alerta-3521735,desplazamiento_forzado,Paraguachon,V03,13
https://diariodelnorte.net/judiciales/migracion-colombia-expulsa-a-venezolana-detectada-durante-tramite-medico/,desplazamiento_forzado,Paraguachon,V03,14
https://diariodelnorte.net/judiciales/ediles-de-paraguachon-denuncian-amenazas-tras-recibir-video-intimidante/,desplazamiento_forzado,Paraguachon,V03,15
https://www.eltiempo.com/colombia/barranquilla/barranquilla-un-avance-para-la-justicia-y-la-democracia-de-la-region-esto-dijo-el-alcalde-char-acerca-de-la-captura-de-nicolas-maduro-3521761,desplazamiento_forzado,Paraguachon,V04,1
https://laguajirahoy.com/judiciales/venezuela-libero-a-ciudadano-frances-quien-fue-capturado-en-la-frontera-con-la-guajira.html,desplazamiento_forzado,Paraguachon,V04,2
https://laguajirahoy.com/judiciales/se-reabre-frontera-y-se-normaliza-paso-por-paraguachon-en-la-guajira.html,desplazamiento_forzado,Paraguachon,V04,3
https://laguajirahoy.com/judiciales-2/asesinan-a-joven-wayuu-en-zona-limitrofe-entre-colombia-y-venezuela.html,desplazamiento_forzado,Paraguachon,V04,4
https://laguajirahoy.com/educacion/nueva-estrategia-educativa-impulsa-integracion-infantil-en-la-guajira.html,desplazamiento_forzado,Paraguachon,V04,5
https://www.eltiempo.com/mundo/venezuela/padrino-lopez-confirmo-el-asesinato-de-varios-miembros-del-equipo-de-seguridad-de-nicolas-maduro-tras-los-bombardeos-de-estados-unidos-3521738,desplazamiento_forzado,Paraguachon,V04,6
https://laguajirahoy.com/maicao/maicao-enfrenta-creciente-riesgo-por-expansion-de-grupos-armados.html,desplazamiento_forzado,Paraguachon,V04,7
https://laguajirahoy.com/nacion/satena-gestiona-vuelos-diarios-entre-riohacha-y-barranquilla-tras-colapso-del-puente.html,desplazamiento_forzado,Paraguachon,V04,8
https://laguajirahoy.com/judiciales/por-presion-de-autoridades-venezolanas-captores-liberan-secuestrados-colombianos.html,desplazamiento_forzado,Paraguachon,V04,9
https://diariodelnorte.net/laguajira/maicao-refuerza-seguridad-y-activa-pmu-ante-la-situacion-actual-en-la-frontera/,desplazamiento_forzado,Paraguachon,V04,10
https://diariodelnorte.net/judiciales/migracion-colombia-expulsa-a-venezolana-detectada-durante-tramite-medico/,desplazamiento_forzado,Paraguachon,V04,11
https://laguajirahoy.com/judiciales/secuestro-en-la-guajira-voces-policiales-explican-causas-cifras-y-retos.html,desplazamiento_forzado,Paraguachon,V04,12
https://diariodelnorte.net/judiciales/deportan-a-ciudadano-irani-que-ingreso-irregularmente-a-colombia-por-la-frontera-de-maicao-con-venezuela/,desplazamiento_forzado,Paraguachon,V04,13
https://diariodelnorte.net/judiciales/ediles-de-paraguachon-denuncian-amenazas-tras-recibir-video-intimidante/,desplazamiento_forzado,Paraguachon,V04,14
https://diariodelnorte.net/judiciales/en-vias-de-la-guajira-capturan-a-tres-personas-por-porte-de-documento-falso-y-una-por-receptacion/,desplazamiento_forzado,Paraguachon,V04,15
https://diariodelnorte.net/laguajira/defensoria-emite-alerta-por-expansion-de-las-acsn-y-escalada-del-riesgo-en-maicao/,desplazamiento_forzado,Paraguachon,V05,1
https://laguajirahoy.com/judiciales/por-presion-de-autoridades-venezolanas-captores-liberan-secuestrados-colombianos.html,desplazamiento_forzado,Paraguachon,V05,2
https://diariodelnorte.net/editorial/quienes-secuestran/,desplazamiento_forzado,Paraguachon,V05,3
https://laguajirahoy.com/judiciales-2/operativos-en-maicao-dejan-13-capturados-por-graves-delitos.html,desplazamiento_forzado,Paraguachon,V05,4
https://laguajirahoy.com/judiciales-2/asesinan-a-joven-wayuu-en-zona-limitrofe-entre-colombia-y-venezuela.html,desplazamiento_forzado,Paraguachon,V05,5
https://diariodelnorte.net/judiciales/ediles-de-paraguachon-denuncian-amenazas-tras-recibir-video-intimidante/,desplazamiento_forzado,Paraguachon,V05,6
https://laguajirahoy.com/maicao/maicao-enfrenta-creciente-riesgo-por-expansion-de-grupos-armados.html,desplazamiento_forzado,Paraguachon,V05,7
https://laguajirahoy.com/judiciales/se-reabre-frontera-y-se-normaliza-paso-por-paraguachon-en-la-guajira.html,desplazamiento_forzado,Paraguachon,V05,8
https://laguajirahoy.com/comunidad/venezolanos-en-la-guajira-viven-con-emociones-encontradas-los-recientes-sucesos-politicos-en-su-pais.html,desplazamiento_forzado,Paraguachon,V05,9
https://diariodelnorte.net/judiciales/tras-semanas-de-busqueda-encuentran-restos-que-pertenecerian-a-hombre-desaparecido/,desplazamiento_forzado,Paraguachon,V06,1
https://laguajirahoy.com/nacion/satena-gestiona-vuelos-diarios-entre-riohacha-y-barranquilla-tras-colapso-del-puente.html,desplazamiento_forzado,Paraguachon,V06,2
https://laguajirahoy.com/comunidad/venezolanos-en-la-guajira-viven-con-emociones-encontradas-los-recientes-sucesos-politicos-en-su-pais.html,desplazamiento_forzado,Paraguachon,V06,3
https://www.eltiempo.com/colombia/otras-ciudades/temblor-de-magnitud-3-4-sacudio-la-guajira-y-tiene-en-alerta-a-la-ciudad-fronteriza-el-epicentro-estuvo-en-dibulla-3567507,desplazamiento_forzado,Paraguachon,V06,4
https://laguajirahoy.com/educacion/nueva-estrategia-educativa-impulsa-integracion-infantil-en-la-guajira.html,desplazamiento_forzado,Paraguachon,V06,5
https://laguajirahoy.com/la-guajira/en-la-guajira-reportan-normalidad-tras-cierre-preventivo-de-frontera-con-venezuela.html,desplazamiento_forzado,Paraguachon,V07,1
https://diariodelnorte.net/judiciales/tras-semanas-de-busqueda-encuentran-restos-que-pertenecerian-a-hombre-desaparecido/,desplazamiento_forzado,Paraguachon,V08,1
https://laguajirahoy.com/judiciales-2/asesinan-a-joven-wayuu-en-zona-limitrofe-entre-colombia-y-venezuela.html,desplazamiento_forzado,Paraguachon,V08,2
https://laguajirahoy.com/judiciales-2/asesinan-a-joven-wayuu-en-zona-limitrofe-entre-colombia-y-venezuela.html,desplazamiento_forzado,Paraguachon,V09,1
https://laguajirahoy.com/judiciales-2/asesinan-a-joven-wayuu-en-zona-limitrofe-entre-colombia-y-venezuela.html,desplazamiento_forzado,Paraguachon,V10,1
https://laguajirahoy.com/maicao-3/tension-del-lado-venezolano-por-caso-judicial-afecta-comercio-binacional.html,conflicto_territorial,Paraguachon,V01,1
https://diariodelnorte.net/judiciales/ediles-de-paraguachon-denuncian-amenazas-tras-recibir-video-intimidante/,conflicto_territorial,Paraguachon,V01,2
https://laguajirahoy.com/judiciales/se-reabre-frontera-y-se-normaliza-paso-por-paraguachon-en-la-guajira.html,conflicto_territorial,Paraguachon,V01,3
https://laguajirahoy.com/comunidad/venezolanos-en-la-guajira-viven-con-emociones-encontradas-los-recientes-sucesos-politicos-en-su-pais.html,conflicto_territorial,Paraguachon,V01,4
https://diariodelnorte.net/judiciales/tras-semanas-de-busqueda-encuentran-restos-que-pertenecerian-a-hombre-desaparecido/,conflicto_territorial,Paraguachon,V01,5
https://diariodelnorte.net/judiciales/comunidades-wayuu-levantan-bloqueo-en-la-via-riohacha-maicao-tras-acordar-mesa-de-dialogo-por-atentado-en-alto-pino/,conflicto_territorial,Paraguachon,V01,6
https://laguajirahoy.com/judiciales/por-presion-de-autoridades-venezolanas-captores-liberan-secuestrados-colombianos.html,conflicto_territorial,Paraguachon,V01,7
https://diariodelnorte.net/laguajira/maicao-refuerza-seguridad-y-activa-pmu-ante-la-situacion-actual-en-la-frontera/,conflicto_territorial,Paraguachon,V01,8
https://www.eltiempo.com/colombia/otras-ciudades/temblor-de-magnitud-3-4-sacudio-la-guajira-y-tiene-en-alerta-a-la-ciudad-fronteriza-el-epicentro-estuvo-en-dibulla-3567507,conflicto_territorial,Paraguachon,V01,9
https://www.eltiempo.com/colombia/otras-ciudades/la-guajira-normalidad-en-la-frontera-tras-reapertura-del-paso-en-paraguachon-por-parte-de-las-autoridades-venezolanas-maicao-se-mantiene-en-alerta-3521735,conflicto_territorial,Paraguachon,V01,10
https://diariodelnorte.net/judiciales/capturan-a-joven-con-mas-de-170-dosis-de-estupefacientes-en-paraguachon/,conflicto_territorial,Paraguachon,V01,11
https://diariodelnorte.net/judiciales/capturan-en-zona-rural-de-maicao-a-hombre-requerido-por-homicidio/,conflicto_territorial,Paraguachon,V01,12
https://diariodelnorte.net/laguajira/defensoria-emite-alerta-por-expansion-de-las-acsn-y-escalada-del-riesgo-en-maicao/,conflicto_territorial,Paraguachon,V01,13
https://diariodelnorte.net/judiciales/capturan-en-paraguachon-a-hombre-requerido-por-delito-informatico/,conflicto_territorial,Paraguachon,V01,14
https://diariodelnorte.net/judiciales/policia-captura-a-dos-personas-por-receptacion-y-recupera-motocicletas-hurtadas-en-vias-de-la-guajira/,conflicto_territorial,Paraguachon,V01,15
https://diariodelnorte.net/judiciales/en-vias-de-la-guajira-capturan-a-tres-personas-por-porte-de-documento-falso-y-una-por-receptacion/,conflicto_territorial,Paraguachon,V02,1
https://laguajirahoy.com/maicao-3/tension-del-lado-venezolano-por-caso-judicial-afecta-comercio-binacional.html,conflicto_territorial,Paraguachon,V02,2
https://diariodelnorte.net/judiciales/ediles-de-paraguachon-denuncian-amenazas-tras-recibir-video-intimidante/,conflicto_territorial,Paraguachon,V02,3
https://laguajirahoy.com/judiciales/se-reabre-frontera-y-se-normaliza-paso-por-paraguachon-en-la-guajira.html,conflicto_territorial,Paraguachon,V02,4
https://laguajirahoy.com/judiciales/secuestro-en-la-guajira-voces-policiales-explican-causas-cifras-y-retos.html,conflicto_territorial,Paraguachon,V02,5
https://www.eltiempo.com/colombia/otras-ciudades/paraguachon-frontera-cerrada-asi-se-vive-en-la-guajira-el-bloqueo-del-paso-entre-colombia-y-venezuela-tras-la-captura-de-nicolas-maduro-3521565,conflicto_territorial,Paraguachon,V02,6
https://laguajirahoy.com/comunidad/venezolanos-en-la-guajira-viven-con-emociones-encontradas-los-recientes-sucesos-politicos-en-su-pais.html,conflicto_territorial,Paraguachon,V02,7
https://www.eltiempo.com/mundo/europa/presidente-macron-confirma-la-liberacion-de-camilo-castro-frances-detenido-en-venezuela-desde-junio-y-anuncia-que-ya-viaja-hacia-francia-3509354,conflicto_territorial,Paraguachon,V02,8
https://diariodelnorte.net/laguajira/maicao-refuerza-seguridad-y-activa-pmu-ante-la-situacion-actual-en-la-frontera/,conflicto_territorial,Paraguachon,V02,9
https://diariodelnorte.net/judiciales/tras-semanas-de-busqueda-encuentran-restos-que-pertenecerian-a-hombre-desaparecido/,conflicto_territorial,Paraguachon,V02,10
https://diariodelnorte.net/judiciales/comunidades-wayuu-levantan-bloqueo-en-la-via-riohacha-maicao-tras-acordar-mesa-de-dialogo-por-atentado-en-alto-pino/,conflicto_territorial,Paraguachon,V02,11
https://diariodelnorte.net/judiciales/operativos-en-la-guajira-dejan-seis-capturados-y-recuperacion-de-tres-motocicletas-hurtadas/,conflicto_territorial,Paraguachon,V02,12
https://www.eltiempo.com/colombia/barranquilla/barranquilla-un-avance-para-la-justicia-y-la-democracia-de-la-region-esto-dijo-el-alcalde-char-acerca-de-la-captura-de-nicolas-maduro-3521761,conflicto_territorial,Paraguachon,V02,13
https://laguajirahoy.com/judiciales/por-presion-de-autoridades-venezolanas-captores-liberan-secuestrados-colombianos.html,conflicto_territorial,Paraguachon,V02,14
https://www.eltiempo.com/colombia/otras-ciudades/la-guajira-normalidad-en-la-frontera-tras-reapertura-del-paso-en-paraguachon-por-parte-de-las-autoridades-venezolanas-maicao-se-mantiene-en-alerta-3521735,conflicto_territorial,Paraguachon,V02,15
https://diariodelnorte.net/laguajira/defensoria-emite-alerta-por-expansion-de-las-acsn-y-escalada-del-riesgo-en-maicao/,conflicto_territorial,Paraguachon,V03,1
https://www.eltiempo.com/justicia/conflicto-y-narcotrafico/el-eln-tiene-un-plan-de-saboteo-a-las-elecciones-investigador-de-campo-explica-las-razones-detras-del-atentado-al-batallon-de-riohacha-la-guajira-3558798,conflicto_territorial,Paraguachon,V03,2
https://laguajirahoy.com/riohacha/dirigentes-exigen-a-concesion-santa-marta-paraguachon-reparar-la-deteriorada-calle-15-de-riohacha.html,conflicto_territorial,Paraguachon,V03,3
https://diariodelnorte.net/editorial/quienes-secuestran/,conflicto_territorial,Paraguachon,V03,4
https://diariodelnorte.net/laguajira/movimiento-quinto-poder-presenta-propuestas-para-el-desarrollo-de-la-guajira/,conflicto_territorial,Paraguachon,V03,5
https://diariodelnorte.net/opinion/el-regreso-de-venezuela-al-mapa-guajiro/,conflicto_territorial,Paraguachon,V03,6
https://www.eltiempo.com/mundo/venezuela/padrino-lopez-confirmo-el-asesinato-de-varios-miembros-del-equipo-de-seguridad-de-nicolas-maduro-tras-los-bombardeos-de-estados-unidos-3521738,conflicto_territorial,Paraguachon,V03,7
https://www.eltiempo.com/colombia/otras-ciudades/temblor-de-magnitud-3-4-sacudio-la-guajira-y-tiene-en-alerta-a-la-ciudad-fronteriza-el-epicentro-estuvo-en-dibulla-3567507,conflicto_territorial,Paraguachon,V03,8
https://www.eltiempo.com/justicia/paz-y-derechos-humanos/defensoria-alerta-por-expansion-de-los-pachenca-en-maicao-comunidades-wayuu-y-migrantes-en-medio-del-fuego-cruzado-3567775,conflicto_territorial,Paraguachon,V03,9
https://laguajirahoy.com/maicao/maicao-enfrenta-creciente-riesgo-por-expansion-de-grupos-armados.html,conflicto_territorial,Paraguachon,V03,10
https://laguajirahoy.com/judiciales/por-presion-de-autoridades-venezolanas-captores-liberan-secuestrados-colombianos.html,conflicto_territorial,Paraguachon,V03,11
https://www.eltiempo.com/colombia/otras-ciudades/la-guajira-normalidad-en-la-frontera-tras-reapertura-del-paso-en-paraguachon-por-parte-de-las-autoridades-venezolanas-maicao-se-mantiene-en-alerta-3521735,conflicto_territorial,Paraguachon,V03,12
https://diariodelnorte.net/judiciales/ediles-de-paraguachon-denuncian-amenazas-tras-recibir-video-intimidante/,conflicto_territorial,Paraguachon,V03,13
https://www.eltiempo.com/colombia/otras-ciudades/paraguachon-frontera-cerrada-asi-se-vive-en-la-guajira-el-bloqueo-del-paso-entre-colombia-y-venezuela-tras-la-captura-de-nicolas-maduro-3521565,conflicto_territorial,Paraguachon,V03,14
https://diariodelnorte.net/laguajira/defensoria-emite-alerta-por-expansion-de-las-acsn-y-escalada-del-riesgo-en-maicao/,conflicto_territorial,Paraguachon,V04,1
https://www.eltiempo.com/justicia/conflicto-y-narcotrafico/el-eln-tiene-un-plan-de-saboteo-a-las-elecciones-investigador-de-campo-explica-las-razones-detras-del-atentado-al-batallon-de-riohacha-la-guajira-3558798,conflicto_territorial,Paraguachon,V04,2
https://laguajirahoy.com/riohacha/dirigentes-exigen-a-concesion-santa-marta-paraguachon-reparar-la-deteriorada-calle-15-de-riohacha.html,conflicto_territorial,Paraguachon,V04,3
https://diariodelnorte.net/editorial/quienes-secuestran/,conflicto_territorial,Paraguachon,V04,4
https://diariodelnorte.net/laguajira/movimiento-quinto-poder-presenta-propuestas-para-el-desarrollo-de-la-guajira/,conflicto_territorial,Paraguachon,V04,5
https://diariodelnorte.net/opinion/el-regreso-de-venezuela-al-mapa-guajiro/,conflicto_territorial,Paraguachon,V04,6
https://www.eltiempo.com/mundo/venezuela/padrino-lopez-confirmo-el-asesinato-de-varios-miembros-del-equipo-de-seguridad-de-nicolas-maduro-tras-los-bombardeos-de-estados-unidos-3521738,conflicto_territorial,Paraguachon,V04,7
https://www.eltiempo.com/colombia/otras-ciudades/temblor-de-magnitud-3-4-sacudio-la-guajira-y-tiene-en-alerta-a-la-ciudad-fronteriza-el-epicentro-estuvo-en-dibulla-3567507,conflicto_territorial,Paraguachon,V04,8
https://www.eltiempo.com/justicia/paz-y-derechos-humanos/defensoria-alerta-por-expansion-de-los-pachenca-en-maicao-comunidades-wayuu-y-migrantes-en-medio-del-fuego-cruzado-3567775,conflicto_territorial,Paraguachon,V04,9
https://laguajirahoy.com/maicao/maicao-enfrenta-creciente-riesgo-por-expansion-de-grupos-armados.html,conflicto_territorial,Paraguachon,V04,10
https://laguajirahoy.com/judiciales/por-presion-de-autoridades-venezolanas-captores-liberan-secuestrados-colombianos.html,conflicto_territorial,Paraguachon,V04,11
https://www.eltiempo.com/colombia/otras-ciudades/la-guajira-normalidad-en-la-frontera-tras-reapertura-del-paso-en-paraguachon-por-parte-de-las-autoridades-venezolanas-maicao-se-mantiene-en-alerta-3521735,conflicto_territorial,Paraguachon,V04,12
https://diariodelnorte.net/judiciales/ediles-de-paraguachon-denuncian-amenazas-tras-recibir-video-intimidante/,conflicto_territorial,Paraguachon,V04,13
https://www.eltiempo.com/colombia/otras-ciudades/paraguachon-frontera-cerrada-asi-se-vive-en-la-guajira-el-bloqueo-del-paso-entre-colombia-y-venezuela-tras-la-captura-de-nicolas-maduro-3521565,conflicto_territorial,Paraguachon,V04,14
https://laguajirahoy.com/judiciales/por-presion-de-autoridades-venezolanas-captores-liberan-secuestrados-colombianos.html,conflicto_territorial,Paraguachon,V05,1
https://diariodelnorte.net/laguajira/defensoria-emite-alerta-por-expansion-de-las-acsn-y-escalada-del-riesgo-en-maicao/,conflicto_territorial,Paraguachon,V05,2
https://diariodelnorte.net/laguajira/movimiento-quinto-poder-presenta-propuestas-para-el-desarrollo-de-la-guajira/,conflicto_territorial,Paraguachon,V05,3
https://laguajirahoy.com/judiciales-2/operativos-en-maicao-dejan-13-capturados-por-graves-delitos.html,conflicto_territorial,Paraguachon,V05,4
https://www.eltiempo.com/justicia/conflicto-y-narcotrafico/el-eln-tiene-un-plan-de-saboteo-a-las-elecciones-investigador-de-campo-explica-las-razones-detras-del-atentado-al-batallon-de-riohacha-la-guajira-3558798,conflicto_territorial,Paraguachon,V05,5
https://diariodelnorte.net/judiciales/capturan-a-presunto-integrante-de-estructura-criminal-por-extorsion-en-paraguachon/,conflicto_territorial,Paraguachon,V05,6
https://diariodelnorte.net/editorial/quienes-secuestran/,conflicto_territorial,Paraguachon,V05,7
https://laguajirahoy.com/judiciales-2/asesinan-a-joven-wayuu-en-zona-limitrofe-entre-colombia-y-venezuela.html,conflicto_territorial,Paraguachon,V05,8
https://laguajirahoy.com/nacion/cerrada-frontera-del-lado-venezolano-en-la-guajira.html,conflicto_territorial,Paraguachon,V05,9
https://diariodelnorte.net/laguajira/maicao-refuerza-seguridad-y-activa-pmu-ante-la-situacion-actual-en-la-frontera/,conflicto_territorial,Paraguachon,V05,10
https://laguajirahoy.com/judiciales/autoridades-sin-pistas-tras-hurto-de-camioneta-en-manaure-en-la-guajira.html,conflicto_territorial,Paraguachon,V05,11
https://www.eltiempo.com/mundo/venezuela/padrino-lopez-confirmo-el-asesinato-de-varios-miembros-del-equipo-de-seguridad-de-nicolas-maduro-tras-los-bombardeos-de-estados-unidos-3521738,conflicto_territorial,Paraguachon,V05,12
https://laguajirahoy.com/maicao/maicao-enfrenta-creciente-riesgo-por-expansion-de-grupos-armados.html,conflicto_territorial,Paraguachon,V05,13
https://www.eltiempo.com/justicia/paz-y-derechos-humanos/defensoria-alerta-por-expansion-de-los-pachenca-en-maicao-comunidades-wayuu-y-migrantes-en-medio-del-fuego-cruzado-3567775,conflicto_territorial,Paraguachon,V05,14
https://diariodelnorte.net/judiciales/ediles-de-paraguachon-denuncian-amenazas-tras-recibir-video-intimidante/,conflicto_territorial,Paraguachon,V05,15
https://diariodelnorte.net/judiciales/tras-semanas-de-busqueda-encuentran-restos-que-pertenecerian-a-hombre-desaparecido/,conflicto_territorial,Paraguachon,V06,1
https://www.eltiempo.com/colombia/otras-ciudades/temblor-de-magnitud-3-4-sacudio-la-guajira-y-tiene-en-alerta-a-la-ciudad-fronteriza-el-epicentro-estuvo-en-dibulla-3567507,conflicto_territorial,Paraguachon,V06,2
https://www.eltiempo.com/colombia/otras-ciudades/la-guajira-normalidad-en-la-frontera-tras-reapertura-del-paso-en-paraguachon-por-parte-de-las-autoridades-venezolanas-maicao-se-mantiene-en-alerta-3521735,conflicto_territorial,Paraguachon,V06,3
https://laguajirahoy.com/riohacha/cuatro-anos-despues-puentes-y-arte-publico-siguen-desaparecidos-en-riohacha.html,conflicto_territorial,Paraguachon,V06,4
https://diariodelnorte.net/opinion/el-regreso-de-venezuela-al-mapa-guajiro/,conflicto_territorial,Paraguachon,V06,5
https://laguajirahoy.com/maicao/mercados-comunitarios-abren-nuevas-oportunidades-para-productores-rurales-de-maicao.html,conflicto_territorial,Paraguachon,V06,6
https://laguajirahoy.com/judiciales/secuestro-en-la-guajira-voces-policiales-explican-causas-cifras-y-retos.html,conflicto_territorial,Paraguachon,V06,7
https://www.eltiempo.com/colombia/otras-ciudades/paraguachon-frontera-cerrada-asi-se-vive-en-la-guajira-el-bloqueo-del-paso-entre-colombia-y-venezuela-tras-la-captura-de-nicolas-maduro-3521565,conflicto_territorial,Paraguachon,V06,8
https://laguajirahoy.com/judiciales/se-reabre-frontera-y-se-normaliza-paso-por-paraguachon-en-la-guajira.html,conflicto_territorial,Paraguachon,V06,9
https://laguajirahoy.com/maicao-3/tension-del-lado-venezolano-por-caso-judicial-afecta-comercio-binacional.html,conflicto_territorial,Paraguachon,V06,10
https://diariodelnorte.net/laguajira/policia-fortalece-acciones-de-seguridad-en-el-paso-fronterizo-de-paraguachon/,conflicto_territorial,Paraguachon,V06,11
https://www.eltiempo.com/colombia/otras-ciudades/temblor-de-magnitud-3-4-sacudio-la-guajira-y-tiene-en-alerta-a-la-ciudad-fronteriza-el-epicentro-estuvo-en-dibulla-3567507,conflicto_territorial,Paraguachon,V07,1
https://www.eltiempo.com/colombia/otras-ciudades/la-guajira-normalidad-en-la-frontera-tras-reapertura-del-paso-en-paraguachon-por-parte-de-las-autoridades-venezolanas-maicao-se-mantiene-en-alerta-3521735,conflicto_territorial,Paraguachon,V07,2
https://www.eltiempo.com/colombia/otras-ciudades/paraguachon-frontera-cerrada-asi-se-vive-en-la-guajira-el-bloqueo-del-paso-entre-colombia-y-venezuela-tras-la-captura-de-nicolas-maduro-3521565,conflicto_territorial,Paraguachon,V07,3
https://diariodelnorte.net/laguajira/defensoria-emite-alerta-por-expansion-de-las-acsn-y-escalada-del-riesgo-en-maicao/,conflicto_territorial,Paraguachon,V08,1
https://www.eltiempo.com/mundo/venezuela/padrino-lopez-confirmo-el-asesinato-de-varios-miembros-del-equipo-de-seguridad-de-nicolas-maduro-tras-los-bombardeos-de-estados-unidos-3521738,conflicto_territorial,Paraguachon,V08,2
https://laguajirahoy.com/maicao/maicao-enfrenta-creciente-riesgo-por-expansion-de-grupos-armados.html,conflicto_territorial,Paraguachon,V08,3
https://diariodelnorte.net/laguajira/defensoria-emite-alerta-por-expansion-de-las-acsn-y-escalada-del-riesgo-en-maicao/,conflicto_territorial,Paraguachon,V09,1
https://www.eltiempo.com/mundo/venezuela/padrino-lopez-confirmo-el-asesinato-de-varios-miembros-del-equipo-de-seguridad-de-nicolas-maduro-tras-los-bombardeos-de-estados-unidos-3521738,conflicto_territorial,Paraguachon,V09,2
https://laguajirahoy.com/maicao/maicao-enfrenta-creciente-riesgo-por-expansion-de-grupos-armados.html,conflicto_territorial,Paraguachon,V09,3
https://diariodelnorte.net/laguajira/defensoria-emite-alerta-por-expansion-de-las-acsn-y-escalada-del-riesgo-en-maicao/,conflicto_territorial,Paraguachon,V10,1
https://www.eltiempo.com/mundo/venezuela/padrino-lopez-confirmo-el-asesinato-de-varios-miembros-del-equipo-de-seguridad-de-nicolas-maduro-tras-los-bombardeos-de-estados-unidos-3521738,conflicto_territorial,Paraguachon,V10,2
https://laguajirahoy.com/maicao/maicao-enfrenta-creciente-riesgo-por-expansion-de-grupos-armados.html,conflicto_territorial,Paraguachon,V10,3
https://laguajirahoy.com/nacion/cerrada-frontera-del-lado-venezolano-en-la-guajira.html,conflicto_territorial,Paraguachon,V12,1
https://laguajirahoy.com/judiciales/secuestro-en-la-guajira-voces-policiales-explican-causas-cifras-y-retos.html,presencia_grupos_armados,Paraguachon,V01,1
https://diariodelnorte.net/judiciales/operativos-en-la-guajira-dejan-seis-capturados-y-recuperacion-de-tres-motocicletas-hurtadas/,presencia_grupos_armados,Paraguachon,V01,2
https://laguajirahoy.com/judiciales/por-presion-de-autoridades-venezolanas-captores-liberan-secuestrados-colombianos.html,presencia_grupos_armados,Paraguachon,V01,3
https://laguajirahoy.com/judiciales/se-reabre-frontera-y-se-normaliza-paso-por-paraguachon-en-la-guajira.html,presencia_grupos_armados,Paraguachon,V01,4
https://diariodelnorte.net/judiciales/capturan-en-la-via-maicao-paraguachon-a-hombre-requerido-por-hurto-calificado-agravado/,presencia_grupos_armados,Paraguachon,V01,5
https://diariodelnorte.net/judiciales/autoridades-capturan-a-13-personas-en-maicao-por-homicidio-extorsion-y-microtrafico/,presencia_grupos_armados,Paraguachon,V01,6
https://diariodelnorte.net/judiciales/capturan-a-joven-con-mas-de-170-dosis-de-estupefacientes-en-paraguachon/,presencia_grupos_armados,Paraguachon,V01,7
https://diariodelnorte.net/judiciales/operativo-conjunto-en-maicao-deja-un-capturado-y-cuatro-armas-de-fuego-incautadas/,presencia_grupos_armados,Paraguachon,V01,8
https://diariodelnorte.net/judiciales/capturan-en-zona-rural-de-maicao-a-hombre-requerido-por-homicidio/,presencia_grupos_armados,Paraguachon,V01,9
https://diariodelnorte.net/judiciales/capturan-a-hombre-que-conducia-vehiculo-reportado-como-hurtado-en-paraguachon/,presencia_grupos_armados,Paraguachon,V01,10
https://diariodelnorte.net/judiciales/capturan-en-paraguachon-a-hombre-requerido-por-delito-informatico/,presencia_grupos_armados,Paraguachon,V01,11
https://diariodelnorte.net/judiciales/policia-captura-a-dos-personas-por-receptacion-y-recupera-motocicletas-hurtadas-en-vias-de-la-guajira/,presencia_grupos_armados,Paraguachon,V01,12
https://diariodelnorte.net/laguajira/defensoria-emite-alerta-por-expansion-de-las-acsn-y-escalada-del-riesgo-en-maicao/,presencia_grupos_armados,Paraguachon,V01,13
https://laguajirahoy.com/judiciales-2/operativos-en-maicao-dejan-13-capturados-por-graves-delitos.html,presencia_grupos_armados,Paraguachon,V01,14
https://laguajirahoy.com/judiciales/autoridades-sin-pistas-tras-hurto-de-camioneta-en-manaure-en-la-guajira.html,presencia_grupos_armados,Paraguachon,V01,15
https://laguajirahoy.com/maicao-3/tension-del-lado-venezolano-por-caso-judicial-afecta-comercio-binacional.html,presencia_grupos_armados,Paraguachon,V02,1
https://laguajirahoy.com/judiciales/secuestro-en-la-guajira-voces-policiales-explican-causas-cifras-y-retos.html,presencia_grupos_armados,Paraguachon,V02,2
https://diariodelnorte.net/judiciales/operativos-en-la-guajira-dejan-seis-capturados-y-recuperacion-de-tres-motocicletas-hurtadas/,presencia_grupos_armados,Paraguachon,V02,3
https://laguajirahoy.com/judiciales/por-presion-de-autoridades-venezolanas-captores-liberan-secuestrados-colombianos.html,presencia_grupos_armados,Paraguachon,V02,4
https://diariodelnorte.net/judiciales/capturan-en-zona-rural-de-maicao-a-hombre-requerido-por-homicidio/,presencia_grupos_armados,Paraguachon,V02,5
https://diariodelnorte.net/judiciales/autoridades-capturan-a-13-personas-en-maicao-por-homicidio-extorsion-y-microtrafico/,presencia_grupos_armados,Paraguachon,V02,6
https://diariodelnorte.net/judiciales/capturan-a-joven-con-mas-de-170-dosis-de-estupefacientes-en-paraguachon/,presencia_grupos_armados,Paraguachon,V02,7
https://diariodelnorte.net/judiciales/operativo-conjunto-en-maicao-deja-un-capturado-y-cuatro-armas-de-fuego-incautadas/,presencia_grupos_armados,Paraguachon,V02,8
https://diariodelnorte.net/judiciales/capturan-en-la-via-maicao-paraguachon-a-hombre-requerido-por-hurto-calificado-agravado/,presencia_grupos_armados,Paraguachon,V02,9
https://diariodelnorte.net/judiciales/policia-captura-a-dos-personas-por-receptacion-y-recupera-motocicletas-hurtadas-en-vias-de-la-guajira/,presencia_grupos_armados,Paraguachon,V02,10
https://diariodelnorte.net/laguajira/defensoria-emite-alerta-por-expansion-de-las-acsn-y-escalada-del-riesgo-en-maicao/,presencia_grupos_armados,Paraguachon,V02,11
https://diariodelnorte.net/judiciales/capturan-a-hombre-que-conducia-vehiculo-reportado-como-hurtado-en-paraguachon/,presencia_grupos_armados,Paraguachon,V02,12
https://laguajirahoy.com/judiciales-2/operativos-en-maicao-dejan-13-capturados-por-graves-delitos.html,presencia_grupos_armados,Paraguachon,V02,13
https://laguajirahoy.com/judiciales/autoridades-sin-pistas-tras-hurto-de-camioneta-en-manaure-en-la-guajira.html,presencia_grupos_armados,Paraguachon,V02,14
https://diariodelnorte.net/judiciales/capturan-a-presunto-integrante-de-estructura-criminal-por-extorsion-en-paraguachon/,presencia_grupos_armados,Paraguachon,V02,15
https://laguajirahoy.com/judiciales/por-presion-de-autoridades-venezolanas-captores-liberan-secuestrados-colombianos.html,presencia_grupos_armados,Paraguachon,V03,1
https://diariodelnorte.net/laguajira/defensoria-emite-alerta-por-expansion-de-las-acsn-y-escalada-del-riesgo-en-maicao/,presencia_grupos_armados,Paraguachon,V03,2
https://diariodelnorte.net/laguajira/ejercito-nacional-reporta-cobertura-total-de-seguridad-en-zonas-rurales-de-la-guajira-durante-elecciones/,presencia_grupos_armados,Paraguachon,V03,3
https://diariodelnorte.net/judiciales/capturan-a-presunto-integrante-de-estructura-criminal-por-extorsion-en-paraguachon/,presencia_grupos_armados,Paraguachon,V03,4
https://www.eltiempo.com/justicia/conflicto-y-narcotrafico/el-eln-tiene-un-plan-de-saboteo-a-las-elecciones-investigador-de-campo-explica-las-razones-detras-del-atentado-al-batallon-de-riohacha-la-guajira-3558798,presencia_grupos_armados,Paraguachon,V03,5
https://diariodelnorte.net/editorial/quienes-secuestran/,presencia_grupos_armados,Paraguachon,V03,6
https://laguajirahoy.com/maicao/alcaldia-de-maicao-mantiene-alerta-permanente-y-refuerza-seguridad-en-la-zona-fronteriza.html,presencia_grupos_armados,Paraguachon,V03,7
https://diariodelnorte.net/judiciales/operativos-en-la-guajira-dejan-seis-capturados-y-recuperacion-de-tres-motocicletas-hurtadas/,presencia_grupos_armados,Paraguachon,V03,8
https://laguajirahoy.com/maicao/mercados-comunitarios-abren-nuevas-oportunidades-para-productores-rurales-de-maicao.html,presencia_grupos_armados,Paraguachon,V03,9
https://diariodelnorte.net/judiciales/hallan-16-libras-de-marihuana-en-operativos-conjuntos-en-maicao/,presencia_grupos_armados,Paraguachon,V03,10
https://laguajirahoy.com/judiciales/venezuela-libero-a-ciudadano-frances-quien-fue-capturado-en-la-frontera-con-la-guajira.html,presencia_grupos_armados,Paraguachon,V03,11
https://laguajirahoy.com/nacion/cerrada-frontera-del-lado-venezolano-en-la-guajira.html,presencia_grupos_armados,Paraguachon,V03,12
https://laguajirahoy.com/judiciales/hombres-armados-habrian-sacado-a-comerciante-de-su-vivienda-en-maicao-la-guajira.html,presencia_grupos_armados,Paraguachon,V03,13
https://diariodelnorte.net/judiciales/operativos-en-vias-de-la-guajira-dejan-un-capturado-y-licor-de-contrabando-incautado/,presencia_grupos_armados,Paraguachon,V03,14
https://diariodelnorte.net/judiciales/policia-captura-a-dos-personas-por-receptacion-y-recupera-motocicletas-hurtadas-en-vias-de-la-guajira/,presencia_grupos_armados,Paraguachon,V03,15
https://www.eltiempo.com/justicia/conflicto-y-narcotrafico/el-eln-tiene-un-plan-de-saboteo-a-las-elecciones-investigador-de-campo-explica-las-razones-detras-del-atentado-al-batallon-de-riohacha-la-guajira-3558798,presencia_grupos_armados,Paraguachon,V04,1
https://diariodelnorte.net/laguajira/defensoria-emite-alerta-por-expansion-de-las-acsn-y-escalada-del-riesgo-en-maicao/,presencia_grupos_armados,Paraguachon,V04,2
https://diariodelnorte.net/editorial/quienes-secuestran/,presencia_grupos_armados,Paraguachon,V04,3
https://diariodelnorte.net/judiciales/operativos-en-la-guajira-dejan-seis-capturados-y-recuperacion-de-tres-motocicletas-hurtadas/,presencia_grupos_armados,Paraguachon,V04,4
https://laguajirahoy.com/judiciales/venezuela-libero-a-ciudadano-frances-quien-fue-capturado-en-la-frontera-con-la-guajira.html,presencia_grupos_armados,Paraguachon,V04,5
https://laguajirahoy.com/nacion/cerrada-frontera-del-lado-venezolano-en-la-guajira.html,presencia_grupos_armados,Paraguachon,V04,6
https://diariodelnorte.net/judiciales/policia-captura-a-dos-personas-por-receptacion-y-recupera-motocicletas-hurtadas-en-vias-de-la-guajira/,presencia_grupos_armados,Paraguachon,V04,7
https://diariodelnorte.net/judiciales/capturan-en-paraguachon-a-hombre-requerido-por-delito-informatico/,presencia_grupos_armados,Paraguachon,V04,8
https://www.eltiempo.com/mundo/venezuela/padrino-lopez-confirmo-el-asesinato-de-varios-miembros-del-equipo-de-seguridad-de-nicolas-maduro-tras-los-bombardeos-de-estados-unidos-3521738,presencia_grupos_armados,Paraguachon,V04,9
https://laguajirahoy.com/judiciales/por-presion-de-autoridades-venezolanas-captores-liberan-secuestrados-colombianos.html,presencia_grupos_armados,Paraguachon,V04,10
https://laguajirahoy.com/educacion/nueva-estrategia-educativa-impulsa-integracion-infantil-en-la-guajira.html,presencia_grupos_armados,Paraguachon,V04,11
https://diariodelnorte.net/judiciales/operativo-conjunto-en-maicao-deja-un-capturado-y-cuatro-armas-de-fuego-incautadas/,presencia_grupos_armados,Paraguachon,V04,12
https://diariodelnorte.net/judiciales/capturan-a-joven-con-mas-de-170-dosis-de-estupefacientes-en-paraguachon/,presencia_grupos_armados,Paraguachon,V04,13
https://www.eltiempo.com/justicia/paz-y-derechos-humanos/defensoria-alerta-por-expansion-de-los-pachenca-en-maicao-comunidades-wayuu-y-migrantes-en-medio-del-fuego-cruzado-3567775,presencia_grupos_armados,Paraguachon,V04,14
https://diariodelnorte.net/judiciales/operativos-en-vias-de-la-guajira-dejan-un-capturado-y-licor-de-contrabando-incautado/,presencia_grupos_armados,Paraguachon,V04,15
https://diariodelnorte.net/laguajira/defensoria-emite-alerta-por-expansion-de-las-acsn-y-escalada-del-riesgo-en-maicao/,presencia_grupos_armados,Paraguachon,V05,1
https://laguajirahoy.com/judiciales-2/operativos-en-maicao-dejan-13-capturados-por-graves-delitos.html,presencia_grupos_armados,Paraguachon,V05,2
https://diariodelnorte.net/judiciales/capturan-a-presunto-integrante-de-estructura-criminal-por-extorsion-en-paraguachon/,presencia_grupos_armados,Paraguachon,V05,3
https://www.eltiempo.com/justicia/conflicto-y-narcotrafico/el-eln-tiene-un-plan-de-saboteo-a-las-elecciones-investigador-de-campo-explica-las-razones-detras-del-atentado-al-batallon-de-riohacha-la-guajira-3558798,presencia_grupos_armados,Paraguachon,V05,4
https://diariodelnorte.net/editorial/quienes-secuestran/,presencia_grupos_armados,Paraguachon,V05,5
https://diariodelnorte.net/judiciales/autoridades-capturan-a-13-personas-en-maicao-por-homicidio-extorsion-y-microtrafico/,presencia_grupos_armados,Paraguachon,V05,6
https://laguajirahoy.com/judiciales-2/asesinan-a-joven-wayuu-en-zona-limitrofe-entre-colombia-y-venezuela.html,presencia_grupos_armados,Paraguachon,V05,7
https://laguajirahoy.com/judiciales/hombres-armados-habrian-sacado-a-comerciante-de-su-vivienda-en-maicao-la-guajira.html,presencia_grupos_armados,Paraguachon,V05,8
https://laguajirahoy.com/judiciales/por-presion-de-autoridades-venezolanas-captores-liberan-secuestrados-colombianos.html,presencia_grupos_armados,Paraguachon,V05,9
https://diariodelnorte.net/judiciales/operativo-conjunto-en-maicao-deja-un-capturado-y-cuatro-armas-de-fuego-incautadas/,presencia_grupos_armados,Paraguachon,V05,10
https://diariodelnorte.net/laguajira/movimiento-quinto-poder-presenta-propuestas-para-el-desarrollo-de-la-guajira/,presencia_grupos_armados,Paraguachon,V05,11
https://www.eltiempo.com/mundo/venezuela/padrino-lopez-confirmo-el-asesinato-de-varios-miembros-del-equipo-de-seguridad-de-nicolas-maduro-tras-los-bombardeos-de-estados-unidos-3521738,presencia_grupos_armados,Paraguachon,V05,12
https://www.eltiempo.com/justicia/paz-y-derechos-humanos/defensoria-alerta-por-expansion-de-los-pachenca-en-maicao-comunidades-wayuu-y-migrantes-en-medio-del-fuego-cruzado-3567775,presencia_grupos_armados,Paraguachon,V05,13
https://laguajirahoy.com/maicao/maicao-enfrenta-creciente-riesgo-por-expansion-de-grupos-armados.html,presencia_grupos_armados,Paraguachon,V05,14
https://diariodelnorte.net/judiciales/recuperan-dos-motocicletas-hurtadas-capturan-a-un-hombre-por-receptacion-e-incautan-arma-traumatica-en-vias-de-la-guajira/,presencia_grupos_armados,Paraguachon,V05,15
https://laguajirahoy.com/judiciales/se-reabre-frontera-y-se-normaliza-paso-por-paraguachon-en-la-guajira.html,presencia_grupos_armados,Paraguachon,V06,1
https://diariodelnorte.net/judiciales/capturan-a-joven-con-mas-de-170-dosis-de-estupefacientes-en-paraguachon/,presencia_grupos_armados,Paraguachon,V06,2
https://diariodelnorte.net/judiciales/capturan-en-paraguachon-a-hombre-requerido-por-delito-informatico/,presencia_grupos_armados,Paraguachon,V06,3
https://diariodelnorte.net/judiciales/comunidades-wayuu-levantan-bloqueo-en-la-via-riohacha-maicao-tras-acordar-mesa-de-dialogo-por-atentado-en-alto-pino/,presencia_grupos_armados,Paraguachon,V06,4
https://diariodelnorte.net/laguajira/movimiento-quinto-poder-presenta-propuestas-para-el-desarrollo-de-la-guajira/,presencia_grupos_armados,Paraguachon,V06,5
https://laguajirahoy.com/la-guajira/autoridades-ponen-a-prueba-protocolos-en-simulacro-de-accidente-vial.html,presencia_grupos_armados,Paraguachon,V06,6
https://diariodelnorte.net/laguajira/policia-comunitaria-llevo-jornada-de-cine-al-barrio-para-fortalecer-la-convivencia-en-paraguachon/,presencia_grupos_armados,Paraguachon,V06,7
https://diariodelnorte.net/judiciales/capturan-en-zona-rural-de-maicao-a-hombre-requerido-por-homicidio/,presencia_grupos_armados,Paraguachon,V06,8
https://diariodelnorte.net/judiciales/conductor-denuncia-presunta-extorsion-por-parte-de-un-agente-de-transito-en-maicao/,presencia_grupos_armados,Paraguachon,V06,9
https://diariodelnorte.net/judiciales/capturan-a-hombre-que-conducia-vehiculo-reportado-como-hurtado-en-paraguachon/,presencia_grupos_armados,Paraguachon,V06,10
https://laguajirahoy.com/maicao/mercados-comunitarios-abren-nuevas-oportunidades-para-productores-rurales-de-maicao.html,presencia_grupos_armados,Paraguachon,V06,11
https://diariodelnorte.net/judiciales/ediles-de-paraguachon-denuncian-amenazas-tras-recibir-video-intimidante/,presencia_grupos_armados,Paraguachon,V06,12
https://laguajirahoy.com/riohacha/dirigentes-exigen-a-concesion-santa-marta-paraguachon-reparar-la-deteriorada-calle-15-de-riohacha.html,presencia_grupos_armados,Paraguachon,V06,13
https://laguajirahoy.com/maicao/maicao-intensifica-controles-para-blindar-movilidad-a-paraguachon-territorio-que-limita-con-venezuela.html,presencia_grupos_armados,Paraguachon,V06,14
https://laguajirahoy.com/educacion/nueva-estrategia-educativa-impulsa-integracion-infantil-en-la-guajira.html,presencia_grupos_armados,Paraguachon,V06,15
https://diariodelnorte.net/laguajira/ejercito-nacional-reporta-cobertura-total-de-seguridad-en-zonas-rurales-de-la-guajira-durante-elecciones/,presencia_grupos_armados,Paraguachon,V07,1
https://laguajirahoy.com/maicao/alcaldia-de-maicao-mantiene-alerta-permanente-y-refuerza-seguridad-en-la-zona-fronteriza.html,presencia_grupos_armados,Paraguachon,V07,2
https://laguajirahoy.com/maicao/mercados-comunitarios-abren-nuevas-oportunidades-para-productores-rurales-de-maicao.html,presencia_grupos_armados,Paraguachon,V07,3
https://diariodelnorte.net/judiciales/capturan-en-paraguachon-a-hombre-requerido-por-delito-informatico/,presencia_grupos_armados,Paraguachon,V07,4
https://diariodelnorte.net/judiciales/capturan-a-joven-con-mas-de-170-dosis-de-estupefacientes-en-paraguachon/,presencia_grupos_armados,Paraguachon,V07,5
https://laguajirahoy.com/la-guajira/autoridades-ponen-a-prueba-protocolos-en-simulacro-de-accidente-vial.html,presencia_grupos_armados,Paraguachon,V07,6
https://diariodelnorte.net/laguajira/movimiento-quinto-poder-presenta-propuestas-para-el-desarrollo-de-la-guajira/,presencia_grupos_armados,Paraguachon,V07,7
https://laguajirahoy.com/maicao/maicao-intensifica-controles-para-blindar-movilidad-a-paraguachon-territorio-que-limita-con-venezuela.html,presencia_grupos_armados,Paraguachon,V07,8
https://diariodelnorte.net/judiciales/capturan-a-presunto-integrante-de-estructura-criminal-por-extorsion-en-paraguachon/,presencia_grupos_armados,Paraguachon,V07,9
https://www.eltiempo.com/colombia/otras-ciudades/la-guajira-normalidad-en-la-frontera-tras-reapertura-del-paso-en-paraguachon-por-parte-de-las-autoridades-venezolanas-maicao-se-mantiene-en-alerta-3521735,presencia_grupos_armados,Paraguachon,V07,10
https://www.eltiempo.com/justicia/paz-y-derechos-humanos/defensoria-alerta-por-expansion-de-los-pachenca-en-maicao-comunidades-wayuu-y-migrantes-en-medio-del-fuego-cruzado-3567775,presencia_grupos_armados,Paraguachon,V07,11
https://www.eltiempo.com/justicia/conflicto-y-narcotrafico/el-eln-tiene-un-plan-de-saboteo-a-las-elecciones-investigador-de-campo-explica-las-razones-detras-del-atentado-al-batallon-de-riohacha-la-guajira-3558798,presencia_grupos_armados,Paraguachon,V07,12
https://laguajirahoy.com/la-guajira/la-guajira-envia-primeras-ayudas-humanitarias-a-familias-venezolanas.html,presencia_grupos_armados,Paraguachon,V07,13
https://laguajirahoy.com/riohacha/riohacha-celebro-480-anos-esperando-que-la-concesion-repara-la-avenida-del-progreso.html,presencia_grupos_armados,Paraguachon,V07,14
https://laguajirahoy.com/judiciales/secuestro-en-la-guajira-voces-policiales-explican-causas-cifras-y-retos.html,presencia_grupos_armados,Paraguachon,V08,1
https://diariodelnorte.net/laguajira/defensoria-emite-alerta-por-expansion-de-las-acsn-y-escalada-del-riesgo-en-maicao/,presencia_grupos_armados,Paraguachon,V08,2
https://www.eltiempo.com/justicia/conflicto-y-narcotrafico/el-eln-tiene-un-plan-de-saboteo-a-las-elecciones-investigador-de-campo-explica-las-razones-detras-del-atentado-al-batallon-de-riohacha-la-guajira-3558798,presencia_grupos_armados,Paraguachon,V08,3
https://www.eltiempo.com/justicia/paz-y-derechos-humanos/defensoria-alerta-por-expansion-de-los-pachenca-en-maicao-comunidades-wayuu-y-migrantes-en-medio-del-fuego-cruzado-3567775,presencia_grupos_armados,Paraguachon,V08,4
https://laguajirahoy.com/maicao/maicao-enfrenta-creciente-riesgo-por-expansion-de-grupos-armados.html,presencia_grupos_armados,Paraguachon,V08,5
https://diariodelnorte.net/laguajira/defensoria-emite-alerta-por-expansion-de-las-acsn-y-escalada-del-riesgo-en-maicao/,presencia_grupos_armados,Paraguachon,V09,1
https://www.eltiempo.com/justicia/conflicto-y-narcotrafico/el-eln-tiene-un-plan-de-saboteo-a-las-elecciones-investigador-de-campo-explica-las-razones-detras-del-atentado-al-batallon-de-riohacha-la-guajira-3558798,presencia_grupos_armados,Paraguachon,V09,2
https://www.eltiempo.com/justicia/paz-y-derechos-humanos/defensoria-alerta-por-expansion-de-los-pachenca-en-maicao-comunidades-wayuu-y-migrantes-en-medio-del-fuego-cruzado-3567775,presencia_grupos_armados,Paraguachon,V09,3
https://laguajirahoy.com/maicao/maicao-enfrenta-creciente-riesgo-por-expansion-de-grupos-armados.html,presencia_grupos_armados,Paraguachon,V09,4
https://laguajirahoy.com/judiciales/secuestro-en-la-guajira-voces-policiales-explican-causas-cifras-y-retos.html,presencia_grupos_armados,Paraguachon,V09,5
https://diariodelnorte.net/laguajira/defensoria-emite-alerta-por-expansion-de-las-acsn-y-escalada-del-riesgo-en-maicao/,presencia_grupos_armados,Paraguachon,V10,1
https://www.eltiempo.com/justicia/conflicto-y-narcotrafico/el-eln-tiene-un-plan-de-saboteo-a-las-elecciones-investigador-de-campo-explica-las-razones-detras-del-atentado-al-batallon-de-riohacha-la-guajira-3558798,presencia_grupos_armados,Paraguachon,V10,2
https://www.eltiempo.com/justicia/paz-y-derechos-humanos/defensoria-alerta-por-expansion-de-los-pachenca-en-maicao-comunidades-wayuu-y-migrantes-en-medio-del-fuego-cruzado-3567775,presencia_grupos_armados,Paraguachon,V10,3
https://laguajirahoy.com/maicao/maicao-enfrenta-creciente-riesgo-por-expansion-de-grupos-armados.html,presencia_grupos_armados,Paraguachon,V10,4
https://laguajirahoy.com/judiciales/secuestro-en-la-guajira-voces-policiales-explican-causas-cifras-y-retos.html,presencia_grupos_armados,Paraguachon,V10,5
https://www.eltiempo.com/justicia/paz-y-derechos-humanos/defensoria-alerta-por-expansion-de-los-pachenca-en-maicao-comunidades-wayuu-y-migrantes-en-medio-del-fuego-cruzado-3567775,presencia_grupos_armados,Paraguachon,V11,1
https://www.eltiempo.com/justicia/conflicto-y-narcotrafico/el-eln-tiene-un-plan-de-saboteo-a-las-elecciones-investigador-de-campo-explica-las-razones-detras-del-atentado-al-batallon-de-riohacha-la-guajira-3558798,presencia_grupos_armados,Paraguachon,V11,2
https://diariodelnorte.net/laguajira/movimiento-quinto-poder-presenta-propuestas-para-el-desarrollo-de-la-guajira/,presencia_grupos_armados,Paraguachon,V12,1
https://diariodelnorte.net/judiciales/capturan-a-presunto-integrante-de-estructura-criminal-por-extorsion-en-paraguachon/,presencia_grupos_armados,Paraguachon,V12,2
https://www.eltiempo.com/justicia/paz-y-derechos-humanos/defensoria-alerta-por-expansion-de-los-pachenca-en-maicao-comunidades-wayuu-y-migrantes-en-medio-del-fuego-cruzado-3567775,presencia_grupos_armados,Paraguachon,V12,3
https://www.eltiempo.com/justicia/conflicto-y-narcotrafico/el-eln-tiene-un-plan-de-saboteo-a-las-elecciones-investigador-de-campo-explica-las-razones-detras-del-atentado-al-batallon-de-riohacha-la-guajira-3558798,presencia_grupos_armados,Paraguachon,V12,4
https://laguajirahoy.com/maicao/maicao-enfrenta-creciente-riesgo-por-expansion-de-grupos-armados.html,presencia_grupos_armados,Paraguachon,V12,5
https://www.eltiempo.com/mundo/venezuela/padrino-lopez-confirmo-el-asesinato-de-varios-miembros-del-equipo-de-seguridad-de-nicolas-maduro-tras-los-bombardeos-de-estados-unidos-3521738,presencia_grupos_armados,Paraguachon,V12,6
