url,lugar
https://laguajirahoy.com/judiciales/dos-capturados-en-riohacha-por-presunta-estafa-con-paquetes-turisticos-falsos.html,Maicao
https://laguajirahoy.com/judiciales/hombre-resulto-herido-durante-presunto-asalto-entre-uribia-y-maicao.html,Maicao
https://diariodelnorte.net/judiciales/capturan-en-uribia-a-un-hombre-con-marihuana-y-cocaina-durante-operativo-policial/,Maicao
https://www.eltiempo.com/justicia/conflicto-y-narcotrafico/ataque-contra-el-ejercito-con-drones-cargados-con-explosivos-en-norte-de-santander-reportan-varios-soldados-heridos-3578713,Maicao
https://laguajirahoy.com/maicao/mercado-comunitario-conecta-a-productores-rurales-con-familias-de-maicao.html,Maicao
https://laguajirahoy.com/judiciales/plan-candado-termina-con-dos-capturados-por-falsedad-personal-en-maicao.html,Maicao
https://diariodelnorte.net/judiciales/accidente-de-transito-en-la-alta-guajira-deja-a-integrante-de-la-agrupacion-de-tavo-picalua-con-lesiones-graves/,Maicao
https://diariodelnorte.net/judiciales/capturan-a-un-hombre-por-presunta-falsedad-documental-y-recuperan-moto-hurtada-en-la-guajira/,Maicao
https://diariodelnorte.net/judiciales/capturan-a-un-hombre-por-presunta-falsedad-documental-y-recuperan-moto-hurtada-en-la-guajira/,Paraguachon
https://diariodelnorte.net/judiciales/capturan-a-un-hombre-por-presunto-aprovechamiento-ilicito-de-recursos-naturales-en-maicao/,Maicao
https://www.eltiempo.com/unidad-investigativa/intento-de-trampa-a-la-jep-version-de-exjefe-paramilitar-pone-en-entredicho-datos-que-esta-dando-saul-severini-contra-empresario-de-la-costa-3578240,Maicao
https://diariodelnorte.net/editorial/el-drama-del-agua-en-la-guajira/,Maicao
https://diariodelnorte.net/opinion/que-el-gas-y-el-viento-no-repitan-la-historia-del-carbon/,Maicao
https://laguajirahoy.com/nacion-2/la-guajira-registra-segunda-mayor-pobreza-monetaria-del-pais.html,Maicao
https://laguajirahoy.com/judiciales/dos-capturados-y-un-adolescente-aprehendido-por-extorsion-en-la-guajira.html,Maicao
https://www.eltiempo.com/unidad-investigativa/el-93-del-choco-sufrio-graves-danos-por-terremoto-van-14-muertos-y-43-000-damnificados-3578063,Maicao
https://laguajirahoy.com/comunidad/solidaridad-de-guajiros-crece-para-llevar-ayuda-a-damnificados-por-terremoto.html,Maicao
https://laguajirahoy.com/judiciales/capturan-en-paraguachon-a-hombre-requerido-por-delito-informatico.html,Maicao
https://laguajirahoy.com/judiciales/capturan-en-paraguachon-a-hombre-requerido-por-delito-informatico.html,Paraguachon
https://laguajirahoy.com/maicao/mercados-comunitarios-abren-nuevas-oportunidades-para-productores-rurales-de-maicao.html,Maicao
https://laguajirahoy.com/maicao/mercados-comunitarios-abren-nuevas-oportunidades-para-productores-rurales-de-maicao.html,Paraguachon
https://laguajirahoy.com/opinion/columnista/el-territorio-no-esta-solo-en-el-mapa-se-vive-en-la-cotidianidad.html,Maicao
https://laguajirahoy.com/sociales/joven-vivio-una-celebracion-llena-de-carino-y-alegria-en-maicao.html,Maicao
https://laguajirahoy.com/comunidad/maicao-abre-sus-puertas-a-la-solidaridad-con-familias-damnificadas-por-sismo.html,Maicao
https://www.eltiempo.com/colombia/otras-ciudades/misterio-por-el-secuestro-de-angie-paola-argaez-alcaldia-de-maicao-ofrece-100-millones-por-informacion-que-permita-encontrar-a-la-influencer-guajira-3577874,Maicao
https://laguajirahoy.com/judiciales/dolor-en-maicao-por-muerte-de-emprendedora-durante-tragedia-en-pereira.html,Maicao
https://laguajirahoy.com/judiciales-2/dos-muertos-y-36-heridos-deja-volcamiento-de-bus-de-torcoroma-en-la-guajira.html,Maicao
https://laguajirahoy.com/comunidad-3/semovientes-sueltos-generan-temor-a-habitantes-de-carraipia.html,Maicao
https://laguajirahoy.com/judiciales/ofrecen-hasta-100-millones-para-lograr-liberacion-de-angie-argaez.html,Maicao
https://laguajirahoy.com/judiciales/hombres-armados-habrian-sacado-a-comerciante-de-su-vivienda-en-maicao-la-guajira.html,Maicao
https://laguajirahoy.com/judiciales/hombres-armados-habrian-sacado-a-comerciante-de-su-vivienda-en-maicao-la-guajira.html,Paraguachon
https://laguajirahoy.com/judiciales/bus-que-habria-cubierto-monteria-maicao-se-volco-cerca-de-riohacha-reportan-20-heridos.html,Maicao
https://laguajirahoy.com/nacion-2/de-la-espriella-llevara-su-primer-consejo-de-ministros-a-la-guajira.html,Maicao
https://laguajirahoy.com/educacion-3/guajiros-tienen-acceso-gratuito-a-cursos-para-hacer-crecer-sus-negocios.html,Maicao
https://diariodelnorte.net/judiciales/alcalde-de-maicao-denuncia-ante-la-fiscalia-presunto-plan-para-involucrarlo-en-actividades-ilicitas/,Maicao
https://laguajirahoy.com/judiciales/alcalde-de-maicao-alerta-a-fiscalia-por-supuesto-montaje-judicial-en-su-contra.html,Maicao
https://diariodelnorte.net/opinion/el-desastre-hecho-por-el-concejo-de-maicao-en-la-aprobacion-del-acuerdo-024-del-2026/,Maicao
https://laguajirahoy.com/entretenimiento/maicaera-brilla-en-portada-de-vogue.html,Maicao
https://laguajirahoy.com/maicao/bajo-vigilancia-colmenas-de-maicao-por-riesgos-sanitarios.html,Maicao
https://diariodelnorte.net/judiciales/hallan-cuerpo-en-avanzado-estado-de-descomposicion-en-zona-rural-de-maicao/,Maicao
https://diariodelnorte.net/editorial/se-sigue-incumpliendo-la-sentencia-t-302-de-2017/,Maicao
https://laguajirahoy.com/salud/maicao-fortalece-atencion-a-madres-durante-la-lactancia-materna.html,Maicao
https://laguajirahoy.com/nacion-2/corte-exige-acciones-urgentes-para-garantizar-agua-a-ninez-wayuu.html,Maicao
https://laguajirahoy.com/educacion/socializan-apoyo-economico-para-estudios-de-comunidades-negras-en-maicao.html,Maicao
https://laguajirahoy.com/salud/periodistas-de-maicao-se-preparan-para-informar-sobre-salud-mental.html,Maicao
https://laguajirahoy.com/nacion/hambre-y-desproteccion-golpean-con-fuerza-a-la-ninez-guajira.html,Maicao
https://laguajirahoy.com/medio-ambiente/institucion-de-manaure-revisa-su-estrategia-de-educacion-ambiental.html,Maicao
https://laguajirahoy.com/comunidad/basuras-desbordadas-agravan-la-crisis-ambiental-en-riohacha.html,Maicao
https://laguajirahoy.com/sociales/casi-medio-siglo-de-trabajo-recibio-sentido-reconocimiento-en-maicao.html,Maicao
https://diariodelnorte.net/editorial/los-recursos-de-la-sentencia-t-302-para-las-vias/,Maicao
https://www.eltiempo.com/datos/en-julio-invias-adjudico-en-un-mismo-dia-2-07-billones-para-vias-en-la-guajira-los-contratos-de-la-entidad-en-la-recta-final-del-gobierno-petro-3575906,Maicao
https://laguajirahoy.com/nacion-2/procuraduria-solicita-negar-suspension-de-eleccion-de-de-la-espriella.html,Maicao
https://diariodelnorte.net/laguajira/policia-comunitaria-llevo-jornada-de-cine-al-barrio-para-fortalecer-la-convivencia-en-paraguachon/,Maicao
https://diariodelnorte.net/laguajira/policia-comunitaria-llevo-jornada-de-cine-al-barrio-para-fortalecer-la-convivencia-en-paraguachon/,Paraguachon
https://diariodelnorte.net/laguajira/recoleccion-de-basuras-en-riohacha-sigue-en-crisis-alcaldia-exige-a-interaseo-cumplir-el-contrato/,Maicao
https://diariodelnorte.net/laguajira/gobierno-entrante-pide-frenar-contratos-por-32-billones-de-invias-en-la-guajira/,Maicao
https://laguajirahoy.com/maicao/protesta-de-docentes-en-maicao-quedo-bajo-revision-de-la-fiscalia.html,Maicao
https://laguajirahoy.com/sociales/joven-estuvo-de-cumpleanos-rodeada-del-carino-familiar.html,Maicao
https://diariodelnorte.net/laguajira/policia-exalta-compromiso-de-los-lideres-comunitarios-con-la-seguridad-y-la-convivencia-ciudadana-en-maicao/,Maicao
https://laguajirahoy.com/comunidad/familias-vulnerables-de-maicao-recibieron-ayuda-alimentaria.html,Maicao
https://diariodelnorte.net/laguajira/jornada-de-atencion-social-beneficio-a-cerca-de-100-habitantes-de-carraipia/,Maicao
https://diariodelnorte.net/laguajira/policia-y-sector-privado-entregan-ayudas-alimentarias-a-familias-vulnerables-en-maicao/,Maicao
https://laguajirahoy.com/maicao-3/docentes-levantan-bloqueo-en-maicao-tras-confirmacion-de-sus-pagos.html,Maicao
https://laguajirahoy.com/salud-2/favorecen-espacios-para-reconocer-el-cuidado-y-ampliar-oportunidades-en-la-guajira.html,Maicao
https://www.eltiempo.com/colombia/otras-ciudades/denuncian-caso-de-maltrato-animal-en-la-guajira-captan-un-vehiculo-que-transportaba-un-burro-amarrado-en-el-techo-por-el-mercado-nuevo-de-riohacha-3574751,Maicao
https://diariodelnorte.net/opinion/la-guajira-frente-a-una-nueva-oportunidad/,Maicao
https://laguajirahoy.com/maicao/maicao-lleva-agua-a-familias-golpeadas-por-intensa-temporada-seca.html,Maicao
https://diariodelnorte.net/laguajira/policia-refuerza-acciones-para-prevenir-la-explotacion-sexual-infantil-en-maicao/,Maicao
https://laguajirahoy.com/medio-ambiente-2/corpoguajira-fortalece-acciones-frente-a-sequias-y-variabilidad-climatica.html,Maicao
https://laguajirahoy.com/medio-ambiente/actualizan-estrategias-frente-al-cambio-climatico-en-maicao.html,Maicao
https://laguajirahoy.com/medio-ambiente/sistema-de-informacion-wayuu-en-la-guajira.html,Maicao
https://laguajirahoy.com/maicao/mototaxistas-reciben-elementos-de-seguridad-para-prevenir-accidentes-en-maicao.html,Maicao
https://elpilon.com.co/general/pronostico-muy-seco-caribe-la-guajira-agosto-2026,Maicao
https://laguajirahoy.com/nacion-2/comunidades-aportan-ideas-para-proteger-el-agua-en-la-guajira.html,Maicao
https://diariodelnorte.net/laguajira/juan-loreto-gomez-soto-inicia-su-segundo-periodo-como-representante-a-la-camara-por-la-guajira/,Maicao
https://diariodelnorte.net/laguajira/policia-nacional-participo-en-desfile-del-20-de-julio-y-fortalecio-lazos-con-la-comunidad-en-maicao/,Maicao
https://laguajirahoy.com/maicao/campesinos-de-maicao-reciben-herramientas-y-proyectos-en-celebracion-del-dia-del-campesino.html,Maicao
https://laguajirahoy.com/maicao/campesinos-de-maicao-reciben-herramientas-y-proyectos-en-celebracion-del-dia-del-campesino.html,Paraguachon
https://laguajirahoy.com/la-guajira/la-guajira-conmemoro-con-orgullo-los-216-anos-de-la-independencia.html,Maicao
https://laguajirahoy.com/maicao/carraipia-celebra-a-sus-campesinos-con-formacion-premios-y-musica.html,Maicao
https://elpilon.com.co/judicial/el-mensaje-del-alcalde-de-maicao-tras-la-misteriosa-muerte-de-dos-empresarios-guajiros-en-una-fiesta-de-cumpleanos,Maicao
https://www.eltiempo.com/colombia/otras-ciudades/misterio-en-la-guajira-por-muerte-de-dos-empresarios-en-una-fiesta-de-cumpleanos-el-anfitrion-era-amigo-cercano-del-cantante-vallenato-martin-elias-3572007,Maicao
https://laguajirahoy.com/judiciales/dos-empresarios-fueron-asesinados-a-tiros-en-la-guajira.html,Maicao
https://laguajirahoy.com/cultura-2/la-guajira-celebra-con-fe-musica-y-tradicion-a-la-virgen-del-carmen.html,Maicao
https://diariodelnorte.net/editorial/los-datos-de-la-comision-cientifica/,Maicao
https://laguajirahoy.com/judiciales/dos-hechos-violentos-en-la-guajira-dejan-dos-personas-fallecidas.html,Maicao
https://laguajirahoy.com/educacion/ipc-convierte-sus-aulas-en-escenarios-de-innovacion-y-participacion.html,Maicao
https://laguajirahoy.com/maicao/maicao-activa-plan-institucional-para-reducir-riesgos-y-proteger-comunidades.html,Maicao
https://laguajirahoy.com/politica/tres-voces-de-la-guajira-llegan-fortalecidas-al-nuevo-senado.html,Maicao
https://www.eltiempo.com/economia/sectores/luego-de-34-anos-colombia-vuelve-a-conocer-su-economia-urbana-piedad-urdinola-directora-del-dane-3570729,Maicao
https://diariodelnorte.net/laguajira/ejercito-refuerza-la-seguridad-vial-en-maicao-durante-el-puente-festivo/,Maicao
https://diariodelnorte.net/judiciales/capturado-presunto-expendedor-de-estupefacientes-durante-operativos-de-control-en-maicao/,Maicao
https://www.eltiempo.com/unidad-investigativa/asesinos-del-catatumbo-y-el-bendito-los-objetivos-de-alto-valor-del-presidente-electo-3570648,Maicao
https://www.eltiempo.com/datos/las-rutas-del-contrabando-de-cigarrillos-que-crece-en-america-latina-incidencia-en-colombia-es-la-mas-alta-desde-que-se-hace-medicion-3570686,Maicao
https://laguajirahoy.com/medio-ambiente/corpoguajira-monitorea-temporada-de-huracanes-del-atlantico.html,Maicao
https://laguajirahoy.com/la-guajira/la-guajira-envia-primeras-ayudas-humanitarias-a-familias-venezolanas.html,Maicao
https://laguajirahoy.com/la-guajira/la-guajira-envia-primeras-ayudas-humanitarias-a-familias-venezolanas.html,Paraguachon
https://laguajirahoy.com/la-guajira/promueven-formalizacion-del-trabajo-domestico-en-la-guajira.html,Maicao
https://diariodelnorte.net/laguajira/policia-fortalece-prevencion-y-convivencia-con-jornada-de-cine-al-parque-en-maicao/,Maicao
https://www.eltiempo.com/politica/abelardo-de-la-espriella/ciudades-intermedias-hacen-llamado-al-gobierno-de-abelardo-de-la-espriella-para-priorizar-a-las-regiones-3570466,Maicao
https://diariodelnorte.net/laguajira/policia-fortalece-acciones-de-seguridad-en-el-paso-fronterizo-de-paraguachon/,Maicao
https://diariodelnorte.net/laguajira/policia-fortalece-acciones-de-seguridad-en-el-paso-fronterizo-de-paraguachon/,Paraguachon
https://laguajirahoy.com/maicao/en-maicao-se-impulsa-emprendimientos-inclusivos-con-programa-para-personas-con-discapacidad.html,Maicao
https://laguajirahoy.com/maicao/en-la-guajira-se-destaca-maicao-por-promover-inclusion-y-derechos-humanos.html,Maicao
https://laguajirahoy.com/judiciales-2/cinco-capturas-dejan-controles-viales-de-policia-en-la-guajira.html,Maicao
https://laguajirahoy.com/judiciales-2/cinco-capturas-dejan-controles-viales-de-policia-en-la-guajira.html,Paraguachon
https://diariodelnorte.net/judiciales/capturan-a-un-hombre-por-receptacion-y-recuperan-motocicleta-con-requerimiento-judicial-en-uribia/,Maicao
https://www.eltiempo.com/politica/abelardo-de-la-espriella/abelardo-de-la-espriella-ordeno-preparar-operativo-para-capturar-o-dar-de-baja-a-alias-bendito-menor-tras-polemica-caravana-si-se-resiste-3570128,Maicao
https://laguajirahoy.com/nacion/solo-tres-guajiros-fueron-becados-por-ecopetrol-en-el-2026.html,Maicao
https://diariodelnorte.net/judiciales/intervienen-dos-establecimientos-por-presuntas-apuestas-ilegales-en-maicao-incautan-equipos-de-operacion/,Maicao
https://laguajirahoy.com/judiciales-2/policia-despliega-controles-preventivos-para-mejorar-seguridad-en-maicao.html,Maicao
https://diariodelnorte.net/opinion/la-patria-milagro-llego-para-cambiar-la-forma-de-hacer-politica/,Maicao
https://laguajirahoy.com/judiciales-2/capturan-presuntos-integrantes-de-estructura-criminal-en-la-guajira.html,Maicao
https://laguajirahoy.com/maicao-3/maicao-empieza-a-recuperar-el-agua-tras-cinco-dias-sin-servicio.html,Maicao
https://diariodelnorte.net/judiciales/identifican-a-hombre-hallado-sin-vida-en-zona-rural-de-uribia-tras-analisis-forenses/,Maicao
https://diariodelnorte.net/laguajira/levantan-bloqueo-en-la-bocatoma-del-rio-jordan-tras-acuerdos-entre-alcaldia-aqualia-y-comunidades/,Maicao
https://diariodelnorte.net/sociales/fallece-atif-issa-amed-reconocido-lider-del-comercio-en-maicao/,Maicao
https://laguajirahoy.com/judiciales-2/plan-desarme-busca-reducir-riesgos-de-violencia-en-la-guajira.html,Maicao
https://laguajirahoy.com/judiciales-2/muerte-de-cobradiario-vuelve-a-preocupar-en-la-guajira.html,Maicao
https://diariodelnorte.net/laguajira/mas-de-20-000-habitantes-de-maicao-completan-tres-dias-con-afectaciones-en-el-servicio-de-agua/,Maicao
https://diariodelnorte.net/laguajira/mantienen-alerta-roja-por-riesgo-de-incendios-forestales-en-los-15-municipios-de-la-guajira/,Maicao
https://laguajirahoy.com/medio-ambiente-2/alerta-roja-por-incendios-forestales-cubre-toda-la-guajira.html,Maicao
https://laguajirahoy.com/judiciales/mercancia-ilegal-de-cigarrillos-incautada-en-la-guajira.html,Maicao
https://laguajirahoy.com/judiciales/mercancia-ilegal-de-cigarrillos-incautada-en-la-guajira.html,Paraguachon
https://laguajirahoy.com/salud/jornada-gratuita-en-la-guajira-detectara-problemas-cardiacos-en-ninos.html,Maicao
https://www.eltiempo.com/justicia/conflicto-y-narcotrafico/cayo-en-riohacha-la-guajira-alias-malayo-considerado-como-hombre-de-confianza-de-alias-nain-jefe-de-las-acsn-3568048,Maicao
https://laguajirahoy.com/judiciales/capturan-en-riohacha-presunto-cabecilla-de-autodefensas-conquistadoras-de-la-sierra-nevada.html,Maicao
https://laguajirahoy.com/maicao/maicao-inicia-su-centenario-honrando-la-memoria-de-sus-primeros-habitantes.html,Maicao
https://laguajirahoy.com/judiciales/roban-mercancia-y-herramientas-en-local-comercial-de-fonseca.html,Maicao
https://laguajirahoy.com/maicao/maicao-tiene-nuevo-concejal.html,Maicao
https://www.eltiempo.com/justicia/paz-y-derechos-humanos/defensoria-alerta-por-expansion-de-los-pachenca-en-maicao-comunidades-wayuu-y-migrantes-en-medio-del-fuego-cruzado-3567775,Maicao
https://www.eltiempo.com/justicia/paz-y-derechos-humanos/defensoria-alerta-por-expansion-de-los-pachenca-en-maicao-comunidades-wayuu-y-migrantes-en-medio-del-fuego-cruzado-3567775,Paraguachon
https://diariodelnorte.net/laguajira/defensoria-emite-alerta-por-expansion-de-las-acsn-y-escalada-del-riesgo-en-maicao/,Maicao
https://diariodelnorte.net/laguajira/defensoria-emite-alerta-por-expansion-de-las-acsn-y-escalada-del-riesgo-en-maicao/,Paraguachon
https://laguajirahoy.com/maicao/maicao-enfrenta-creciente-riesgo-por-expansion-de-grupos-armados.html,Maicao
https://laguajirahoy.com/maicao/maicao-enfrenta-creciente-riesgo-por-expansion-de-grupos-armados.html,Paraguachon
https://laguajirahoy.com/judiciales/dos-personas-fallecieron-en-accidente-de-transito-entre-riohacha-y-maicao.html,Maicao
https://www.eltiempo.com/colombia/otras-ciudades/temblor-de-magnitud-3-4-sacudio-la-guajira-y-tiene-en-alerta-a-la-ciudad-fronteriza-el-epicentro-estuvo-en-dibulla-3567507,Maicao
https://www.eltiempo.com/colombia/otras-ciudades/temblor-de-magnitud-3-4-sacudio-la-guajira-y-tiene-en-alerta-a-la-ciudad-fronteriza-el-epicentro-estuvo-en-dibulla-3567507,Paraguachon
https://laguajirahoy.com/cultura/marca-de-muebles-se-une-al-festival-francisco-el-hombre.html,Maicao
https://laguajirahoy.com/turismo/la-guajira-apuesta-al-turismo-biocultural-con-apoyo-del-gobierno-nacional.html,Maicao
https://laguajirahoy.com/maicao/los-emprendedores-con-discapacidad-tendran-nuevas-oportunidades-en-la-guajira.html,Maicao
https://laguajirahoy.com/la-guajira-4/sectores-rurales-de-riohacha-estaran-sin-energia-este-fin-de-semana.html,Maicao
https://diariodelnorte.net/laguajira/certifican-en-maicao-a-35-ciudadanos-como-promotores-de-seguridad-y-convivencia/,Maicao
https://diariodelnorte.net/laguajira/ejercito-avanza-en-el-mejoramiento-de-vias-rurales-para-fortalecer-conectividad-en-la-guajira/,Maicao
https://laguajirahoy.com/maicao/lanao-defiende-voto-por-recursos-para-agua-y-vias-en-maicao.html,Maicao
https://laguajirahoy.com/judiciales/operativos-en-maicao-dejan-dos-capturas-e-incautacion-de-moto.html,Maicao
https://diariodelnorte.net/judiciales/bloquean-via-riohacha-maicao-para-exigir-traslado-de-joven-herido-en-accidente/,Maicao
https://diariodelnorte.net/judiciales/operativos-policiales-en-maicao-dejan-dos-capturados-y-recuperacion-de-fauna-silvestre/,Maicao
https://laguajirahoy.com/nacion-2/universidad-nacional-crea-sistema-para-desalinizar-agua-en-la-guajira.html,Maicao
https://laguajirahoy.com/la-guajira-4/tarifa-de-energia-sube-y-golpea-usuarios-de-la-guajira.html,Maicao
https://laguajirahoy.com/judiciales-2/investigan-muerte-de-joven-universitario-tras-caida-en-edificio-en-la-guajira.html,Maicao
https://www.eltiempo.com/vida/medio-ambiente/investigadores-de-la-universidad-nacional-desarrolla-prototipo-que-convierte-el-agua-salobre-en-potable-para-calmar-la-sed-de-la-guajira-3566403,Maicao
https://laguajirahoy.com/salud/asocabildos-ipsi-amplia-atencion-en-salud-para-comunidades-wayuu.html,Maicao
https://laguajirahoy.com/politica/en-la-guajira-jornada-presidencial-fue-para-sectores-progresistas.html,Maicao
https://laguajirahoy.com/maicao/concejo-autoriza-manejo-de-recursos-para-obras-clave-en-maicao.html,Maicao
https://diariodelnorte.net/judiciales/operativo-conjunto-en-maicao-deja-un-capturado-y-cuatro-armas-de-fuego-incautadas/,Maicao
https://diariodelnorte.net/judiciales/operativo-conjunto-en-maicao-deja-un-capturado-y-cuatro-armas-de-fuego-incautadas/,Paraguachon
https://laguajirahoy.com/maicao-3/maicao-avanza-con-indemnizaciones-a-victimas-del-conflicto-armado.html,Maicao
https://laguajirahoy.com/maicao-3/la-guajira-recibio-jornada-institucional-con-servicios-de-salud-orientacion-y-apoyo-social.html,Maicao
https://laguajirahoy.com/salud-2/en-la-guajira-se-interviene-para-proteger-la-salud-mental-juvenil.html,Maicao
https://laguajirahoy.com/maicao/mas-de-tres-mil-aficionados-celebraron-regreso-del-futbol-en-maicao.html,Maicao
https://laguajirahoy.com/comunidad-3/carraipia-reclama-intervencion-urgente-por-colapso-del-alcantarillado.html,Maicao
https://laguajirahoy.com/editorial/el-voto-guajiro-debe-decidirse-sin-favores-ni-presiones.html,Maicao
https://laguajirahoy.com/judiciales/bloqueos-en-troncal-del-caribe-mantienen-incomunicada-a-la-guajira.html,Maicao
https://diariodelnorte.net/laguajira/policia-y-entidades-fortalecen-acciones-de-prevencion-contra-el-trabajo-infantil-en-la-guajira/,Maicao
https://laguajirahoy.com/educacion/instituciones-unen-esfuerzos-para-prevenir-el-trabajo-infantil-en-la-guajira.html,Maicao
https://diariodelnorte.net/judiciales/capturan-a-hombre-que-se-movilizaba-en-motocicleta-requerida-por-la-justicia-en-uribia/,Maicao
https://laguajirahoy.com/riohacha-4/riohacha-proyecta-solucion-para-disposicion-final-de-residuos-solidos.html,Maicao
https://laguajirahoy.com/la-guajira-4/ciencia-y-tecnologia-llegaron-al-distrito-y-a-seis-municipios-de-la-guajira.html,Maicao
https://laguajirahoy.com/salud/alerta-sobre-riesgo-de-dengue-durante-temporada-de-lluvias-en-la-guajira.html,Maicao
https://laguajirahoy.com/riohacha/riohacha-moderniza-apoyo-investigativo-con-tecnologia-para-la-fiscalia.html,Maicao
https://diariodelnorte.net/laguajira/riohacha-fortalece-la-capacidad-investigativa-de-la-fiscalia-con-nueva-dotacion-tecnologica/,Maicao
https://laguajirahoy.com/comunidad-3/intensa-busqueda-de-dos-hermanos-desaparecidos-en-albania.html,Maicao
https://laguajirahoy.com/judiciales-2/asesinan-a-joven-wayuu-en-zona-limitrofe-entre-colombia-y-venezuela.html,Maicao
https://laguajirahoy.com/judiciales-2/asesinan-a-joven-wayuu-en-zona-limitrofe-entre-colombia-y-venezuela.html,Paraguachon
https://diariodelnorte.net/judiciales/tras-semanas-de-busqueda-encuentran-restos-que-pertenecerian-a-hombre-desaparecido/,Maicao
https://diariodelnorte.net/judiciales/tras-semanas-de-busqueda-encuentran-restos-que-pertenecerian-a-hombre-desaparecido/,Paraguachon
https://laguajirahoy.com/educacion/grupo-educativo-alex-lopez-prepara-jovenes-para-liderar-pruebas-saber-en-la-guajira.html,Maicao
https://laguajirahoy.com/nacion-2/corte-ordena-garantizar-educacion-wayuu-en-cuatro-comunidades-de-la-guajira.html,Maicao
https://laguajirahoy.com/cultura/maicao-nueva-majayut-de-oro-en-festival-wayuu.html,Maicao
https://laguajirahoy.com/maicao/maicao-impulsa-oportunidades-laborales-para-personas-con-discapacidad.html,Maicao
https://laguajirahoy.com/salud/en-maicao-capacitan-sobre-atencion-en-salud-mental.html,Maicao
https://laguajirahoy.com/judiciales/operacion-militar-en-laguajira-deja-un-muerto-y-menor-recuperado.html,Maicao
https://laguajirahoy.com/judiciales/combates-entre-ejercito-y-eln-en-la-guajira.html,Maicao
https://laguajirahoy.com/deportes/maicao-inicio-juegos-intercolegiados-con-33-instituciones-educativas.html,Maicao
https://laguajirahoy.com/maicao/comisaria-de-familia-llevo-jornada-de-convivencia-a-majayutpana.html,Maicao
https://laguajirahoy.com/nacion/invias-construyo-67-tramos-rurales-en-la-guajira.html,Maicao
https://laguajirahoy.com/politica/renuncia-de-tres-concejales-mueve-el-panorama-politico-en-maicao.html,Maicao
https://laguajirahoy.com/judiciales/incautan-medicamentos-institucionales-en-farmacia-de-maicao-y-capturan-a-una-persona.html,Maicao
https://diariodelnorte.net/judiciales/incautan-mas-de-9-000-medicamentos-de-presunta-comercializacion-ilegal-en-maicao-una-persona-fue-capturada/,Maicao
https://diariodelnorte.net/judiciales/capturan-a-presunto-expendedor-de-estupefacientes-en-el-barrio-san-martin-de-maicao/,Maicao
https://diariodelnorte.net/judiciales/ejercito-descarta-enfrentamiento-con-el-eln-en-sector-de-cuatro-vias/,Maicao
https://diariodelnorte.net/judiciales/levantan-bloqueo-en-la-via-riohacha-maicao-tras-acuerdos-con-comunidades-wayuu/,Maicao
https://laguajirahoy.com/la-guajira/ciencia-y-tecnologia-despiertan-nuevas-oportunidades-para-jovenes-guajiros.html,Maicao
https://laguajirahoy.com/la-guajira/comfaguajira-entrego-subsidios-a-122-cesantes-en-la-guajira.html,Maicao
https://diariodelnorte.net/judiciales/capturado-por-porte-de-estupefacientes-durante-operativo-policial-en-maicao/,Maicao
https://diariodelnorte.net/judiciales/capturan-a-tres-personas-por-orden-judicial-durante-el-plan-democracia-2026-en-la-guajira/,Maicao
https://laguajirahoy.com/maicao/jornada-ambiental-busca-recuperar-espacios-publicos-en-maicao.html,Maicao
https://www.eltiempo.com/politica/elecciones-colombia-2026/resultados-presidenciales-2026-primera-vuelta/en-vivo-elecciones-presidenciales-2026-siga-la-jornada-de-votacion-en-maicao-la-guajira-ultimas-noticias-3560790,Maicao
https://laguajirahoy.com/politica/gobernador-de-la-guajira-instalo-jornada-presidencial-con-llamado-a-votar-en-paz.html,Maicao
https://diariodelnorte.net/laguajira/jairo-aguilar-instalo-la-jornada-electoral-presidencial-en-la-guajira/,Maicao
https://laguajirahoy.com/politica/la-guajira-tiene-mas-de-708-mil-ciudadanos-habilitados-para-votar.html,Maicao
https://laguajirahoy.com/riohacha/la-ciencia-se-tomo-a-riohacha-con-el-parque-explora-movil.html,Maicao
https://laguajirahoy.com/la-guajira/migracion-colombia-anuncia-cierre-en-paraguachon-por-eleccion-presidencial.html,Maicao
https://laguajirahoy.com/la-guajira/migracion-colombia-anuncia-cierre-en-paraguachon-por-eleccion-presidencial.html,Paraguachon
https://diariodelnorte.net/judiciales/capturan-a-dos-presuntos-integrantes-de-red-criminal-vinculada-a-homicidios-en-maicao/,Maicao
https://diariodelnorte.net/laguajira/fiscalia-desplegara-funcionarios-en-la-guajira-para-garantizar-transparencia-electoral/,Maicao
https://www.eltiempo.com/colombia/otras-ciudades/riohacha-estrena-transporte-publico-urbano-tras-mas-de-dos-decadas-sin-un-sistema-organizado-asi-entro-a-funcionar-el-servicio-3559285,Maicao
https://laguajirahoy.com/politica/congreso-condecoro-a-aqualia-por-su-gestion-del-agua-en-la-guajira.html,Maicao
https://laguajirahoy.com/medio-ambiente-2/corporacion-autonoma-impulsa-aplicacion-del-comparendo-ambiental-en-la-guajira.html,Maicao
https://laguajirahoy.com/la-guajira-4/parque-explora-llega-a-la-guajira-con-ciencia-planetario-y-experiencias-interactivas.html,Maicao
https://laguajirahoy.com/judiciales-2/buscan-responsables-de-lanzar-explosivos-contra-batallon-en-riohacha.html,Maicao
https://laguajirahoy.com/judiciales-2/profesor-senalado-de-abuso-sexual-fue-enviado-a-carcel-en-la-guajira.html,Maicao
https://www.eltiempo.com/justicia/conflicto-y-narcotrafico/el-eln-tiene-un-plan-de-saboteo-a-las-elecciones-investigador-de-campo-explica-las-razones-detras-del-atentado-al-batallon-de-riohacha-la-guajira-3558798,Maicao
https://www.eltiempo.com/justicia/conflicto-y-narcotrafico/el-eln-tiene-un-plan-de-saboteo-a-las-elecciones-investigador-de-campo-explica-las-razones-detras-del-atentado-al-batallon-de-riohacha-la-guajira-3558798,Paraguachon
https://www.eltiempo.com/colombia/otras-ciudades/dormitorios-destruidos-y-zonas-militares-devastadas-asi-quedo-el-batallon-atacado-con-explosivos-en-la-guajira-que-dejo-doce-soldados-heridos-3558725,Maicao
https://www.eltiempo.com/colombia/otras-ciudades/riohacha-amanecio-semiparalizada-tras-atentado-al-batallon-cartagena-suspenden-clases-y-restringen-movilidad-en-la-via-a-maicao-3558719,Maicao
https://laguajirahoy.com/judiciales/12-militares-heridos-en-atentado-terrorista-en-guarnicion-militar-en-la-guajira.html,Maicao
https://laguajirahoy.com/personajes/fredrick-roberts-padron-el-serenatero-que-encontro-en-riohacha-su-escenario.html,Maicao
https://www.eltiempo.com/justicia/conflicto-y-narcotrafico/cayo-alias-el-gallero-en-la-guajira-el-exconcejal-de-uribia-acusado-de-lavado-y-envio-de-cocaina-a-ee-uu-al-servicio-del-clan-cotes-3558453,Maicao
https://diariodelnorte.net/judiciales/persisten-bloqueos-en-vias-de-la-guajira-por-protestas-indigenas-y-afrodescendientes/,Maicao
https://laguajirahoy.com/judiciales/autoridades-capturan-en-la-guajira-a-presunto-capo-con-fines-de-extradicion.html,Maicao
https://laguajirahoy.com/la-guajira-4/comfaguajira-abrio-interartes-2026-con-una-gran-agenda-cultural.html,Maicao
https://diariodelnorte.net/judiciales/capturan-en-zona-rural-de-maicao-a-hombre-requerido-por-homicidio/,Maicao
https://diariodelnorte.net/judiciales/capturan-en-zona-rural-de-maicao-a-hombre-requerido-por-homicidio/,Paraguachon
https://laguajirahoy.com/politica/jurados-designados-en-la-guajira-deben-asistir-a-capacitaciones-electorales.html,Maicao
https://laguajirahoy.com/judiciales/en-la-guajira-hay-que-hablar-sin-miedo-sobre-salud-mental.html,Maicao
https://laguajirahoy.com/cultura/interarte-recorrera-la-guajira-con-cultura-arte-e-inteligencia-artificial.html,Maicao
https://laguajirahoy.com/riohacha/con-presencia-de-mintransporte-y-empresa-privada-riohacha-reinicia-transporte-publico.html,Maicao
https://diariodelnorte.net/laguajira/policia-certifico-a-32-ciudadanos-en-jornada-pedagogica-de-seguridad-en-maicao/,Maicao
https://diariodelnorte.net/opinion/deuda-ancestral-deuda-eterna-o-dialogo-pendiente/,Maicao
https://laguajirahoy.com/judiciales-2/capturan-en-maicao-a-hombre-con-100-dosis-de-marihuana.html,Maicao
https://diariodelnorte.net/judiciales/capturan-en-maicao-a-hombre-con-100-dosis-de-marihuana-listas-para-comercializar/,Maicao
https://laguajirahoy.com/cultura-2/festival-francisco-el-hombre-une-a-la-guajira-con-billboard.html,Maicao
https://diariodelnorte.net/editorial/emergencias-con-las-manos-vacias/,Maicao
https://laguajirahoy.com/judiciales-2/capturan-en-maicao-a-docente-senalado-de-abuso-contra-menor.html,Maicao
https://laguajirahoy.com/maicao-3/coltefinanciera-fortalece-su-compromiso-social-con-comunidad-wayuu-de-maicao.html,Maicao
https://laguajirahoy.com/maicao-3/obras-de-alcantarillado-en-maicao-alcanzan-avance-del-74.html,Maicao
https://laguajirahoy.com/cultura-2/ana-daniela-paz-representa-el-orgullo-wayuu-como-majayut-2026.html,Maicao
https://laguajirahoy.com/cultura-2/ana-daniela-paz-representa-el-orgullo-wayuu-como-majayut-2026.html,Paraguachon
https://diariodelnorte.net/judiciales/capturan-a-joven-con-partes-de-pistola-y-municiones-en-maicao/,Maicao
https://laguajirahoy.com/riohacha/violencias-contra-poblacion-lgbtiq-generan-alertas-en-la-guajira.html,Maicao
https://diariodelnorte.net/judiciales/capturado-por-receptacion-durante-operativos-de-control-en-uribia/,Maicao
https://laguajirahoy.com/medio-ambiente-2/riohacha-tendra-jornada-de-reciclaje-y-sostenibilidad-en-el-malecon.html,Maicao
https://diariodelnorte.net/laguajira/gobernacion-y-minvivienda-ejecutaran-obras-de-mejoramiento-en-cinco-municipios-de-la-guajira/,Maicao
https://diariodelnorte.net/politica/uribe-respaldo-a-paloma-valencia-y-critico-al-gobierno-durante-visita-a-riohacha/,Maicao
https://laguajirahoy.com/judiciales/hombre-murio-tras-caer-de-un-hotel-en-la-guajira.html,Maicao
https://laguajirahoy.com/deportes-2/maicao-se-prepara-para-volver-a-disfrutar-su-estadio-hernando-rene-urrea-acosta.html,Maicao
https://laguajirahoy.com/maicao-3/maicao-refuerza-controles-para-proteger-animales-y-fauna-silvestre.html,Maicao
https://laguajirahoy.com/medio-ambiente-2/arboles-sembrados-en-corregimiento-de-campana-fortaleceran-su-recuperacion-ambiental.html,Maicao
https://laguajirahoy.com/comunidad-3/indigena-wayuu-es-orgullo-en-la-septima-brigada.html,Maicao
https://laguajirahoy.com/maicao-3/maicao-cero-basuras-avanza-con-jornadas-de-limpieza-en-la-ciudad.html,Maicao
https://laguajirahoy.com/la-guajira-4/familias-guajiras-mejoraran-sus-viviendas-con-apoyo-de-minvivienda.html,Maicao
https://laguajirahoy.com/maicao-3/cierran-tres-chatarrerias-en-maicao-durante-operativos-de-control.html,Maicao
https://laguajirahoy.com/medio-ambiente-2/promueven-buenas-practicas-ambientales-con-comerciantes-de-maicao.html,Maicao
https://diariodelnorte.net/laguajira/policia-fortalece-acciones-de-control-sanitario-y-ambiental-en-hoteles-de-maicao/,Maicao
https://diariodelnorte.net/uncategorised/riohacha-busca-salida-a-crisis-de-basuras-mientras-evaluan-nueva-planta-procesadora-de-residuos/,Maicao
https://diariodelnorte.net/laguajira/autoridades-refuerzan-controles-ambientales-y-sanitarios-en-hoteles-de-maicao/,Maicao
https://laguajirahoy.com/maicao-3/policia-intensifica-controles-a-piscinas-y-parques-acuaticos-en-maicao.html,Maicao
https://www.eltiempo.com/justicia/investigacion/primer-parque-eolico-de-colombia-podria-terminar-como-elefante-blanco-contraloria-alerta-detrimento-patrimonial-en-windpeshi-3554745,Maicao
https://www.eltiempo.com/justicia/cortes/la-alerta-de-la-corte-constitucional-por-grupos-armados-que-frenan-controles-sobre-la-crisis-wayuu-en-la-guajira-3554617,Maicao
https://laguajirahoy.com/judiciales/dos-capturados-en-maicao-por-presunta-red-de-extorsiones.html,Maicao
https://diariodelnorte.net/judiciales/capturan-en-uribia-a-joven-por-presuntas-amenazas-contra-su-expareja-e-incumplimiento-de-medida-judicial/,Maicao
https://diariodelnorte.net/judiciales/capturado-por-presunto-trafico-de-estupefacientes-durante-patrullajes-en-maicao/,Maicao
https://laguajirahoy.com/judiciales/nain-perez-anuncia-cese-al-fuego-y-abre-dialogo-con-petro.html,Maicao
https://www.eltiempo.com/colombia/barranquilla/propietario-de-cuatro-buses-de-transporte-interdepartamental-es-asesinado-a-tiros-en-el-suroriente-de-barranquilla-investigan-presunta-extorsion-3554256,Maicao
https://diariodelnorte.net/nacion/gerente-de-la-ese-hospital-de-uribia-advierte-grave-riesgo-para-la-mision-medica-tras-ataques-a-ambulancias/,Maicao
https://diariodelnorte.net/opinion/el-regreso-de-venezuela-al-mapa-guajiro/,Maicao
https://diariodelnorte.net/opinion/el-regreso-de-venezuela-al-mapa-guajiro/,Paraguachon
https://laguajirahoy.com/barrancas-%f0%9f%8e%b5/barrancas-inicia-actualizacion-del-pbot-para-ordenar-su-crecimiento.html,Maicao
https://diariodelnorte.net/judiciales/hallan-a-ocho-trabajadores-vinculados-al-sena-en-la-guajira-dos-conductores-y-una-camioneta-continuan-desaparecidos/,Maicao
https://laguajirahoy.com/judiciales/equipo-del-sena-fue-atracado-en-la-guajira.html,Maicao
https://laguajirahoy.com/maicao-3/en-maicao-buscan-crear-casa-de-atencion-a-personas-con-discapacidad.html,Maicao
https://laguajirahoy.com/riohacha-4/recomiendan-declarar-desierta-licitacion-de-transporte-escolar-en-riohacha.html,Maicao
https://laguajirahoy.com/la-guajira-4/ejercito-mantiene-vigilancia-sobre-linea-ferrea-de-cerrejon-en-la-guajira.html,Maicao
https://laguajirahoy.com/riohacha/lo-tapamos-ya-avanza-con-recuperacion-vial-en-riohacha.html,Maicao
https://diariodelnorte.net/judiciales/fallece-menor-de-9-anos-y-ascienden-a-dos-las-victimas-de-accidente-en-la-via-albania-maicao/,Maicao
https://diariodelnorte.net/laguajira/ejercito-refuerza-seguridad-y-desarrollo-vial-en-la-guajira-con-presencia-en-uribia-y-maicao/,Maicao
https://laguajirahoy.com/judiciales-2/reten-ilegal-revive-temor-en-la-troncal-del-caribe.html,Maicao
https://laguajirahoy.com/salud-2/atienden-posible-caso-de-intoxicacion-en-ninos-de-transicion-en-maicao.html,Maicao
https://laguajirahoy.com/medio-ambiente-2/maicao-reactiva-el-cidea-para-fortalecer-educacion-ambiental.html,Maicao
https://www.eltiempo.com/colombia/otras-ciudades/piratas-terrestres-vuelven-a-sembrar-terror-en-la-guajira-hombres-armados-asaltan-vehiculo-en-plena-via-y-quedan-en-video-3553317,Maicao
https://diariodelnorte.net/laguajira/autoridades-se-pronuncian-tras-presunta-intoxicacion-en-colegio-de-maicao-18-menores-de-transicion-fueron-atendidos/,Maicao
https://diariodelnorte.net/laguajira/autoridad-wayuu-solicita-seguimiento-a-fallo-judicial-en-la-guajira/,Maicao
https://laguajirahoy.com/medio-ambiente/corpoguajira-advierte-lluvias-variables-durante-esta-semana-en-la-guajira.html,Maicao
https://laguajirahoy.com/maicao/world-vision-entrega-agua-y-formacion-comunitaria-en-la-guajira.html,Maicao
https://diariodelnorte.net/judiciales/capturan-a-dos-hombres-y-aprehenden-a-un-menor-con-arma-ilegal-en-el-barrio-el-bosque-de-maicao/,Maicao
https://diariodelnorte.net/judiciales/operativos-en-maicao-dejan-dos-capturados-en-hechos-aislados-por-porte-de-estupefacientes-y-violencia-intrafamiliar/,Maicao
https://diariodelnorte.net/judiciales/accidente-en-la-via-maicao-albania-deja-un-lider-social-sin-vida-y-tres-personas-heridas/,Maicao
https://laguajirahoy.com/politica-2/concejo-de-maicao-abrio-sesiones-con-agenda-de-control-politico.html,Maicao
https://laguajirahoy.com/comunidad/una-historia-de-fe-muerte-y-esperanza-en-la-guajira.html,Maicao
https://diariodelnorte.net/laguajira/maicao-se-posiciona-en-la-agenda-global-de-migracion-margarita-crespo-habib-lidera-representacion-ante-la-onu/,Maicao
https://diariodelnorte.net/judiciales/capturado-en-maicao-por-presunta-falsedad-en-documento-de-transito-durante-control-vial/,Maicao
https://laguajirahoy.com/maicao/rendicion-de-cuentas-mostro-avances-administrativos-en-maicao.html,Maicao
https://laguajirahoy.com/maicao/rendicion-de-cuentas-mostro-avances-administrativos-en-maicao.html,Paraguachon
https://diariodelnorte.net/judiciales/capturado-por-porte-de-documento-falso-durante-control-policial-en-maicao/,Maicao
https://laguajirahoy.com/maicao-3/por-mantenimiento-en-subestacion-este-domingo-varios-barrios-de-maicao-estarian-sin-energia.html,Maicao
https://laguajirahoy.com/barrancas-%f0%9f%8e%b5/barrancas-coloca-primera-piedra-de-granja-porcicola-tecnificada.html,Maicao
https://laguajirahoy.com/medio-ambiente-2/corpoguajira-anuncia-siembra-de-30-mil-arboles-en-maicao.html,Maicao
https://diariodelnorte.net/opinion/la-universidad-que-nos-salvo/,Maicao
https://laguajirahoy.com/judiciales/policia-intervino-el-mercado-viejo-para-prevenir-delitos.html,Maicao
https://laguajirahoy.com/riohacha/riohacha-activo-la-estrategia-sombrilla-azul-para-proteger-a-la-ninez.html,Maicao
https://laguajirahoy.com/medio-ambiente/corpoguajira-presento-resultados-de-su-gestion-2025-en-maicao.html,Maicao
https://www.eltiempo.com/mas-contenido/uniguajira-consolida-la-inclusion-educativa-en-territorios-vulnerables-3550670,Maicao
https://diariodelnorte.net/judiciales/incautan-302-500-cajetillas-de-cigarrillo-de-contrabando-en-bodega-del-barrio-san-francisco-de-maicao/,Maicao
https://diariodelnorte.net/judiciales/capturado-por-trafico-de-estupefacientes-durante-labores-de-patrullaje-y-control-en-maicao/,Maicao
https://laguajirahoy.com/medio-ambiente-2/corpoguajira-presentara-sus-avances-de-gestion-2025-en-maicao.html,Maicao
https://laguajirahoy.com/riohacha-4/alcaldia-de-riohacha-interviene-punto-critico-en-la-via-a-maicao.html,Maicao
https://diariodelnorte.net/laguajira/intervienen-punto-critico-en-la-via-riohacha-maicao-con-jornada-de-limpieza-y-recuperacion/,Maicao
https://diariodelnorte.net/judiciales/capturan-a-hombre-con-base-de-coca-en-maicao/,Maicao
https://diariodelnorte.net/judiciales/capturado-por-presunta-falsedad-documental-durante-control-policial-en-maicao/,Maicao
https://diariodelnorte.net/politica/de-la-espriella-plantea-mano-dura-soluciones-estructurales-y-presencia-permanente-del-estado-en-la-guajira/,Maicao
https://diariodelnorte.net/opinion/a-los-guajiros-hasta-el-agua-potable-les-llega-tarde/,Maicao
https://laguajirahoy.com/politica/la-guajira-elegira-este-domingo-a-sus-dignatarios-comunales.html,Maicao
https://laguajirahoy.com/la-guajira/air-e-y-aliados-entregan-vehiculo-para-transporte-escolar-en-maicao.html,Maicao
https://www.eltiempo.com/economia/sectores/ecopetrol-reactivara-la-construccion-de-windpeshi-a-partir-de-mayo-obras-podrian-tardar-hasta-dos-anos-3550323,Maicao
https://diariodelnorte.net/laguajira/con-inversion-social-air-e-intervenida-y-aliados-entregan-transporte-escolar-para-los-ninos-de-yotojorotshi/,Maicao
https://diariodelnorte.net/sociales/la-policia-nacional-impulsa-la-convivencia-ciudadana-con-espacios-de-integracion-en-maicao/,Maicao
https://laguajirahoy.com/exclusivo/nenon-figueroa-responde-a-demanda-y-defiende-legalidad-electoral.html,Maicao
https://laguajirahoy.com/maicao-3/maicao-conmemora-el-dia-de-la-tierra-con-jornada-de-siembra-de-arboles.html,Maicao
https://diariodelnorte.net/judiciales/operativos-en-la-guajira-dejan-dos-capturados-por-trafico-de-estupefacientes/,Maicao
https://diariodelnorte.net/laguajira/fuerzas-militares-mantienen-presencia-y-acompanamiento-a-la-poblacion-en-la-guajira/,Maicao
https://laguajirahoy.com/exclusivo/acuerdo-indemnizatorio-wayuu-tras-accidente-vial-en-la-guajira.html,Maicao
https://diariodelnorte.net/judiciales/capturan-a-hombre-por-trafico-de-estupefacientes-tras-operativo-de-control-en-maicao/,Maicao
https://diariodelnorte.net/opinion/balandemia/,Maicao
https://laguajirahoy.com/politica-2/campesino-y-lider-social-busca-impulsar-cambios-en-carraipia.html,Maicao
https://laguajirahoy.com/comunidad/mujer-que-sobrevive-atentado-en-la-guajira-clama-justicia.html,Maicao
https://diariodelnorte.net/judiciales/fuerza-publica-despliega-operativos-de-seguridad-en-maicao-dos-personas-fueron-capturadas/,Maicao
https://diariodelnorte.net/judiciales/asaltan-ambulancia-con-paciente-a-bordo-en-la-via-uribia-maicao-activan-respuesta-institucional-tras-el-hecho/,Maicao
https://diariodelnorte.net/judiciales/comunidad-wayuu-bloquea-la-via-riohacha-maicao/,Maicao
https://diariodelnorte.net/judiciales/capturan-a-hombre-por-trafico-de-estupefacientes-en-el-barrio-villa-del-sol-en-maicao/,Maicao
https://laguajirahoy.com/judiciales/nuevos-pozos-llevan-agua-segura-a-comunidades-wayuu-en-la-guajira.html,Maicao
https://diariodelnorte.net/judiciales/policia-nacional-captura-en-maicao-a-hombre-por-porte-ilegal-de-arma-de-fuego/,Maicao
https://diariodelnorte.net/judiciales/59-capturas-e-incautacion-de-marihuana-y-cocaina-fueron-parte-de-los-resultados-de-operatividad-en-la-guajira/,Maicao
https://www.eltiempo.com/justicia/investigacion/procuraduria-instalo-mesa-de-atencion-prioritaria-para-ninos-y-madres-en-la-guajira-van-mas-de-3-000-beneficiados-3548931,Maicao
https://www.eltiempo.com/colombia/otras-ciudades/la-guajira-paro-armado-golpea-el-comercio-en-riohacha-perdidas-superan-los-35-mil-millones-en-tres-dias-3548966,Maicao
https://diariodelnorte.net/judiciales/refuerzan-patrullajes-en-maicao-con-presencia-conjunta-de-ejercito-y-policia/,Maicao
https://laguajirahoy.com/judiciales/aprehenden-contrabando-millonario-en-operativo-realizado-en-zona-rural-de-maicao.html,Maicao
https://laguajirahoy.com/la-guajira/cruz-roja-la-guajira-cumple-54-anos-de-labor-solidaria.html,Maicao
https://www.eltiempo.com/colombia/otras-ciudades/alias-nain-muestra-lo-mas-bajo-del-ser-humano-este-es-el-ultimatum-al-lider-criminal-que-atemoriza-la-guajira-y-tendria-cerca-una-caida-inminente-3548868,Maicao
https://diariodelnorte.net/judiciales/autoridades-de-la-guajira-investigan-posible-vinculo-de-hombre-hallado-muerto-en-uribia-con-disputa-entre-grupos-armados/,Maicao
https://diariodelnorte.net/judiciales/incautan-cargamento-ilegal-de-cigarrillos-y-combustible-avaluados-en-725-millones-en-zona-rural-de-maicao/,Maicao
https://www.eltiempo.com/justicia/conflicto-y-narcotrafico/las-interceptaciones-y-los-decomisos-de-coca-documentados-por-ee-uu-que-llevaron-a-la-captura-y-extradicion-del-exalcalde-e-de-maicao-3548564,Maicao
https://laguajirahoy.com/judiciales/delincuentes-armados-irrumpen-y-saquean-vivienda-en-fonseca.html,Maicao
https://laguajirahoy.com/judiciales/extraditan-a-ee-uu-a-seis-colombianos-tres-de-ellos-oriundos-de-la-guajira.html,Maicao
https://laguajirahoy.com/judiciales-2/operativos-en-maicao-dejan-13-capturados-por-graves-delitos.html,Maicao
https://laguajirahoy.com/judiciales-2/operativos-en-maicao-dejan-13-capturados-por-graves-delitos.html,Paraguachon
https://laguajirahoy.com/maicao-3/mas-pie-de-fuerza-mejora-vigilancia-y-seguridad-en-maicao.html,Maicao
https://laguajirahoy.com/la-guajira-4/gobernacion-de-la-guajira-promueve-obras-para-transformar-villanueva.html,Maicao
https://www.eltiempo.com/justicia/conflicto-y-narcotrafico/alias-kevin-exalcalde-e-de-maicao-entre-los-seis-extraditados-a-ee-uu-por-vinculos-con-red-de-droga-internacional-3548507,Maicao
https://www.eltiempo.com/colombia/otras-ciudades/temor-en-el-comercio-de-riohacha-la-guajira-persisten-cierres-de-establecimientos-y-refuerzo-policial-tras-amenazas-de-grupos-armados-ilegales-3548439,Maicao
https://diariodelnorte.net/laguajira/gobernacion-de-la-guajira-anuncia-ofensiva-integral-de-seguridad-en-la-alta-guajira/,Maicao
https://diariodelnorte.net/judiciales/autoridades-capturan-a-13-personas-en-maicao-por-homicidio-extorsion-y-microtrafico/,Maicao
https://diariodelnorte.net/judiciales/autoridades-capturan-a-13-personas-en-maicao-por-homicidio-extorsion-y-microtrafico/,Paraguachon
https://diariodelnorte.net/editorial/todos-contra-la-violencia/,Maicao
https://laguajirahoy.com/la-guajira/la-guajira-ordena-uso-de-casa-indigena-en-riohacha.html,Maicao
https://laguajirahoy.com/maicao/carraipia-tendra-agua-potable-tras-adjudicacion-de-proyecto-de-acueducto.html,Maicao
https://diariodelnorte.net/judiciales/capturan-a-mujer-por-trafico-de-estupefacientes-en-maicao-tenia-480-dosis-de-base-de-coca/,Maicao
https://laguajirahoy.com/judiciales-2/paro-armado-siembra-miedo-y-paraliza-la-actividad-comercial-en-riohacha.html,Maicao
https://diariodelnorte.net/laguajira/policia-incorpora-nuevos-uniformados-para-fortalecer-la-seguridad-y-las-capacidades-operativas-e-investigativas-en-la-guajira/,Maicao
https://diariodelnorte.net/judiciales/capturan-a-dos-hombres-por-trafico-de-estupefacientes-en-maicao/,Maicao
https://laguajirahoy.com/judiciales-2/gobernacion-de-la-guajira-anuncia-recompensas-tras-hechos-violentos-en-maicao.html,Maicao
https://laguajirahoy.com/la-guajira-4/defensoria-exige-proteger-la-vida-y-el-futuro-de-jovenes-en-la-guajira.html,Maicao
https://laguajirahoy.com/riohacha-4/alcaldia-retoma-lo-tapamos-ya-para-recuperar-vias-en-riohacha.html,Maicao
https://diariodelnorte.net/laguajira/gobernacion-de-la-guajira-anuncia-recompensas-y-refuerza-acciones-de-seguridad-en-maicao/,Maicao
https://diariodelnorte.net/judiciales/ofrecen-hasta-200-millones-de-pesos-de-recompensa-por-informacion-que-permita-ubicar-y-capturar-a-responsables-de-masacre-en-maicao/,Maicao
https://elpilon.com.co/judicial/revelan-las-identidades-de-los-jovenes-victimas-de-ataque-armado-en-maicao-tres-serian-wayuu,Maicao
https://diariodelnorte.net/judiciales/autoridades-realizan-consejo-extraordinario-de-seguridad-para-reforzar-la-seguridad-y-el-orden-publico/,Maicao
https://www.eltiempo.com/justicia/conflicto-y-narcotrafico/que-hay-detras-del-polvorin-en-la-guajira-masacre-en-maicao-y-enfrentamientos-en-uribia-dejan-14-muertos-3547371,Maicao
https://laguajirahoy.com/judiciales/autoridades-refuerzan-presencia-institucional-y-seguridad-en-zona-rural-de-riohacha.html,Maicao
https://laguajirahoy.com/medio-ambiente/corpoguajira-revisa-plan-clave-para-manejo-de-aguas-residuales-en-maicao.html,Maicao
https://laguajirahoy.com/maicao/con-recursos-de-regalias-embellecen-centro-de-carraipia.html,Maicao
https://laguajirahoy.com/judiciales/gobierno-intensifica-ofensiva-contra-alias-bendito-menor-en-la-guajira.html,Maicao
https://www.eltiempo.com/colombia/otras-ciudades/masacre-en-maicao-deja-cinco-muertos-y-reaviva-alarma-por-violencia-armada-en-la-guajira-en-medio-de-versiones-aun-en-verificacion-oficial-hoy-3547280,Maicao
https://laguajirahoy.com/judiciales/masacre-en-villa-mery-deja-cinco-victimas-mortales-en-maicao.html,Maicao
https://diariodelnorte.net/judiciales/hombre-oriundo-de-maicao-fue-asesinado-en-tienda-del-barrio-chiquinquira-en-barranquilla/,Maicao
https://www.eltiempo.com/economia/sectores/cuando-los-muertos-son-solo-numeros-en-la-via-3547000,Maicao
https://laguajirahoy.com/barrancas/barrancas-promueve-convivencia-y-educacion-vial-en-jornada-comunitaria.html,Maicao
https://laguajirahoy.com/maicao/maicao-intensifica-acciones-comunitarias-contra-el-dengue-en-comuna-4.html,Maicao
https://laguajirahoy.com/nacion-2/toma-mi-mano-una-apuesta-humanitaria-con-impacto-en-la-guajira.html,Maicao
https://diariodelnorte.net/laguajira/ingenieros-del-ejercito-apoyan-con-agua-potable-a-comunidad-indigena-en-manaure/,Maicao
https://laguajirahoy.com/maicao/recuperacion-del-colegio-juan-xxiii-mejora-educacion-en-maicao.html,Maicao
https://www.eltiempo.com/colombia/otras-ciudades/asi-se-reconfigura-el-nuevo-mapa-de-la-violencia-en-la-sierra-nevada-280-muertos-en-magdalena-la-guajira-y-cesar-en-primer-trimestre-de-3545748,Maicao
https://laguajirahoy.com/judiciales-2/joven-madre-se-recupera-en-centro-asistencial-tras-atentado-a-bala-en-la-guajira.html,Maicao
https://laguajirahoy.com/politica-2/maicao-se-activa-en-modo-eleccion-comunal.html,Maicao
https://laguajirahoy.com/riohacha-4/alcalde-comparte-con-adultos-mayores-en-casa-del-abuelo-de-riohacha.html,Maicao
https://laguajirahoy.com/judiciales-2/convocan-a-jornada-para-victimas-del-conflicto-armado-en-riohacha.html,Maicao
https://diariodelnorte.net/judiciales/capturan-a-hombre-por-hurto-en-vivienda-y-recuperan-vehiculo-en-hechos-aislados-en-maicao/,Maicao
https://diariodelnorte.net/judiciales/capturado-en-flagrancia-por-porte-de-estupefacientes-en-el-barrio-pastrana-de-maicao/,Maicao
https://www.eltiempo.com/justicia/conflicto-y-narcotrafico/con-35-masacres-2026-pasa-a-tener-el-primer-trimestre-mas-violento-en-colombia-en-los-ultimos-10-anos-3544984,Maicao
https://diariodelnorte.net/judiciales/operativo-en-maicao-deja-dos-capturados-por-presunto-trafico-de-armas/,Maicao
https://diariodelnorte.net/opinion/el-pueblo-wayuu-de-la-guajira-protagonista-en-el-ficci-2026/,Maicao
https://laguajirahoy.com/salud/riohacha-abre-diplomado-para-cuidar-la-salud-mental-comunitaria.html,Maicao
https://laguajirahoy.com/especiales/como-luis-diaz-ayuda-a-acercar-a-la-guajira-a-la-champions-league.html,Maicao
https://diariodelnorte.net/judiciales/policia-nacional-refuerza-la-prevencion-del-secuestro-y-la-extorsion-en-maicao/,Maicao
https://laguajirahoy.com/judiciales-2/capacitan-comerciantes-en-maicao-para-prevenir-secuestro-y-extorsion.html,Maicao
https://diariodelnorte.net/judiciales/capturan-a-hombre-que-conducia-motocicleta-reportada-como-hurtada-durante-operativos-de-control-en-uribia/,Maicao
https://diariodelnorte.net/caribe/a-mas-de-un-mes-persiste-la-busqueda-de-joven-maicaero-desaparecido-en-playas-de-puerto-colombia/,Maicao
https://www.eltiempo.com/colombia/otras-ciudades/la-guajira-el-alcalde-de-manaure-reaparece-en-video-junto-a-su-esposa-tras-polemica-por-imagenes-difundidas-en-las-redes-sociales-3544318,Maicao
https://laguajirahoy.com/politica/jovenes-de-la-guajira-asumen-liderazgo-en-nuevo-consejo-departamental.html,Maicao
https://diariodelnorte.net/judiciales/video-de-seguridad-revela-ingreso-de-sicarios-a-discoteca-en-riohacha-atentado-dejo-dos-jovenes-sin-vida/,Maicao
https://www.eltiempo.com/datos/la-sombra-del-escandalo-de-la-ungrd-en-votos-de-la-guajira-asi-les-fue-a-wadith-manzur-a-ficha-del-jefe-politico-de-olmedo-lopez-y-a-martha-peralta-3541945,Maicao
https://laguajirahoy.com/turismo-2/montes-de-oca-abre-sus-puertas-al-turismo-con-experiencias-seguras-en-semana-santa.html,Maicao
https://laguajirahoy.com/la-guajira/esepgua-rinde-cuentas-con-avances-y-retos-en-la-guajira.html,Maicao
https://laguajirahoy.com/nacion/via-barrancas-sierra-azul-avanza-y-transforma-la-conectividad-rural.html,Maicao
https://laguajirahoy.com/maicao/maicao-impulsa-su-marca-ciudad-en-encuentro-nacional-intermedio.html,Maicao
https://laguajirahoy.com/maicao/mesa-de-participacion-fortalece-voz-de-la-ninez-en-maicao-la-guajira.html,Maicao
https://www.eltiempo.com/mas-contenido/hoy-27-de-marzo-en-el-dia-mundial-del-teatro-habra-150-obras-gratuitas-3543379,Maicao
https://laguajirahoy.com/judiciales-2/nuevo-ataque-con-explosivos-agrava-seguridad-en-via-de-la-guajira.html,Maicao
https://www.eltiempo.com/colombia/otras-ciudades/la-guajira-video-difundido-desde-cuenta-del-alcalde-de-manaure-desata-controversia-nacional-y-abre-investigacion-por-posible-hackeo-3543313,Maicao
https://www.eltiempo.com/colombia/otras-ciudades/este-es-el-estado-de-salud-de-la-psicologa-embarazada-que-fue-atacada-con-arma-de-fuego-en-uribia-la-guajira-atentado-quedo-registrado-en-video-3543080,Maicao
https://diariodelnorte.net/judiciales/operativos-viales-en-la-guajira-dejan-capturas-e-incautacion-de-mercancia-ilegal/,Maicao
https://diariodelnorte.net/judiciales/recuperan-motocicleta-robada-y-capturan-a-joven-en-uribia/,Maicao
https://diariodelnorte.net/laguajira/corpoguajira-aprueba-viabilidad-ambiental-para-proyecto-de-gas-natural-en-maicao-y-albania/,Maicao
https://diariodelnorte.net/opinion/esepgua-y-el-dia-mundial-del-agua-2/,Maicao
https://laguajirahoy.com/maicao/mantenimiento-electrico-programado-generara-suspension-del-servicio-en-maicao.html,Maicao
https://laguajirahoy.com/la-guajira/desnutricion-infantil-en-la-guajira-exige-atencion-integral-urgente.html,Maicao
https://www.eltiempo.com/colombia/otras-ciudades/consternacion-en-uribia-la-guajira-psicologa-en-estado-de-embarazo-fue-atacada-a-bala-y-permanece-en-uci-tras-cesarea-de-emergencia-3542572,Maicao
https://diariodelnorte.net/judiciales/capturan-a-hombre-que-portaba-pistola-glock-sin-permiso-en-uribia/,Maicao
https://laguajirahoy.com/comunidad-3/diez-anos-sin-rastro-de-joven-desaparecida-en-maicao.html,Maicao
https://laguajirahoy.com/la-guajira/viabilidad-ambiental-abre-paso-a-gas-domiciliario-en-maicao-y-albania.html,Maicao
https://diariodelnorte.net/judiciales/capturan-en-maicao-a-hombre-por-venta-ilegal-de-juegos-de-azar/,Maicao
https://diariodelnorte.net/laguajira/la-guajira-enfrenta-creciente-crisis-por-manejo-de-residuos-solidos/,Maicao
https://diariodelnorte.net/judiciales/aprehenden-a-adolescente-con-arma-de-fabricacion-artesanal-en-maicao/,Maicao
https://diariodelnorte.net/judiciales/capturado-en-maicao-por-porte-ilegal-de-arma-de-fuego-durante-labores-de-patrullaje-y-control/,Maicao
https://diariodelnorte.net/opinion/los-maestros-pagan-para-que-los-dejen-ensenar/,Maicao
https://laguajirahoy.com/maicao/maicao-tejiendo-destino-nueva-estrategia-de-la-alcaldia-para-proyectar-la-ciudad.html,Maicao
https://diariodelnorte.net/editorial/liquidacion-de-las-eps-riesgo-sanitario-para-la-guajira/,Maicao
https://diariodelnorte.net/judiciales/capturan-a-un-hombre-por-presunto-porte-de-estupefacientes-en-maicao/,Maicao
https://laguajirahoy.com/la-guajira-4/policia-de-la-guajira-presento-resultados-y-escucho-a-la-ciudadania.html,Maicao
https://diariodelnorte.net/judiciales/capturan-a-hombre-por-trafico-de-drogas-en-maicao/,Maicao
https://diariodelnorte.net/judiciales/capturan-a-un-hombre-por-trafico-de-estupefacientes-durante-operativo-en-maicao/,Maicao
https://laguajirahoy.com/comunidad-3/maicao-celebra-a-san-jose-con-fe-cultura-y-tradicion.html,Maicao
https://diariodelnorte.net/politica/maria-cristina-soto-recibe-credencial-de-su-hijo-juan-loreto-gomez-como-representante-a-la-camara/,Maicao
https://diariodelnorte.net/laguajira/gobernacion-de-la-guajira-entrega-escenarios-deportivos-recuperados-en-el-sur-del-departamento/,Maicao
https://laguajirahoy.com/judiciales/policia-incauta-720-mil-cigarrillos-de-contrabando-en-carreteras-de-la-guajira.html,Maicao
https://laguajirahoy.com/comunidad/la-macuira-apoya-construccion-de-templo-cristiano-en-albania.html,Maicao
https://laguajirahoy.com/la-guajira/posible-frente-frio-podria-aumentar-vientos-y-oleaje-en-zonas-costeras-de-la-guajira.html,Maicao
https://laguajirahoy.com/cultura/cine-wayuu-llega-al-ficci-65-con-dos-cortometrajes-seleccionados.html,Maicao
https://laguajirahoy.com/judiciales/bloqueo-en-via-riohacha-maicao-fue-levantado-tras-dialogo.html,Maicao
https://laguajirahoy.com/la-guajira-4/gobernador-jairo-aguilar-entrega-escenarios-deportivos-renovados-en-el-sur-de-la-guajira.html,Maicao
https://laguajirahoy.com/deportes-2/guajira-repite-triunfo-en-maraton-de-barranquilla.html,Maicao
https://diariodelnorte.net/judiciales/capturan-a-un-hombre-con-mas-de-1-500-dosis-de-estupefacientes-en-el-barrio-villa-del-sol-de-maicao/,Maicao
https://diariodelnorte.net/caribe/busqueda-de-joven-maicaero-desaparecido-en-el-mar-de-puerto-colombia-completa-19-dias/,Maicao
https://diariodelnorte.net/opinion/la-politica-es-pasion-emocion-y-conviccion-pero-tambien-es-estrategia/,Maicao
https://diariodelnorte.net/laguajira/autoridades-fortalecen-acciones-para-proteger-la-ninez-y-promover-un-turismo-seguro-en-maicao/,Maicao
https://diariodelnorte.net/judiciales/capturan-a-joven-con-mas-de-170-dosis-de-estupefacientes-en-paraguachon/,Maicao
https://diariodelnorte.net/judiciales/capturan-a-joven-con-mas-de-170-dosis-de-estupefacientes-en-paraguachon/,Paraguachon
https://laguajirahoy.com/nacion/unimagdalena-y-gobierno-socializan-proyecto-de-economia-solidaria-en-la-guajira.html,Maicao
https://laguajirahoy.com/cultura-2/un-bloque-por-cultura-jayeechi-busca-construir-su-casa-en-riohacha.html,Maicao
https://diariodelnorte.net/judiciales/capturan-a-un-hombre-por-presunto-trafico-de-estupefacientes-en-maicao/,Maicao
https://diariodelnorte.net/judiciales/policia-recupera-motocicleta-reportada-como-hurtada-en-maicao/,Maicao
https://diariodelnorte.net/judiciales/capturan-a-hombre-por-trafico-de-estupefacientes-en-el-barrio-san-martin-de-maicao/,Maicao
https://laguajirahoy.com/salud/socializacion-academica-impulsa-la-interoperabilidad-clinica-para-fortalecer-sistema-de-salud-en-la-guajira.html,Maicao
https://laguajirahoy.com/medio-ambiente-2/corpoguajira-promueve-voluntariado-ambiental-entre-estudiantes-universitarios-en-fonseca.html,Maicao
https://laguajirahoy.com/nacion-2/geolocalizacion-educativa-permite-priorizar-inversiones-en-colegios-de-la-guajira.html,Maicao
https://diariodelnorte.net/judiciales/operativos-de-control-dejan-dos-capturados-por-presunto-trafico-de-estupefacientes-en-riohacha-y-maicao/,Maicao
https://laguajirahoy.com/judiciales-2/capturan-a-jurados-de-votacion-requeridos-por-graves-delitos-en-la-guajira.html,Maicao
https://laguajirahoy.com/nacion-2/abren-proceso-para-elegir-comision-asesora-nacional-de-derechos-humanos.html,Maicao
https://diariodelnorte.net/judiciales/camara-de-seguridad-capta-hurto-en-el-centro-de-maicao-comunidad-denuncia-reiterados-robos-en-el-sector/,Maicao
https://diariodelnorte.net/politica/la-guajira-define-sus-representantes-en-el-congreso-asi-quedo-la-votacion-para-senado-y-camara/,Maicao
https://laguajirahoy.com/maicao/maicao-hace-seguimiento-institucional-a-la-sentencia-t-302-de-2017.html,Maicao
https://laguajirahoy.com/medio-ambiente/instalan-estaciones-para-monitorear-calidad-del-aire-en-resguardo-provincial.html,Maicao
https://laguajirahoy.com/la-guajira/director-de-transito-de-albania-denuncia-intento-de-soborno-y-falsas-acusaciones.html,Maicao
https://diariodelnorte.net/judiciales/recuperan-dos-motocicletas-hurtadas-capturan-a-un-hombre-por-receptacion-e-incautan-arma-traumatica-en-vias-de-la-guajira/,Maicao
https://diariodelnorte.net/judiciales/recuperan-dos-motocicletas-hurtadas-capturan-a-un-hombre-por-receptacion-e-incautan-arma-traumatica-en-vias-de-la-guajira/,Paraguachon
https://diariodelnorte.net/judiciales/capturan-a-dos-hombres-por-receptacion-y-recuperan-motocicletas-con-reporte-de-hurto-en-la-guajira/,Maicao
https://laguajirahoy.com/medio-ambiente-2/corpoguajira-impulsa-educacion-ambiental-en-colegios-y-comunidades-de-la-guajira.html,Maicao
https://laguajirahoy.com/politica-2/campana-juntos-somos-la-fuerza-rechaza-denuncias-electorales-infundadas.html,Maicao
https://www.eltiempo.com/politica/elecciones-colombia-2026/el-redes-politicas-que-aparecen-tras-las-millonarias-incautaciones-de-dinero-a-dias-de-las-elecciones-legislativas-3537525,Maicao
https://laguajirahoy.com/politica-2/pablo-parra-busca-llegar-a-la-camara-para-defender-a-la-guajira.html,Maicao
https://laguajirahoy.com/politica-2/proponen-elevar-a-maicao-a-distrito-especial-desde-el-congreso.html,Maicao
https://diariodelnorte.net/judiciales/capturan-a-hombre-portando-varias-dosis-de-marihuana-y-cocaina-en-el-municipio-de-maicao/,Maicao
https://diariodelnorte.net/judiciales/capturado-en-flagrancia-por-el-delito-de-violencia-intrafamiliar-en-uribia/,Maicao
https://laguajirahoy.com/medio-ambiente/corpoguajira-impulsa-proyecto-para-recuperar-y-fortalecer-areas-verdes-urbanas-en-maicao.html,Maicao
https://www.eltiempo.com/unidad-investigativa/hablan-3-de-los-7-politicos-cuyos-nombres-aparecen-en-los-sobres-con-dinero-incautado-a-escolta-de-poderoso-secretario-de-la-camara-3536907,Maicao
https://diariodelnorte.net/judiciales/capturan-a-hombre-que-conducia-vehiculo-reportado-como-hurtado-en-paraguachon/,Maicao
https://diariodelnorte.net/judiciales/capturan-a-hombre-que-conducia-vehiculo-reportado-como-hurtado-en-paraguachon/,Paraguachon
https://diariodelnorte.net/laguajira/ministerio-de-transporte-adjudicara-33-billones-para-intervenir-vias-de-la-guajira/,Maicao
https://laguajirahoy.com/judiciales/capturan-escolta-de-unp-con-millonario-dinero-y-propaganda-electoral-en-la-guajira.html,Maicao
https://diariodelnorte.net/editorial/vias-para-la-guajira/,Maicao
https://laguajirahoy.com/politica/multitudinario-cierre-de-la-fuerza-sacude-panorama-politico-en-maicao.html,Maicao
https://laguajirahoy.com/judiciales-2/alerta-de-secuestro-sacude-campana-politica-en-la-guajira.html,Maicao
https://diariodelnorte.net/judiciales/tres-capturados-en-la-guajira-por-estupefacientes-y-por-orden-judicial-por-concierto-para-delinquir/,Maicao
https://diariodelnorte.net/judiciales/recuperan-en-maicao-motocicleta-hurtada-y-capturan-a-un-hombre-de-23-anos-por-receptacion/,Maicao
https://diariodelnorte.net/judiciales/capturado-por-porte-ilegal-de-arma-y-recuperada-motocicleta-requerida-por-la-justicia-en-maicao/,Maicao
https://laguajirahoy.com/nacion/inversion-vial-transformara-conectividad-en-la-guajira.html,Maicao
https://laguajirahoy.com/politica/asamblea-de-la-guajira-instala-primer-periodo-de-sesiones-2026.html,Maicao
https://laguajirahoy.com/maicao/maicao-no-cesa-busqueda-de-joven-desaparecido.html,Maicao
https://laguajirahoy.com/politica/kendrys-diaz-juventud-y-liderazgo-con-vision-social-en-maicao.html,Maicao
https://laguajirahoy.com/politica/el-cierre-de-maicao-fue-apoteosico-que-impulsa-candidatura-de-pablo-parra.html,Maicao
https://laguajirahoy.com/politica/maicao-respalda-a-deluque-en-multitudinario-cierre.html,Maicao
https://diariodelnorte.net/judiciales/capturan-a-hombre-por-receptacion-en-maicao-y-recuperan-motocicleta-reportada-como-hurtada-en-huila/,Maicao
https://laguajirahoy.com/nacion/emprendedores-de-la-guajira-se-fortalecen-con-formacion-energetica.html,Maicao
https://laguajirahoy.com/judiciales/maicao-se-moviliza-por-joven-desaparecido-en-playas-de-puerto-colombia.html,Maicao
https://laguajirahoy.com/nacion-2/creg-convoca-talleres-en-riohacha-para-definir-regulacion-de-combustibles.html,Maicao
https://laguajirahoy.com/turismo-2/maicao-presenta-su-marca-ciudad-y-fortalece-su-proyeccion-turistica.html,Maicao
https://diariodelnorte.net/laguajira/familiares-de-mateo-isai-arias-piden-ayuda-para-apoyar-su-busqueda-en-puerto-colombia/,Maicao
https://diariodelnorte.net/judiciales/capturan-a-un-hombre-por-presunto-trafico-de-estupefacientes-en-el-barrio-san-martin-de-maicao/,Maicao
https://laguajirahoy.com/riohacha-4/riohacha-enfrenta-92-puntos-criticos-por-basuras.html,Maicao
https://laguajirahoy.com/judiciales/capturan-a-persona-por-municion-de-alto-calibre-en-maicao-la-guajira.html,Maicao
https://diariodelnorte.net/judiciales/detienen-en-maicao-a-hombre-con-42-cartuchos-de-fusil-7-62-mm-durante-allanamiento/,Maicao
https://diariodelnorte.net/judiciales/capturan-en-maicao-a-hombre-por-presunta-falsedad-en-documento-de-transito-durante-control-policial/,Maicao
https://diariodelnorte.net/laguajira/operativos-de-control-refuerzan-la-seguridad-en-establecimientos-publicos-de-maicao/,Maicao
https://diariodelnorte.net/judiciales/capturan-a-hombre-por-presunto-caso-de-violencia-intrafamiliar-en-maicao/,Maicao
https://diariodelnorte.net/laguajira/gobernacion-habilita-acceso-directo-al-geovisor-del-sistema-de-informacion-wayuu/,Maicao
https://diariodelnorte.net/judiciales/capturan-en-maicao-a-hombre-senalado-de-ingresar-ilegalmente-a-una-vivienda-tras-alerta-ciudadana/,Maicao
https://laguajirahoy.com/maicao/maicao-articula-esfuerzos-y-lleva-alimentos-a-familias-vulnerables.html,Maicao
https://laguajirahoy.com/politica/parra-responde-a-criticas-y-muestra-musculo-politico-en-maicao.html,Maicao
https://diariodelnorte.net/judiciales/capturan-a-dos-hombres-por-receptacion-y-recuperan-motocicletas-hurtadas-en-uribia-y-riohacha/,Maicao
https://diariodelnorte.net/judiciales/capturado-en-maicao-por-presunta-violacion-de-domicilio/,Maicao
https://laguajirahoy.com/personajes/del-silencio-del-miedo-al-canto-del-violin.html,Maicao
https://diariodelnorte.net/laguajira/ejercito-icbf-y-entidades-entregan-mas-de-mil-mercados-a-familias-del-asentamiento-la-pista-en-maicao/,Maicao
https://diariodelnorte.net/judiciales/comunidad-bloquea-la-via-maicao-paradero-por-falta-de-agua-potable-y-servicio-electrico/,Maicao
https://laguajirahoy.com/nacion-2/indemnizan-a-victimas-del-conflicto-en-la-guajira.html,Maicao
https://diariodelnorte.net/laguajira/procuraduria-lleva-feria-de-servicios-a-uribia-para-garantizar-derechos-de-la-ninez-wayuu/,Maicao
https://diariodelnorte.net/judiciales/habitantes-de-comunidad-indigena-bloquean-la-via-maicao-riohacha-para-exigir-reconocimiento/,Maicao
https://laguajirahoy.com/nacion-2/ecopetrol-impulsa-la-economia-regional-con-contratacion-en-el-norte-del-pais.html,Maicao
https://laguajirahoy.com/comunidad-3/ceniza-marca-el-inicio-del-camino-espiritual-hacia-la-semana-santa.html,Maicao
https://diariodelnorte.net/editorial/carnaval-debemos-consolidar-futuro/,Maicao
https://laguajirahoy.com/maicao/alcaldia-de-maicao-impulsa-estrategia-para-bienestar-animal-y-orden-urbano.html,Maicao
https://laguajirahoy.com/judiciales/operativos-en-maicao-dejan-cuatro-capturados-y-refuerzan-trabajo-institucional.html,Maicao
https://laguajirahoy.com/comunidad-3/entre-lagrimas-y-gratitud-damas-rosadas-de-la-guajira-despiden-a-una-de-sus-fundadoras.html,Maicao
https://diariodelnorte.net/judiciales/en-maicao-capturan-a-dos-personas-por-hurto-y-lesiones-personales/,Maicao
https://diariodelnorte.net/judiciales/capturado-hombre-por-presunto-trafico-de-estupefacientes-en-maicao/,Maicao
https://diariodelnorte.net/judiciales/policia-recupera-dos-motocicletas-reportadas-como-hurtadas-en-manaure-y-maicao/,Maicao
https://laguajirahoy.com/nacion/puente-militar-devolvera-movilidad-entre-magdalena-y-la-guajira.html,Maicao
https://diariodelnorte.net/judiciales/gaula-captura-a-presunto-integrante-del-eln-con-material-belico-en-uribia/,Maicao
https://diariodelnorte.net/judiciales/capturan-a-mujer-por-lesiones-personales-en-el-barrio-la-paz-de-maicao/,Maicao
https://diariodelnorte.net/judiciales/una-menor-fallece-y-otra-resulta-herida-por-disparos-al-aire-durante-velorio-wayuu-en-la-via-maicao-riohacha/,Maicao
https://laguajirahoy.com/judiciales/tragedia-en-exhumacion-wayuu-nina-fallece-y-otra-resulta-herida-en-la-guajira.html,Maicao
https://laguajirahoy.com/nacion-2/gobierno-nacional-anuncia-paquete-vial-para-el-norte-de-la-guajira.html,Maicao
https://diariodelnorte.net/judiciales/capturado-joven-de-19-anos-con-mas-de-200-gramos-de-marihuana-en-albania/,Maicao
https://laguajirahoy.com/politica/manuel-rosado-trayectoria-publica-con-sello-maicaero.html,Maicao
https://diariodelnorte.net/judiciales/operativo-en-maicao-deja-un-capturado-por-presunto-trafico-de-estupefacientes/,Maicao
https://laguajirahoy.com/politica/candidata-de-la-fuerza-sufre-desmayo-durante-recorrido-en-maicao.html,Maicao
https://diariodelnorte.net/opinion/alfredo-deluque-zuleta-liderazgo-solido-y-demostrado/,Maicao
https://laguajirahoy.com/la-guajira/arrancan-obras-para-reconectar-a-la-guajira-con-magdalena.html,Maicao
https://diariodelnorte.net/judiciales/incautan-mercancia-de-contrabando-avaluada-en-400-millones-durante-operativo-en-maicao/,Maicao
https://www.eltiempo.com/economia/empresas/grupo-ecopetrol-entrega-ayudas-humanitarias-a-mas-de-29-000-damnificados-por-la-ola-invernal-en-el-caribe-3532112,Maicao
https://laguajirahoy.com/maicao/manos-rojas-alzan-su-voz-por-la-ninez-de-maicao.html,Maicao
https://laguajirahoy.com/comunidad/empresa-estatal-colombiana-entrega-ayudas-a-29-mil-damnificados.html,Maicao
https://diariodelnorte.net/judiciales/capturan-en-maicao-a-hombre-con-orden-judicial-por-acceso-carnal-violento/,Maicao
https://diariodelnorte.net/judiciales/levantan-bloqueos-en-las-salidas-de-maicao-hacia-albania-y-riohacha-tras-acuerdos-con-campesinos/,Maicao
https://laguajirahoy.com/maicao/maicao-siembra-futuro-recupera-maquinaria-agricola-y-devuelve-esperanza-al-campo.html,Maicao
https://laguajirahoy.com/maicao/gestion-del-alcalde-permite-aumentar-cupos-de-combustible-para-maicao.html,Maicao
https://laguajirahoy.com/turismo-2/la-guajira-en-anato-2026-turismo-autentico-sostenible-y-plurietnico.html,Maicao
https://laguajirahoy.com/maicao-3/demoras-en-habilitacion-de-vehiculos-retrasan-transporte-escolar-en-maicao.html,Maicao
https://laguajirahoy.com/nacion/satena-gestiona-vuelos-diarios-entre-riohacha-y-barranquilla-tras-colapso-del-puente.html,Maicao
https://laguajirahoy.com/nacion/satena-gestiona-vuelos-diarios-entre-riohacha-y-barranquilla-tras-colapso-del-puente.html,Paraguachon
https://laguajirahoy.com/maicao/maicao-regula-movilidad-urbana-con-prohibicion-de-traccion-animal.html,Maicao
https://www.eltiempo.com/salud/el-milagro-de-los-peces-en-la-guajira-3531088,Maicao
https://diariodelnorte.net/judiciales/comunidades-wayuu-bloquean-la-via-riohacha-maicao-por-presuntas-demoras-en-contratacion-del-icbf/,Maicao
https://diariodelnorte.net/sociales/policia-y-autoridades-articulan-acciones-de-seguridad-y-convivencia-ciudadana-en-barrios-de-maicao/,Maicao
https://laguajirahoy.com/comunidad/miles-de-personas-participaron-en-maicao-en-clamor-por-paz.html,Maicao
https://laguajirahoy.com/politica/pablo-parra-y-rosalinda-aguilar-una-alianza-que-conecta-con-el-pueblo-guajiro.html,Maicao
https://diariodelnorte.net/sociales/policia-y-entidades-locales-lideran-jornada-comunitaria-por-la-convivencia-en-el-barrio-altos-de-parrantial-de-maicao/,Maicao
https://laguajirahoy.com/la-guajira/educacion-vial-para-proteger-la-vida-en-corredores-escolares.html,Maicao
https://laguajirahoy.com/la-guajira/educacion-vial-para-proteger-la-vida-en-corredores-escolares.html,Paraguachon
https://laguajirahoy.com/la-guajira/esepgua-refuerza-acercamiento-con-comunidades-rurales-de-la-guajira.html,Maicao
https://diariodelnorte.net/judiciales/gaula-intensifica-acciones-contra-la-extorsion-y-fomenta-la-denuncia-segura-en-maicao/,Maicao
https://laguajirahoy.com/judiciales/capturas-por-ataque-a-bala-en-maicao-avanzan-a-fase-judicial.html,Maicao
https://laguajirahoy.com/educacion/educacion-con-garantias-maicao-fortalece-su-compromiso-institucional.html,Maicao
https://laguajirahoy.com/riohacha-4/guardianes-del-saber-proteger-la-infancia-es-sembrar-esperanza-en-abuwimake.html,Maicao
https://diariodelnorte.net/laguajira/gobierno-petro-hace-historia-en-la-guajira-23-billones-garantizan-educacion-y-alimentacion-digna-a-mas-de-270-mil-ninos-ninas-y-jovenes/,Maicao
https://laguajirahoy.com/comunidad/salud-con-rostro-humano-llega-a-habitantes-de-calle-en-maicao.html,Maicao
https://diariodelnorte.net/judiciales/identifican-a-hombre-wayuu-asesinado-de-dos-impactos-de-bala-en-la-carretera-maicao-cuatro-vias/,Maicao
https://www.eltiempo.com/salud/la-estrategia-del-banco-de-alimentos-para-enfrentar-la-desnutricion-infantil-en-la-guajira-hemos-salvado-a-mas-de-70-ninos-de-la-muerte-3529378,Maicao
https://laguajirahoy.com/politica/autoridades-indigenas-respaldan-campana-juntos-somos-la-fuerza-en-maicao.html,Maicao
https://www.eltiempo.com/vida/viajar/montes-de-oca-el-desconocido-e-inexplorado-destino-en-la-guajira-donde-un-rio-cristalino-forma-piscinas-naturales-en-medio-de-un-inmenso-bosque-3529060,Maicao
https://diariodelnorte.net/laguajira/policia-acompana-el-regreso-a-clases-y-refuerza-la-seguridad-escolar-en-maicao/,Maicao
https://laguajirahoy.com/nacion-2/escuelas-que-transforman-territorios-y-dignidad-educativa-en-la-guajira.html,Maicao
https://laguajirahoy.com/comunidad-3/un-oficio-que-vio-nacer-la-television-moderna.html,Maicao
https://diariodelnorte.net/judiciales/con-pronostico-reservado-permanece-hombre-herido-de-bala-en-atentado-sicarial-en-maicao/,Maicao
https://laguajirahoy.com/judiciales/maicao-respira-tras-liberacion-de-reconocido-comerciante.html,Maicao
https://www.eltiempo.com/mundo/medio-oriente/de-libano-a-colombia-los-tentaculos-de-hezbola-el-proxy-armado-de-iran-que-teje-una-red-global-de-poder-y-economias-ilegales-3529668,Maicao
https://diariodelnorte.net/editorial/elecciones-en-medio-del-miedo/,Maicao
https://laguajirahoy.com/la-guajira/esepgua-cambio-la-politica-del-agua-y-devolvio-esperanza-a-la-guajira.html,Maicao
https://laguajirahoy.com/comunidad/memorias-que-en-un-dia-como-hoy-han-marcado-el-rumbo-de-la-guajira.html,Maicao
https://laguajirahoy.com/politica/la-lista-maicaera-fortalece-trabajo-territorial-con-la-fuerza-del-pueblo.html,Maicao
https://laguajirahoy.com/la-guajira/parques-biosaludables-devuelven-encuentro-y-propicia-salud-a-la-guajira.html,Maicao
https://laguajirahoy.com/maicao/despues-de-ocho-anos-pavimento-devuelve-dignidad-a-barrios-de-maicao-la-guajira.html,Maicao
https://laguajirahoy.com/nacion/la-guajira-vive-la-mayor-inversion-educativa-de-su-historia.html,Maicao
https://laguajirahoy.com/comunidad/acontecimientos-que-en-la-fecha-aportaron-al-desarrollo-de-la-guajira.html,Maicao
https://diariodelnorte.net/judiciales/comunidad-wayuu-bloquea-la-via-paradero-maicao-por-incumplimiento-de-acuerdos-en-servicios-publicos/,Maicao
https://diariodelnorte.net/laguajira/gran-asamblea-reunira-a-5-000-autoridades-del-pueblo-wayuu-en-uribia-para-concertar-soluciones/,Maicao
https://diariodelnorte.net/opinion/cuando-el-bloque-de-busqueda-fue-para-la-vida-pero-llego-tarde/,Maicao
https://laguajirahoy.com/maicao/maicao-se-une-en-oracion-clamor-por-la-vida-seguridad-y-esperanza.html,Maicao
https://laguajirahoy.com/maicao-3/tenderos-de-maicao-se-unen-en-oracion-por-comerciante-secuestrado.html,Maicao
https://diariodelnorte.net/judiciales/capturan-a-presunto-delincuente-por-porte-ilegal-de-armas-en-maicao/,Maicao
https://diariodelnorte.net/opinion/obras-son-amores/,Maicao
https://laguajirahoy.com/judiciales/la-guajira-busca-seguridad-y-apoyo-a-comunidades-tras-consejo-de-seguridad.html,Maicao
https://laguajirahoy.com/politica-2/la-guajira-redefine-su-aspiracion-politica-al-senado-con-liderazgo-femenino.html,Maicao
https://diariodelnorte.net/editorial/se-recrudece-la-violencia-en-la-guajira/,Maicao
https://laguajirahoy.com/judiciales/con-presencia-del-estado-maicao-enfrenta-estructuras-de-extorsion.html,Maicao
https://www.eltiempo.com/salud/crecen-versiones-sobre-posible-salida-del-superintendente-de-salud-bernardo-camacho-por-presiones-ligadas-a-la-esposa-del-ministro-3527308,Maicao
https://www.eltiempo.com/colombia/otras-ciudades/alias-bendito-menor-envia-carta-al-gobierno-nacional-solicitando-frenar-la-persecucion-en-su-contra-y-retomar-dialogos-esto-dice-la-comunicacion-3527262,Maicao
https://diariodelnorte.net/editorial/lanchas-entre-la-urgencia-y-las-dudas/,Maicao
https://laguajirahoy.com/judiciales-2/maicao-ofrece-recompensa-historica-contra-rafita-200-millones-de-pesos.html,Maicao
https://diariodelnorte.net/judiciales/en-video-quedo-registrado-el-secuestro-de-un-tendero-en-el-barrio-torre-de-la-majayura-en-maicao/,Maicao
https://www.eltiempo.com/salud/los-crecientes-cuestionamientos-a-las-inversiones-del-ministerio-de-salud-se-han-invertido-8-2-billones-en-atencion-primaria-en-tres-anos-3526765,Maicao
https://laguajirahoy.com/comunidad/damas-rosadas-seccional-la-guajira-fortalecen-lazos-en-emotiva-integracion-en-distraccion.html,Maicao
https://laguajirahoy.com/politica/senador-guajiro-pide-soluciones-para-la-salud-en-alta-guajira.html,Maicao
https://www.eltiempo.com/salud/nueva-polemica-envuelve-a-la-esposa-del-ministro-de-salud-la-salida-de-una-directiva-en-la-supersalud-reaviva-denuncias-por-presuntas-presiones-3526737,Maicao
https://www.eltiempo.com/salud/supersalud-aclara-que-no-gerencia-ni-administra-a-eps-intervenidas-pero-si-designa-a-los-interventores-que-las-controlan-y-aprueba-plan-de-accion-3526704,Maicao
https://diariodelnorte.net/judiciales/accidente-en-la-via-riohacha-maicao-deja-personas-heridas-y-saqueos-por-parte-de-la-comunidad/,Maicao
https://laguajirahoy.com/opinion/columnista/obras-son-amores.html,Maicao
https://www.eltiempo.com/politica/gobierno/presidente-gustavo-petro-defendio-compra-de-lanchas-ambulancia-para-maicao-tiene-una-sede-hospitalaria-en-nazareth-extremo-norte-de-colombia-3526505,Maicao
https://diariodelnorte.net/laguajira/policia-refuerza-estrategias-de-prevencion-del-delito-con-jornadas-comunitarias-en-maicao/,Maicao
https://laguajirahoy.com/maicao/el-dialogo-devolvio-movilidad-y-calma-a-musamana.html,Maicao
https://www.eltiempo.com/justicia/conflicto-y-narcotrafico/arranco-la-entrega-de-alias-bendito-menor-cabecilla-de-las-autodefensas-conquistadores-de-la-sierra-nevada-3526455,Maicao
https://www.eltiempo.com/salud/ecuador-es-uno-de-los-principales-destinos-de-los-medicamentos-producidos-en-colombia-industria-alerta-por-arancel-del-3526431,Maicao
https://laguajirahoy.com/salud/lanchas-medicalizadas-llevan-esperanza-y-salud-a-comunidades-de-alta-guajira.html,Maicao
https://www.eltiempo.com/salud/liquidar-eps-podria-provocar-una-crisis-sin-precedentes-y-pondria-en-riesgo-a-millones-de-pacientes-advierten-exministros-y-actores-del-sector-salud-3526372,Maicao
https://laguajirahoy.com/judiciales/senalan-a-alias-guajiro-de-haber-asesinado-a-dos-policias.html,Maicao
https://www.eltiempo.com/salud/ataques-contra-misiones-medicas-en-conflictos-armados-alcanzan-niveles-record-en-todo-el-mundo-en-colombia-se-usan-ambulancias-como-escudo-3526307,Maicao
https://www.eltiempo.com/salud/ministerio-de-salud-y-asociacion-colombiana-de-sociedades-cientificas-se-enfrentan-por-cumplimiento-de-tutela-sobre-equipos-basicos-de-salud-3526282,Maicao
https://www.eltiempo.com/salud/minsalud-defiende-compra-de-lanchas-ambulancia-y-asegura-que-pese-a-estar-intervenido-el-hospital-san-jose-de-maicao-esta-habilitado-para-operarlas-3526278,Maicao
https://diariodelnorte.net/judiciales/cae-alias-yuce-senalado-de-homicidios-selectivos-y-de-integrar-una-estructura-criminal-en-maicao/,Maicao
https://www.eltiempo.com/salud/gobierno-oficializa-a-drogas-la-rebaja-como-el-principal-operador-del-estado-para-entrega-de-medicamentos-tras-fase-de-intervencion-3526169,Maicao
https://elpilon.com.co/general/minsalud-entrega-lanchas-ambulancia-a-maicao-un-municipio-sin-rio-ni-mar-y-desata-cuestionamientos,Maicao
https://www.eltiempo.com/salud/mujeres-caficultoras-de-huila-en-el-centro-de-nuevo-programa-contra-el-cancer-cervical-en-el-que-participan-el-ctic-la-gobernacion-y-otras-entidades-3526214,Maicao
https://diariodelnorte.net/judiciales/capturan-a-presunto-integrante-de-estructura-criminal-por-extorsion-en-paraguachon/,Maicao
https://diariodelnorte.net/judiciales/capturan-a-presunto-integrante-de-estructura-criminal-por-extorsion-en-paraguachon/,Paraguachon
https://diariodelnorte.net/laguajira/homicidios-en-la-guajira-estarian-ligados-a-disputas-entre-estructuras-criminales-segun-secretario-de-gobierno/,Maicao
https://www.eltiempo.com/salud/ministerio-de-salud-justifica-la-compra-de-lanchas-ambulancia-para-maicao-municipio-en-medio-del-desierto-sin-acceso-a-mar-ni-rio-3526191,Maicao
https://diariodelnorte.net/laguajira/ministerio-de-salud-confirma-que-el-hospital-san-jose-de-maicao-esta-habilitado-para-operar-ambulancias-maritimas/,Maicao
https://diariodelnorte.net/judiciales/comunidad-wayuu-bloquea-por-segundo-dia-la-via-maicao-riohacha-tras-muerte-de-un-integrante-arrollado/,Maicao
https://diariodelnorte.net/judiciales/recuperan-motocicleta-con-orden-de-inmovilizacion-por-hurto-en-barrancas/,Maicao
https://www.eltiempo.com/salud/las-polemicas-del-ministerio-de-salud-en-maicao-entregaron-lanchas-ambulancia-en-el-desierto-y-denuncias-que-salpican-a-la-esposa-del-ministro-3526064,Maicao
https://www.eltiempo.com/salud/polemica-por-millonaria-inversion-de-minsalud-entregaron-dos-lanchas-ambulancia-a-maicao-un-municipio-sin-mar-ni-rio-ubicado-en-pleno-desierto-3526037,Maicao
https://diariodelnorte.net/judiciales/ediles-de-paraguachon-denuncian-amenazas-tras-recibir-video-intimidante/,Maicao
https://diariodelnorte.net/judiciales/ediles-de-paraguachon-denuncian-amenazas-tras-recibir-video-intimidante/,Paraguachon
https://diariodelnorte.net/judiciales/policia-incauta-arma-de-fuego-y-recupera-vehiculo-hurtado-en-zona-rural-de-uribia/,Maicao
https://www.eltiempo.com/justicia/conflicto-y-narcotrafico/balance-de-orden-publico-decomisos-de-droga-contrabando-y-capturas-dejan-operaciones-militares-en-6-departamentos-3525810,Maicao
https://laguajirahoy.com/comunidad/guajirina-al-barrio-fortalecio-comunidad-y-nutricion-en-barrio-de-riohacha.html,Maicao
https://laguajirahoy.com/la-guajira/proyectos-sociales-de-ecopetrol-beneficiaron-al-25-de-la-poblacion-guajira-en-2025.html,Maicao
https://diariodelnorte.net/judiciales/en-vias-de-la-guajira-capturan-a-tres-personas-por-porte-de-documento-falso-y-una-por-receptacion/,Maicao
https://diariodelnorte.net/judiciales/en-vias-de-la-guajira-capturan-a-tres-personas-por-porte-de-documento-falso-y-una-por-receptacion/,Paraguachon
https://laguajirahoy.com/salud/nueva-sala-renal-fortalece-al-hospital-de-maicao.html,Maicao
https://laguajirahoy.com/politica/pablo-parra-liderazgo-guajiro-que-no-baja-el-ritmo.html,Maicao
https://elpilon.com.co/cesar-y-la-guajira/nace-una-nueva-fuerza-de-poder-en-la-guajira-katia-ospino-durante-evento-politico-en-maicao,Maicao
https://diariodelnorte.net/judiciales/un-muerto-y-dos-heridos-deja-enfrentamiento-interclanil-en-zona-rural-de-albania/,Maicao
https://diariodelnorte.net/judiciales/capturan-a-dos-personas-por-porte-o-tenencia-de-armas-de-fuego-en-maicao/,Maicao
https://diariodelnorte.net/laguajira/autoridades-y-comunidad-se-unieron-en-maicao-en-un-llamado-por-la-paz-la-vida-y-la-convivencia/,Maicao
https://diariodelnorte.net/editorial/clan-ipuana-sigue-reclamando/,Maicao
https://laguajirahoy.com/salud/mas-cerca-de-salvar-vidas-alta-guajira-recibe-medios-para-atender-emergencias-medicas.html,Maicao
https://diariodelnorte.net/judiciales/incautan-cerca-de-90-kilos-de-marihuana-en-operacion-conjunta-en-zona-rural-de-maicao/,Maicao
https://www.eltiempo.com/colombia/otras-ciudades/la-ofensiva-del-ejercito-en-la-guajira-autoridades-van-tras-la-pista-de-alias-nain-y-la-bebecita-en-las-estribaciones-de-la-sierra-nevada-3524388,Maicao
https://diariodelnorte.net/judiciales/captura-por-porte-de-estupefacientes-durante-patrullaje-en-maicao/,Maicao
https://diariodelnorte.net/judiciales/ejercito-confirma-que-alias-nain-y-su-pareja-escaparon-tras-combates-en-dibulla/,Maicao
https://www.eltiempo.com/colombia/otras-ciudades/en-bombardeo-del-ejercito-contra-las-autodefensas-conquistadores-de-la-sierra-cae-alias-la-bebecita-cabecilla-huyo-del-campamento-3524303,Maicao
https://www.eltiempo.com/justicia/conflicto-y-narcotrafico/reportan-operacion-militar-en-la-sierra-nevada-contra-los-pachencas-grupo-senalado-de-la-masacre-en-maicao-que-dejo-5-muertos-3524280,Maicao
https://laguajirahoy.com/la-guajira/una-carretera-de-120-kilometros-podria-cambiar-el-rumbo-de-la-alta-guajira.html,Maicao
https://diariodelnorte.net/laguajira/alcaldia-de-maicao-suspende-actividades-de-carnaval-tras-recientes-hechos-de-violencia/,Maicao
https://laguajirahoy.com/maicao/alcalde-de-maicao-suspende-temporalmente-los-carnavales-por-hechos-de-violencia.html,Maicao
https://laguajirahoy.com/politica/con-vision-territorial-quinto-poder-propone-ruta-legislativa-para-transformar-a-la-guajira.html,Maicao
https://www.eltiempo.com/colombia/barranquilla/los-ecos-en-el-caribe-del-traslado-de-cabecillas-criminales-a-barranquilla-para-negociar-la-paz-urbana-3523842,Maicao
https://diariodelnorte.net/laguajira/somos-guardianes-de-los-recursos-naturales-director-de-corpoguajira-explica-postura-sobre-canaverales-y-otros-retos-ambientales-en-la-guajira/,Maicao
https://diariodelnorte.net/judiciales/ejercito-refuerza-la-seguridad-en-maicao-tras-recientes-hechos-de-violencia/,Maicao
https://www.eltiempo.com/colombia/otras-ciudades/angustiosa-busqueda-de-pasajero-de-buseta-que-cayo-al-rio-magdalena-en-huila-habria-sucumbido-a-las-aguas-tras-el-fatal-accidente-que-dejo-15-heridos-3523714,Maicao
https://www.eltiempo.com/colombia/otras-ciudades/masacre-en-maicao-a-cinco-jovenes-los-acribillaron-por-no-acatar-la-orden-una-banda-criminal-de-irse-a-dormir-3523711,Maicao
https://laguajirahoy.com/judiciales/la-seguridad-llego-tarde-al-turismo-guajiro.html,Maicao
https://laguajirahoy.com/maicao/lideres-comunales-validan-avances-de-proyectos-de-alcantarillado-en-maicao.html,Maicao
https://laguajirahoy.com/la-guajira/gobernacion-cumple-la-palabra-con-proyectos-productivos-que-fortalecen-ingresos-de-familias-guajiras.html,Maicao
https://laguajirahoy.com/nacion/prorroga-del-pacto-funcional-cesar-la-guajira-impulsara-nuevos-proyectos-para-riohacha.html,Maicao
https://www.eltiempo.com/justicia/conflicto-y-narcotrafico/autodefensas-conquistadoras-de-la-sierra-nevada-dicen-que-no-ejecutaron-masacre-de-maicao-3523635,Maicao
https://elpilon.com.co/judicial/gobierno-ofrece-hasta-500-millones-de-recompensa-por-responsables-de-masacre-en-maicao-alias-nain-niega-su-participacion-a-traves-de-un-video,Maicao
https://laguajirahoy.com/judiciales/autoridades-redoblan-acciones-para-esclarecer-masacre-en-maicao-que-dejo-cinco-victimas-mortales.html,Maicao
https://www.eltiempo.com/colombia/otras-ciudades/muerte-de-yeison-jimenez-las-escenas-del-accidente-de-la-avioneta-de-yeison-jimenez-que-en-la-vereda-romita-de-paipa-nunca-olvidaran-3523540,Maicao
https://www.eltiempo.com/colombia/otras-ciudades/gobierno-ofrece-recompensa-de-hasta-70-millones-por-responsables-de-masacre-de-cinco-personas-en-maicao-la-guajira-3523525,Maicao
https://www.eltiempo.com/colombia/barranquilla/el-polemico-regreso-de-los-capos-de-los-costenos-y-los-pepes-a-barranquilla-para-iniciar-mesas-de-dialogo-3523480,Maicao
https://www.eltiempo.com/colombia/otras-ciudades/masacre-en-abejorral-y-crimenes-con-sevicia-en-remedios-antioquia-sacuden-el-inicio-de-2026-en-esta-zona-del-pais-3523470,Maicao
https://diariodelnorte.net/judiciales/capturan-a-un-hombre-por-receptacion-durante-control-policial-en-maicao/,Maicao
https://www.eltiempo.com/colombia/otras-ciudades/el-remedio-que-resulto-peor-que-la-enfermedad-cuando-pasaron-de-medimas-a-la-nueva-eps-a-familia-de-tunja-que-tiene-a-una-nina-con-discapacidad-3523444,Maicao
https://www.eltiempo.com/justicia/conflicto-y-narcotrafico/mindefensa-revela-los-coletazos-en-materia-de-seguridad-para-colombia-con-la-presencia-indefinida-de-ee-uu-en-venezuela-3523340,Maicao
https://www.eltiempo.com/colombia/otras-ciudades/el-bendito-menor-estaria-detras-de-la-masacre-de-cinco-personas-en-maicao-anuncio-limpieza-social-en-video-de-hombres-armados-3523393,Maicao
https://www.eltiempo.com/colombia/otras-ciudades/masacre-en-la-guajira-cinco-personas-fueron-asesinadas-a-pocos-kilometros-de-la-frontera-con-venezuela-3523357,Maicao
https://diariodelnorte.net/judiciales/capturan-en-la-via-maicao-paraguachon-a-hombre-requerido-por-hurto-calificado-agravado/,Maicao
https://diariodelnorte.net/judiciales/capturan-en-la-via-maicao-paraguachon-a-hombre-requerido-por-hurto-calificado-agravado/,Paraguachon
https://www.eltiempo.com/colombia/otras-ciudades/masacre-en-maicao-ataque-armado-en-el-barrio-altos-de-parrantial-deja-cinco-muertos-y-dos-heridos-3523292,Maicao
https://diariodelnorte.net/judiciales/capturan-en-maicao-a-hombre-requerido-por-homicidio-agravado-y-porte-ilegal-de-armas/,Maicao
https://laguajirahoy.com/judiciales/cinco-jovenes-asesinados-a-bala-en-maicao-estremecen-a-la-guajira.html,Maicao
https://diariodelnorte.net/judiciales/ejercito-y-policia-refuerzan-ofensiva-contra-los-pachenca-y-bandas-criminales-en-la-guajira/,Maicao
https://diariodelnorte.net/judiciales/capturan-a-hombre-por-porte-de-estupefacientes-en-el-barrio-san-francisco-de-maicao/,Maicao
https://diariodelnorte.net/judiciales/capturan-a-hombre-con-61-cigarrillos-artesanales-de-marihuana-en-maicao/,Maicao
https://diariodelnorte.net/judiciales/capturan-a-hombre-por-porte-ilegal-de-arma-de-fuego-en-maicao/,Maicao
https://diariodelnorte.net/judiciales/autoridades-investigan-muerte-de-mujer-wayuu-tras-ser-arrollada-en-la-via-riohacha-maicao/,Maicao
https://laguajirahoy.com/politica/inscripcion-electoral-avanza-en-la-guajira-de-cara-a-elecciones-presidenciales-2026.html,Maicao
https://diariodelnorte.net/judiciales/gobernacion-de-la-guajira-refuerza-acciones-de-seguridad-e-investigacion-tras-consejo-departamental/,Maicao
https://laguajirahoy.com/judiciales/en-via-riohacha-maicao-encontraron-policia-reportado-como-desaparecido.html,Maicao
https://diariodelnorte.net/judiciales/hallan-16-libras-de-marihuana-en-operativos-conjuntos-en-maicao/,Maicao
https://diariodelnorte.net/judiciales/hallan-16-libras-de-marihuana-en-operativos-conjuntos-en-maicao/,Paraguachon
https://www.eltiempo.com/colombia/otras-ciudades/motociclista-aleman-fue-asesinado-con-arma-de-fuego-en-intento-de-robo-en-carreteras-de-la-guajira-3522261,Maicao
https://laguajirahoy.com/judiciales/turista-aleman-muere-baleado-en-la-guajira-durante-presunto-robo.html,Maicao
https://laguajirahoy.com/riohacha/movimiento-irregular-de-pasajeros-es-el-inicio-de-ano-en-terminal-de-riohacha.html,Maicao
https://laguajirahoy.com/comunidad/venezolanos-en-la-guajira-viven-con-emociones-encontradas-los-recientes-sucesos-politicos-en-su-pais.html,Maicao
https://laguajirahoy.com/comunidad/venezolanos-en-la-guajira-viven-con-emociones-encontradas-los-recientes-sucesos-politicos-en-su-pais.html,Paraguachon
https://laguajirahoy.com/judiciales/siete-muertes-enlutan-a-la-guajira-en-2026-cinco-de-las-victimas-son-mujeres.html,Maicao
https://www.eltiempo.com/colombia/barranquilla/barranquilla-un-avance-para-la-justicia-y-la-democracia-de-la-region-esto-dijo-el-alcalde-char-acerca-de-la-captura-de-nicolas-maduro-3521761,Maicao
https://www.eltiempo.com/colombia/barranquilla/barranquilla-un-avance-para-la-justicia-y-la-democracia-de-la-region-esto-dijo-el-alcalde-char-acerca-de-la-captura-de-nicolas-maduro-3521761,Paraguachon
https://diariodelnorte.net/judiciales/policia-incauta-armas-traumaticas-sin-permisos-en-operativos-simultaneos-en-cuatro-municipios-de-la-guajira/,Maicao
https://laguajirahoy.com/politica/maicao-sintio-el-desplome-economico-de-venezuela-en-su-actividad-comercial-senador-deluque.html,Maicao
https://www.eltiempo.com/colombia/otras-ciudades/de-pdvsa-a-las-trochas-y-del-miedo-al-arraigo-las-historias-de-venezolanos-en-colombia-en-medio-de-la-caida-de-maduro-y-la-promesa-de-una-transicion-3521813,Maicao
https://laguajirahoy.com/la-guajira/proyectos-que-transforman-la-vida-y-fortalecen-comunidades-wayuu-en-la-guajira.html,Maicao
https://laguajirahoy.com/judiciales/autoridades-sin-pistas-tras-hurto-de-camioneta-en-manaure-en-la-guajira.html,Maicao
https://laguajirahoy.com/judiciales/autoridades-sin-pistas-tras-hurto-de-camioneta-en-manaure-en-la-guajira.html,Paraguachon
https://www.eltiempo.com/mundo/venezuela/padrino-lopez-confirmo-el-asesinato-de-varios-miembros-del-equipo-de-seguridad-de-nicolas-maduro-tras-los-bombardeos-de-estados-unidos-3521738,Maicao
https://www.eltiempo.com/mundo/venezuela/padrino-lopez-confirmo-el-asesinato-de-varios-miembros-del-equipo-de-seguridad-de-nicolas-maduro-tras-los-bombardeos-de-estados-unidos-3521738,Paraguachon
https://www.eltiempo.com/colombia/otras-ciudades/la-guajira-normalidad-en-la-frontera-tras-reapertura-del-paso-en-paraguachon-por-parte-de-las-autoridades-venezolanas-maicao-se-mantiene-en-alerta-3521735,Maicao
https://www.eltiempo.com/colombia/otras-ciudades/la-guajira-normalidad-en-la-frontera-tras-reapertura-del-paso-en-paraguachon-por-parte-de-las-autoridades-venezolanas-maicao-se-mantiene-en-alerta-3521735,Paraguachon
https://laguajirahoy.com/judiciales/mujer-wayuu-asesinada-en-carraipia-seria-primera-muerte-violenta-de-la-guajira-2026.html,Maicao
https://www.eltiempo.com/justicia/conflicto-y-narcotrafico/mindefensa-anuncia-el-despliegue-de-mas-de-30-000-uniformados-en-la-frontera-con-venezuela-y-activa-cinco-pmu-3521730,Maicao
https://elpilon.com.co/judicial/instalan-pmu-en-valledupar-por-crisis-en-venezuela-y-posibles-impactos-fronterizos,Maicao
https://laguajirahoy.com/judiciales/se-reabre-frontera-y-se-normaliza-paso-por-paraguachon-en-la-guajira.html,Maicao
https://laguajirahoy.com/judiciales/se-reabre-frontera-y-se-normaliza-paso-por-paraguachon-en-la-guajira.html,Paraguachon
https://www.eltiempo.com/colombia/otras-ciudades/paraguachon-frontera-cerrada-asi-se-vive-en-la-guajira-el-bloqueo-del-paso-entre-colombia-y-venezuela-tras-la-captura-de-nicolas-maduro-3521565,Maicao
https://www.eltiempo.com/colombia/otras-ciudades/paraguachon-frontera-cerrada-asi-se-vive-en-la-guajira-el-bloqueo-del-paso-entre-colombia-y-venezuela-tras-la-captura-de-nicolas-maduro-3521565,Paraguachon
https://laguajirahoy.com/maicao/alcaldia-de-maicao-mantiene-alerta-permanente-y-refuerza-seguridad-en-la-zona-fronteriza.html,Maicao
https://laguajirahoy.com/maicao/alcaldia-de-maicao-mantiene-alerta-permanente-y-refuerza-seguridad-en-la-zona-fronteriza.html,Paraguachon
https://diariodelnorte.net/laguajira/maicao-refuerza-seguridad-y-activa-pmu-ante-la-situacion-actual-en-la-frontera/,Maicao
https://diariodelnorte.net/laguajira/maicao-refuerza-seguridad-y-activa-pmu-ante-la-situacion-actual-en-la-frontera/,Paraguachon
https://laguajirahoy.com/judiciales/aguas-de-la-peninsula-rechaza-agresion-contra-uno-de-sus-operadores-en-maicao.html,Maicao
https://laguajirahoy.com/judiciales/la-guajira-despidio-el-ano-con-menos-delitos-pero-disparos-al-aire-siguen-cobrando-victimas.html,Maicao
https://laguajirahoy.com/deportes/seleccion-guajira-ideal-de-toda-la-historia.html,Maicao
https://diariodelnorte.net/judiciales/policia-incauta-cigarrillos-y-licor-de-contrabando-durante-operativos-viales-en-la-guajira/,Maicao
https://diariodelnorte.net/judiciales/capturan-a-dos-hombres-tras-protagonizar-una-rina-en-el-centro-de-maicao/,Maicao
https://laguajirahoy.com/judiciales/disputa-por-economias-criminales-intensifica-violencia-y-retos-de-seguridad-en-la-guajira.html,Maicao
https://laguajirahoy.com/comunidad/fallece-en-maracaibo-lider-wayuu.html,Maicao
https://laguajirahoy.com/cronicas/la-chili-la-mujer-que-nunca-pidio-permiso-para-quedarse.html,Maicao
https://diariodelnorte.net/sociales/policia-nacional-fortalece-la-gestion-comunitaria-con-entrega-solidaria-en-maicao/,Maicao
https://laguajirahoy.com/comunidad/policia-fortalece-tejido-social-en-maicao-con-entrega-solidaria-a-familia-vulnerable.html,Maicao
https://diariodelnorte.net/opinion/pambele-un-angel-contra-las-cuerdas/,Maicao
https://laguajirahoy.com/comunidad/la-caravana-navidena-llevo-sonrisas-y-esperanza-a-ninos-vulnerables-de-riohacha.html,Maicao
https://diariodelnorte.net/judiciales/capturan-en-maicao-a-hombre-por-porte-de-estupefacientes-durante-operativo-conjunto/,Maicao
https://laguajirahoy.com/judiciales/navidad-transcurrio-sin-muertes-violentas-en-14-municipios-de-la-guajira.html,Maicao
https://laguajirahoy.com/cultura/artista-convirtio-el-paisaje-y-la-cultura-guajira-en-una-forma-de-vida.html,Maicao
https://diariodelnorte.net/judiciales/capturan-a-hombre-por-receptacion-y-recuperan-motocicleta-hurtada-en-maicao/,Maicao
https://laguajirahoy.com/maicao/alcalde-de-maicao-separa-a-agente-de-transito-tras-video-por-presunto-acto-de-corrupcion.html,Maicao
https://diariodelnorte.net/laguajira/policia-comunitaria-acompana-jornada-solidaria-en-beneficio-de-personas-en-condicion-de-vulnerabilidad-en-maicao/,Maicao
https://diariodelnorte.net/judiciales/comunidades-wayuu-bloquean-nuevamente-la-via-maicao-riohacha-en-el-sector-de-alto-pino/,Maicao
https://diariodelnorte.net/judiciales/retiran-a-agente-de-transito-en-maicao-tras-presunta-exigencia-de-dinero-a-conductor/,Maicao
https://diariodelnorte.net/opinion/feliz-navidad-y-venturoso-ano-nuevo/,Maicao
https://laguajirahoy.com/maicao/sordomudos-en-maicao-alzan-la-voz-para-que-sus-necesidades-dejen-de-ser-ignoradas.html,Maicao
https://diariodelnorte.net/judiciales/conductor-denuncia-presunta-extorsion-por-parte-de-un-agente-de-transito-en-maicao/,Maicao
https://diariodelnorte.net/judiciales/conductor-denuncia-presunta-extorsion-por-parte-de-un-agente-de-transito-en-maicao/,Paraguachon
https://diariodelnorte.net/judiciales/capturan-a-persona-senalada-de-portar-un-arma-de-fuego-ilegal-en-la-via-riohacha-maicao/,Maicao
https://laguajirahoy.com/la-guajira/el-tren-de-la-magia-navidena-sigue-su-recorrido-por-la-guajira.html,Maicao
https://laguajirahoy.com/la-guajira/proyecto-de-acueducto-devolvera-servicio-continuo-de-agua-potable-a-carraipia.html,Maicao
https://laguajirahoy.com/comunidad/comunidades-wayuu-ya-cuentan-con-agua-potable-gracias-a-convenio-nacional.html,Maicao
https://laguajirahoy.com/nacion/ecopetrol-da-luz-verde-al-mayor-parque-eolico-del-pais-en-la-guajira.html,Maicao
https://diariodelnorte.net/laguajira/fuerzas-militares-entregan-sillas-de-ruedas-a-menores-de-edad-con-discapacidad-en-la-guajira/,Maicao
https://diariodelnorte.net/laguajira/gobierno-departamental-cumple-la-palabra-en-maicao-y-corregimientos/,Maicao
https://diariodelnorte.net/judiciales/capturan-a-presunto-traficante-de-base-de-coca-en-el-centro-de-maicao/,Maicao
https://diariodelnorte.net/laguajira/ecopetrol-aprueba-inversion-para-el-proyecto-eolico-windpeshi-en-la-guajira/,Maicao
https://diariodelnorte.net/opinion/se-pasan/,Maicao
https://www.eltiempo.com/justicia/conflicto-y-narcotrafico/el-eln-ejecuto-93-acciones-armadas-en-nueve-departamentos-durante-las-72-horas-del-denominado-paro-armado-3517621,Maicao
https://www.eltiempo.com/colombia/otras-ciudades/escalada-de-acciones-del-eln-en-la-guajira-ataques-dos-atentados-a-la-linea-ferrea-de-cerrejon-y-simbolos-de-intimidacion-en-menos-de-24-horas-3517601,Maicao
https://www.eltiempo.com/colombia/otras-ciudades/tension-en-la-guajira-tras-escalada-terrorista-en-ejes-viales-e-infraestructura-ferrea-de-cerrejon-3517505,Maicao
https://www.eltiempo.com/justicia/conflicto-y-narcotrafico/acciones-armadas-y-afectaciones-del-eln-se-registran-en-seis-departamentos-este-es-el-balance-3517116,Maicao
https://laguajirahoy.com/judiciales/hostigamientos-del-eln-generan-panico-explosivos-y-miedo-en-la-guajira.html,Maicao
https://www.eltiempo.com/justicia/paz-y-derechos-humanos/atentados-confinamientos-y-homicidios-el-balance-de-la-defensoria-sobre-los-paros-armados-del-eln-y-mordisco-3516965,Maicao
https://www.eltiempo.com/colombia/medellin/esta-es-la-principal-hipotesis-sobre-la-razon-del-accidente-de-bus-en-el-que-fallecieron-estudiantes-en-remedios-antioquia-3516886,Maicao
https://www.eltiempo.com/justicia/conflicto-y-narcotrafico/ataque-del-eln-a-la-subestacion-de-policia-de-cuatro-vias-en-el-municipio-de-maicao-tras-anuncio-de-paro-armado-en-colombia-no-hay-reporte-de-heridos-3516887,Maicao
https://laguajirahoy.com/politica/respaldo-politico-en-la-guajira-impulsa-candidatura-al-congreso-con-agenda-territorial.html,Maicao
https://laguajirahoy.com/cultura/maicao-recibio-a-su-majayut-tras-su-participacion-en-festival-de-la-cultura-wayuu.html,Maicao
https://laguajirahoy.com/deportes/la-guajira-impulsa-el-talento-infantil-con-el-ii-campeonato-departamental-de-futbol-de-salon.html,Maicao
https://laguajirahoy.com/sociales/comfaguajira-exalta-a-jovenes-sobresalientes-y-le-apuesta-a-la-excelencia-educativa.html,Maicao
https://laguajirahoy.com/maicao/con-reubicacion-de-vendedores-de-chivo-se-impulsa-orden-urbano-y-social-en-maicao.html,Maicao
https://diariodelnorte.net/judiciales/atentado-sicarial-contra-lider-wayuu-en-maicao-deja-un-presunto-atacante-muerto/,Maicao
https://diariodelnorte.net/opinion/otto-barros-y-las-reparaciones-pendientes-del-estado/,Maicao
https://www.eltiempo.com/colombia/otras-ciudades/habla-madre-de-la-menor-que-fue-encontrada-sin-vida-dentro-de-un-costal-en-la-guajira-tras-haber-desaparecido-manana-se-me-graduaba-de-preescolar-3516032,Maicao
https://laguajirahoy.com/entretenimiento/ultimo-baile-de-silvestre-en-la-guajira-no-se-bailara-cancelan-concierto-en-riohacha.html,Maicao
https://laguajirahoy.com/maicao/entregan-pozo-de-agua-potable-a-la-comunidad-de-wamayao-en-maicao.html,Maicao
https://diariodelnorte.net/judiciales/policia-recupera-camion-hurtado-en-maicao-y-captura-a-tres-presuntos-implicados/,Maicao
https://diariodelnorte.net/editorial/quienes-secuestran/,Maicao
https://diariodelnorte.net/editorial/quienes-secuestran/,Paraguachon
https://diariodelnorte.net/opinion/disparadas-las-muertes-violentas-en-la-guajira/,Maicao
https://laguajirahoy.com/la-guajira/bienestar-familiar-impulsa-atencion-nutricional-en-la-guajira-con-enfoque-cultural-integral.html,Maicao
https://laguajirahoy.com/deportes/odiseo-fc-un-equipo-de-amigos-que-juega-con-pasion-en-maicao.html,Maicao
https://www.eltiempo.com/colombia/barranquilla/otra-violenta-ola-de-extorsion-en-barranquilla-el-asesinato-de-dos-hombres-en-un-restaurante-de-la-manga-seria-por-no-pagar-la-renta-ilicita-3515086,Maicao
https://www.eltiempo.com/colombia/barranquilla/atlantico-muere-padre-que-asesino-a-su-hija-de-7-anos-en-un-acto-de-violencia-vicaria-en-soledad-por-las-heridas-de-cuando-intento-autolesionarse-3515021,Maicao
https://laguajirahoy.com/sociales/orgullo-guajiro-primera-mujer-wayuu-asciende-como-oficial-de-la-fuerza-aeroespacial-colombiana.html,Maicao
https://www.eltiempo.com/colombia/barranquilla/atlantico-monstruosidad-en-soledad-padre-asesino-a-su-hija-de-7-anos-con-un-ataque-de-cuchilla-en-el-cuello-en-un-acto-de-violencia-vicaria-3514952,Maicao
https://www.eltiempo.com/colombia/barranquilla/madre-biologica-de-guillermo-celis-volante-del-junior-de-barranquilla-muere-tras-ser-arrollada-en-sahagun-el-jugador-agradecio-las-condolencias-3514923,Maicao
https://www.eltiempo.com/colombia/barranquilla/atlantico-isaias-no-fue-secuestrado-la-hipotesis-que-cambia-la-historia-de-la-muerte-tras-su-hallazgo-en-un-jagueey-en-candelaria-3514872,Maicao
https://laguajirahoy.com/salud/brigadas-de-salud-beneficiaron-a-miles-de-habitantes-en-maicao-y-uribia.html,Maicao
https://laguajirahoy.com/cultura/riohacha-historias-que-merecen-ser-contadas-y-preservarse.html,Maicao
https://laguajirahoy.com/educacion/institucion-educativa-de-maicao-logro-resultado-sobresaliente-en-evaluacion-nacional.html,Maicao
https://laguajirahoy.com/maicao/maicao-enciende-su-navidad-para-impulsar-el-comercio-y-reactiva-la-economia-local.html,Maicao
https://laguajirahoy.com/judiciales/se-logran-acuerdos-y-se-levantan-bloqueos-en-cuatro-vias-en-la-guajira.html,Maicao
https://www.eltiempo.com/salud/el-medicamento-para-el-vih-que-en-mas-de-100-paises-costara-40-dolares-y-en-colombia-podria-costar-28-000-sociedad-civil-pide-bajar-su-precio-3514235,Maicao
https://diariodelnorte.net/laguajira/capturan-en-manaure-a-joven-que-conducia-una-motocicleta-reportada-por-hurto/,Maicao
https://diariodelnorte.net/judiciales/comunidad-wayuu-bloquea-el-paso-vehicular-en-cuatro-vias-para-exigir-reposicion-de-transformador-averiado/,Maicao
https://laguajirahoy.com/maicao/maicao-intensifica-operativos-para-recuperar-espacio-publico.html,Maicao
https://laguajirahoy.com/turismo/maicao-presenta-nuevo-producto-turistico-y-fortalece-marca-ciudad-maicao-tejiendo-destino.html,Maicao
https://laguajirahoy.com/la-guajira/gobernacion-de-la-guajira-abre-mesas-tecnicas-para-construir-politica-publica-de-juventud.html,Maicao
https://www.eltiempo.com/salud/colombia-duplica-la-atencion-oportuna-del-accidente-cerebrovascular-pese-al-deficit-de-especialistas-3514050,Maicao
https://diariodelnorte.net/judiciales/recuperan-motocicleta-hurtada-en-maicao-y-capturan-al-presunto-responsable-en-albania/,Maicao
https://diariodelnorte.net/judiciales/capturan-a-hombre-senalado-de-herir-a-otro-con-arma-blanca-durante-rina-en-el-centro-de-maicao/,Maicao
https://diariodelnorte.net/judiciales/capturan-a-dos-presuntos-traficantes-con-mas-de-cinco-kilos-de-marihuana-en-maicao/,Maicao
https://diariodelnorte.net/laguajira/policia-intensifica-campana-en-maicao-para-prevenir-riesgos-por-uso-de-polvora-en-temporada-decembrina/,Maicao
https://www.eltiempo.com/salud/medicamento-para-la-gota-podria-reducir-los-infartos-y-accidentes-cerebrovasculares-segun-nueva-revision-cientifica-3513527,Maicao
https://laguajirahoy.com/comunidad/la-guajira-despide-a-un-lider-brillante.html,Maicao
https://laguajirahoy.com/sociales/sacerdote-recibio-medalla-luis-a-robles-en-honor-al-servicio-pastoral-en-la-guajira.html,Maicao
https://www.eltiempo.com/salud/ahf-inaugura-centros-de-atencion-gratuita-de-its-en-cucuta-y-maicao-para-reforzar-la-respuesta-contra-el-vih-en-colombia-ofrecen-pruebas-gratis-3513439,Maicao
https://diariodelnorte.net/judiciales/capturan-en-uribia-a-un-hombre-que-conducia-motocicleta-con-reporte-de-hurto/,Maicao
https://diariodelnorte.net/judiciales/capturan-a-un-hombre-por-porte-ilegal-de-arma-de-fuego-durante-controles-policiales-en-uribia/,Maicao
https://laguajirahoy.com/maicao/develan-placa-en-maicao-en-honor-al-exrepresentante-conservador-marcos-iguaran.html,Maicao
https://diariodelnorte.net/judiciales/capturan-a-joven-con-municion-de-uso-privativo-durante-controles-policiales-en-uribia/,Maicao
https://diariodelnorte.net/judiciales/capturan-a-un-hombre-con-municion-ilegal-durante-operativo-nocturno-en-maicao/,Maicao
https://diariodelnorte.net/judiciales/evangelico-de-35-anos-fue-asesinado-en-un-ataque-sicarial-en-zona-rural-de-albania/,Maicao
https://diariodelnorte.net/judiciales/capturan-a-dos-presuntos-delincuentes-en-maicao-durante-operativos-de-allanamientos/,Maicao
https://www.eltiempo.com/justicia/investigacion/el-guino-a-ee-uu-con-la-prohibicion-de-precursores-de-fentanilo-estas-son-las-razones-3512454,Maicao
https://laguajirahoy.com/maicao/maicao-refuerza-acciones-para-prevenir-violencias-de-genero.html,Maicao
https://laguajirahoy.com/maicao/concejo-de-maicao-oficializa-este-sabado-el-nombre-de-su-recinto.html,Maicao
https://www.eltiempo.com/colombia/otras-ciudades/la-guajira-comunidades-wayus-y-ecopetrol-comienzan-a-tejer-juntos-el-futuro-energetico-del-pais-avanza-consulta-previa-en-windpeshi-3512443,Maicao
https://laguajirahoy.com/judiciales/capturan-hombre-e-incautan-cuatro-fusiles-de-alto-alcance-en-maicao.html,Maicao
https://diariodelnorte.net/judiciales/dirigente-politico-y-gerente-de-una-ipsi-resulta-herido-en-hechos-confusos-en-la-via-maicao-carraipia/,Maicao
https://diariodelnorte.net/judiciales/se-levanta-bloqueo-en-la-via-maicao-riohacha-tras-acuerdos-con-comunidad-indigena/,Maicao
https://laguajirahoy.com/judiciales/gaula-captura-a-presunto-extorsionista-que-intimidaba-comerciantes-en-maicao.html,Maicao
https://diariodelnorte.net/uncategorised/capturan-en-maicao-a-dos-hombres-por-violencia-intrafamiliar-y-falsedad-marcaria-durante-patrullajes-policiales/,Maicao
https://diariodelnorte.net/judiciales/restablecen-movilidad-en-alto-pino-tras-bloqueo-comunidades-exigen-dialogo-con-icbf-y-gobernacion/,Maicao
https://laguajirahoy.com/la-guajira/estas-han-sido-las-noticias-mas-leidas-en-los-13-anos-de-la-guajira-hoy.html,Maicao
https://laguajirahoy.com/nacion/ubpd-ampliara-busqueda-forense-en-maicao-para-esclarecer-identidades-pendientes.html,Maicao
https://laguajirahoy.com/la-guajira/lgh-celebra-13-anos-en-honor-de-una-audiencia-que-impulsa-a-ser-mejores.html,Maicao
https://laguajirahoy.com/nacion/gobierno-entrega-5-400-millones-y-avanza-en-reparacion-a-victimas-en-la-guajira.html,Maicao
https://diariodelnorte.net/judiciales/capturan-a-hombre-que-portaba-municiones-ilegales-en-maicao-gracias-al-apoyo-de-la-comunidad/,Maicao
https://laguajirahoy.com/la-guajira/esepgua-impulsa-compromiso-comunitario-para-proteger-el-agua-en-la-guajira.html,Maicao
https://laguajirahoy.com/maicao/alcaldia-y-contraloria-reactivan-pavimentacion-estancada-y-devuelven-movilidad-a-maicao.html,Maicao
https://diariodelnorte.net/judiciales/refuerzan-en-maicao-la-estrategia-turismo-seguro-con-acciones-preventivas-en-zonas-de-alta-afluencia/,Maicao
https://laguajirahoy.com/sociales/maicao-celebra-a-su-nueva-miss-teen-colombia-con-emotivo-reconocimiento-oficial.html,Maicao
https://diariodelnorte.net/laguajira/contraloria-verifica-prestacion-del-pae-en-maicao-y-garantiza-continuidad-del-programa-para-2026/,Maicao
https://diariodelnorte.net/judiciales/capturan-a-un-hombre-por-porte-de-estupefacientes-en-maicao/,Maicao
https://laguajirahoy.com/salud/comite-comunitario-fortalece-el-dialogo-social-para-mejorar-servicios-de-salud-en-maicao.html,Maicao
https://laguajirahoy.com/educacion/nueva-estrategia-educativa-impulsa-integracion-infantil-en-la-guajira.html,Maicao
https://laguajirahoy.com/educacion/nueva-estrategia-educativa-impulsa-integracion-infantil-en-la-guajira.html,Paraguachon
https://laguajirahoy.com/sociales/maicao-honra-a-docentes-y-estudiantes-en-inspiradora-noche-de-la-excelencia-educativa-2025.html,Maicao
https://laguajirahoy.com/educacion/402-nuevos-docentes-fortalecen-el-equipo-educativo-publico-del-municipio-de-maicao.html,Maicao
https://laguajirahoy.com/riohacha/comienza-recuperacion-de-vias-en-riohacha-tras-complejas-obras-en-la-red-del-acueducto.html,Maicao
https://laguajirahoy.com/educacion/la-guajira-celebra-la-graduacion-de-estudiantes-rurales-que-vencieron-brechas-educativas.html,Maicao
https://laguajirahoy.com/la-guajira/unidad-de-victimas-entrega-millonaria-indemnizacion-que-dignifica-a-familias-guajiras.html,Maicao
https://laguajirahoy.com/judiciales/unidad-de-busqueda-recupera-25-cuerpos-en-cementerio-de-riohacha.html,Maicao
https://diariodelnorte.net/laguajira/contraloria-inspecciona-avance-de-obra-clave-para-reducir-el-hacinamiento-carcelario-en-la-guajira/,Maicao
https://laguajirahoy.com/comunidad/familiares-dieron-emotivo-recibimiento-a-miss-teen-colombia-2025-a-su-llegada-a-riohacha.html,Maicao
https://laguajirahoy.com/maicao/maicao-intensifica-controles-para-blindar-movilidad-a-paraguachon-territorio-que-limita-con-venezuela.html,Maicao
https://laguajirahoy.com/maicao/maicao-intensifica-controles-para-blindar-movilidad-a-paraguachon-territorio-que-limita-con-venezuela.html,Paraguachon
https://laguajirahoy.com/salud/corregimiento-de-carraipia-recibio-una-jornada-de-salud-acerca-de-prevencion.html,Maicao
https://laguajirahoy.com/maicao/maicao-impulsa-su-matricula-vehicular-para-fortalecer-economia-y-movilidad-urbana.html,Maicao
https://diariodelnorte.net/laguajira/ecopetrol-entrega-proyectos-de-inversion-social-que-beneficiaran-a-mas-de-14-mil-habitantes-en-la-guajira/,Maicao
https://diariodelnorte.net/judiciales/comunidades-wayuu-levantan-bloqueo-en-la-via-riohacha-maicao-tras-acordar-mesa-de-dialogo-por-atentado-en-alto-pino/,Maicao
https://diariodelnorte.net/judiciales/comunidades-wayuu-levantan-bloqueo-en-la-via-riohacha-maicao-tras-acordar-mesa-de-dialogo-por-atentado-en-alto-pino/,Paraguachon
https://laguajirahoy.com/cultura/majayut-de-maicao-se-inscribe-en-el-xxx-festival-de-la-cultura-wayuu-en-uribia.html,Maicao
https://laguajirahoy.com/nacion/vicecontralor-revisara-avances-de-obras-y-exigira-destrabes-en-la-guajira.html,Maicao
https://laguajirahoy.com/nacion/ecopetrol-impulsa-infraestructura-educativa-y-comunitaria-en-varios-municipios-de-la-guajira.html,Maicao
https://laguajirahoy.com/maicao/maicao-un-caos-en-materia-de-espacio-publico.html,Maicao
https://laguajirahoy.com/judiciales/fin-de-semana-con-puente-dejo-multiples-muertes-violentas-en-la-guajira.html,Maicao
https://laguajirahoy.com/maicao/maicao-celebro-el-dia-del-comunal-destacando-liderazgo-y-compromiso-ciudadano.html,Maicao
https://laguajirahoy.com/sociales/nueva-miss-teen-colombia-2025-orgullo-de-la-guajira.html,Maicao
https://diariodelnorte.net/judiciales/capturado-en-maicao-un-hombre-que-portaba-una-pistola-glock-sin-documentos-legales/,Maicao
https://laguajirahoy.com/maicao/fortalecen-convivencia-ciudadana-en-la-urbanizacion-buenos-aires-de-maicao.html,Maicao
https://laguajirahoy.com/judiciales/camion-que-transitaba-en-contravia-causo-fuerte-choque-en-via-centrica-de-maicao.html,Maicao
https://diariodelnorte.net/laguajira/fortalecen-la-convivencia-en-maicao-con-encuentro-comunitario-de-seguridad-en-la-urbanizacion-buenos-aires/,Maicao
https://laguajirahoy.com/nacion/riohacha-se-prepara-para-vivir-el-mega-festival-del-deporte-y-la-cultura-escolar.html,Maicao
https://laguajirahoy.com/maicao/maicao-impulsa-programa-integral-para-recuperar-y-dignificar-la-vida-de-habitantes-de-calle.html,Maicao
https://laguajirahoy.com/maicao/maicao-brinda-la-atencion-al-adulto-mayor.html,Maicao
https://laguajirahoy.com/maicao/maicao-fortalece-acciones-para-erradicar-el-trabajo-infantil-con-compromiso-institucional.html,Maicao
https://laguajirahoy.com/maicao/administracion-insiste-en-uso-responsable-y-en-alianzas-con-la-comunidad.html,Maicao
https://www.eltiempo.com/justicia/cortes/el-extenso-dossier-del-ministro-armando-benedetti-en-la-corte-suprema-de-justicia-tiene-siete-procesos-3507886,Maicao
https://diariodelnorte.net/editorial/la-inversion-en-el-ser-humano/,Maicao
https://laguajirahoy.com/comunidad/en-coma-la-atencion-a-los-usuarios-de-cajacopi-en-maicao.html,Maicao
https://diariodelnorte.net/judiciales/capturan-a-joven-en-maicao-por-porte-ilegal-de-arma-de-fuego/,Maicao
https://diariodelnorte.net/judiciales/capturan-en-maicao-a-hombre-con-dos-ordenes-judiciales-por-porte-ilegal-de-armas-y-concierto-para-delinquir/,Maicao
https://diariodelnorte.net/laguajira/gobernacion-de-la-guajira-fortalece-liderazgo-comunal-con-diplomado-en-participacion-ciudadana/,Maicao
https://laguajirahoy.com/sociales/otorgan-medalla-luis-antonio-robles-al-director-de-corpoguajira.html,Maicao
https://laguajirahoy.com/maicao/comunales-recibieron-diploma-sobre-fortalecimiento-a-la-accion-comunal-en-maicao.html,Maicao
https://laguajirahoy.com/maicao/maicao-hizo-balance-de-expo-vitrina-2025.html,Maicao
https://laguajirahoy.com/maicao/maicao-fortalece-inclusion-y-emprendimiento-con-formacion-especializada-para-cuidadores.html,Maicao
https://laguajirahoy.com/educacion/esepgua-impulsa-cultura-del-agua-con-clubes-escolares-en-la-guajira.html,Maicao
https://www.eltiempo.com/colombia/barranquilla/mas-luz-para-el-caribe-air-e-intervenida-garantiza-97-116-millones-del-prone-para-normalizar-redes-electricas-en-atlantico-magdalena-y-la-guajira-3507150,Maicao
https://laguajirahoy.com/judiciales/ataque-a-bala-en-maicao-deja-mujer-wayuu-muerta.html,Maicao
https://diariodelnorte.net/editorial/reduccion-presupuestal-para-el-sector-del-agua/,Maicao
https://laguajirahoy.com/maicao/maicaeros-solicitan-acciones-urgentes-para-recuperar-la-cruz-roja-municipal-hoy-intervenida.html,Maicao
https://laguajirahoy.com/maicao/maicao-une-fuerzas-institucionales-para-erradicar-la-violencia-contra-las-mujeres.html,Maicao
https://laguajirahoy.com/la-guajira/expoguajira-potencia-el-crecimiento-empresarial-en-la-expovitrina-maicao-2025.html,Maicao
https://laguajirahoy.com/salud/secretaria-de-salud-de-maicao-fortalece-red-hospitalaria-para-atencion-de-emergencias-y-desastres.html,Maicao
https://diariodelnorte.net/laguajira/maicao-celebro-con-exito-la-tercera-version-de-la-feria-expo-vitrina-expoguajira-2025/,Maicao
https://laguajirahoy.com/maicao/expo-vitrina-expoguajira-2025-posiciona-a-maicao-epicentro-del-talento-y-la-innovacion.html,Maicao
https://laguajirahoy.com/politica/salon-del-concejo-en-maicao-ya-tiene-nombre.html,Maicao
https://laguajirahoy.com/la-guajira/comfaguajira-impulsa-arte-inclusion-y-bienestar-en-una-agenda-que-transformo-la-guajira.html,Maicao
https://laguajirahoy.com/la-guajira/ecopetrol-avanza-en-salud-y-dialogo-comunitario-en-el-marco-del-proyecto-windpeshi.html,Maicao
https://diariodelnorte.net/judiciales/hombre-resulta-gravemente-herido-en-atentado-a-bala-en-el-barrio-vincula-palacio-de-maicao/,Maicao
https://diariodelnorte.net/judiciales/capturan-en-maicao-a-hombre-senalado-de-agredir-a-otro-con-un-bate-durante-una-rina/,Maicao
https://diariodelnorte.net/judiciales/deportan-a-ciudadano-irani-que-ingreso-irregularmente-a-colombia-por-la-frontera-de-maicao-con-venezuela/,Maicao
https://diariodelnorte.net/judiciales/deportan-a-ciudadano-irani-que-ingreso-irregularmente-a-colombia-por-la-frontera-de-maicao-con-venezuela/,Paraguachon
https://diariodelnorte.net/judiciales/capturado-en-maicao-por-el-delito-de-trafico-de-estupefacientes/,Maicao
https://diariodelnorte.net/judiciales/gaula-de-la-policia-fortalece-la-confianza-ciudadana-en-maicao-y-albania-para-prevenir-la-extorsion/,Maicao
https://diariodelnorte.net/sociales/lideres-sociales-y-comunitarios-fueron-capacitados-en-mecanismos-de-justicia-y-resolucion-pacifica-de-conflictos/,Maicao
https://laguajirahoy.com/salud/lideres-de-maicao-se-capacitan-para-promover-la-deteccion-temprana-del-cancer-de-mama.html,Maicao
https://laguajirahoy.com/nacion/gobernacion-de-la-guajira-lidero-cuarta-mesa-de-coordinacion-de-asuntos-migratorios.html,Maicao
https://diariodelnorte.net/laguajira/gobernacion-de-la-guajira-lidera-cuarta-mesa-de-coordinacion-de-asuntos-migratorios-para-fortalecer-atencion-a-poblacion-migrante/,Maicao
https://diariodelnorte.net/judiciales/capturado-en-maicao-por-portar-45-cigarrillos-de-marihuana-durante-patrullaje-policial/,Maicao
https://www.eltiempo.com/justicia/conflicto-y-narcotrafico/balance-de-orden-publico-este-es-el-resultado-de-la-operacion-militar-contra-el-clan-del-golfo-en-antioquia-3504363,Maicao
https://diariodelnorte.net/judiciales/capturan-en-maicao-a-mujer-senalada-de-causar-lesiones-personales/,Maicao
https://diariodelnorte.net/judiciales/capturan-en-maicao-a-hombre-senalado-de-abuso-sexual-contra-menor-de-edad/,Maicao
https://laguajirahoy.com/salud/ecopetrol-impulsa-brigadas-de-salud-para-comunidades-wayuu-en-uribia-y-maicao.html,Maicao
https://laguajirahoy.com/educacion/educacion-virtual-impulsa-inclusion-en-la-guajira-pero-persisten-desafios-de-conectividad-y-calidad.html,Maicao
https://diariodelnorte.net/laguajira/ecopetrol-realiza-brigadas-de-salud-en-la-guajira-283-personas-atendidas-durante-el-primer-dia/,Maicao
https://laguajirahoy.com/maicao/alcalde-de-maicao-entrega-ayudas-humanitarias-a-familias-afectadas-por-la-ola-invernal.html,Maicao
https://laguajirahoy.com/cronicas/fe-tradicion-y-gratitud-la-devocion-de-un-carraipiuno-a-san-judas-tadeo.html,Maicao
https://laguajirahoy.com/maicao/buscan-fortalecer-cultura-ciudadana-con-puesta-en-marcha-del-comparendo-ambiental-en-maicao.html,Maicao
https://laguajirahoy.com/judiciales/un-hombre-muerto-y-otro-herido-a-tiros-dentro-de-establecimiento-en-maicao.html,Maicao
https://laguajirahoy.com/la-guajira/ecopetrol-impulsa-en-la-guajira-educacion-arte-y-dialogo-por-un-futuro-sostenible.html,Maicao
https://laguajirahoy.com/judiciales/hombre-fue-asesinado-a-tiros-en-el-barrio-el-bosque-de-maicao.html,Maicao
https://www.eltiempo.com/colombia/barranquilla/tormenta-tropical-melissa-mantiene-bajo-aviso-al-caribe-colombiano-lluvias-y-vientos-fuertes-afectan-el-litoral-y-el-archipielago-de-san-andres-3502747,Maicao
https://laguajirahoy.com/judiciales/en-menos-de-24-horas-dos-accidentes-viales-en-zona-escolar-de-riohacha.html,Maicao
https://diariodelnorte.net/judiciales/dos-hombres-muertos-y-una-mujer-herida-deja-incursion-armada-en-zona-rural-de-manaure/,Maicao
https://www.eltiempo.com/colombia/barranquilla/que-significa-estar-en-alistamiento-o-aviso-asi-se-lee-el-mapa-de-alertas-por-la-tormenta-melissa-en-el-caribe-colombiano-3502498,Maicao
https://laguajirahoy.com/nacion/compromiso-con-la-equidad-y-la-seguridad-alimentaria-en-el-territorio-guajiro.html,Maicao
https://diariodelnorte.net/laguajira/ministra-de-igualdad-y-equidad-llega-a-la-guajira-con-la-caravana-de-la-igualdad-en-la-lucha-contra-el-hambre/,Maicao
https://laguajirahoy.com/nacion/gobierno-del-cambio-entrega-obras-educativas-y-comunitarias-en-la-guajira.html,Maicao
https://laguajirahoy.com/judiciales/autoridades-investigan-asesinato-de-joven-de-maicao-en-confuso-hecho-en-bogota.html,Maicao
https://www.eltiempo.com/bogota/bogota-reconoce-a-empresas-y-lideres-que-promueven-la-donacion-voluntaria-de-sangre-3501898,Maicao
https://diariodelnorte.net/judiciales/comunidades-wayuu-levantan-bloqueo-al-relleno-sanitario-del-norte-tras-acuerdos-con-el-alcalde-de-maicao/,Maicao
https://laguajirahoy.com/judiciales/lider-cafetero-victima-de-fleteo-en-estacion-de-servicio-de-fonseca.html,Maicao
https://diariodelnorte.net/opinion/estilita-ipuana-renaciendo-en-poropo/,Maicao
https://laguajirahoy.com/maicao/lideres-de-carraipia-voz-que-lucha-por-dignidad-y-progreso-de-su-comunidad.html,Maicao
https://www.eltiempo.com/colombia/otras-ciudades/administracion-publica-y-liderazgo-los-dos-temas-en-los-que-se-formaron-144-alcaldes-y-secretarios-del-pais-3501524,Maicao
https://laguajirahoy.com/medio-ambiente/corpoguajira-impulsa-la-cocina-sostenible-con-mas-de-700-estufas-ecoeficientes.html,Maicao
https://laguajirahoy.com/la-guajira/comfaguajira-sigue-construyendo-bienestar-y-alegria-para-las-familias-guajiras.html,Maicao
https://laguajirahoy.com/judiciales/ataque-a-bala-deja-hombre-muerto-en-maicao.html,Maicao
https://laguajirahoy.com/la-guajira/avanza-acceso-al-agua-potable-para-comunidades-wayuu.html,Maicao
https://laguajirahoy.com/judiciales/carneo-y-abigeato-en-aumento-en-la-guajira.html,Maicao
https://diariodelnorte.net/judiciales/operativos-en-vias-de-la-guajira-dejan-un-capturado-y-licor-de-contrabando-incautado/,Maicao
https://diariodelnorte.net/judiciales/operativos-en-vias-de-la-guajira-dejan-un-capturado-y-licor-de-contrabando-incautado/,Paraguachon
https://diariodelnorte.net/laguajira/avanza-el-plan-de-accion-estructural-de-la-sentencia-t-302-para-garantizar-agua-potable-a-las-comunidades-wayuu/,Maicao
https://diariodelnorte.net/sociales/policia-nacional-clausuro-con-exito-espacios-pedagogicos-para-la-convivencia-y-educacion-ciudadana-en-maicao/,Maicao
https://laguajirahoy.com/judiciales/hallan-mujer-muerta-dentro-de-su-vivienda-en-maicao.html,Maicao
https://laguajirahoy.com/cultura/ecopetrol-de-colores-llena-de-arte-energia-y-orgullo-guajiro-a-riohacha.html,Maicao
https://laguajirahoy.com/deportes/deportistas-guajiros-listos-para-representar-al-departamento-en-los-juegos-intercolegiados-nacionales-2025.html,Maicao
https://diariodelnorte.net/laguajira/la-guajira-mostrara-su-talento-en-la-fase-final-nacional-de-los-juegos-intercolegiados-2025/,Maicao
https://diariodelnorte.net/laguajira/procuraduria-investiga-a-mas-de-40-funcionarios-por-presunto-incumplimiento-de-sentencia-que-protege-a-la-comunidad-wayuu/,Maicao
https://diariodelnorte.net/sociales/inauguran-en-la-guajira-el-primer-congreso-internacional-de-wayuunaiki/,Maicao
https://laguajirahoy.com/maicao/mas-de-300-personas-participaron-en-jornada-ambiental-para-limpiar-y-cuidar-maicao.html,Maicao
https://diariodelnorte.net/editorial/lluvias-sinonimo-de-estragos-en-la-guajira/,Maicao
https://laguajirahoy.com/la-guajira/cuatro-barrios-de-maicao-tendran-alcantarillado-sanitario-gracias-a-la-gestion-departamental.html,Maicao
https://diariodelnorte.net/laguajira/la-ruta-animal-llevo-bienestar-y-esperanza-a-la-guajira-con-mas-de-450-esterilizaciones/,Maicao
https://diariodelnorte.net/sociales/de-la-guajira-a-japon-artesanas-wayuu-llevaron-el-arte-del-tejido-ancestral-a-la-expo-osaka-2025/,Maicao
https://laguajirahoy.com/judiciales/una-discusion-entre-pareja-en-maicao-termina-en-tragedia-hombre-muere-apunalado.html,Maicao
https://laguajirahoy.com/comunidad/fallecio-en-bucaramanga-el-ingeniero-guajiro-juan-benito-ballesteros-bernier.html,Maicao
https://laguajirahoy.com/cultura/interartes-regresa-con-fuerza-para-llenar-de-cultura-y-talento-a-la-guajira.html,Maicao
https://diariodelnorte.net/laguajira/comfaguajira-da-inicio-a-interarte-2025-una-apuesta-por-la-cultura-y-el-arte-en-todo-el-departamento/,Maicao
https://laguajirahoy.com/deportes/departamento-de-la-guajira-impulsa-la-prevencion-del-cancer-de-mama-con-deporte.html,Maicao
https://laguajirahoy.com/deportes/impulsan-participacion-en-deporte-del-adulto-mayor.html,Maicao
https://laguajirahoy.com/riohacha/la-iguana-de-ecopetrol-hace-su-ultima-parada-en-riohacha.html,Maicao
https://diariodelnorte.net/judiciales/capturado-en-maicao-por-portar-municion-de-uso-privativo-de-las-fuerzas-armadas/,Maicao
https://diariodelnorte.net/opinion/universidad-de-la-guajira-49-anos-de-esfuerzos-lagrimas-y-sudor/,Maicao
https://laguajirahoy.com/maicao/alcaldia-de-maicao-y-la-iu-digital-de-antioquia-fortalecen-la-educacion-universitaria-local.html,Maicao
https://laguajirahoy.com/comunidad/gobernacion-lidera-evacuacion-aerea-de-madre-y-bebe-desde-nazaret-hasta-riohacha.html,Maicao
https://laguajirahoy.com/comunidad/indira-serrano-impulsa-reflexion-social-en-la-guajira-con-sus-conferencias-transformadoras.html,Maicao
https://diariodelnorte.net/judiciales/capturan-en-albania-a-hombre-con-varias-dosis-de-estupefacientes/,Maicao
https://laguajirahoy.com/maicao/festival-del-chivo-dejo-millones-en-ventas-y-un-orgullo-para-maicao.html,Maicao
https://laguajirahoy.com/salud/pediatra-guajiro-hace-llamado-urgente-a-embarazadas-a-vacunarse-contra-vsr.html,Maicao
https://laguajirahoy.com/medio-ambiente/corpoguajira-y-alcaldia-de-maicao-unen-esfuerzos-para-recuperar-las-areas-verdes-urbanas.html,Maicao
https://laguajirahoy.com/politica/camila-andrea-aspira-representar-a-la-juventud-de-carraipia.html,Maicao
https://diariodelnorte.net/laguajira/sindicato-de-salud-alerta-sobre-crisis-financiera-en-hospitales-de-la-guajira/,Maicao
https://diariodelnorte.net/opinion/y-si-la-guajira-fuera-potencia/,Maicao
https://laguajirahoy.com/nacion/la-ruta-de-la-iguana-de-ecopetrol-arranca-su-viaje-pedagogico-en-uribia.html,Maicao
https://laguajirahoy.com/nacion/gobierno-invierte-450-mil-millones-para-transformar-la-salud-en-la-guajira.html,Maicao
https://diariodelnorte.net/laguajira/instituciones-del-estado-inician-espacios-de-dialogo-con-el-pueblo-wayuu-en-la-guajira/,Maicao
https://diariodelnorte.net/editorial/derecho-a-la-identidad-2/,Maicao
https://laguajirahoy.com/politica/86-jovenes-en-maicao-aspiran-a-integrar-el-consejo-de-juventudes.html,Maicao
https://laguajirahoy.com/judiciales/capturan-en-maicao-a-hombre-senalado-de-abuso-sexual-contra-menor.html,Maicao
https://diariodelnorte.net/judiciales/capturan-en-maicao-a-hombre-requerido-por-presunto-acto-sexual-con-menor-de-14-anos-agravado/,Maicao
https://diariodelnorte.net/laguajira/alcaldia-de-maicao-garantiza-el-derecho-a-la-identidad-en-comunidades-rurales-de-la-majayura/,Maicao
https://laguajirahoy.com/maicao/alcaldia-de-maicao-lleva-identificacion-y-esperanza-a-comunidades-indigenas-de-la-majayura.html,Maicao
https://laguajirahoy.com/sociales/asamblea-de-la-guajira-exalta-trayectoria-academica-y-profesional-de-maicaero-sobresaliente.html,Maicao
https://laguajirahoy.com/judiciales/policia-desarticula-a-los-maite-y-destapa-nexos-con-tren-de-aragua.html,Maicao
https://laguajirahoy.com/maicao/feria-de-servicios-en-la-comuna-4-y-transformo-la-cancha-en-esperanza.html,Maicao
https://laguajirahoy.com/judiciales/dos-extranjeros-fueron-asesinados-en-hechos-aislados-en-la-guajira.html,Maicao
https://laguajirahoy.com/judiciales/cristian-joven-cucuteno-victima-del-doble-homicidio-ocurrdio-en-cabo-de-la-vela.html,Maicao
https://laguajirahoy.com/judiciales/vehiculo-de-la-policia-se-accidenta-en-la-via-riohacha-maicao-26-uniformados-heridos.html,Maicao
https://diariodelnorte.net/judiciales/accidente-en-la-via-riohacha-maicao-dejo-26-policias-de-la-undmo-lesionados/,Maicao
https://laguajirahoy.com/medio-ambiente/corpoguajira-impulsa-educacion-ambiental-y-anuncio-obras-de-agua-potable-en-colegio-de-maicao.html,Maicao
https://laguajirahoy.com/la-guajira/comunidades-wayuu-dialogan-con-ecopetrol-para-revivir-el-proyecto-eolico-windpeshi.html,Maicao
https://www.eltiempo.com/justicia/conflicto-y-narcotrafico/el-bloqueo-en-la-troncal-del-caribe-con-la-que-se-busco-evitar-el-traslado-de-la-bebecita-companera-sentimental-de-cabecilla-de-los-pachencas-3494162,Maicao
https://laguajirahoy.com/judiciales/maicaero-fue-capturado-tras-atacar-con-arma-de-fuego-a-su-pareja-en-valledupar.html,Maicao
https://laguajirahoy.com/judiciales/capturan-en-maicao-a-hombre-condenado-por-feminicidio-de-joven-en-santa-marta.html,Maicao
https://www.eltiempo.com/colombia/otras-ciudades/autoridades-descartan-amenaza-de-tsunami-para-la-costa-caribe-de-colombia-tras-seguidilla-de-temblores-en-venezuela-esto-dijo-la-ungrd-3493851,Maicao
https://diariodelnorte.net/judiciales/incautan-mas-de-400-kilos-de-carbon-vegetal-transportados-ilegalmente-en-la-via-riohacha-maicao/,Maicao
https://www.eltiempo.com/economia/sectores/ecopetrol-retomo-el-dialogo-con-comunidades-wayuu-para-reactivar-la-construccion-del-parque-eolico-windpeshi-suspendida-desde-2023-3493697,Maicao
https://laguajirahoy.com/judiciales/en-maicao-salio-a-trabajar-y-fue-asesinado-para-robarle-la-motocicleta.html,Maicao
https://diariodelnorte.net/laguajira/maicao-logra-historico-registro-de-cero-muertes-maternas-tempranas-en-2025/,Maicao
https://laguajirahoy.com/judiciales/autoridades-capturan-a-22-presuntos-miembros-de-los-pachenca-en-cesar-magdalena-y-la-guajira.html,Maicao
https://laguajirahoy.com/politica/mas-de-259-mil-jovenes-guajiros-votaran-en-elecciones-de-consejos-juveniles.html,Maicao
https://laguajirahoy.com/medio-ambiente/corpoguajira-lidera-xi-jornada-de-recoleccion-de-residuos-posconsumo.html,Maicao
https://www.eltiempo.com/justicia/conflicto-y-narcotrafico/caen-tres-presuntos-integrantes-del-eln-en-maicao-la-guajira-estarian-encargados-de-realizar-extorsiones-a-pequenos-y-medianos-comerciantes-3493365,Maicao
https://diariodelnorte.net/laguajira/maicao-recibe-a-estudiantes-internacionales-en-apuesta-por-consolidarse-como-destino-turistico/,Maicao
https://www.eltiempo.com/justicia/conflicto-y-narcotrafico/capturan-a-22-integrantes-de-los-pachencas-en-magdalena-cesar-y-la-guajira-3493281,Maicao
https://diariodelnorte.net/caribe/caen-22-presuntos-miembros-de-los-pachenca-en-la-guajira-cesar-y-magdalena/,Maicao
https://laguajirahoy.com/judiciales/capturan-en-maicao-a-tres-presuntos-integrantes-del-eln-durante-operativo-militar.html,Maicao
https://laguajirahoy.com/salud/conmemoracion-de-semana-andina-busca-prevenir-embarazo-adolescente-y-fortalecer-proyectos-de-vida.html,Maicao
https://laguajirahoy.com/nacion/gobierno-del-cambio-lleva-agua-potable-a-comunidades-de-la-media-guajira.html,Maicao
https://laguajirahoy.com/judiciales/cuatro-municipios-y-el-distrito-alteraron-orden-publico-en-la-ultima-semana-en-la-guajira.html,Maicao
https://laguajirahoy.com/sociales/101-anos-de-vida-rodeada-de-amor-y-memorias.html,Maicao
https://laguajirahoy.com/maicao/primera-piedra-del-mercadito-guajiro-marca-renacer-economico-y-cultural-en-maicao.html,Maicao
https://laguajirahoy.com/maicao/maicao-avanza-en-acuerdos-sociales-para-fortalecer-bienestar-y-oportunidades-ciudadanas.html,Maicao
https://www.eltiempo.com/colombia/otras-ciudades/empresa-de-telecomunicaciones-denuncia-millonarias-perdidas-por-actos-vandalicos-en-su-infraestructura-en-la-guajira-3492065,Maicao
https://www.eltiempo.com/justicia/cortes/magistrado-carlos-camargo-se-posesionaria-el-1-de-octubre-ante-la-corte-constitucional-alcanzara-a-votar-la-reforma-pensional-3491727,Maicao
https://laguajirahoy.com/judiciales/usuarios-de-tigo-afectados-por-ataque-a-su-infraestructura-en-maicao.html,Maicao
https://laguajirahoy.com/maicao/maicao-inicia-inscripciones-para-el-programa-rumbo-al-pilar-solidario-dirigido-a-adultos-mayores.html,Maicao
https://laguajirahoy.com/maicao/maicao-fortalece-su-seguridad-con-inteligencia-y-presencia-especializada-contra-el-crimen.html,Maicao
https://laguajirahoy.com/riohacha/riohacha-celebro-480-anos-esperando-que-la-concesion-repara-la-avenida-del-progreso.html,Maicao
https://laguajirahoy.com/riohacha/riohacha-celebro-480-anos-esperando-que-la-concesion-repara-la-avenida-del-progreso.html,Paraguachon
https://laguajirahoy.com/educacion/maicao-estrena-universidad-gratuita-y-abre-nuevas-oportunidades-para-sus-jovenes.html,Maicao
https://laguajirahoy.com/maicao/maicao-desde-el-cielo-cautiva-con-imagenes-autenticas-y-sin-filtros-urbanos.html,Maicao
https://laguajirahoy.com/deportes/segunda-edicion-del-torneo-cristiano-tequechamo-fortalece-fe-y-unidad-comunitaria.html,Maicao
https://diariodelnorte.net/judiciales/hombre-wayuu-fallecio-tras-18-dias-en-uci-por-ataque-a-bala-en-maicao/,Maicao
https://www.eltiempo.com/justicia/conflicto-y-narcotrafico/neutralizan-un-semisumergible-y-dos-lanchas-que-pertenecian-a-los-pachenca-en-magdalena-3490766,Maicao
https://diariodelnorte.net/laguajira/alcaldia-de-maicao-y-universidad-digital-de-antioquia-firman-convenio-para-acceso-gratuito-a-educacion-superior/,Maicao
https://diariodelnorte.net/sociales/cootracerrejoncuatro-decadas-sirviendo-con-compromiso-crecimiento-y-confianza/,Maicao
https://diariodelnorte.net/opinion/oportunistas-silenciosmatando-el-grillo-para-sacarle-el-pito/,Maicao
https://laguajirahoy.com/la-guajira/caja-de-compensacion-comfaguajira-fortalece-bienestar-y-compromiso-social-en-la-guajira.html,Maicao
https://laguajirahoy.com/maicao/pavimentacion-en-maicao-inicia-en-los-barrios-esperanza-y-fonseca-siosi.html,Maicao
https://laguajirahoy.com/salud/tecnologia-de-punta-llega-a-la-alta-guajira-nazareth-estrena-su-primer-equipo-de-biologia-molecular.html,Maicao
https://laguajirahoy.com/la-guajira/obras-viales-avanzan-para-mejorar-movilidad-y-bienestar-de-comunidades-wayuu-en-la-guajira.html,Maicao
https://diariodelnorte.net/judiciales/capturan-a-tres-personas-por-fuga-de-presos-en-operativos-viales-de-la-guajira/,Maicao
https://diariodelnorte.net/opinion/cuando-la-clase-se-vuelve-sala-de-urgencias/,Maicao
https://laguajirahoy.com/maicao/gladys-maria-penaloza-alvarez-asume-como-nueva-secretaria-de-hacienda-del-municipio-de-maicao.html,Maicao
https://diariodelnorte.net/laguajira/gleidys-maria-penaloza-alvarez-asume-como-nueva-secretaria-de-hacienda-del-municipio-de-maicao/,Maicao
https://diariodelnorte.net/opinion/la-pista-y-la-migracion/,Maicao
https://laguajirahoy.com/salud/maicao-se-une-con-fuerza-y-esperanza-a-la-prevencion-del-suicidio.html,Maicao
https://laguajirahoy.com/la-guajira/air-e-intervenida-refuerza-acciones-contra-el-hurto-de-energia-en-la-region.html,Maicao
https://laguajirahoy.com/salud/ips-fundacion-cuenta-conmigo-siempre-fortalece-la-atencion-en-salud-en-maicao-y-la-guajira.html,Maicao
https://laguajirahoy.com/educacion/seis-nuevas-escuelas-transformaran-educacion-en-la-guajira-cuatro-de-ellas-en-uribia.html,Maicao
https://diariodelnorte.net/judiciales/capturan-en-maicao-a-joven-con-75-gramos-de-base-de-coca/,Maicao
https://diariodelnorte.net/judiciales/capturan-en-maicao-a-ciudadano-venezolano-por-hurto-de-cableado-electrico-de-air-e/,Maicao
https://laguajirahoy.com/comunidad/se-fue-un-hijo-adoptivo-de-la-guajira-que-dejo-huella-en-sus-carreteras.html,Maicao
https://diariodelnorte.net/editorial/nuevo-ataque-contra-cerrejon/,Maicao
https://laguajirahoy.com/judiciales/conductor-fallece-en-carretera-maicao-carraipia-tras-presunto-infarto-al-volante.html,Maicao
https://laguajirahoy.com/educacion/maicao-ofrece-nuevas-oportunidades-educativas-con-convenio-entre-alcaldia-y-universidad-de-pamplona.html,Maicao
https://diariodelnorte.net/judiciales/identifican-a-comerciante-que-murio-en-accidente-de-transito-en-la-via-maicao-carraipia/,Maicao
https://laguajirahoy.com/la-guajira/departamento-fortalece-participacion-ciudadana-con-diplomado-dirigido-a-lideres-comunales.html,Maicao
https://diariodelnorte.net/judiciales/capturan-en-maicao-a-hombre-requerido-por-concierto-para-delinquir-agravado/,Maicao
https://laguajirahoy.com/la-guajira/cerrejon-y-comunidades-wayuu-cierran-acuerdos-por-linea-electrica.html,Maicao
https://www.eltiempo.com/colombia/otras-ciudades/cerrejon-y-comunidades-wayuu-cierran-los-primeros-acuerdos-de-consulta-previa-de-un-conflicto-historico-3488134,Maicao
https://diariodelnorte.net/laguajira/procuraduria-propone-politica-de-integracion-para-migrantes-asentados-en-la-pista-maicao/,Maicao
https://laguajirahoy.com/judiciales/en-maicao-cae-ciudadano-venezolano-requerido-por-la-justicia-de-su-pais.html,Maicao
https://laguajirahoy.com/deportes/tres-futbolistas-guajiros-brillan-con-nuevos-equipos-tras-el-mercado-de-fichajes.html,Maicao
https://diariodelnorte.net/laguajira/gobierno-nacional-avanza-en-legalizacion-de-asentamiento-la-pista-en-maicao-con-el-programa-barrios-y-veredas-de-paz/,Maicao
https://diariodelnorte.net/laguajira/la-pista-se-convierte-en-el-primer-barrio-de-paz-de-colombia-en-el-marco-del-foro-mundial-de-migracion-y-desarrollo/,Maicao
https://diariodelnorte.net/judiciales/atracadores-en-maicao-intimidan-con-fusil-de-alto-calibre-a-ciudadano-para-hurtarle-su-motocicleta/,Maicao
https://laguajirahoy.com/deportes/guajiro-ditta-ruiz-le-da-la-victoria-al-real-cartagena-en-neiva.html,Maicao
https://laguajirahoy.com/salud/designan-nueva-secretaria-de-salud-en-el-municipio-de-maicao.html,Maicao
https://laguajirahoy.com/deportes/mi-fortaleza-fc-primer-campeon-del-campeonato-cristiano-en-maicao.html,Maicao
https://laguajirahoy.com/comunidad/maicao-avanza-en-limpieza-y-embellecimiento-con-apoyo-de-ciudadania-y-autoridades.html,Maicao
https://diariodelnorte.net/nacion/minminas-elimina-mezcla-de-biocombustibles-en-la-guajira-y-narino-se-proyecta-rebaja-en-gasolina-y-acpm/,Maicao
https://laguajirahoy.com/la-guajira/comfaguajira-celebra-semana-del-servicio-con-actividades-de-bienestar-y-compromiso-social.html,Maicao
https://laguajirahoy.com/medio-ambiente/la-guajira-protege-13-mil-hectareas-con-nuevo-distrito-ambiental.html,Maicao
https://www.eltiempo.com/colombia/otras-ciudades/gobierno-ofrece-hasta-500-millones-por-informacion-de-cabecillas-del-clan-del-golfo-eln-y-autodefensas-conquistadoras-de-la-sierra-en-la-guajira-3486417,Maicao
https://laguajirahoy.com/judiciales/mientras-ministro-ofrecia-millonarias-recompensas-grupo-irregular-cegaba-la-vida-de-dos-personas-en-riohacha.html,Maicao
https://laguajirahoy.com/deportes/periodistas-de-maicao-se-unen-en-futbol-con-el-equipo-las-estrellas-de-la-radio.html,Maicao
https://laguajirahoy.com/nacion/maicao-estrena-primera-granja-solar-para-impulsar-la-transicion-energetica-en-la-guajira.html,Maicao
https://laguajirahoy.com/educacion/cinco-jovenes-guajiros-reciben-beca-de-ecopetrol-para-transformar-su-futuro-academico.html,Maicao
https://laguajirahoy.com/deportes/maicao-vivira-la-primera-final-del-historico-torneo-cristiano-de-futbol.html,Maicao
https://diariodelnorte.net/judiciales/hombre-wayuu-murio-en-accidente-de-transito-en-la-via-riohacha-maicao-cerca-de-aremasain/,Maicao
https://diariodelnorte.net/editorial/la-pista-seguira-en-el-anonimato-mundial/,Maicao
https://www.eltiempo.com/vida/educacion/medio-millon-de-ninos-se-quedarian-sin-alimentacion-escolar-gobierno-nacional-y-alcaldias-y-gobernaciones-se-responsabilizan-mutuamente-3485785,Maicao
https://laguajirahoy.com/la-guajira/no-mas-bloqueos-el-clamor-ciudadano-en-defensa-de-cerrejon-y-la-guajira.html,Maicao
https://laguajirahoy.com/nacion/maicao-punto-de-partida-de-estrategia-nacional-contra-la-trata-de-personas.html,Maicao
https://laguajirahoy.com/deportes/guajira-sobre-ruedas-la-pasion-que-une-aventura-y-solidaridad-en-motos.html,Maicao
https://laguajirahoy.com/la-guajira/consejo-de-seguridad-en-riohacha-busca-brindar-tranquilidad-en-el-departamento.html,Maicao
https://diariodelnorte.net/judiciales/capturan-en-maicao-a-hombre-que-ingreso-sin-autorizacion-a-una-vivienda-en-el-barrio-maicaito/,Maicao
https://www.eltiempo.com/mas-contenido/expreso-brasilia-liderazgo-innovacion-y-compromiso-con-el-caribe-3485279,Maicao
https://diariodelnorte.net/laguajira/jarlen-garrido-advierte-sobre-crisis-migratoria-en-maicao-tras-ausencia-de-la-cancilleria-en-foro-internacional/,Maicao
https://laguajirahoy.com/judiciales/dos-personas-perdieron-la-vida-en-la-via-maicao-riohacha.html,Maicao
https://laguajirahoy.com/maicao/a-punto-de-caerse-estructura-del-estadio-municipal-de-softbol-en-maicao.html,Maicao
https://www.eltiempo.com/mas-contenido/cesar-sucre-y-cordoba-muestran-su-potencial-guajira-capitulo-aparte-3485387,Maicao
https://www.eltiempo.com/colombia/otras-ciudades/mas-de-1-200-miembros-de-la-fuerza-publica-refuerzan-la-seguridad-en-riohacha-para-el-foro-mundial-de-migracion-3485268,Maicao
https://laguajirahoy.com/la-guajira/comunidades-wayuu-resisten-a-la-sequia-mientras-surgen-soluciones-para-contrarrestarla.html,Maicao
https://diariodelnorte.net/judiciales/capturan-en-maicao-a-dos-hombres-armados-tras-intentar-huir-en-motocicleta/,Maicao
https://laguajirahoy.com/maicao/escandalo-por-millonaria-inversion-en-juegos-wayuu-en-maicao.html,Maicao
https://laguajirahoy.com/politica/mas-de-2-mil-jurados-garantizaran-elecciones-de-consejos-de-juventud-en-la-guajira.html,Maicao
https://laguajirahoy.com/politica/juan-jota-figueroa-busca-ser-voz-de-la-juventud-en-maicao.html,Maicao
https://laguajirahoy.com/maicao/comisaria-de-familia-de-maicao-busca-certificacion-de-municipio-protector.html,Maicao
https://diariodelnorte.net/laguajira/maicao-inaugura-la-pavimentacion-de-la-calle-novena/,Maicao
https://diariodelnorte.net/laguajira/movimiento-quinto-poder-presenta-propuestas-para-el-desarrollo-de-la-guajira/,Maicao
https://diariodelnorte.net/laguajira/movimiento-quinto-poder-presenta-propuestas-para-el-desarrollo-de-la-guajira/,Paraguachon
https://www.eltiempo.com/colombia/otras-ciudades/tres-muertos-y-tres-heridos-deja-siniestro-vial-en-la-guajira-la-via-riohacha-paraguachon-3484326,Maicao
https://www.eltiempo.com/colombia/otras-ciudades/tres-muertos-y-tres-heridos-deja-siniestro-vial-en-la-guajira-la-via-riohacha-paraguachon-3484326,Paraguachon
https://laguajirahoy.com/tecnologia/carraipia-navega-por-internet-comunitario.html,Maicao
https://laguajirahoy.com/salud/anas-wayuu-y-la-u-del-rosario-sellaron-alianza-de-cooperacion.html,Maicao
https://laguajirahoy.com/medio-ambiente/corpoguajira-implementa-proyecto-de-agua-potable-en-comunidades-indigenas-de-maicao-y-manaure.html,Maicao
https://laguajirahoy.com/la-guajira/la-guajira-avanza-en-la-proteccion-de-las-fuentes-hidricas-del-departamento.html,Maicao
https://diariodelnorte.net/judiciales/capturan-en-albania-a-hombre-requerido-por-violencia-intrafamiliar/,Maicao
https://diariodelnorte.net/laguajira/corpoguajira-implementara-proyecto-de-agua-para-comunidades-indigenas-de-maicao-y-manaure/,Maicao
https://diariodelnorte.net/judiciales/capturan-en-flagrancia-a-hombre-con-estupefacientes-en-albania/,Maicao
https://diariodelnorte.net/judiciales/policia-intensifica-controles-en-maicao-para-prevenir-accidentes-por-inmersion-en-sitios-de-recreacion/,Maicao
https://laguajirahoy.com/la-guajira/comfaguajira-fortalece-empleo-alianzas-y-servicios-en-toda-la-guajira.html,Maicao
https://diariodelnorte.net/judiciales/capturan-a-cuatro-personas-por-trafico-de-estupefacientes-en-maicao/,Maicao
https://laguajirahoy.com/la-guajira/cerrejon-y-comunidades-wayuu-fortalecen-el-dialogo-firman-y-cierran-nuevos-acuerdos-de-consulta.html,Maicao
https://diariodelnorte.net/laguajira/hecho-historico-universidad-de-la-guajira-obtiene-registro-calificado-para-el-programa-de-medicina-tras-15-anos-de-gestion/,Maicao
https://diariodelnorte.net/judiciales/atentado-sicarial-en-maicao-deja-dos-muertos-y-un-herido-en-el-barrio-torres-de-la-majayura/,Maicao
https://laguajirahoy.com/maicao/alcalde-y-concejal-se-enfrentan-por-presupuesto-de-los-juegos-wayuu.html,Maicao
https://laguajirahoy.com/maicao/por-acuerdo-reconocen-oficialmente-juegos-wayuu-en-maicao.html,Maicao
https://laguajirahoy.com/salud/mas-de-100-ninos-intoxicados-en-escuela-rural-de-maicao.html,Maicao
https://laguajirahoy.com/la-guajira/dia-mundial-de-la-asistencia-humanitaria-la-guajira-enfrenta-crisis-por-recorte-internacional.html,Maicao
https://diariodelnorte.net/judiciales/capturan-en-maicao-a-un-hombre-con-orden-judicial-por-violencia-intrafamiliar/,Maicao
https://laguajirahoy.com/politica/elecciones-de-consejo-de-juventud-ya-tienen-jurados-definidos-en-maicao.html,Maicao
https://laguajirahoy.com/politica/elecciones-de-consejo-de-juventud-ya-tienen-jurados-definidos-en-maicao.html,Paraguachon
https://laguajirahoy.com/judiciales/policia-captura-en-maicao-a-ciudadano-requerido-por-el-delito-de-violencia-intrafamiliar.html,Maicao
https://www.eltiempo.com/colombia/otras-ciudades/al-menos-144-estudiantes-afectados-por-intoxicacion-alimentaria-en-maicao-tras-consumir-alimentos-del-pae-3482187,Maicao
https://laguajirahoy.com/comunidad/maicaera-impulsa-emprendimiento-saludable-con-bebida-probiotica.html,Maicao
https://laguajirahoy.com/deportes/maicao-brillo-en-valledupar-y-suena-con-mas-victorias.html,Maicao
https://laguajirahoy.com/tecnologia/la-guajira-avanza-en-conectividad-mas-de-20-000-hogares-hoy-tienen-internet.html,Maicao
https://diariodelnorte.net/editorial/vacunacion-contra-el-virus-sincitial-respiratorio/,Maicao
https://diariodelnorte.net/laguajira/air-e-intervenida-logra-acuerdo-con-comunidades-de-manaure-y-uribia-para-desbloquear-la-subestacion-riohacha/,Maicao
https://laguajirahoy.com/politica/definida-la-tarjeta-electoral-para-los-comicios-de-consejos-de-juventud-en-maicao.html,Maicao
https://laguajirahoy.com/la-guajira/puerto-estrella-inaugurara-planta-desalinizadora-solar-para-garantizar-agua-potable-a-comunidades.html,Maicao
https://www.eltiempo.com/unidad-investigativa/el-poderoso-capo-pedido-en-extradicion-por-narcotrafico-por-ee-uu-que-se-movia-en-camionetas-con-placa-extranjera-en-la-guajira-3481127,Maicao
https://diariodelnorte.net/judiciales/desarticulan-grupo-criminal-en-maicao-dedicado-a-homicidios-hurtos-y-trafico-de-estupefacientes/,Maicao
https://diariodelnorte.net/opinion/reforma-laboral-justicia-para-el-trabajador-un-reto-para-el-empleador/,Maicao
https://laguajirahoy.com/riohacha/huecos-en-la-calle-15-de-riohacha-ponen-en-riesgo-a-conductores-y-peatones.html,Maicao
https://laguajirahoy.com/riohacha/huecos-en-la-calle-15-de-riohacha-ponen-en-riesgo-a-conductores-y-peatones.html,Paraguachon
https://laguajirahoy.com/maicao/unidad-de-dialogo-social-busca-frenar-bloqueos-y-reactivar-economia-en-la-guajira.html,Maicao
https://diariodelnorte.net/judiciales/capturado-en-maicao-hombre-con-revolver-y-municion-sin-permiso-de-porte/,Maicao
https://diariodelnorte.net/editorial/pobreza-del-caribe-no-es-para-burla/,Maicao
https://laguajirahoy.com/maicao/concejal-de-maicao-solicita-al-alcalde-informe-sobre-su-viaje-al-exterior.html,Maicao
https://laguajirahoy.com/sociales/soldado-recibio-condecoracion-durante-la-celebracion-del-dia-del-ejercito-en-maicao.html,Maicao
https://www.eltiempo.com/justicia/conflicto-y-narcotrafico/lo-que-implica-el-reconocimiento-de-los-pachencas-como-grupo-armado-organizado-ya-hace-presencia-en-14-municipios-de-tres-departamentos-3479807,Maicao
https://diariodelnorte.net/editorial/la-busqueda-de-desaparecidos/,Maicao
https://diariodelnorte.net/judiciales/fallece-funcionario-del-sisben-en-maicao-tras-accidente-de-transito/,Maicao
https://diariodelnorte.net/judiciales/capturan-en-maicao-a-hombre-buscado-por-delitos-con-arma-de-fuego/,Maicao
https://diariodelnorte.net/opinion/no-todo-lo-que-pasa-en-la-guajira-le-interesa-al-resto-de-colombia/,Maicao
https://laguajirahoy.com/politica/maicao-esta-en-modo-consejos-de-juventud.html,Maicao
https://laguajirahoy.com/politica/maicao-esta-en-modo-consejos-de-juventud.html,Paraguachon
https://laguajirahoy.com/maicao/robaron-llaves-a-cuadrilla-de-aguas-de-la-peninsula-en-maicao.html,Maicao
https://laguajirahoy.com/judiciales/policia-frustra-envio-de-marihuana-que-salio-de-cali-y-cayo-en-hatonuevo.html,Maicao
https://diariodelnorte.net/laguajira/maicao-conmemorara-el-7-de-agosto-con-desfile-civico-y-multicultural-en-honor-a-la-batalla-de-boyaca/,Maicao
https://laguajirahoy.com/judiciales/abogado-ira-a-la-carcel-mientras-investigan-muerte-de-mototaxista-en-fonseca.html,Maicao
https://laguajirahoy.com/medio-ambiente/consejo-directivo-de-corpoguajira-aprobo-gestion-de-la-entidad-durante-el-primer-semestre-del-2025.html,Maicao
https://laguajirahoy.com/la-guajira/nuevos-banos-y-mejoras-en-casas-cambian-la-vida-de-familias-en-urumita.html,Maicao
https://www.eltiempo.com/salud/informe-anual-de-asi-vamos-en-salud-alerta-por-el-aumento-de-riesgos-epidemiologicos-y-la-persistencia-de-brechas-territoriales-en-colombia-3478607,Maicao
https://diariodelnorte.net/judiciales/golpe-al-contrabando-en-maicao-capturan-a-tres-personas-y-decomisan-81-galones-de-gasolina/,Maicao
https://diariodelnorte.net/opinion/cuando-sus-patriarcas-se-van-los-pueblos-sepultan-las-buenas-costumbres/,Maicao
https://laguajirahoy.com/politica/joven-carraipiuna-lanzo-candidatura-al-consejo-de-juventudes.html,Maicao
https://laguajirahoy.com/politica/concejo-de-maicao-inicio-el-tercer-periodo-de-sesiones.html,Maicao
https://www.eltiempo.com/colombia/otras-ciudades/defensoria-lanza-alerta-por-disputa-armada-en-tres-municipios-de-la-guajira-el-organismo-pidio-al-estado-implementar-medidas-urgentes-de-proteccion-3477744,Maicao
https://laguajirahoy.com/judiciales/cae-en-maicao-supuesto-integrante-de-red-criminal-dedicada-a-homicidios-y-fleteo.html,Maicao
https://laguajirahoy.com/judiciales/policia-captura-a-presunto-asesino-de-mujer-en-maicao.html,Maicao
https://laguajirahoy.com/maicao/exalcalde-de-maicao-advierte-los-hogares-ya-no-se-estan-respetando.html,Maicao
https://laguajirahoy.com/comunidad/mongui-y-villa-martin-tendran-agua-potable-por-fin-en-solo-dos-meses.html,Maicao
https://www.eltiempo.com/colombia/otras-ciudades/supertransporte-formula-cargos-a-copetran-por-la-muerte-de-una-mascota-durante-trayecto-bucaramanga-medellin-3477547,Maicao
https://laguajirahoy.com/judiciales/ejercito-y-policia-incautan-550-kilos-de-marihuana-en-via-de-la-guajira.html,Maicao
https://laguajirahoy.com/judiciales/asesinan-una-joven-en-maicao-por-posible-ajuste-de-cuentas-venganza.html,Maicao
https://diariodelnorte.net/judiciales/ejercito-incauta-mas-de-media-tonelada-de-marihuana-oculta-en-camion-cisterna-en-la-guajira/,Maicao
https://laguajirahoy.com/comunidad/motociclismo-organizado-busca-abrirse-camino-en-la-guajira-con-respaldo-institucional.html,Maicao
https://boyaca7dias.com.co/2026/08/07/de-los-dos-megaproyectos-de-petro-para-boyaca-uno-arranco-y-el-otro-se-quedo-estancado/,Oicata
https://boyaca7dias.com.co/2026/08/06/proteger-al-venado-cola-blanca-una-prioridad-para-salvaguardar-la-biodiversidad-en-boyaca/,Oicata
https://boyaca7dias.com.co/2026/08/05/gobierno-fija-en-2-500-la-tarifa-diferencial-del-peaje-de-tuta-y-amplia-los-cupos-para-beneficiarios/,Oicata
https://boyaca7dias.com.co/2026/08/04/desde-la-medianoche-de-hoy-se-restablecera-el-cobro-en-el-peaje-de-tuta/,Oicata
https://boyaca7dias.com.co/2026/08/04/capturaron-a-tres-presuntos-integrantes-de-banda-dedicada-al-hurto-de-viviendas-en-boyaca/,Oicata
https://boyaca7dias.com.co/2026/08/03/comunidades-advierten-con-bloquear-por-completo-la-via-en-el-peaje-de-tuta-ante-incumplimientos-de-la-ani/,Oicata
https://boyaca7dias.com.co/2026/07/27/el-gobierno-del-presidente-petro-adjudico-las-obras-publicas-del-corredor-ferreo-bogota-belencito/,Oicata
https://www.eltiempo.com/economia/sectores/ani-adjudico-obras-publicas-de-los-corredores-ferreos-bogota-belencito-y-pacifico-por-mas-de-564-958-millones-3572794,Oicata
https://www.eltiempo.com/colombia/otras-ciudades/familia-y-bomberos-exigen-a-fiscalia-recapturar-al-tatuador-senalado-de-agredir-al-comandante-jairo-bolivar-sigue-en-uci-tras-brutal-golpiza-en-tunja-3572450,Oicata
https://boyaca7dias.com.co/2026/06/06/estos-fueron-los-compromisos-acordados-tras-las-protestas-en-el-peaje-de-tuta/,Oicata
https://boyaca7dias.com.co/2026/06/05/peaje-gratis-anoche-en-la-caseta-de-tuta-tolditos7dias/,Oicata
https://www.eltiempo.com/politica/elecciones-colombia-2026/resultados-presidenciales-2026-primera-vuelta/en-vivo-elecciones-presidenciales-2026-siga-la-jornada-de-votacion-en-oicata-boyaca-ultimas-noticias-3560006,Oicata
https://boyaca7dias.com.co/2026/05/29/comunidad-protesta-en-el-peaje-de-tuta-y-exige-tarifa-cero-para-habitantes-de-cuatro-municipios/,Oicata
https://boyaca7dias.com.co/2026/04/28/los-proyectos-comunitarios-que-urbaser-ha-venido-apoyando-en-pirgua-y-sectores-de-oicata/,Oicata
https://boyaca7dias.com.co/2026/04/24/capturan-a-presunto-responsable-de-millonario-hurto-en-zona-rural-de-combita/,Oicata
https://boyaca7dias.com.co/2026/04/09/bloqueos-en-boyaca-este-jueves-por-paro-nacional-en-rechazo-al-aumento-del-impuesto-predial-estos-son-los-puntos-confirmados/,Oicata
https://www.eltiempo.com/politica/elecciones-colombia-2026/asi-recibieron-los-sectores-politicos-la-mas-reciente-encuesta-de-intencion-de-voto-de-guarumo-y-ecoanalitica-para-el-tiempo-3543844,Oicata
https://www.eltiempo.com/politica/elecciones-colombia-2026/los-escenarios-de-las-elecciones-presidenciales-tras-encuesta-de-guarumo-y-ecoanalitica-que-lidera-cepeda-y-le-siguen-de-la-espriella-y-valencia-3543783,Oicata
https://www.eltiempo.com/politica/elecciones-colombia-2026/nueva-encuesta-guarumo-asi-ha-sido-la-intencion-de-voto-de-paloma-valencia-paso-de-6-9-por-ciento-en-enero-a-19-9-por-ciento-en-marzo-3543646,Oicata
https://www.eltiempo.com/politica/elecciones-colombia-2026/empate-tecnico-entre-ivan-cepeda-y-paloma-valencia-en-segunda-vuelta-de-acuerdo-con-la-encuesta-de-marzo-de-guarumo-3543649,Oicata
https://boyaca7dias.com.co/2026/02/21/biologa-de-la-uptc-gana-beca-colombia-biodiversa-por-crear-investigacion-que-estudiara-los-riesgos-sanitarios-en-el-rio-chicamocha/,Oicata
https://www.eltiempo.com/colombia/otras-ciudades/asi-fue-la-cadena-de-fallas-que-llevo-al-choque-mortal-del-camion-de-gas-en-la-via-simijaca-chiquinquira-cundinamarca-la-tragedia-pudo-ser-peor-3530470,Oicata
https://boyaca7dias.com.co/2026/01/26/gestion-del-riesgo-de-boyaca-mantiene-alerta-en-47-municipios-por-amenaza-de-incendios-forestales/,Oicata
https://boyaca7dias.com.co/2025/12/29/en-lo-que-va-de-diciembre-en-boyaca-se-han-presentado-27-incendios/,Oicata
https://boyaca7dias.com.co/2025/12/05/unidad-de-busqueda-de-personas-dadas-por-desaparecidas-esta-hoy-en-la-terminal-de-transportes-de-tunja-ofreciendo-sus-servicios-humanitarios/,Oicata
https://boyaca7dias.com.co/2025/11/13/la-unidad-de-busqueda-de-personas-recupero-diez-cuerpos-en-el-cementerio-de-oicata/,Oicata
https://boyaca7dias.com.co/2025/11/09/duitama-fue-escenario-del-reencuentro-regional-de-madres-comunitarias-tras-mas-de-diez-anos/,Oicata
https://www.eltiempo.com/colombia/otras-ciudades/invertiran-19-000-millones-en-estufas-ecoeficientes-para-reducir-el-uso-de-lena-y-prevenir-enfermedades-en-39-municipios-de-boyaca-3506932,Oicata
https://www.eltiempo.com/colombia/otras-ciudades/el-conmovedor-funeral-en-el-que-despidieron-a-yudi-castellanos-la-joven-que-fallecio-en-una-excursion-en-el-meta-su-perro-benji-acompano-el-feretro-3490812,Oicata
https://boyaca7dias.com.co/2025/08/26/escuela-rural-de-cienega-busca-recursos-para-construir-un-parque-infantil-que-beneficiaria-a-mas-de-20-ninos/,Oicata
https://boyaca7dias.com.co/2025/08/24/empresas-que-han-hecho-historia-en-boyaca-y-que-han-impulsado-su-desarrollo-hector-h-rodriguez-aelinforme-h-h/,Oicata
https://boyaca7dias.com.co/2025/08/05/paros-en-boyaca-bloqueos-ley-seca-y-represamiento-de-alimentos-marcaron-el-primer-dia-de-la-jornada/,Oicata
https://diariodelnorte.net/judiciales/capturan-en-paraguachon-a-hombre-requerido-por-delito-informatico/,Paraguachon
https://laguajirahoy.com/riohacha/cuatro-anos-despues-puentes-y-arte-publico-siguen-desaparecidos-en-riohacha.html,Paraguachon
https://diariodelnorte.net/laguajira/ejercito-nacional-reporta-cobertura-total-de-seguridad-en-zonas-rurales-de-la-guajira-durante-elecciones/,Paraguachon
https://diariodelnorte.net/judiciales/migracion-colombia-expulsa-a-venezolana-detectada-durante-tramite-medico/,Paraguachon
https://www.eltiempo.com/colombia/otras-ciudades/migracion-deporta-a-venezolana-que-tenia-orden-de-expulsion-vigente-fue-identificada-durante-atencion-en-una-clinica-de-valledupar-3562637,Paraguachon
https://laguajirahoy.com/la-guajira/autoridades-ponen-a-prueba-protocolos-en-simulacro-de-accidente-vial.html,Paraguachon
https://laguajirahoy.com/maicao-3/tension-del-lado-venezolano-por-caso-judicial-afecta-comercio-binacional.html,Paraguachon
https://diariodelnorte.net/judiciales/operativos-en-la-guajira-dejan-seis-capturados-y-recuperacion-de-tres-motocicletas-hurtadas/,Paraguachon
https://www.eltiempo.com/economia/sectores/las-megaobras-que-han-transformado-a-colombia-en-115-anos-3528201,Paraguachon
https://www.eltiempo.com/colombia/otras-ciudades/dos-personas-perdieron-la-vida-por-inmersion-en-balnearios-del-golfo-de-morrosquillo-sucre-una-de-ellos-era-una-menor-de-seis-anos-de-edad-3521583,Paraguachon
https://laguajirahoy.com/la-guajira/en-la-guajira-reportan-normalidad-tras-cierre-preventivo-de-frontera-con-venezuela.html,Paraguachon
https://laguajirahoy.com/nacion/cerrada-frontera-del-lado-venezolano-en-la-guajira.html,Paraguachon
https://www.eltiempo.com/economia/sectores/ani-culmina-ciclo-de-concesiones-viales-y-retorna-tres-proyectos-a-invias-3520567,Paraguachon
https://laguajirahoy.com/judiciales/secuestro-en-la-guajira-voces-policiales-explican-causas-cifras-y-retos.html,Paraguachon
https://laguajirahoy.com/judiciales/por-presion-de-autoridades-venezolanas-captores-liberan-secuestrados-colombianos.html,Paraguachon
https://diariodelnorte.net/judiciales/policia-captura-a-dos-personas-por-receptacion-y-recupera-motocicletas-hurtadas-en-vias-de-la-guajira/,Paraguachon
https://laguajirahoy.com/judiciales/venezuela-libero-a-ciudadano-frances-quien-fue-capturado-en-la-frontera-con-la-guajira.html,Paraguachon
https://www.eltiempo.com/mundo/europa/presidente-macron-confirma-la-liberacion-de-camilo-castro-frances-detenido-en-venezuela-desde-junio-y-anuncia-que-ya-viaja-hacia-francia-3509354,Paraguachon
https://laguajirahoy.com/riohacha/dirigentes-exigen-a-concesion-santa-marta-paraguachon-reparar-la-deteriorada-calle-15-de-riohacha.html,Paraguachon
https://diariodelnorte.net/opinion/agua-para-todos-donde-esta-el-centavo-para-el-peso/,Paraguachon
https://www.elcolombiano.com/tendencias/vinos-y-ruta-vinicola-en-colombia-vinedos-para-conocer-en-colombia-LH23427682,Antioquia
https://www.elcolombiano.com/negocios/inversion-minera-para-antioquia-estaria-en-riesgo-HH23422126,Antioquia
https://www.elcolombiano.com/colombia/en-el-19-de-los-municipios-de-colombia-sigue-el-temor-por-las-minas-LF23406728,Antioquia
https://www.elcolombiano.com/cultura/exposicion-las-familias-que-no-quedaron-en-la-foto-en-el-museo-de-antioquia-DE23417774,Antioquia
https://www.elcolombiano.com/antioquia/dagran-y-cornare-entregaron-equipos-a-brigadas-contra-incendios-forestales-en-26-municipios-de-antioquia-AE23416475,Antioquia
https://www.elcolombiano.com/antioquia/racha-violenta-de-asesinatos-en-el-fin-de-semana-de-navidad-en-antioquia-BE23414454,Antioquia
https://www.elcolombiano.com/antioquia/unidad-de-busqueda-intervendra-la-escombrera-en-la-comuna-13-y-varios-cementerios-de-antioquia-en-2024-IE23413496,Antioquia
https://www.elcolombiano.com/antioquia/celebrar-la-navidad-mientras-se-esta-de-turno-asi-la-viven-en-antioquia-un-militar-un-escobita-y-un-medico-LK23387792,Antioquia
https://www.elcolombiano.com/informes-comerciales/las-marcas-hablan/gobernador-de-antioquia-presento-balance-de-su-gestion-EK23387627,Antioquia
https://www.elcolombiano.com/informes-comerciales/las-marcas-hablan/asi-fueron-atendidas-y-reparadas-las-victimas-del-conflicto-armado-en-antioquia-en-2023-EK23380433,Antioquia
https://www.elcolombiano.com/antioquia/restitucion-de-tierras-a-comunidad-negra-entre-frontino-y-urrao-antioquia-CF23370424,Antioquia
https://www.elcolombiano.com/informes-comerciales/las-marcas-hablan/pusimos-a-corantioquia-en-el-corazon-de-los-antioquenos-ME23367821,Antioquia
https://www.elcolombiano.com/antioquia/maria-del-pilar-solano-secretaria-mujeres-antioquia-BE23360177,Antioquia
https://www.elcolombiano.com/antioquia/empresas-de-antqiouia-se-unen-para-crear-parque-natural-biosuroeste-en-antioquia-NH23350519,Antioquia
https://www.elcolombiano.com/opinion/columnistas/trenzar-en-vez-de-desgarrar-DG23348193,Antioquia
https://www.elcolombiano.com/medio-ambiente/investigadores-redescubrieron-peces-descritos-hace-100-anos-en-el-rio-medellin-AG23348293,Antioquia
https://www.elcolombiano.com/colombia/entrevista-natalia-bayona-directora-ejecutiva-organizacion-mundial-del-turismo-colombia-NG23345484,Antioquia
https://www.elcolombiano.com/antioquia/corantioquia-transformo-la-percepcion-de-sus-usuarios-con-un-sello-que-es-motivo-de-orgullo-para-los-antioquenos-EG23346705,Antioquia
https://www.elcolombiano.com/antioquia/matrimonio-de-dos-personas-sordas-en-bello-antioquia-GG23345267,Antioquia
https://www.elcolombiano.com/antioquia/extincion-de-dominio-bloque-elmer-cardenas-paramilitares-uraba-GG23344266,Antioquia
https://www.elcolombiano.com/medellin/nuevo-gerente-de-metroparques-y-directora-de-buen-comienzo-federico-gutierrez-PA23328623,Antioquia
https://www.elcolombiano.com/deportes/la-ciclista-colombiana-martha-bayona-elegida-como-deportista-del-ano-acord-antioquia-2023-MA23325999,Antioquia
https://www.elcolombiano.com/opinion/columnistas/persistira-la-negriada-GA23322242,Antioquia
https://www.elcolombiano.com/medellin/la-carta-del-gobernador-de-antioquia-anibal-gaviria-para-cancelar-junta-directiva-del-metro-de-medellin-EA23323766,Antioquia
https://www.elcolombiano.com/opinion/columnistas/que-podra-conmovernos-HC23307033,Antioquia
https://www.elcolombiano.com/antioquia/esta-listo-segundo-tramo-de-bicimotorrutas-en-municipio-de-caramanta-oriente-antioqueno-DC23308083,Antioquia
https://www.elcolombiano.com/antioquia/ponen-en-operacion-via-provisional-sobre-el-rio-tonusco-en-santa-fe-de-antioquia-BC23307240,Antioquia
https://www.elcolombiano.com/medellin/elecciones-en-medellin-los-marianos-del-partido-conservador-BC23306106,Antioquia
https://www.elcolombiano.com/opinion/columnistas/llega-diciembre-y-la-escuela-que-OC23303863,Antioquia
https://www.elcolombiano.com/medellin/tribunal-de-arbitramento-obliga-a-epm-hacer-millonario-pago-a-la-sociedad-hidroituango-por-retrasos-en-el-proyecto-AC23301652,Antioquia
https://www.elcolombiano.com/colombia/cuantas-personas-fueron-de-la-poblacioon-lgbtiq-fueron-asesinadas-en-colombia-el-ultimo-ano-KC23301568,Antioquia
https://www.elcolombiano.com/antioquia/informe-sobre-la-primera-infancia-en-antioquia-FK23294166,Antioquia
https://www.elcolombiano.com/antioquia/identidades-de-las-seis-victimas-de-la-doble-masacre-en-santa-fe-de-antioquia-EE23275302,Antioquia
https://www.elcolombiano.com/antioquia/condena-por-asesinato-de-mujer-en-el-barrio-el-pinar-bello-antioquia-OE23275319,Antioquia
https://www.elcolombiano.com/antioquia/muertos-y-familias-damnificadas-por-lluvias-en-antioquia-KE23270280,Antioquia
https://www.elcolombiano.com/antioquia/triple-homicidio-en-santa-fe-de-antioquia-seria-retaliacion-del-clan-del-golfo-BF23266557,Antioquia
https://www.elcolombiano.com/cultura/karol-g-y-manana-sera-bonito-fest-hacen-historia-en-colombia-BG23252553,Antioquia
https://www.elcolombiano.com/deportes/titanes-con-un-juan-diego-tello-inspirado-es-semifinalista-de-la-liga-sudamericana-de-baloncesto-MG23252439,Antioquia
https://www.elcolombiano.com/generacion/edicion-del-mes/arte-en-medellin-mas-visitantes-y-menos-apoyo-DA23236252,Antioquia
https://www.elcolombiano.com/antioquia/racha-de-homicidios-de-mujeres-en-antioquia-dejo-cuatro-victimas-FA23235145,Antioquia
https://www.elcolombiano.com/cultura/cumpleanos-142-museo-de-antioquia-celebracion-y-planes-a-futuro-GA23230574,Antioquia
https://www.elcolombiano.com/antioquia/amenazas-a-registradores-de-antioquia-AA23231032,Antioquia
https://www.elcolombiano.com/medellin/alcaldia-de-medellin-cita-junta-extraordinaria-en-el-metro-para-remover-al-gerente-tomas-elejalde-DB23227765,Antioquia
https://www.elcolombiano.com/entretenimiento/moda/coleccion-de-hernan-zajar-con-indigenas-de-antioquia-OC23217292,Antioquia
https://www.elcolombiano.com/opinion/editoriales/nos-rajamos-en-los-juegos-que-hacer-GD23207166,Antioquia
https://www.elcolombiano.com/informes-comerciales/las-marcas-hablan/premio-de-periodismo-porvenir-un-reconocimiento-a-las-historias-contadas-desde-la-sostenibilidad-IJ23198990,Antioquia
https://www.elcolombiano.com/antioquia/asesinaron-a-una-mujer-en-una-casa-en-bello-OJ23195308,Antioquia
https://www.elcolombiano.com/antioquia/mauricio-alviar-nuevo-secretario-de-educacion-marta-cecilia-ramirez-nueva-secretaria-de-salud-OI23182783,Antioquia
https://www.elcolombiano.com/antioquia/ungrd-compra-productos-a-campesinos-para-ayudas-humanitarias-a-damnificados-del-uraba-BI23181624,Antioquia
https://www.elcolombiano.com/antioquia/andres-julian-rendon-critica-burocracia-en-gobernacion-antioquia-de-anibal-gaviria-BH23179976,Antioquia
https://www.elcolombiano.com/antioquia/ipc-entrega-casos-documentados-de-desaparicion-forzada-en-antioquia-LH23178366,Antioquia
https://www.elcolombiano.com/medellin/medellin-rindio-homenaje-a-las-victimas-del-sector-judicial-DG23168290,Antioquia
https://www.elcolombiano.com/antioquia/historias-de-casos-de-secuestro-en-las-afueras-de-medellin-LE23148650,Antioquia
https://www.elcolombiano.com/colombia/uribe-le-senala-a-la-jep-las-contradiciones-de-mancuso-BE23144162,Antioquia
https://www.elcolombiano.com/colombia/ivan-mordisco-quiere-formar-guardias-campesinas-en-antioquia-y-otros-departamentos-GE23144103,Antioquia
https://www.elcolombiano.com/antioquia/inundaciones-en-vigia-del-fuerte-piden-presidente-petro-reubicacion-playa-murri-OE23142873,Antioquia
https://www.elcolombiano.com/antioquia/inversion-para-atender-invierno-en-antioquia-LE23141802,Antioquia
https://www.elcolombiano.com/medellin/se-decide-si-i-el-grupo-del-exrector-nestor-hincapie-vuelve-a-tomar-las-riendas-de-la-universidad-de-medellin-OD23139412,Antioquia
https://www.elcolombiano.com/antioquia/el-cartel-de-los-mas-buscados-en-el-suroeste-de-antioquia-HD23136122,Antioquia
https://www.elcolombiano.com/colombia/uribe-contesta-a-acusaciones-de-mancuso-de-que-si-sabia-de-masacre-del-aro-FD23135918,Antioquia
https://www.elcolombiano.com/antioquia/por-que-no-hay-gas-en-algunos-municipios-del-uraba-antioqueno-OD23131807,Antioquia
https://www.elcolombiano.com/antioquia/informe-de-la-ungrd-sobre-plan-de-manejo-de-epm-por-hidroituango-PC23128403,Antioquia
https://www.elcolombiano.com/antioquia/lluvias-en-antioquia-inversion-de-la-ungrd-para-atender-afectados-AC23127153,Antioquia
https://www.elcolombiano.com/antioquia/en-urrao-construyeron-el-puente-veredal-mas-largo-de-antioquia-MB23111418,Antioquia
https://www.elcolombiano.com/medellin/casos-de-abuso-sexual-a-estudiantes-del-politecnico-jaime-isaza-cadavid-EA23106057,Antioquia
https://www.elcolombiano.com/medio-ambiente/especies-nuevas-plantas-herbario-universidad-de-antioquia-DA23105446,Antioquia
https://www.elcolombiano.com/colombia/alexander-lopez-y-los-otros-congresistas-del-pacto-cuyas-elecciones-han-sido-anuladas-KI23099407,Antioquia
https://www.elcolombiano.com/antioquia/abren-una-sala-de-quimioterapia-en-caucasia-la-primera-en-el-bajo-cauca-hospital-cesar-uribe-CI23091333,Antioquia
https://www.elcolombiano.com/antioquia/equipo-de-empalme-de-gobernador-electo-andres-julian-rendon-NI23090782,Antioquia
https://www.elcolombiano.com/antioquia/caso-de-luis-fernando-lalinde-llega-a-la-corte-interamericana-de-derechos-humanos-LJ23083866,Antioquia
https://www.elcolombiano.com/antioquia/nueva-asonada-en-antioquia-comunidad-saco-a-80-militares-de-briceno-por-orden-de-disidencias-farc-AJ23080404,Antioquia
https://www.elcolombiano.com/antioquia/aumento-del-secuestro-en-antioquia-este-ano-OG23079766,Antioquia
https://www.elcolombiano.com/antioquia/capturan-a-cuatro-hombres-en-antioquia-por-violentar-a-sus-parejas-NG23079730,Antioquia
https://www.elcolombiano.com/colombia/alias-cobra-exparamilitar-responsable-de-masacres-en-antioquia-y-cordoba-fue-condenado-a-30-anos-de-prision-DG23076243,Antioquia
https://www.elcolombiano.com/cultura/exorcizarte-pablo-quinta-entrega-obra-de-fernando-botero-NH23067183,Antioquia
https://www.elcolombiano.com/colombia/candidatos-electos-que-sorprendieron-y-generaron-polemica-elecciones-regionales-2023-HH23068384,Antioquia
https://www.elcolombiano.com/antioquia/movilidad-puente-militar-en-el-tonusco-tras-colapso-de-puente-en-via-a-santa-fe-de-antioquia-KH23069074,Antioquia
https://www.elcolombiano.com/antioquia/los-problemas-de-presupuesto-que-aguardan-a-federico-gutierrez-y-andres-julian-rendon-en-antioquia-y-medellin-FH23068683,Antioquia
https://www.elcolombiano.com/antioquia/profesores-amenazados-en-antioquia-por-eln-clan-del-golfo-denuncia-gobernacion-OH23063739,Antioquia
https://www.elcolombiano.com/antioquia/anibal-gaviria-denuncia-toma-hostil-del-metro-de-medellin-y-dice-que-daniel-quintero-esta-detras-CE23054170,Antioquia
https://www.elcolombiano.com/antioquia/feminicidios-en-antioquia-asesinato-de-madre-indigena-maria-eva-domico-en-ituango-FF23049914,Antioquia
https://www.elcolombiano.com/antioquia/no-creo-en-la-paz-total-me-parece-que-es-un-engano-total-JC23037358,Antioquia
https://www.elcolombiano.com/antioquia/corantioquia-eligio-a-su-nueva-directora-liliana-maria-taborda-MC23032952,Antioquia
https://www.elcolombiano.com/medellin/estoy-mas-que-dispuesto-a-tener-una-relacion-armonica-con-el-presidente-petro-federico-gutierrez-HD23027011,Antioquia
https://www.elcolombiano.com/informes-comerciales/las-marcas-hablan/agenda-antioquia-2040-una-ruta-estrategica-que-transformara-el-departamento-DO22791893,Antioquia
https://www.elcolombiano.com/tendencias/el-exito-es-reunirse-para-trabajar-juntos-ID23026169,Antioquia
https://www.elcolombiano.com/tendencias/la-semilla-del-cooperativismo-se-sembro-en-el-oriente-antioqueno-ND23025686,Antioquia
https://www.elcolombiano.com/antioquia/como-quedo-el-concejo-de-medellin-con-las-elecciones-CA23013098,Antioquia
https://www.elcolombiano.com/medellin/claves-para-entender-la-victoria-de-federico-gutierrez-a-la-alcaldia-de-medellin-CA23012743,Antioquia
https://www.elcolombiano.com/antioquia/elecciones-2023-juan-david-rojas-alcalde-de-barbosa-OA22994381,Antioquia
https://www.elcolombiano.com/antioquia/denuncias-por-corrupcion-electoral-en-las-elecciones-territoriales-de-2023-BA22999109,Antioquia
https://www.elcolombiano.com/colombia/elecciones-regionales-2023-colombia-minuto-a-minuto-quienes-son-los-nuevos-alcaldes-y-gobernadores-NP22968243,Antioquia
https://www.elcolombiano.com/medellin/quienes-son-los-candidatos-a-la-alcaldia-de-medellin-2023-GA22883445,Antioquia
https://www.elcolombiano.com/antioquia/quienes-son-los-candidatos-a-la-gobernacion-de-antioquia-MA22881490,Antioquia
https://www.elcolombiano.com/antioquia/problemas-que-debe-atender-nuevo-gobernador-antioquia-20242027-JP22968111,Antioquia
https://www.elcolombiano.com/opinion/editoriales/por-quien-votar-al-concejo-de-medellin-y-a-la-asamblea-de-antioquia-IP22879670,Antioquia
https://www.elcolombiano.com/antioquia/en-el-bajo-cauca-circulan-grandes-cantidades-de-dinero-y-podria-ser-indicio-de-compra-de-votos-para-elecciones-del-29-de-octubre-de-2023-CN22853100,Antioquia
https://www.elcolombiano.com/antioquia/defensoria-del-pueblo-advierte-de-riesgo-por-conflicto-armado-y-pugnacidad-de-mensajes-en-elecciones-del-29-de-octubre-DM22842735,Antioquia
https://www.elcolombiano.com/antioquia/suspenden-a-alcalde-de-campamento-antioquia-por-presunta-particiipacion-en-politica-CL22837063,Antioquia
https://www.elcolombiano.com/colombia/disidencias-usan-a-la-gente-para-controlar-zonas-previo-a-elecciones-CB22760354,Antioquia
https://www.elcolombiano.com/antioquia/planton-empleados-hospital-san-rafael-de-itagui-por-falta-de-pago-FC22759158,Antioquia
https://www.elcolombiano.com/tendencias/estudio-sobre-las-aves-que-viven-en-hidroituango-KF22726792,Antioquia
https://www.elcolombiano.com/antioquia/cristian-halaby-convoca-reunion-de-candidatos-para-pelearle-la-gobernacion-de-antioquia-a-la-coalicion-del-petrismo-GF22727436,Antioquia
https://www.elcolombiano.com/colombia/muchedumbre-rodeo-y-atraco-a-soldados-en-antioquia-y-guaviare-HF22721611,Antioquia
https://www.elcolombiano.com/colombia/defensor-del-pueblo-prende-las-alarmas-a-una-semana-de-las-elecciones-regionales-MG22719342,Antioquia
https://www.elcolombiano.com/antioquia/bloque-antipetro-se-unira-para-responderles-a-perez-y-bedoya-CF22720435,Antioquia
https://www.elcolombiano.com/informes-comerciales/las-marcas-hablan/antioquia-recibe-su-banco-de-proyectos-JG22714926,Antioquia
https://www.elcolombiano.com/antioquia/militares-antioquia-aceptaron-ante-la-jep-crimenes-de-guerra-y-lesa-humanidad-falsos-positivos-OH22709016,Antioquia
https://www.elcolombiano.com/antioquia/se-multiplicaron-las-candidaturas-a-las-alcaldias-del-nordeste-IP22694590,Antioquia
https://www.elcolombiano.com/negocios/golpe-a-la-innovacion-en-medellin-por-lio-con-israel-EP22694321,Antioquia
https://www.elcolombiano.com/antioquia/comision-humanitaria-llego-a-verificar-violaciones-a-derechos-humanos-en-limites-de-antioquia-con-bolivar-AP22694015,Antioquia
https://www.elcolombiano.com/antioquia/denuncian-abuso-de-mujeres-por-grupos-armados-en-limites-entre-antioquia-y-bolivar-AP22692266,Antioquia
https://www.elcolombiano.com/antioquia/conflicto-armado-amenaza-elecciones-regionales-2023-en-el-norte-de-antioquia-LO22687194,Antioquia
https://www.elcolombiano.com/antioquia/entrevista-a-sergio-fajardo-exalcalde-de-medellin-y-exgobernador-de-antioquia-sobre-elecciones-2023-PO22686678,Antioquia
https://www.elcolombiano.com/antioquia/renuncio-a-aspirar-a-la-goberncion-candidato-robinson-giraldo-GO22682307,Antioquia
https://www.elcolombiano.com/opinion/columnistas/antioquia-corazon-social-y-economico-de-colombia-GB22671034,Antioquia
https://www.elcolombiano.com/medellin/luis-perez-y-andres-julian-rendon-se-pelean-la-gobernacion-de-antioquia-GB22671878,Antioquia
https://www.elcolombiano.com/cultura/entrevista-al-artista-juan-manuel-echavarria-PB22671482,Antioquia
https://www.elcolombiano.com/medellin/riesgo-electoral-en-medellin-es-extremo-alerta-la-mision-de-observacion-electoral-moe-FA22660137,Antioquia
https://www.elcolombiano.com/medellin/asi-se-gastan-la-plata-de-medellin-en-las-campanas-de-upegui-y-esteban-restrepo-FA22660401,Antioquia
https://www.elcolombiano.com/antioquia/cinco-homicidios-agudizan-crisis-de-seguridad-en-andes-ED22659739,Antioquia
https://www.elcolombiano.com/antioquia/luis-fernando-suarez-habla-de-sus-propuestas-a-la-gobernacion-de-antioquia-en-candidatos-en-la-redaccion-ID22656709,Antioquia
https://www.elcolombiano.com/antioquia/luis-fernando-suarez-candidato-gobernacion-de-antioquia-debate-el-colombiano-GD22650767,Antioquia
https://www.elcolombiano.com/antioquia/cristian-halaby-esta-a-favor-del-regimen-de-bukele-PD22653927,Antioquia
https://www.elcolombiano.com/antioquia/pelea-jorge-gomez-y-mauricio-tobon-en-el-debate-de-candidatos-a-la-gobernacion-de-antioquia-CD22650750,Antioquia
https://www.elcolombiano.com/antioquia/gran-debate-candidatos-a-la-gobernacion-de-antioquia-FD22650566,Antioquia
https://www.elcolombiano.com/antioquia/mauricio-tobon-dice-que-petro-y-quintero-destruyeron-antioquia-AD22651001,Antioquia
https://www.elcolombiano.com/antioquia/entrevista-rodolfo-correa-candidato-gobernacion-de-antioquia-FF22636506,Antioquia
https://www.elcolombiano.com/antioquia/andres-julian-rendon-habla-de-sus-propuestas-a-la-gobernacion-de-antioquia-en-candidatos-a-la-redaccion-LF22632180,Antioquia
https://www.elcolombiano.com/antioquia/asesinaron-a-cinco-hombres-en-antioquia-OF22631197,Antioquia
https://www.elcolombiano.com/medellin/agencia-nacional-restitucion-tierras-busca-reclamantes-en-antioquia-PF22632937,Antioquia
https://www.elcolombiano.com/antioquia/amplian-capacidad-del-hospital-mental-homo-de-antioquia-CE22629182,Antioquia
https://www.elcolombiano.com/antioquia/luis-perez-habla-de-sus-propuestas-a-la-gobernacion-de-antioquia-en-candidatos-en-la-redaccion-AE22627654,Antioquia
https://www.elcolombiano.com/medellin/candidato-a-la-gobernacion-julian-bedoya-responde-sobre-su-polemico-titulo-de-abogado-de-la-universidad-de-medellin-NE22624678,Antioquia
https://www.elcolombiano.com/antioquia/ecoescuelas-de-corantioquia-en-el-nordeste-bajo-cauca-y-magdalena-medio-MG22601058,Antioquia
https://www.elcolombiano.com/antioquia/220-anos-de-la-universidad-de-antioquia-DE22624513,Antioquia
https://www.elcolombiano.com/medellin/entrevista-a-juan-luis-mejia-sobre-la-cultura-del-narcotrafico-exorcizarte-pablo-KH22615492,Antioquia
https://www.elcolombiano.com/cultura/beatriz-gonzalez-en-medellin-con-su-obra-grafica-NH22615118,Antioquia
https://www.elcolombiano.com/colombia/se-aceleran-procesos-contra-exalcalde-daniel-quintero-fiscalia-de-buena-fuente-EH22615331,Antioquia
https://www.elcolombiano.com/antioquia/las-ecoescuelas-de-corantioquia-una-forma-de-educacion-ambiental-que-transforma-la-vida-en-antioquia-CG22601012,Antioquia
https://www.elcolombiano.com/antioquia/ataque-a-escolta-de-andres-julian-rendon-en-santa-fe-de-antioquia-EM22591656,Antioquia
https://www.elcolombiano.com/antioquia/asesinaron-a-chamon-reconocido-abogado-en-andes-FD22566542,Antioquia
https://www.elcolombiano.com/antioquia/vuelven-los-ex-a-las-alcaldias-del-magdalena-medio-JD22567961,Antioquia
https://www.elcolombiano.com/opinion/editoriales/la-toma-de-las-cajas-AA22559988,Antioquia
https://www.elcolombiano.com/colombia/john-fiera-el-disidente-que-siembra-el-terror-en-antioquia-y-bolivar-KG22537058,Antioquia
https://www.elcolombiano.com/negocios/arriendos-e-inseguridad-en-el-poblado-saca-a-los-comerciantes-BN22494371,Antioquia
https://www.elcolombiano.com/informes-comerciales/las-marcas-hablan/servicios-que-impulsan-su-negocio-KG22534358,Antioquia
https://www.elcolombiano.com/medellin/perfil-de-oscar-hurtado-nuevo-alcalde-encargado-de-medellin-CG22531829,Antioquia
https://www.elcolombiano.com/colombia/elecciones-bajo-amenaza-violencia-tiene-en-jaque-1-de-cada-4-municipios-AH22528769,Antioquia
https://www.elcolombiano.com/antioquia/mauricio-tobon-candidato-a-la-gobernacion-de-antioquia-habla-en-entrevista-sobre-la-campana-MF22503087,Antioquia
https://www.elcolombiano.com/antioquia/riesgo-electoral-en-municipios-de-antioquia-moe-KN22492769,Antioquia
https://www.elcolombiano.com/colombia/uno-de-cada-4-municipios-de-colombia-registra-algun-nivel-de-riesgo-por-violencia-MM22483348,Antioquia
https://www.elcolombiano.com/cultura/fernando-botero-homenaje-museo-de-antioquia-camara-ardiente-BD22474702,Antioquia
https://www.elcolombiano.com/antioquia/elecciones-2023-bajo-caucal-gamonales-inexpertos-luchan-por-alcaldias-PB22457080,Antioquia
https://www.elcolombiano.com/medellin/renovacion-claustro-san-ignacio-comfama-primera-fase-KC22464691,Antioquia
https://www.elcolombiano.com/antioquia/presidente-petro-plantea-duda-acerca-de-que-muerte-de-lider-indigena-en-el-darien-haya-sido-un-suicidio-DC22461741,Antioquia
https://www.elcolombiano.com/opinion/columnistas/maestro-botero-hasta-siempre-NB22452609,Antioquia
https://www.elcolombiano.com/generacion/etcetera/la-gorda-IB22451292,Antioquia
https://www.elcolombiano.com/antioquia/sector-del-partido-verde-se-une-a-luis-fernando-suarez-DA22446498,Antioquia
https://www.elcolombiano.com/antioquia/bloqueos-en-la-via-medellin-llanos-de-cuiva-ruta-2510-para-pedir-desmonte-del-peaje-el-trapiche-FA22445514,Antioquia
https://www.elcolombiano.com/antioquia/plazo-para-pagar-examen-admision-universidad-de-antioquia-medellin-FA22441307,Antioquia
https://www.elcolombiano.com/medellin/marcha-de-maestros-por-profesor-asesinado-en-yolombo-LA22440290,Antioquia
https://www.elcolombiano.com/antioquia/a-la-carcel-mujer-que-habria-agredido-varias-veces-a-su-expareja-en-un-pueblo-de-antioquia-FH22432711,Antioquia
https://www.elcolombiano.com/antioquia/asesinaron-a-tres-mujeres-en-antioquia-OG22429456,Antioquia
https://www.elcolombiano.com/negocios/supersubsidio-interviene-a-comfenalco-antioquia-KG22423449,Antioquia
https://www.elcolombiano.com/negocios/empresas/supersubsidio-ordeno-la-intervencion-de-comfenalco-antioquia-FF22419581,Antioquia
https://www.elcolombiano.com/cultura/biografia-fernando-botero-FE22374089,Antioquia
https://www.elcolombiano.com/cultura/via-crucis-la-ultima-exposicion-de-fernando-botero-en-medellin-EE22378387,Antioquia
https://www.elcolombiano.com/medellin/legado-del-maestro-botero-en-el-museo-de-antioquia-y-otros-sitios-de-medellin-tras-su-muerte-LE22374285,Antioquia
https://www.elcolombiano.com/antioquia/maestros-protestaran-en-medellin-por-asesinato-de-profesor-en-yolombo-JF22367385,Antioquia
https://www.elcolombiano.com/antioquia/profesor-asesinado-yolombo-era-amante-de-deportes-y-un-gran-lider-EF22366174,Antioquia
https://www.elcolombiano.com/colombia/como-va-la-paz-total-de-petro-y-dialogos-con-bandas-de-medellin-LF22361219,Antioquia
https://www.elcolombiano.com/medellin/federico-gutierrez-no-haria-empalme-sin-forenses-con-administracion-de-daniel-quintero-a-la-que-califica-de-corrupta-DG22357774,Antioquia
https://www.elcolombiano.com/medellin/avales-sirven-para-aceitar-la-maquinaria-del-alcalde-daniel-quintero-hacia-la-presidencia-de-la-republica-OG22353937,Antioquia
https://www.elcolombiano.com/medellin/caudal-de-quebrada-en-vale-de-aburra-disminuyo-por-fenomeno-del-nino-JG22353381,Antioquia
https://www.elcolombiano.com/cultura/libro-botero-90-anos-obra-donacion-FA22336267,Antioquia
https://www.elcolombiano.com/opinion/columnistas/medellin-capital-creativa-CH22340299,Antioquia
https://www.elcolombiano.com/opinion/columnistas/un-gigante-en-la-esquina-KH22340129,Antioquia
https://www.elcolombiano.com/cultura/anibal-gil-el-museo-de-antioquia-hace-homenaje-a-sus-grabados-PH22342926,Antioquia
https://www.elcolombiano.com/antioquia/anibal-gaviria-deja-gobernador-encargado-de-antioquia-porque-se-va-de-vacaciones-HA22334829,Antioquia
https://www.elcolombiano.com/antioquia/crean-programa-para-proteger-manati-o-vaquita-marina-en-magdalena-medio-y-antioquia-JA22331239,Antioquia
https://www.elcolombiano.com/colombia/como-operaba-el-bloque-central-bolivar-de-las-auc-en-colombia-AA22330572,Antioquia
https://www.elcolombiano.com/antioquia/antioquia-presente-cumple-40-anos-y-ahora-se-llama-presentes-AB22323672,Antioquia
https://www.elcolombiano.com/medellin/alcaldia-medellin-incumple-fallos-de-la-justicia-en-su-contra-NB22323970,Antioquia
https://www.elcolombiano.com/opinion/columnistas/elegir-para-reconstruir-a-medellin-y-avanzar-en-antioquia-HB22322261,Antioquia
https://www.elcolombiano.com/antioquia/llegaran-mas-policias-a-antioquia-KD22300903,Antioquia
https://www.elcolombiano.com/antioquia/entrevista-a-obispo-de-jerico-antioquia-monsenor-noel-londono-sobre-anglogold-EL22296992,Antioquia
https://www.elcolombiano.com/colombia/disidencias-de-las-farc-crearon-seis-nuevos-frentes-en-ultimo-ano-FL22296201,Antioquia
https://www.elcolombiano.com/antioquia/liberales-divididos-por-el-aval-de-eugenio-prieto-a-la-gobernacion-de-antioquia-IL22296781,Antioquia
https://www.elcolombiano.com/antioquia/lucha-en-pacto-historico-en-antioquia-por-campana-junto-a-esteban-restrepo-LL22294186,Antioquia
https://www.elcolombiano.com/medellin/encapuchados-robaron-domos-en-la-u-de-a-AK22280606,Antioquia
https://www.elcolombiano.com/colombia/el-general-mario-montoya-fue-imputado-por-falsos-positivos-en-antioquia-EF22277663,Antioquia
https://www.elcolombiano.com/antioquia/carta-de-rechazo-de-la-u-de-a-a-las-declaraciones-de-congresista-polo-polo-GF22270363,Antioquia
https://www.elcolombiano.com/antioquia/comunidad-de-caceres-esta-confinada-por-combates-entre-eln-y-el-clan-del-golfo-OE22265308,Antioquia
https://www.elcolombiano.com/negocios/antioquia-es-el-departamento-que-mas-obras-por-impuestos-se-lleva-FE22264067,Antioquia
https://www.elcolombiano.com/colombia/miguel-polo-polo-defendio-a-candidato-a-concejo-medellin-sacado-de-la-udea-BH22254353,Antioquia
https://www.elcolombiano.com/antioquia/elecciones-2023-candidatos-al-concejo-de-medellin-y-asamblea-de-electas-NH22252935,Antioquia
https://www.elcolombiano.com/tendencias/ganadores-el-colombiano-ejemplar-HD22210667,Antioquia
https://www.elcolombiano.com/antioquia/disidencias-frente-36-imponen-manual-convivencia-en-municipios-norte-bajo-cauca-nordeste-antioquia-MD22211269,Antioquia
https://www.elcolombiano.com/medellin/examen-de-adminision-de-la-universidad-de-antioquia-para-el-semestre-2024-1-EH22166534,Antioquia
https://www.elcolombiano.com/colombia/politica/hay-riesgos-pero-no-vemos-un-escenario-apocaliptico-moe-sobre-violencia-en-elecciones-regionales-OC22139610,Antioquia
https://www.elcolombiano.com/colombia/procuraduria-investiga-a-cuatro-gobernadores-por-incumplir-proyectos-de-regalias-por-88000-millones-IC22139265,Antioquia
https://www.elcolombiano.com/antioquia/inauguran-estacion-de-policia-de-fraguas-en-machuca-segovia-y-esta-obra-sale-del-listado-de-elefantes-blancos-CC22136620,Antioquia
https://www.elcolombiano.com/antioquia/soldados-heridos-tras-explosion-en-anori-avanzada-de-senador-juan-felipe-lemos-LC22130685,Antioquia
https://www.elcolombiano.com/colombia/expresidente-alvaro-uribe-se-pronuncio-tras-ataques-contra-la-policia-de-disidencias-HC22130744,Antioquia
https://www.elcolombiano.com/antioquia/elecciones-2023-candidatas-mujeres-a-las-alcaldias-del-valle-de-aburra-CD22129957,Antioquia
https://www.elcolombiano.com/inicio/luz-maria-munera-habla-de-su-salida-de-la-camara-de-representantes-MC22130279,Antioquia
https://www.elcolombiano.com/medio-ambiente/universidad-de-antioquia-y-porvenir-lanzan-premio-de-periodismo-a-la-sostenibilidad-OD22120439,Antioquia
https://www.elcolombiano.com/opinion/columnistas/la-cosa-nostra-de-medellin-GA22112488,Antioquia
https://www.elcolombiano.com/medellin/julian-bedoya-lanzo-candidatura-a-gobernacion-de-antioquia-KA22117692,Antioquia
https://www.elcolombiano.com/antioquia/entregaron-protesis-a-menores-con-discapacidad-NA22112708,Antioquia
https://www.elcolombiano.com/antioquia/muere-fundador-de-comunidad-afro-en-frontino-FA22112263,Antioquia
https://www.elcolombiano.com/antioquia/pastor-alape-el-guerrillero-silencioso-de-las-farc-que-quiere-ser-alcalde-de-puerto-berrio-HA22110227,Antioquia
https://www.elcolombiano.com/colombia/defensor-del-pueblo-alerta-por-aumento-de-secuestros-colombia-BA22110265,Antioquia
https://www.elcolombiano.com/colombia/alias-ramiro-jefe-de-las-disidencias-del-frente-18-quiere-colarse-en-la-paz-total-NB22106649,Antioquia
https://www.elcolombiano.com/colombia/exparamilitar-hernan-giraldo-alias-taladro-sierra-nevada-expulsado-justicia-y-paz-delitos-sexuales-EB22101533,Antioquia
https://www.elcolombiano.com/medellin/iniciativas-de-firmandes-de-paz-en-medellin-antioquia-AJ22096237,Antioquia
https://www.elcolombiano.com/antioquia/abriaqui-el-municipio-con-menos-homicidios-en-antioquia-IJ22093586,Antioquia
https://www.elcolombiano.com/colombia/entrega-de-tierras-a-firmantes-de-paz-BJ22092443,Antioquia
https://www.elcolombiano.com/colombia/matricula-cero-universidades-publicas-HI22083523,Antioquia
https://www.elcolombiano.com/inicio/cese-al-fuego-eln-gobierno-comunidades-regiones-esperan-paz-total-LH22078542,Antioquia
https://www.elcolombiano.com/antioquia/linea-del-123-cumple-tres-anos-atendiendo-mujeres-en-antioquia-FH22077211,Antioquia
https://www.elcolombiano.com/opinion/editoriales/los-avales-cuestionados-PH22072814,Antioquia
https://www.elcolombiano.com/antioquia/candidatura-julian-bedoya-gobernacion-partido-afro-DF22059129,Antioquia
https://www.elcolombiano.com/medellin/elecciones-2023-candidatos-inscritos-a-la-alcaldia-de-medellin-AF22056512,Antioquia
https://www.elcolombiano.com/antioquia/elecciones-2023-los-candidatos-que-competiran-por-la-gobernacion-de-antioquia-MF22056659,Antioquia
https://www.elcolombiano.com/antioquia/elecciones-2023-candidatos-a-la-alcaldia-de-medellin-y-la-gobernacion-de-antioquia-EF22053351,Antioquia
https://www.elcolombiano.com/antioquia/pronunciamiento-de-la-gobernacion-de-antioquia-es-machista-organizadores-de-evento-de-webcam-en-medellin-BD22035253,Antioquia
https://www.elcolombiano.com/antioquia/elecciones-2023-coalicion-renace-presenta-lista-a-concejo-de-medellin-y-asamblea-PD22035309,Antioquia
https://www.elcolombiano.com/antioquia/partido-ecologista-y-electas-presentaron-sus-listas-para-asamblea-de-antioquia-y-concejo-de-medellin-MD22035081,Antioquia
https://www.elcolombiano.com/medellin/secretaria-de-las-mujeres-de-antioquia-no-estara-en-evento-webcam-de-medellin-DB22011156,Antioquia
https://www.elcolombiano.com/antioquia/municipios-de-antioquia-que-ya-superaron-los-asesinatos-de-2022-DB22010254,Antioquia
https://www.elcolombiano.com/entretenimiento/moda/horizontes-coleccion-de-alado-en-colombiamoda-2023-JA22009624,Antioquia
https://www.elcolombiano.com/antioquia/aca-las-campanas-se-imponen-polemica-respuesta-de-juan-d-gomez-en-el-conversatorio-no-apto-para-fanaticos-sobre-el-pacto-de-indiana-OA22000187,Antioquia
https://www.elcolombiano.com/antioquia/asesinaron-a-lider-social-en-segovia-MA22000914,Antioquia
https://www.elcolombiano.com/antioquia/van-seis-muertos-en-garruchas-este-mes-quien-las-controla-LD21994917,Antioquia
https://www.elcolombiano.com/antioquia/jep-ordena-medidas-cautelares-cementerios-mutata-y-carepa-AD21993672,Antioquia
https://www.elcolombiano.com/antioquia/antioquia-no-va-bien-medellin-no-va-bien-fico-entrega-casi-900-avales-de-creemos-en-el-departamento-PC21987594,Antioquia
https://www.elcolombiano.com/negocios/antioquenas-ocupan-menos-del-11-de-los-cargos-directivos-HC21985244,Antioquia
https://www.elcolombiano.com/opinion/columnistas/los-dolores-de-las-mujeres-en-antioquia-BC21982452,Antioquia
https://www.elcolombiano.com/antioquia/soldado-asesinado-en-vereda-la-plancha-en-anori-antioquia-AC21984859,Antioquia
https://www.elcolombiano.com/antioquia/capturas-a-alias-camilo-presunto-jefe-del-clan-de-oriente-EC21984606,Antioquia
https://www.elcolombiano.com/antioquia/disidencias-de-las-farc-piden-plata-a-candidatos-a-la-alcaldia-de-briceno-GC21983498,Antioquia
https://www.elcolombiano.com/medellin/carcel-para-psicoorientador-que-abuso-de-dos-estudiantes-en-medellin-BM21965657,Antioquia
https://www.elcolombiano.com/antioquia/dos-soldados-y-un-miembro-de-disidencias-muertos-en-combate-cerca-de-hidroituango-eno-el-norte-de-antioquia-GP21957760,Antioquia
https://www.elcolombiano.com/antioquia/por-que-el-municipio-de-argelia-cambiara-su-nombre-luego-de-63-anos-BP21956676,Antioquia
https://www.elcolombiano.com/antioquia/porque-hay-tantos-migrantes-de-donmatias-antioquia-en-boston-estados-unidos-BO21948977,Antioquia
https://www.elcolombiano.com/sostenibilidad/celsia-sembro-mas-de-13-millones-de-arboles-nativos-FO21946021,Antioquia
https://www.elcolombiano.com/entretenimiento/turismo/asi-es-la-ruta-turistica-karmata-rua-la-primera-de-turismo-etnico-en-antioquia-LO21946827,Antioquia
https://www.elcolombiano.com/antioquia/universidades-de-antioquia-ofrecen-5000-becas-para-estudiantes-del-bajo-cauca-y-el-nordeste-FO21945055,Antioquia
https://www.elcolombiano.com/opinion/editoriales/elecciones-bajo-fuego-DJ21938218,Antioquia
https://www.elcolombiano.com/antioquia/ni-la-mitad-de-hogares-de-antioquia-tiene-las-tres-comidas-aseguradas-KJ21938828,Antioquia
https://www.elcolombiano.com/medellin/elecciones-2023-candidatos-de-medellin-y-antioquia-AJ21935140,Antioquia
https://www.elcolombiano.com/medellin/victimas-de-desplazamiento-forzado-en-medellin-mas-de-3000-casos-en-el-primer-semestre-de-2023-AJ21935588,Antioquia
https://www.elcolombiano.com/colombia/alertan-al-gobierno-petro-por-seguridad-que-afecta-elecciones-octubre-74-municipios-DI21926674,Antioquia
https://www.elcolombiano.com/colombia/problemas-del-embajador-de-nicaragua-leon-fredy-munoz-CI21926455,Antioquia
https://www.elcolombiano.com/antioquia/ofrecen-70-millones-de-recompensa-por-informacion-sobre-el-paradero-de-andres-camilo-pelaez-desaparecido-DI21926050,Antioquia
https://www.elcolombiano.com/antioquia/estamos-en-una-crisis-por-violencia-contra-las-mujeres-gobernacion-de-antioquia-sobre-racha-de-feminicidios-en-el-departamento-EI21922732,Antioquia
https://www.elcolombiano.com/antioquia/asesinaron-a-otras-dos-mujeres-en-antioquia-JL21918634,Antioquia
https://www.elcolombiano.com/antioquia/detuvieron-a-hombre-en-narino-antioquia-por-cometer-incesto-GL21913423,Antioquia
https://www.elcolombiano.com/medellin/primer-ano-de-la-entrega-del-informe-final-el-padre-de-roux-sera-homenajeado-en-medellin-AL21912828,Antioquia
https://www.elcolombiano.com/antioquia/antioquia-pide-garantias-para-cese-al-fuego-biletaral-entre-gobierno-colombia-y-eln-CK21905160,Antioquia
https://www.elcolombiano.com/antioquia/asesinaron-a-tres-mujeres-el-puente-festivo-en-antioquia-AD21882714,Antioquia
https://www.elcolombiano.com/negocios/puerto-antioquia-bajaria-us-140-millones-los-costos-logisticos-FD21881242,Antioquia
https://www.elcolombiano.com/cultura/marcha-del-orgullo-en-medellin-cuanta-gente-fue-GM21879935,Antioquia
https://www.elcolombiano.com/cultura/oscar-jaramillo-uno-de-los-mejores-dibujantes-de-colombia-MN21792428,Antioquia
https://www.elcolombiano.com/antioquia/encapuchados-asesinaron-a-firmante-del-acuerdo-de-paz-en-un-bus-en-dabeiba-antioquia-EM21878509,Antioquia
https://www.elcolombiano.com/medellin/testimonio-de-joven-gay-al-que-iglesia-cristiana-intento-convertir-OM21875957,Antioquia
https://www.elcolombiano.com/generacion/edicion-del-mes/diversidades-que-ruedan-OM21873184,Antioquia
https://www.elcolombiano.com/cultura/la-mejor-biblioteca-de-antioquia-esta-en-santa-fe-de-antioquia-GM21875175,Antioquia
https://www.elcolombiano.com/informes-comerciales/las-marcas-hablan/con-viva-antioquia-se-acerca-al-sueno-de-vivienda-adecuada-para-todos-HP21841745,Antioquia
https://www.elcolombiano.com/antioquia/tarifas-de-energia-de-epm-en-antioquia-y-la-publicidad-a-usuarios-EM21874330,Antioquia
https://www.elcolombiano.com/generacion/edicion-del-mes/la-persistencia-del-odio-NM21873538,Antioquia
https://www.elcolombiano.com/antioquia/bautizan-parque-de-salgar-con-el-nombre-de-la-mama-de-alvaro-uribe-NO21859620,Antioquia
https://www.elcolombiano.com/antioquia/ocho-muertos-por-violencia-contra-los-lgbtiq-MO21853708,Antioquia
https://www.elcolombiano.com/antioquia/hinchas-muertos-luego-de-la-final-del-futbol-colombiano-en-itagui-y-caucasia-BI21835756,Antioquia
https://www.elcolombiano.com/opinion/columnistas/por-sus-hechos-los-conocereis-BI21832672,Antioquia
https://www.elcolombiano.com/antioquia/gobernador-de-antioquia-sostiene-que-con-la-paz-total-se-incremento-la-criminalidad-AI21831098,Antioquia
https://www.elcolombiano.com/antioquia/gastos-publicitarios-en-facebook-de-precandidatos-a-la-alcaldia-de-medellin-y-la-gobernacion-de-antioquia-PJ21824649,Antioquia
https://www.elcolombiano.com/tendencias/guia-de-charcos-y-cascadas-en-antioquia-para-visitar-en-vacaciones-JN21797068,Antioquia
https://www.elcolombiano.com/tendencias/megaobras-que-se-conectan-con-el-pais-CN21799281,Antioquia
https://www.elcolombiano.com/antioquia/consejo-de-estado-condena-nacion-por-falsos-positivos-en-santa-rosa-de-osos-CN21798903,Antioquia
https://www.elcolombiano.com/antioquia/sepultureros-de-antioquia-se-formaran-con-el-sena-para-identificacion-de-cuerpos-desaparecidos-CM21787225,Antioquia
https://www.elcolombiano.com/inicio/agenda-antioquia-2040-fue-presentada-en-bogota-con-exito-FD21771127,Antioquia
https://www.elcolombiano.com/tecnologia/ciencia/proyectos-de-estudiantes-en-el-festival-departamental-explora-otros-futuros-posibles-del-parque-explora-en-medellin-NB21754485,Antioquia
https://www.elcolombiano.com/antioquia/bello-tiene-nuevo-alcalde-encargado-tras-la-salida-de-oscar-andres-perez-DB21751750,Antioquia
https://www.elcolombiano.com/opinion/columnistas/forjen-despotas-tiranos-PB21753941,Antioquia
https://www.elcolombiano.com/antioquia/confirman-que-la-condena-al-alcalde-de-bello-oscar-andres-perez-es-de-10-anos-de-carcel-HA21743422,Antioquia
https://www.elcolombiano.com/antioquia/el-itm-llego-al-suroeste-y-quiere-expandirse-por-todo-el-departamento-DA21742221,Antioquia
https://www.elcolombiano.com/medellin/medellin-se-esta-quedando-sin-camas-para-los-recien-nacidos-CH21735632,Antioquia
https://www.elcolombiano.com/colombia/estos-son-17-cabecillas-bandas-crimen-organizado-paz-total-medellin-JG21720779,Antioquia
https://www.elcolombiano.com/antioquia/mujeres-tienen-hogares-proteccion-para-salvarse-feminicidios-antioquia-BF21716698,Antioquia
https://www.elcolombiano.com/antioquia/denuncian-que-disidencias-obligan-a-ir-a-marchas-por-la-paz-total-en-antioquia-HE21702894,Antioquia
https://www.elcolombiano.com/antioquia/a-prision-presuntos-responsables-de-feminicidio-de-menor-indigena-en-uraba-BM21699998,Antioquia
https://www.elcolombiano.com/antioquia/reclutamiento-de-ninos-y-adolescentes-en-antioquia-por-grupos-armados-ilegales-HN21681215,Antioquia
https://www.elcolombiano.com/medellin/relleno-sanitario-emvarias-podria-estar-en-riesgo-de-colapso-CC21679784,Antioquia
https://www.elcolombiano.com/antioquia/gobernador-anibal-gaviria-pide-apoyo-nacional-para-fortalecer-proteccion-de-las-mujeres-GA21651744,Antioquia
https://www.elcolombiano.com/antioquia/investigacion-sobre-abuso-sexual-y-asesinato-de-adolescente-indigena-en-turbo-AB21649944,Antioquia
https://www.elcolombiano.com/antioquia/disidencias-de-las-farc-presionan-comunidades-en-antioquia-para-marchar-por-la-paz-total-MG21639612,Antioquia
https://www.elcolombiano.com/cultura/arte-urbano-como-herramienta-de-autoproteccion-en-medellin-JG21638155,Antioquia
https://www.elcolombiano.com/medellin/gremio-de-comerciantes-fenalco-insta-al-gobierno-a-que-responda-por-escandalo-de-nineragate-y-suspenda-discusion-de-reformas-HG21630124,Antioquia
https://www.elcolombiano.com/antioquia/adolescente-indigena-fue-asesinada-en-resguardo-de-turbo-uraba-antioqueno-OH21626932,Antioquia
https://www.elcolombiano.com/negocios/inseguridad-e-incertidumbre-frenan-operacion-de-seis-mineras-en-colombia-GE21617919,Antioquia
https://www.elcolombiano.com/colombia/gobierno-y-las-bandas-del-valle-de-aburra-tienen-voceros-y-alistan-dialogo-JE21616249,Antioquia
https://www.elcolombiano.com/antioquia/problemas-en-carreteras-de-antioquia-a-la-costa-caribe-uraba-y-bogota-HE21615570,Antioquia
https://www.elcolombiano.com/antioquia/el-comisionado-de-paz-danilo-rueda-destaco-el-papel-de-las-mujeres-en-los-dialogos-de-paz-en-antioquia-GE21616312,Antioquia
https://www.elcolombiano.com/generacion/edicion-del-mes/desafios-culturales-y-problemas-de-la-migracion-OF21609986,Antioquia
https://www.elcolombiano.com/antioquia/alerta-en-antioquia-por-aumento-de-menores-reclutados-OP21599326,Antioquia
https://www.elcolombiano.com/antioquia/procuraduria-investiga-a-sergio-fajardo-por-irregularidades-en-el-tunel-del-toyo-NB21573529,Antioquia
https://www.elcolombiano.com/antioquia/docentes-de-antioquia-reubicados-por-amenazas-de-grupos-armados-GD21553713,Antioquia
https://www.elcolombiano.com/antioquia/mensajes-de-las-agc-clan-del-golfo-en-ituango-KC21546419,Antioquia
https://www.elcolombiano.com/opinion/columnistas/lea-lupa-para-la-educacion-de-antioquia-PF21538513,Antioquia
https://www.elcolombiano.com/tendencias/colombiana-harvad-norman-geschwind-prize-LF21539277,Antioquia
https://www.elcolombiano.com/negocios/el-enroque-del-gea-habia-perdido-un-poco-de-vigencia-jose-alberto-velez-LF21539064,Antioquia
https://www.elcolombiano.com/antioquia/desmantelan-en-antioquia-red-que-fallaba-acciones-de-tutela-a-cambio-de-millonarias-sumas-de-dinero-NF21537947,Antioquia
https://www.elcolombiano.com/antioquia/audiencia-de-victimas-de-falsos-positivos-en-granada-que-dicen-de-mario-montoya-BF21535576,Antioquia
https://www.elcolombiano.com/antioquia/deforestacion-aumento-en-antioquia-en-2023-segun-corantioquia-IO21498707,Antioquia
https://www.elcolombiano.com/antioquia/capturado-en-peque-antioquia-hombre-por-abuso-sexual-a-su-hermana-GO21496167,Antioquia
https://www.elcolombiano.com/antioquia/afectados-por-lluvias-en-anrtioquia-en-mayo-BO21495576,Antioquia
https://www.elcolombiano.com/antioquia/aspirantes-presentan-este-martes-su-examen-de-admision-a-la-universidad-de-antioquia-para-el-semestre-2023-2-CP21486004,Antioquia
https://www.elcolombiano.com/antioquia/elecciones-2013-entrevista-a-luis-fernando-suarez-AP21482772,Antioquia
https://www.elcolombiano.com/generacion/etcetera/exposicion-de-jose-ignacio-velez-y-maria-patricia-cordoba-en-eafit-sobre-objetos-campesinos-HP21482371,Antioquia
https://www.elcolombiano.com/antioquia/hay-que-cazar-hipopotamos-en-el-magdalena-medio-KA21479333,Antioquia
https://www.elcolombiano.com/antioquia/mujer-asesinada-al-parecer-por-su-expareja-en-santa-rosa-de-osos-KA21478705,Antioquia
https://www.elcolombiano.com/antioquia/las-chivas-estan-despareciendo-en-antioquia-MA21478127,Antioquia
https://www.elcolombiano.com/negocios/reforma-laboral-2023-colombia-que-efectos-tendra-en-antioquia-NA21478261,Antioquia
https://www.elcolombiano.com/colombia/llegan-refuerzos-para-la-busqueda-de-cuatro-ninos-desaparecidos-tras-accidente-aereo-en-selva-del-guaviare-NB21469958,Antioquia
https://www.elcolombiano.com/antioquia/gigante-chino-frena-operaciones-en-buritica-por-grave-crisis-de-seguridad-HC21455147,Antioquia
https://www.elcolombiano.com/generacion/etcetera/recorrer-fragmentos-del-mundo-en-la-exposicion-del-museo-de-antioquia-MC21455090,Antioquia
https://www.elcolombiano.com/antioquia/elecciones-2023-entrevista-con-jorge-gomez-precandidato-a-la-gobernacion-de-antioquia-EC21454176,Antioquia
https://www.elcolombiano.com/medellin/elecciones-2023-candidatos-a-la-gobernacion-de-antioquia-y-la-alcaldia-y-concejo-de-medellin-ND21445392,Antioquia
https://www.elcolombiano.com/cultura/programacion-de-museos-de-medellin-AD21445371,Antioquia
https://www.elcolombiano.com/antioquia/elecciones-2023-entrevista-augusto-osorno-candidato-colombia-humana-gobernacion-antioquia-FD21441040,Antioquia
https://www.elcolombiano.com/medellin/elecciones-2023-candidatos-en-medellin-y-antioquia-CG21414503,Antioquia
https://www.elcolombiano.com/colombia/feminicidio-a-erika-aponte-nadie-la-protegio-de-su-expareja-AG21412244,Antioquia
https://www.elcolombiano.com/medellin/medellin-quiere-eliminar-barreras-que-impidan-el-aborto-seguro-MH21404910,Antioquia
https://www.elcolombiano.com/tendencias/donar-sangre-por-rinas-en-el-dia-de-la-madre-universidad-de-antioquia-MH21374190,Antioquia
https://www.elcolombiano.com/antioquia/piedra-del-penol-origen-de-donde-salio-historia-piedra-de-guatape-turismo-AG21367986,Antioquia
https://www.elcolombiano.com/medellin/elecciones-2023-candidatos-a-las-alcaldias-de-medellin-itagui-y-envigado-DD21335042,Antioquia
https://www.elcolombiano.com/medellin/el-70-de-los-que-se-lanzan-al-metro-sobreviven-NA21307381,Antioquia
https://www.elcolombiano.com/colombia/estalla-revuelta-de-gobernadores-contra-la-centralizacion-GD21332466,Antioquia
https://www.elcolombiano.com/antioquia/preocupacion-en-ituango-antioquia-por-reclutamiento-de-menores-JA21308551,Antioquia
https://www.elcolombiano.com/medellin/elecciones-2023-entrevista-a-luis-pelaez-candidato-asamblea-LA21308605,Antioquia
https://www.elcolombiano.com/antioquia/gobierno-nacional-adoptara-nuevas-medidas-para-atender-la-situacion-de-los-migrantes-en-el-uraba-EA21302776,Antioquia
https://www.elcolombiano.com/antioquia/fondo-de-victimas-encontro-fincas-en-el-bajo-cauca-invadida-por-mineros-ilegales-OI21293683,Antioquia
https://www.elcolombiano.com/antioquia/elecciones-2023-pastor-alape-sera-candidato-a-la-alcaldia-de-puerto-berrio-antioquia-DI21293550,Antioquia
https://www.elcolombiano.com/antioquia/j-balvin-invita-a-campamento-de-no-violencia-en-caicedo-antioquia-HG21274829,Antioquia
https://www.elcolombiano.com/opinion/columnistas/un-giro-para-antioquia-y-medellin-GG21270767,Antioquia
https://www.elcolombiano.com/opinion/columnistas/es-la-era-para-la-educacion-rural-BF21241101,Antioquia
https://www.elcolombiano.com/antioquia/solo-dos-telefericos-en-antioquia-tienen-la-esperanza-de-volver-a-operar-LF21242810,Antioquia
https://www.elcolombiano.com/medellin/bloqueos-en-la-avenida-regional-en-el-poblado-OC21236190,Antioquia
https://www.elcolombiano.com/antioquia/apertura-de-la-via-primavera-santa-barbara-la-pintada-en-antioquia-GC21237023,Antioquia
https://www.elcolombiano.com/medellin/a-la-carcel-hombre-por-masturbarse-frente-a-una-nina-GA21210273,Antioquia
https://www.elcolombiano.com/colombia/registros-defensoria-y-comision-de-la-verdad-demuestran-que-eln-si-recluta-menores-de-edad-OB21208699,Antioquia
https://www.elcolombiano.com/medellin/fotos-antiguas-de-medellin-en-el-archivo-de-carlos-rodriguez-foto-reporter-MK21184338,Antioquia
https://www.elcolombiano.com/negocios/por-que-la-agricultura-en-colombia-es-menos-productiva-LK21182854,Antioquia
https://www.elcolombiano.com/antioquia/suroeste-como-en-los-peores-anos-homicidios-aumentaron-532-JF21173684,Antioquia
https://www.elcolombiano.com/negocios/empresas/avance-puerto-antioquia-en-uraba-2023-NE21168063,Antioquia
https://www.elcolombiano.com/negocios/perdidas-del-comercio-paisa-por-juego-de-nacional-de-copa-libertadores-2023-EE21165526,Antioquia
https://www.elcolombiano.com/negocios/empresas/transferencias-de-epm-a-municipios-por-generacion-de-energia-2022-PE21165318,Antioquia
https://www.elcolombiano.com/medellin/capturaron-narco-en-medellin-que-mandaria-droga-a-mexico-y-estados-unidos-JB21135518,Antioquia
https://www.elcolombiano.com/cultura/programacion-de-la-semana-de-la-palabra-GB21130017,Antioquia
https://www.elcolombiano.com/negocios/empresas/epm-desembolsa-primeras-transferencias-OA21123580,Antioquia
https://www.elcolombiano.com/antioquia/elecciones-itagui-2023-nelson-techo-acevedo-renuncia-a-la-colombia-humana-BD21111066,Antioquia
https://www.elcolombiano.com/medellin/elecciones-2023-candidatos-a-gobernacion-de-antioquia-y-concejo-de-medellin-y-envigado-BK21095848,Antioquia
https://www.elcolombiano.com/antioquia/elecciones-2023-gobernacion-andres-julian-rendon-y-luis-fernando-suarez-puja-por-apoyo-cd-BK21090199,Antioquia
https://www.elcolombiano.com/antioquia/paro-minero-en-antioquia-puntos-de-discusion-entre-mineros-y-el-gobierno-nacional-HL21089842,Antioquia
https://www.elcolombiano.com/antioquia/crean-comision-para-busqueda-de-personas-desaparecidas-en-antioquia-DK21090021,Antioquia
https://www.elcolombiano.com/antioquia/no-prosperan-investigaciones-sobre-corrupcion-en-el-area-metopolitana-del-valle-de-aburra-PE21079666,Antioquia
https://www.elcolombiano.com/antioquia/los-pueblos-de-antioquia-que-aun-esperan-el-retorno-de-su-gente-AG21057160,Antioquia
https://www.elcolombiano.com/negocios/comfama-es-un-gran-conglomerado-social-para-antioquia-CG21056545,Antioquia
https://www.elcolombiano.com/colombia/en-colombia-hay-siete-conflictos-armados-cicr-LG21055806,Antioquia
https://www.elcolombiano.com/antioquia/suspension-del-paro-minero-en-el-bajo-cauca-y-el-nordesde-de-antioquia-BG21053130,Antioquia
https://www.elcolombiano.com/antioquia/uraba-bajo-cauca-paz-total-petro-clan-golfo-LB21023888,Antioquia
https://www.elcolombiano.com/cultura/debate-de-los-espacios-publicos-por-la-plaza-botero-de-medellin-NC20991862,Antioquia
https://www.elcolombiano.com/medellin/con-una-llamada-530-mujeres-se-salvaron-de-ser-asesinadas-en-el-valle-de-aburra-PC20990087,Antioquia
https://www.elcolombiano.com/antioquia/mineros-denuncian-presiones-de-grupos-armados-en-el-paro-minero-GD20988842,Antioquia
https://www.elcolombiano.com/medellin/estacion-de-policia-en-el-barrio-antioquia-de-medellin-HD20988069,Antioquia
https://www.elcolombiano.com/antioquia/diocesis-de-santa-rosas-de-osos-pide-dialogos-por-paro-minero-en-antioquia-FN20969837,Antioquia
https://www.elcolombiano.com/antioquia/entrevista-a-camilo-calle-gobernacion-antioquia-elecciones-2023-JN20969055,Antioquia
https://www.elcolombiano.com/antioquia/los-destinos-turisticos-de-antioquia-es-magica-listos-para-turistas-en-semana-santa-CN20963540,Antioquia
https://www.elcolombiano.com/antioquia/danos-en-la-infraestructura-de-los-colegios-de-antioquia-EO20956064,Antioquia
https://www.elcolombiano.com/antioquia/elecciones-2023-en-medellin-candidatos-a-la-gobernacion-de-antioquia-IP20943568,Antioquia
https://www.elcolombiano.com/medellin/elecciones-2023-entrevista-con-mauricio-tobon-candidato-a-la-gobernacion-de-antioquia-OJ20929430,Antioquia
https://www.elcolombiano.com/antioquia/dragones-brasilenos-maquinas-de-destruccion-en-busca-de-oro-del-bajo-cauca-AD20895612,Antioquia
https://www.elcolombiano.com/medellin/entrevista-con-el-arzobispo-de-sante-fe-de-antioquia-hugo-torres-HL20909358,Antioquia
https://www.elcolombiano.com/cultura/artistas-de-teatro-emergentes-en-medellin-NL20907930,Antioquia
https://www.elcolombiano.com/medellin/encuentran-a-una-mujer-muerta-al-lado-del-rio-en-caldas-antioquia-DD20895240,Antioquia
https://www.elcolombiano.com/colombia/politica/habla-antonio-navarro-copresidente-de-la-alianza-verde-estatizar-la-salud-tiene-riesgos-altos-de-clientelismo-y-corrupcion-KC20886851,Antioquia
https://www.elcolombiano.com/medellin/candidatos-partido-dignidad-y-compromiso-sergio-fajardo-jorge-robledo-elecciones-2023-LN20879200,Antioquia
https://www.elcolombiano.com/medellin/elecciones-2023-en-medellin-partido-dignidad-y-compromiso-presenta-precandidatos-KM20860965,Antioquia
https://www.elcolombiano.com/colombia/politica/secretos-reunion-de-petro-con-empresarios-de-antioquia-FI20825312,Antioquia
https://www.elcolombiano.com/opinion/columnistas/pactemos-por-colombia-por-antioquia-por-medellin-DJ20837015,Antioquia
https://www.elcolombiano.com/antioquia/mujeres-asesinadas-este-ano-en-antioquia-OJ20839153,Antioquia
https://www.elcolombiano.com/colombia/clan-y-eln-secuestran-auxiliares-de-enfermeria-en-antioquia-y-bolivar-AI20828899,Antioquia
https://www.elcolombiano.com/colombia/ataque-en-antioquia-tumbo-el-cese-al-fuego-con-clan-del-golfo-EI20827470,Antioquia
https://www.elcolombiano.com/antioquia/paro-mienro-dejo-ver-que-el-bajo-cauca-pasa-una-crisis-OI20826899,Antioquia
https://www.elcolombiano.com/antioquia/paro-minero-en-bajo-cauca-antioqueno-salidas-a-la-crisis-y-programas-sociales-II20824286,Antioquia
https://www.elcolombiano.com/antioquia/narino-antioquia-espera-por-turistas-en-sus-termales-en-semana-santa-AL20812460,Antioquia
https://www.elcolombiano.com/antioquia/millonarias-perdidas-por-el-paro-minero-en-bajo-cauca-antioquia-MM20797795,Antioquia
https://www.elcolombiano.com/colombia/petrismo-advierte-que-cabecilla-del-clan-del-golfo-que-presiona-al-paro-minero-quiere-sabotear-la-paz-total-BM20798876,Antioquia
https://www.elcolombiano.com/antioquia/preocupan-homicidios-de-mujeres-en-antioquia-OM20790295,Antioquia
https://www.elcolombiano.com/antioquia/gobernador-anibal-gaviria-pide-ajustes-a-la-paz-de-gustavo-petro-HN20783136,Antioquia
https://www.elcolombiano.com/antioquia/paro-minero-en-el-bajo-cauca-asi-se-ven-las-quebradas-CN20783346,Antioquia
https://www.elcolombiano.com/cultura/festival-de-cine-de-cartagena-se-inaugura-con-la-pelicula-memento-mori-KN20783238,Antioquia
https://www.elcolombiano.com/negocios/paro-minero-genera-perdidas-por-57000-millones-a-transportadores-KC20778002,Antioquia
https://www.elcolombiano.com/antioquia/perro-policia-en-operativos-por-el-paro-minero-en-antioquia-KC20773999,Antioquia
https://www.elcolombiano.com/medellin/plantones-en-contra-de-violencia-en-paro-minero-antioquia-PC20773369,Antioquia
https://www.elcolombiano.com/antioquia/paro-minero-deja-en-vilo-la-paz-con-clan-del-golfo-EC20771014,Antioquia
https://www.elcolombiano.com/opinion/columnistas/la-consentida-PD20767686,Antioquia
https://www.elcolombiano.com/antioquia/protestas-en-el-bajo-cauca-cobraron-una-segunda-victima-FD20769693,Antioquia
https://www.elcolombiano.com/antioquia/mineria-ilegal-destruye-bosques-y-rios-en-el-bajo-cauca-y-nordeste-de-antioquia-DD20768182,Antioquia
https://www.elcolombiano.com/colombia/ivan-velasquez-entrevista-ministro-defensa-paro-mineros-antioquia-clan-del-golfo-paz-total-y-fuerza-publica-en-colombia-KD20768222,Antioquia
https://www.elcolombiano.com/negocios/la-industria-creativa-florece-factura-y-le-da-vida-a-medellin-MD20767209,Antioquia
https://www.elcolombiano.com/antioquia/quemaron-dos-ambulancias-en-el-paro-minero-AD20768686,Antioquia
https://www.elcolombiano.com/antioquia/falta-de-agua-y-bloqueos-del-paro-agravan-casos-de-dengue-y-malaria-en-antioquia-BD20765958,Antioquia
https://www.elcolombiano.com/opinion/editoriales/que-es-el-clan-del-golfo-KA20759298,Antioquia
https://www.elcolombiano.com/medellin/asi-sera-arreglo-de-obras-de-botero-vandalizadas-en-medellin-OA20758969,Antioquia
https://www.elcolombiano.com/colombia/dia-internacional-de-la-mujer-mujeres-ocupan-el-30-de-los-cargos-directivos-del-pais-FF20704122,Antioquia
https://www.elcolombiano.com/antioquia/homenaje-a-las-voceadoras-de-el-colombiano-en-el-dia-internacional-de-la-mujer-FF20703688,Antioquia
https://www.elcolombiano.com/medellin/elecciones-2023-candidatos-del-nuevo-liberalismo-en-antioquia-BF20701541,Antioquia
https://www.elcolombiano.com/antioquia/anibal-gaviria-habla-del-paro-minero-en-bogota-ND20674889,Antioquia
https://www.elcolombiano.com/antioquia/mineria-ilegal-y-paro-en-el-bajo-cauca-y-nordeste-de-antioquia-PN20691817,Antioquia
https://www.elcolombiano.com/antioquia/bloqueos-viales-afectan-nordeste-y-bajo-cauca-2023-MC20664585,Antioquia
https://www.elcolombiano.com/antioquia/esteban-restrepo-cerro-vias-de-la-alpujarra-para-lanzar-su-candidatura-a-la-gobernacion-BC20663130,Antioquia
https://www.elcolombiano.com/antioquia/critica-situacion-de-inseguridad-en-bajo-cauca-y-nordeste-2023-JC20662380,Antioquia
https://www.elcolombiano.com/colombia/tras-36-horas-liberaron-a-84-secuestrados-en-caqueta-HC20660034,Antioquia
https://www.elcolombiano.com/opinion/editoriales/el-suroeste-en-jaque-JB20659231,Antioquia
https://www.elcolombiano.com/generacion/edicion-del-mes/entrevista-con-los-botanicos-alvaro-cogollo-y-alvaro-idarraga-DB20655402,Antioquia
https://www.elcolombiano.com/antioquia/enviaron-a-la-carcel-a-un-hombre-sospechoso-de-haber-desaparecido-a-su-expareja-en-zaragoza-antioquia-LA20648333,Antioquia
https://www.elcolombiano.com/medellin/antioquia-tiene-nuevo-comandante-de-policia-FA20645909,Antioquia
https://www.elcolombiano.com/medellin/emvarias-no-cumplira-en-2023-con-ampliacion-del-relleno-sanitario-la-pradera-AH20635454,Antioquia
https://www.elcolombiano.com/colombia/admiten-recurso-que-busca-que-reforma-a-la-salud-sea-una-ley-estatutaria-GF20618619,Antioquia
https://www.elcolombiano.com/medellin/casos-de-maltrato-animal-en-antioquia-EF20612273,Antioquia
https://www.elcolombiano.com/antioquia/protestas-aeropuerto-jose-maria-cordova-de-rionegro-por-suspension-de-operaciones-de-viva-air-LE20600865,Antioquia
https://www.elcolombiano.com/antioquia/hallazgo-arqueologico-en-via-4g-de-antioquia-encuentran-urna-funeraria-con-bebe-de-1600-anos-GE20532620,Antioquia
https://www.elcolombiano.com/cultura/mujeres-que-viajan-y-emprenden-en-colombia-llegaron-a-santa-elena-en-medellin-antioquia-KE20537814,Antioquia
https://www.elcolombiano.com/antioquia/hallazgo-arqueologico-en-via-4g-de-antioquia-encuentran-urna-funeraria-con-bebe-de-1600-anos-EE20535144,Antioquia
https://www.elcolombiano.com/antioquia/expertos-internacionales-opinan-sobre-cierre-en-la-plaza-botero-AE20531742,Antioquia
https://www.elcolombiano.com/colombia/susana-boreal-explico-su-relacion-con-christian-guzman-miembro-de-su-unidad-legislativa-de-tarbajo-BE20530760,Antioquia
https://www.elcolombiano.com/colombia/susana-boreal-aceptoo-que-consume-marihuana-EH20502969,Antioquia
https://www.elcolombiano.com/colombia/sindicato-del-sena-en-antioquia-anuncio-que-ira-a-paro-y-protesta-contra-la-direccion-KH20502787,Antioquia
https://www.elcolombiano.com/antioquia/pulso-en-eleccion-del-consejo-directivo-de-corantioquia-JO20489527,Antioquia
https://www.elcolombiano.com/antioquia/captura-suegro-alias-chatarra-LB20479992,Antioquia
https://www.elcolombiano.com/antioquia/mas-alla-de-partidos-y-principios-el-senador-trujillo-es-todo-un-cazador-de-poder-MD20455081,Antioquia
https://www.elcolombiano.com/antioquia/autoridades-visitaron-a-puerto-lopez-y-hicieron-compromisos-FD20452214,Antioquia
https://www.elcolombiano.com/antioquia/unidad-para-las-victimas-entrego-ayudas-humanitarias-a-indigenas-del-suroeste-PC20449464,Antioquia
https://www.elcolombiano.com/negocios/pequenos-mineros-reciben-credito-en-antioquia-CF20439290,Antioquia
https://www.elcolombiano.com/antioquia/elecciones-2023-en-medellin-precandidatos-a-alcaldia-y-gobernacion-IH20417258,Antioquia
https://www.elcolombiano.com/informes-comerciales/las-marcas-hablan/d1-en-el-corazon-de-los-paisas-LH20366278,Antioquia
https://www.elcolombiano.com/antioquia/elecciones-en-medellin-2023-candidatos-a-alcaldia-y-gobernacion-BG20379932,Antioquia
https://www.elcolombiano.com/colombia/politica/senadora-paola-hollguin-reformas-petro-elecciones-2023-GF20345289,Antioquia
https://www.elcolombiano.com/medio-ambiente/puma-rescatado-en-antioquia-EC20333766,Antioquia
https://www.elcolombiano.com/antioquia/paro-armado-en-narino-antioquia-por-clan-del-oriente-NF20348371,Antioquia
https://www.elcolombiano.com/antioquia/criticas-al-cerramiento-plaza-botero-de-medellin-GF20341070,Antioquia
https://www.elcolombiano.com/antioquia/coronel-jaime-pinzon-devolvio-medalla-por-falsos-positivos-en-medellin-BC20336689,Antioquia
https://www.elcolombiano.com/antioquia/presencia-grupo-armados-ilegales-en-colegios-de-antioquia-FD20322610,Antioquia
https://www.elcolombiano.com/antioquia/profesores-amenazados-en-antioquia-por-grupos-armados-ilegales-DD20322436,Antioquia
https://www.elcolombiano.com/negocios/terminar-el-tunel-de-el-toyo-valdra-otros-500000-millones-ID20321018,Antioquia
https://www.elcolombiano.com/antioquia/una-familia-le-pone-el-pecho-a-la-defensa-del-paramo-de-urrao-amenazado-por-el-turismo-PI20284038,Antioquia
https://www.elcolombiano.com/antioquia/casos-de-abuso-sexual-a-menores-de-edad-por-internet-en-antioquia-MA20316813,Antioquia
https://www.elcolombiano.com/antioquia/peleas-entre-candidatos-a-alcaldia-de-medellin-y-gobernacion-2023-HA20314470,Antioquia
https://www.elcolombiano.com/antioquia/petro-no-asistio-al-consejo-de-seguridad-en-yarumal-antioquia-por-condiciones-climaticas-DA20314106,Antioquia
https://www.elcolombiano.com/opinion/columnistas/antioquia-y-medellin-unidas-JB20306096,Antioquia
https://www.elcolombiano.com/antioquia/comfenalco-lanza-diplomado-para-desempleados-IB20305793,Antioquia
https://www.elcolombiano.com/antioquia/disidentes-de-las-farc-piden-excusas-por-tomarse-escuela-en-yarumal-GI20285157,Antioquia
https://www.elcolombiano.com/antioquia/elecciones-2023-en-medellin-y-antioquia-alianza-de-senador-trujillo-y-julian-bedoya-CI20283735,Antioquia
https://www.elcolombiano.com/antioquia/escandalos-sin-condenas-por-corrupcion-julian-bedoya-liberal-para-su-campana-a-la-gobernacion-de-antioquia-DI20281323,Antioquia
https://www.elcolombiano.com/cultura/en-jerico-recrean-obras-de-arte-de-debora-arango-eladio-velez-HH20278528,Antioquia
https://www.elcolombiano.com/antioquia/criticas-al-cerramiento-de-la-plaza-botero-en-medellin-EH20272745,Antioquia
https://www.elcolombiano.com/antioquia/elecciones-2023-en-medellin-cuales-son-los-candidatos-JF20258607,Antioquia
https://www.elcolombiano.com/antioquia/gobernador-de-antioquia-anibal-gaviria-denuncia-reclutamiento-de-menores-DG20261266,Antioquia
https://www.elcolombiano.com/antioquia/polemica-por-traslado-de-eps-de-indigenas-de-antioquia-LF20256159,Antioquia
https://www.elcolombiano.com/antioquia/disidencias-de-las-farc-cometen-homicidios-en-el-norte-de-antioquia-GE20242721,Antioquia
https://www.elcolombiano.com/antioquia/candidato-a-alcaldia-medellin-felipe-velez-elecciones-2023-DD20237958,Antioquia
https://www.elcolombiano.com/antioquia/elecciones-2023-luis-fernando-suarez-se-lanzo-a-la-gobernacion-de-antioquia-GD20233603,Antioquia
https://www.elcolombiano.com/antioquia/bloqueo-en-la-via-al-mar-levantan-protestas-tras-acuerdo-para-repararla-EC20228149,Antioquia
https://www.elcolombiano.com/antioquia/denuncian-asesinato-multiple-en-campamento-antioquia-EC20222262,Antioquia
https://www.elcolombiano.com/colombia/balance-del-primer-mes-de-cese-al-fuego-bilateral-entre-gobierno-y-grupos-armados-MB20219317,Antioquia
https://www.elcolombiano.com/antioquia/gobernador-de-antioquia-anibal-gaviria-habla-de-la-paz-total-DL20185754,Antioquia
https://www.elcolombiano.com/antioquia/derrumbe-en-la-via-de-camparrusia-en-dabeiba-AE20178989,Antioquia
https://www.elcolombiano.com/antioquia/camioneros-bloquearon-via-por-precios-del-peaje-el-trapiche-BG20156676,Antioquia
https://www.elcolombiano.com/antioquia/negligencia-en-manejo-del-rio-medellin-le-pasa-cuenta-de-cobro-a-la-ciudad-CH20143144,Antioquia
https://www.elcolombiano.com/antioquia/elecciones-2023-candidatos-en-medellin-y-antioquia-KC20111847,Antioquia
https://www.elcolombiano.com/negocios/gobierno-reasume-control-de-los-proyectos-mineros-pine-en-antioquia-AC20112165,Antioquia
https://www.elcolombiano.com/negocios/arranca-el-plan-bandera-vial-del-gobierno-petro-ED20017452,Antioquia
https://www.elcolombiano.com/antioquia/doce-destinos-turisticos-para-conocer-antioquia-LD20019637,Antioquia
https://www.elcolombiano.com/antioquia/alerta-en-la-pintada-por-deslizamiento-ID20017069,Antioquia
https://www.elcolombiano.com/antioquia/elecciones-a-la-alcaldia-de-medellin-y-la-gobernacion-de-antioquia-2023-DH19787477,Antioquia
https://www.elcolombiano.com/antioquia/cierres-en-la-piloto-unidad-hospitalaria-de-metrosalud-de-manrique-BD19831145,Antioquia
https://www.elcolombiano.com/colombia/se-juntaron-tres-ninas-y-17-regiones-estan-en-alerta-por-lluvias-FB19810603,Antioquia
https://www.elcolombiano.com/cultura/panorama-de-la-cultura-en-medellin-para-2023-PH19782519,Antioquia
https://www.elcolombiano.com/antioquia/posible-nueva-ola-de-migrantes-preocupa-a-las-autoridades-en-antioquia-FM19736056,Antioquia
https://www.elcolombiano.com/podcast/el-arranque-especial/37-mujeres-fueron-asesinadas-en-antioquia-en-los-primeros-seis-meses-del-ano-BD21779855,Antioquia
